-- -----------------------------
-- Think MySQL Data Transfer 
-- 
-- Host     : 127.0.0.1
-- Port     : 3306
-- Database : ls_mall
-- 
-- Part : #1
-- Date : 2020-01-09 13:08:09
-- -----------------------------

SET FOREIGN_KEY_CHECKS = 0;


-- -----------------------------
-- Table structure for `ls_activity`
-- -----------------------------
DROP TABLE IF EXISTS `ls_activity`;
CREATE TABLE `ls_activity` (
  `activity_id` mediumint(9) NOT NULL AUTO_INCREMENT COMMENT '活动自增ID',
  `activity_title` varchar(255) NOT NULL COMMENT '活动标题',
  `activity_type` enum('1','2') DEFAULT NULL COMMENT '活动类型 1:商品 2:抢购',
  `activity_banner` varchar(255) NOT NULL COMMENT '活动图片',
  `activity_style` varchar(255) NOT NULL DEFAULT 'default' COMMENT '活动页面样式',
  `activity_desc` varchar(1000) NOT NULL COMMENT '活动描述',
  `activity_startdate` int(10) unsigned NOT NULL DEFAULT '0' COMMENT '活动开始时间',
  `activity_enddate` int(10) unsigned NOT NULL DEFAULT '0' COMMENT '活动结束时间',
  `activity_sort` tinyint(3) unsigned NOT NULL DEFAULT '255' COMMENT '活动排序',
  `activity_state` tinyint(1) unsigned NOT NULL DEFAULT '1' COMMENT '活动状态 0为关闭 1为开启',
  PRIMARY KEY (`activity_id`),
  UNIQUE KEY `activity_id` (`activity_id`) USING BTREE,
  KEY `activity_type` (`activity_type`) USING BTREE
) ENGINE=InnoDB DEFAULT CHARSET=utf8 COMMENT='活动表';


-- -----------------------------
-- Table structure for `ls_activitydetail`
-- -----------------------------
DROP TABLE IF EXISTS `ls_activitydetail`;
CREATE TABLE `ls_activitydetail` (
  `activitydetail_id` mediumint(9) NOT NULL AUTO_INCREMENT COMMENT '活动详情自增ID',
  `activity_id` mediumint(8) unsigned NOT NULL DEFAULT '0' COMMENT '活动ID',
  `item_id` int(11) NOT NULL COMMENT '商品或抢购的编号',
  `item_name` varchar(255) NOT NULL COMMENT '商品或抢购名称',
  `store_id` int(11) NOT NULL COMMENT '店铺ID',
  `store_name` varchar(255) NOT NULL COMMENT '店铺名称',
  `activitydetail_state` enum('0','1','2','3') NOT NULL DEFAULT '0' COMMENT '审核状态 0:(默认)待审核 1:通过 2:未通过 3:再次申请',
  `activitydetail_sort` tinyint(3) unsigned NOT NULL DEFAULT '255' COMMENT '活动详情排序',
  PRIMARY KEY (`activitydetail_id`),
  KEY `activity_id` (`activity_id`),
  KEY `store_id` (`store_id`)
) ENGINE=InnoDB DEFAULT CHARSET=utf8 COMMENT='活动详情表';


-- -----------------------------
-- Table structure for `ls_address`
-- -----------------------------
DROP TABLE IF EXISTS `ls_address`;
CREATE TABLE `ls_address` (
  `address_id` mediumint(10) unsigned NOT NULL AUTO_INCREMENT COMMENT '地址ID',
  `member_id` mediumint(10) unsigned NOT NULL DEFAULT '0' COMMENT '会员ID',
  `address_realname` varchar(50) NOT NULL COMMENT '会员姓名',
  `city_id` mediumint(9) DEFAULT NULL COMMENT '市级ID',
  `area_id` mediumint(10) unsigned NOT NULL DEFAULT '0' COMMENT '地区ID',
  `area_info` varchar(255) NOT NULL DEFAULT '' COMMENT '地区内容',
  `address_detail` varchar(255) NOT NULL COMMENT '详细地址',
  `address_tel_phone` varchar(20) DEFAULT NULL COMMENT '座机',
  `address_mob_phone` varchar(15) DEFAULT NULL COMMENT '手机',
  `address_is_default` enum('0','1') NOT NULL DEFAULT '0' COMMENT '1默认收货地址',
  `dlyp_id` int(11) DEFAULT '0' COMMENT '自提点ID',
  `address_longitude` varchar(20) DEFAULT '' COMMENT '经度',
  `address_latitude` varchar(20) DEFAULT '' COMMENT '纬度',
  PRIMARY KEY (`address_id`),
  KEY `member_id` (`member_id`),
  KEY `address_id` (`address_id`)
) ENGINE=InnoDB AUTO_INCREMENT=49 DEFAULT CHARSET=utf8 COMMENT='买家地址信息表';

-- -----------------------------
-- Records of `ls_address`
-- -----------------------------
INSERT INTO `ls_address` VALUES ('33', '15', '葛朋', '82', '1272', '河北 廊坊市 三河市', '潮白星光公馆', '', '17777868624', '1', '0', '1', '1');
INSERT INTO `ls_address` VALUES ('34', '19', '王妹妹', '77', '1193', '河北 邢台市 南和县', '潮白北区潮白星光公馆小区', '', '15236618854', '1', '0', '1', '1');
INSERT INTO `ls_address` VALUES ('37', '8', '白沫', '36', '37', '北京 北京市 东城区', '潮白人家123号587', '', '15210356014', '1', '0', '', '');
INSERT INTO `ls_address` VALUES ('38', '31', 'Hhj', '75', '1165', '河北 秦皇岛市 山海关区', 'Hhhhd', '', '15304538341', '0', '0', '', '');
INSERT INTO `ls_address` VALUES ('40', '35', '蔡伟然', '139', '1779', '黑龙江 牡丹江市 东安区', '江南卧龙街11号', '', '13845395093', '1', '0', '', '');
INSERT INTO `ls_address` VALUES ('42', '25', '混合机', '88', '1341', '山西 晋城市 陵川县', '还解释', '', '18511310658', '1', '0', '1', '1');
INSERT INTO `ls_address` VALUES ('44', '31', '吉林省', '40', '56', '天津 天津市 河东区', '厘米', '', '18511310658', '1', '0', '', '');
INSERT INTO `ls_address` VALUES ('47', '17', '第九区', '36', '44', '北京 北京市 海淀区', '民生证券', '', '15993586215', '1', '0', '', '');
INSERT INTO `ls_address` VALUES ('48', '11', '冥界警', '99', '1454', '内蒙古 通辽市 科尔沁区', '基因', '', '18511310658', '1', '0', '', '');

-- -----------------------------
-- Table structure for `ls_admin`
-- -----------------------------
DROP TABLE IF EXISTS `ls_admin`;
CREATE TABLE `ls_admin` (
  `admin_id` int(11) unsigned NOT NULL AUTO_INCREMENT COMMENT '管理员自增ID',
  `admin_name` varchar(20) NOT NULL COMMENT '管理员名称',
  `admin_password` varchar(32) NOT NULL DEFAULT '' COMMENT '管理员密码',
  `admin_login_time` int(10) NOT NULL DEFAULT '0' COMMENT '登录时间',
  `admin_login_num` int(11) NOT NULL DEFAULT '0' COMMENT '登录次数',
  `admin_is_super` tinyint(1) NOT NULL DEFAULT '0' COMMENT '是否超级管理员',
  `admin_gid` smallint(6) DEFAULT '0' COMMENT '权限组ID',
  PRIMARY KEY (`admin_id`),
  KEY `admin_id` (`admin_id`)
) ENGINE=InnoDB AUTO_INCREMENT=2 DEFAULT CHARSET=utf8 COMMENT='管理员表';

-- -----------------------------
-- Records of `ls_admin`
-- -----------------------------
INSERT INTO `ls_admin` VALUES ('1', 'admin', 'e10adc3949ba59abbe56e057f20f883e', '1578540690', '129', '1', '0');

-- -----------------------------
-- Table structure for `ls_adminlog`
-- -----------------------------
DROP TABLE IF EXISTS `ls_adminlog`;
CREATE TABLE `ls_adminlog` (
  `adminlog_id` int(10) unsigned NOT NULL AUTO_INCREMENT COMMENT '管理员记录自增ID',
  `admin_id` mediumint(8) unsigned NOT NULL DEFAULT '0' COMMENT '管理员ID',
  `admin_name` char(20) NOT NULL COMMENT '管理员名称',
  `adminlog_content` varchar(255) NOT NULL COMMENT '操作内容',
  `adminlog_time` int(10) unsigned DEFAULT NULL COMMENT '发生时间',
  `adminlog_ip` char(15) NOT NULL COMMENT '管理员操作IP',
  `adminlog_url` varchar(50) NOT NULL DEFAULT '' COMMENT 'controller/action',
  PRIMARY KEY (`adminlog_id`),
  KEY `admin_id` (`admin_id`)
) ENGINE=InnoDB AUTO_INCREMENT=7 DEFAULT CHARSET=utf8 COMMENT='管理员操作日志';


-- -----------------------------
-- Table structure for `ls_adv`
-- -----------------------------
DROP TABLE IF EXISTS `ls_adv`;
CREATE TABLE `ls_adv` (
  `adv_id` mediumint(8) unsigned NOT NULL AUTO_INCREMENT COMMENT '广告自增ID',
  `ap_id` mediumint(8) unsigned NOT NULL COMMENT '广告位ID',
  `adv_title` varchar(255) NOT NULL COMMENT '广告内容描述',
  `adv_link` varchar(255) NOT NULL COMMENT '广告链接地址',
  `adv_code` varchar(1000) DEFAULT NULL COMMENT '广告图片地址',
  `adv_startdate` int(10) DEFAULT NULL COMMENT '广告开始时间',
  `adv_enddate` int(10) DEFAULT NULL COMMENT '广告结束时间',
  `adv_sort` tinyint(3) unsigned DEFAULT '255' COMMENT '广告图片排序',
  `adv_enabled` tinyint(1) unsigned DEFAULT '1' COMMENT '广告是否有效',
  `adv_clicknum` int(10) unsigned DEFAULT '0' COMMENT '广告点击次数',
  `adv_bgcolor` varchar(50) DEFAULT NULL COMMENT '广告背景颜色',
  PRIMARY KEY (`adv_id`),
  KEY `ap_id` (`ap_id`)
) ENGINE=InnoDB AUTO_INCREMENT=36 DEFAULT CHARSET=utf8 COMMENT='广告表';

-- -----------------------------
-- Records of `ls_adv`
-- -----------------------------
INSERT INTO `ls_adv` VALUES ('2', '1', '首页轮播图2', '', '5a4341c011073.jpg', '1199116800', '1830268800', '0', '1', '0', '');
INSERT INTO `ls_adv` VALUES ('3', '2', '首页促销图-1', '', '5a4355443eaad.jpg', '1199116800', '1830268800', '0', '1', '0', '');
INSERT INTO `ls_adv` VALUES ('4', '2', '首页促销图-2', '', '5a43555f3590a.jpg', '1199116800', '1830268800', '0', '1', '0', '');
INSERT INTO `ls_adv` VALUES ('5', '2', '首页促销图-3', '', '5a43556e94bb6.jpg', '1199116800', '1830268800', '0', '1', '0', '');
INSERT INTO `ls_adv` VALUES ('6', '2', '首页促销图-4', '', '5a43557f91fb5.jpg', '1199116800', '1830268800', '0', '1', '0', '');
INSERT INTO `ls_adv` VALUES ('7', '2', '首页促销图-5', '', '5a43558d3d004.jpg', '1199116800', '1830268800', '0', '1', '0', '');
INSERT INTO `ls_adv` VALUES ('8', '2', '首页促销图-6', '', '5a4355999c09c.jpg', '1199116800', '1830268800', '0', '1', '0', '');
INSERT INTO `ls_adv` VALUES ('9', '2', '首页促销图-7', '', '5a4355a53c2d4.jpg', '1199116800', '1830268800', '0', '1', '0', '');
INSERT INTO `ls_adv` VALUES ('10', '2', '首页促销图-8', '', '5a4355b51b338.jpg', '1199116800', '1830268800', '0', '1', '0', '');
INSERT INTO `ls_adv` VALUES ('11', '3', '首页-楼层1底部广告', '', '5c07551df18ec.jpg', '1514304000', '1830268800', '0', '1', '0', '');
INSERT INTO `ls_adv` VALUES ('12', '4', '首页-楼层2底部广告', '', '5c07552da2194.jpg', '1514304000', '1830268800', '0', '1', '0', '');
INSERT INTO `ls_adv` VALUES ('13', '5', '首页-楼层3底部广告', '', '5c0755264e32d.jpg', '1514304000', '1830268800', '0', '1', '0', '');
INSERT INTO `ls_adv` VALUES ('14', '6', '首页-楼层4底部广告', '', '5c0755356c311.jpg', '1514304000', '1830268800', '0', '1', '0', '');
INSERT INTO `ls_adv` VALUES ('15', '7', '首页-楼层5底部广告', '', '5c07551683f36.jpg', '1514304000', '1830268800', '0', '1', '0', '');
INSERT INTO `ls_adv` VALUES ('16', '8', '首页-楼层1侧边广告', '', '5c07553eeca3a.jpg', '1514304000', '1830268800', '0', '1', '1', '');
INSERT INTO `ls_adv` VALUES ('17', '9', '首页-楼层2侧边广告', '', '5c07555395d8f.png', '1514304000', '1830268800', '0', '1', '0', '');
INSERT INTO `ls_adv` VALUES ('18', '10', '首页-楼层3侧边广告', '', '5c07553eeca3a.jpg', '1514304000', '1830268800', '0', '1', '0', '');
INSERT INTO `ls_adv` VALUES ('19', '11', '首页-楼层4侧边广告', '', '5c07555395d8f.png', '1514304000', '1830268800', '0', '1', '0', '');
INSERT INTO `ls_adv` VALUES ('20', '12', '首页-楼层5侧边广告', '', '5c07553eeca3a.jpg', '1514304000', '1830268800', '0', '1', '0', '');
INSERT INTO `ls_adv` VALUES ('27', '15', '分类', 'mall/product_first_categroy.html', '5a4600c518da81.png', '1514476800', '1546012800', '0', '1', '0', '');
INSERT INTO `ls_adv` VALUES ('28', '15', '购物车', 'mall/cart_list.html', '5a4600c518da82.png', '1514476800', '1546012800', '0', '1', '0', '');
INSERT INTO `ls_adv` VALUES ('29', '15', '我的商城', 'member/member.html', '5a4600c518da83.png', '1514476800', '1546012800', '0', '1', '0', '');
INSERT INTO `ls_adv` VALUES ('30', '15', '每日签到', 'member/signin.html', '5a4600c518da84.png', '1514476800', '1546012800', '0', '1', '0', '');
INSERT INTO `ls_adv` VALUES ('31', '15', '商城拼团', 'mall/pintuan_list.html', '5a4600c518da85.png', '1514476800', '1546012800', '0', '1', '0', '');
INSERT INTO `ls_adv` VALUES ('32', '15', '积分兑换', 'mall/pointspro_list.html', '5a4600c518da86.png', '1514476800', '1546012800', '0', '1', '0', '');
INSERT INTO `ls_adv` VALUES ('33', '15', '附近店铺', 'mall/store_nearby.html', '5a4600c518da87.png', '1514476800', '1546012800', '0', '1', '0', '');
INSERT INTO `ls_adv` VALUES ('34', '15', '商城帮助', 'mall/article_class.html', '5a4600c518da88.png', '1514476800', '1546012800', '0', '1', '0', '');
INSERT INTO `ls_adv` VALUES ('35', '21', '首页-顶部广告图1', '', '5d5f86eb3119b.jpg', '1566489600', '1974816000', '0', '1', '6', '#db001c');

-- -----------------------------
-- Table structure for `ls_advposition`
-- -----------------------------
DROP TABLE IF EXISTS `ls_advposition`;
CREATE TABLE `ls_advposition` (
  `ap_id` mediumint(8) unsigned NOT NULL AUTO_INCREMENT COMMENT '广告位置自增ID',
  `ap_name` varchar(100) NOT NULL COMMENT '广告位名称',
  `ap_intro` varchar(255) NOT NULL DEFAULT '' COMMENT '广告位简介',
  `ap_isuse` smallint(1) unsigned NOT NULL DEFAULT '1' COMMENT '广告位是否启用：0不启用1启用',
  `ap_width` int(10) DEFAULT '0' COMMENT '广告位宽度',
  `ap_height` int(10) DEFAULT '0' COMMENT '广告位高度',
  PRIMARY KEY (`ap_id`),
  KEY `ap_id` (`ap_id`)
) ENGINE=InnoDB AUTO_INCREMENT=22 DEFAULT CHARSET=utf8 COMMENT='广告位表';

-- -----------------------------
-- Records of `ls_advposition`
-- -----------------------------
INSERT INTO `ls_advposition` VALUES ('1', '首页-轮播图', '', '1', '1920', '400');
INSERT INTO `ls_advposition` VALUES ('2', '首页-促销图', '', '1', '240', '164');
INSERT INTO `ls_advposition` VALUES ('3', '首页-楼层1底部广告', '', '1', '1200', '125');
INSERT INTO `ls_advposition` VALUES ('4', '首页-楼层2底部广告', '', '1', '1200', '125');
INSERT INTO `ls_advposition` VALUES ('5', '首页-楼层3底部广告', '', '1', '1200', '125');
INSERT INTO `ls_advposition` VALUES ('6', '首页-楼层4底部广告', '', '1', '1200', '125');
INSERT INTO `ls_advposition` VALUES ('7', '首页-楼层5底部广告', '', '1', '1200', '125');
INSERT INTO `ls_advposition` VALUES ('8', '首页-楼层1侧边广告', '', '1', '229', '614');
INSERT INTO `ls_advposition` VALUES ('9', '首页-楼层2侧边广告', '', '1', '229', '614');
INSERT INTO `ls_advposition` VALUES ('10', '首页-楼层3侧边广告', '', '1', '229', '614');
INSERT INTO `ls_advposition` VALUES ('11', '首页-楼层4侧边广告', '', '1', '229', '614');
INSERT INTO `ls_advposition` VALUES ('12', '首页-楼层5侧边广告', '', '1', '229', '614');
INSERT INTO `ls_advposition` VALUES ('13', '手机-首页-促销', '', '1', '0', '0');
INSERT INTO `ls_advposition` VALUES ('14', '手机-首页-轮播图', '', '1', '720', '320');
INSERT INTO `ls_advposition` VALUES ('15', '手机-首页-快捷导航', '', '1', '80', '80');
INSERT INTO `ls_advposition` VALUES ('16', '闲置首页中部横栏广告', '', '1', '1200', '61');
INSERT INTO `ls_advposition` VALUES ('17', '闲置首页中部短栏广告1', '', '1', '290', '100');
INSERT INTO `ls_advposition` VALUES ('18', '闲置首页中部短栏广告2', '', '1', '290', '100');
INSERT INTO `ls_advposition` VALUES ('19', '闲置首页中部短栏广告3', '', '1', '290', '100');
INSERT INTO `ls_advposition` VALUES ('20', '闲置首页中部短栏广告4', '', '1', '290', '100');
INSERT INTO `ls_advposition` VALUES ('21', '首页-顶部广告图', '', '1', '1200', '100');

-- -----------------------------
-- Table structure for `ls_albumclass`
-- -----------------------------
DROP TABLE IF EXISTS `ls_albumclass`;
CREATE TABLE `ls_albumclass` (
  `aclass_id` int(10) unsigned NOT NULL AUTO_INCREMENT COMMENT '相册自增ID',
  `aclass_name` varchar(100) NOT NULL COMMENT '相册名称',
  `store_id` int(10) unsigned NOT NULL COMMENT '店铺id',
  `aclass_des` varchar(255) NOT NULL COMMENT '相册描述',
  `aclass_sort` tinyint(3) unsigned NOT NULL DEFAULT '255' COMMENT '相册排序',
  `aclass_cover` varchar(255) DEFAULT NULL COMMENT '相册封面',
  `aclass_uploadtime` int(10) unsigned NOT NULL COMMENT '图片上传时间',
  `aclass_isdefault` tinyint(1) unsigned NOT NULL DEFAULT '0' COMMENT '是否为默认相册,1代表默认',
  PRIMARY KEY (`aclass_id`),
  KEY `store_id` (`store_id`)
) ENGINE=InnoDB AUTO_INCREMENT=5 DEFAULT CHARSET=utf8 COMMENT='相册表';

-- -----------------------------
-- Records of `ls_albumclass`
-- -----------------------------
INSERT INTO `ls_albumclass` VALUES ('1', '默认相册', '1', '', '255', 'alioss_1_2019121118465566988.jpg', '1506020826', '1');
INSERT INTO `ls_albumclass` VALUES ('2', '默认相册', '2', '', '255', '', '1576153861', '1');
INSERT INTO `ls_albumclass` VALUES ('3', '默认相册', '7', '', '255', '', '1576475779', '1');
INSERT INTO `ls_albumclass` VALUES ('4', '默认相册', '8', '', '255', '', '1576475873', '1');

-- -----------------------------
-- Table structure for `ls_albumpic`
-- -----------------------------
DROP TABLE IF EXISTS `ls_albumpic`;
CREATE TABLE `ls_albumpic` (
  `apic_id` int(10) unsigned NOT NULL AUTO_INCREMENT COMMENT '相册图片自增ID',
  `apic_name` varchar(100) NOT NULL COMMENT '图片名称',
  `apic_tag` varchar(255) NOT NULL COMMENT '图片标签',
  `aclass_id` int(10) unsigned NOT NULL COMMENT '相册ID',
  `apic_cover` varchar(255) NOT NULL COMMENT '图片路径',
  `apic_size` int(10) unsigned NOT NULL COMMENT '图片大小',
  `apic_spec` varchar(100) NOT NULL COMMENT '图片规格',
  `store_id` int(10) unsigned NOT NULL COMMENT '店铺id',
  `apic_uploadtime` int(10) unsigned NOT NULL COMMENT '图片上传时间',
  PRIMARY KEY (`apic_id`),
  KEY `aclass_id` (`aclass_id`)
) ENGINE=InnoDB AUTO_INCREMENT=354 DEFAULT CHARSET=utf8 COMMENT='相册图片表';

-- -----------------------------
-- Records of `ls_albumpic`
-- -----------------------------
INSERT INTO `ls_albumpic` VALUES ('1', '1_2017092120144795113.jpg', '', '0', '1_2017092120144795113.jpg', '0', '800x800', '1', '1505996087');
INSERT INTO `ls_albumpic` VALUES ('2', '1_2017092120244885492.jpg', '', '0', '1_2017092120244885492.jpg', '0', '800x800', '1', '1505996688');
INSERT INTO `ls_albumpic` VALUES ('3', '1_2017092120312320763.jpg', '', '0', '1_2017092120312320763.jpg', '0', '800x800', '1', '1505997083');
INSERT INTO `ls_albumpic` VALUES ('4', '1_2017092120345719915.jpg', '', '0', '1_2017092120345719915.jpg', '0', '800x800', '1', '1505997297');
INSERT INTO `ls_albumpic` VALUES ('5', '1_2017092120365848023.jpg', '', '0', '1_2017092120365848023.jpg', '0', '800x800', '1', '1505997418');
INSERT INTO `ls_albumpic` VALUES ('6', '1_2017092120382376796.jpg', '', '0', '1_2017092120382376796.jpg', '0', '800x800', '1', '1505997503');
INSERT INTO `ls_albumpic` VALUES ('7', '1_2017092120445748551.jpg', '', '0', '1_2017092120445748551.jpg', '0', '800x800', '1', '1505997897');
INSERT INTO `ls_albumpic` VALUES ('8', '1_2017092120480147477.jpg', '', '0', '1_2017092120480147477.jpg', '0', '800x800', '1', '1505998081');
INSERT INTO `ls_albumpic` VALUES ('9', '1_2017092120493430154.jpg', '', '0', '1_2017092120493430154.jpg', '0', '800x800', '1', '1505998174');
INSERT INTO `ls_albumpic` VALUES ('10', '1_2017092120564717575.jpg', '', '0', '1_2017092120564717575.jpg', '0', '800x800', '1', '1505998607');
INSERT INTO `ls_albumpic` VALUES ('11', '1_2017092121050988491.jpg', '', '0', '1_2017092121050988491.jpg', '0', '800x800', '1', '1505999109');
INSERT INTO `ls_albumpic` VALUES ('12', '1_2017092121142556524.jpg', '', '0', '1_2017092121142556524.jpg', '0', '800x800', '1', '1505999665');
INSERT INTO `ls_albumpic` VALUES ('13', '1_2017092121225164684.jpg', '', '0', '1_2017092121225164684.jpg', '0', '800x800', '1', '1506000171');
INSERT INTO `ls_albumpic` VALUES ('14', '1_2017092121260662503.jpg', '', '0', '1_2017092121260662503.jpg', '0', '800x800', '1', '1506000366');
INSERT INTO `ls_albumpic` VALUES ('15', '1_2017092121492327671.jpg', '', '0', '1_2017092121492327671.jpg', '0', '800x800', '1', '1506001763');
INSERT INTO `ls_albumpic` VALUES ('16', '1_2017092121542617701.jpg', '', '0', '1_2017092121542617701.jpg', '0', '800x800', '1', '1506002066');
INSERT INTO `ls_albumpic` VALUES ('17', '1_2017092121564484910.jpg', '', '0', '1_2017092121564484910.jpg', '0', '800x800', '1', '1506002204');
INSERT INTO `ls_albumpic` VALUES ('18', '1_2017092122005521920.jpg', '', '0', '1_2017092122005521920.jpg', '0', '800x800', '1', '1506002455');
INSERT INTO `ls_albumpic` VALUES ('19', '1_2017092122035543274.jpg', '', '0', '1_2017092122035543274.jpg', '0', '800x800', '1', '1506002635');
INSERT INTO `ls_albumpic` VALUES ('20', '1_2017092123585272874.jpg', '', '0', '1_2017092123585272874.jpg', '0', '800x800', '1', '1506009532');
INSERT INTO `ls_albumpic` VALUES ('21', '1_2017092200403659812.jpg', '', '0', '1_2017092200403659812.jpg', '0', '800x800', '1', '1506012036');
INSERT INTO `ls_albumpic` VALUES ('22', '1_2017092201034951336.jpg', '', '0', '1_2017092201034951336.jpg', '0', '800x800', '1', '1506013429');
INSERT INTO `ls_albumpic` VALUES ('23', '1_2017092201084565859.jpg', '', '0', '1_2017092201084565859.jpg', '0', '800x800', '1', '1506013725');
INSERT INTO `ls_albumpic` VALUES ('24', '1_2017092201381015306.jpg', '', '0', '1_2017092201381015306.jpg', '0', '220x220', '1', '1506015490');
INSERT INTO `ls_albumpic` VALUES ('25', '1_2017092201461861948.jpg', '', '0', '1_2017092201461861948.jpg', '0', '800x800', '1', '1506015978');
INSERT INTO `ls_albumpic` VALUES ('26', '1_2017092201523177266.jpg', '', '0', '1_2017092201523177266.jpg', '0', '800x800', '1', '1506016351');
INSERT INTO `ls_albumpic` VALUES ('27', '1_2017092202022516767.jpg', '', '0', '1_2017092202022516767.jpg', '0', '800x800', '1', '1506016945');
INSERT INTO `ls_albumpic` VALUES ('28', '1_2017092202082283957.jpg', '', '0', '1_2017092202082283957.jpg', '0', '800x800', '1', '1506017302');
INSERT INTO `ls_albumpic` VALUES ('29', '1_2017092202112937358.jpg', '', '0', '1_2017092202112937358.jpg', '0', '800x800', '1', '1506017489');
INSERT INTO `ls_albumpic` VALUES ('30', '1_2017092202162519571.jpg', '', '0', '1_2017092202162519571.jpg', '0', '800x800', '1', '1506017785');
INSERT INTO `ls_albumpic` VALUES ('31', '1_2017092202215519250.jpg', '', '0', '1_2017092202215519250.jpg', '0', '800x800', '1', '1506018115');
INSERT INTO `ls_albumpic` VALUES ('32', '1_2017092202310929808.jpg', '', '0', '1_2017092202310929808.jpg', '0', '800x800', '1', '1506018669');
INSERT INTO `ls_albumpic` VALUES ('33', '1_2017092202323192694.jpg', '', '0', '1_2017092202323192694.jpg', '0', '800x800', '1', '1506018751');
INSERT INTO `ls_albumpic` VALUES ('34', '1_2017092202350299027.jpg', '', '0', '1_2017092202350299027.jpg', '0', '800x800', '1', '1506018902');
INSERT INTO `ls_albumpic` VALUES ('35', '1_2017092202382291274.jpg', '', '0', '1_2017092202382291274.jpg', '0', '800x800', '1', '1506019102');
INSERT INTO `ls_albumpic` VALUES ('36', '1_2017092202443553519.jpg', '', '0', '1_2017092202443553519.jpg', '0', '800x800', '1', '1506019475');
INSERT INTO `ls_albumpic` VALUES ('37', '1_2017092202461115940.jpg', '', '0', '1_2017092202461115940.jpg', '0', '800x800', '1', '1506019571');
INSERT INTO `ls_albumpic` VALUES ('38', '1_2017092202492958131.jpg', '', '0', '1_2017092202492958131.jpg', '0', '800x800', '1', '1506019769');
INSERT INTO `ls_albumpic` VALUES ('39', '1_2017092202514891485.jpg', '', '0', '1_2017092202514891485.jpg', '0', '800x800', '1', '1506019908');
INSERT INTO `ls_albumpic` VALUES ('40', '1_2017092202553367071.jpg', '', '0', '1_2017092202553367071.jpg', '0', '800x800', '1', '1506020133');
INSERT INTO `ls_albumpic` VALUES ('41', '1_2017092202585843151.jpg', '', '0', '1_2017092202585843151.jpg', '0', '800x800', '1', '1506020338');
INSERT INTO `ls_albumpic` VALUES ('42', '1_2017092203045216863.jpg', '', '0', '1_2017092203045216863.jpg', '0', '800x800', '1', '1506020692');
INSERT INTO `ls_albumpic` VALUES ('43', '1_2017092203062937149.jpg', '', '0', '1_2017092203062937149.jpg', '0', '800x800', '1', '1506020789');
INSERT INTO `ls_albumpic` VALUES ('119', 'alioss_1_2019120615504452348.png', '', '1', 'alioss_1_2019120615504452348.png', '31559', '260x60', '1', '1575618644');
INSERT INTO `ls_albumpic` VALUES ('120', 'alioss_1_2019120615504617761.png', '', '1', 'alioss_1_2019120615504617761.png', '41048', '260x60', '1', '1575618646');
INSERT INTO `ls_albumpic` VALUES ('121', 'alioss_1_2019121117363770715.jpg', '', '1', 'alioss_1_2019121117363770715.jpg', '30851', '500x332', '1', '1576056997');
INSERT INTO `ls_albumpic` VALUES ('122', 'alioss_1_2019121117364498299.jpg', '', '1', 'alioss_1_2019121117364498299.jpg', '84848', '400x300', '1', '1576057004');
INSERT INTO `ls_albumpic` VALUES ('123', 'alioss_1_2019121117364879565.jpg', '', '1', 'alioss_1_2019121117364879565.jpg', '48164', '600x407', '1', '1576057008');
INSERT INTO `ls_albumpic` VALUES ('124', 'alioss_1_2019121117365267422.jpg', '', '1', 'alioss_1_2019121117365267422.jpg', '54819', '500x375', '1', '1576057011');
INSERT INTO `ls_albumpic` VALUES ('125', 'alioss_1_2019121117365572753.jpg', '', '1', 'alioss_1_2019121117365572753.jpg', '29495', '655x450', '1', '1576057015');
INSERT INTO `ls_albumpic` VALUES ('126', 'alioss_1_2019121117374693410.jpg', '', '1', 'alioss_1_2019121117374693410.jpg', '54819', '500x375', '1', '1576057066');
INSERT INTO `ls_albumpic` VALUES ('127', 'alioss_1_2019121117374946422.jpg', '', '1', 'alioss_1_2019121117374946422.jpg', '29495', '655x450', '1', '1576057069');
INSERT INTO `ls_albumpic` VALUES ('128', 'alioss_1_2019121117375182638.jpg', '', '1', 'alioss_1_2019121117375182638.jpg', '30851', '500x332', '1', '1576057071');
INSERT INTO `ls_albumpic` VALUES ('129', 'alioss_1_2019121117445456159.jpg', '', '1', 'alioss_1_2019121117445456159.jpg', '56094', '600x366', '1', '1576057493');
INSERT INTO `ls_albumpic` VALUES ('130', 'alioss_1_2019121117445631417.jpg', '', '1', 'alioss_1_2019121117445631417.jpg', '300208', '580x370', '1', '1576057496');
INSERT INTO `ls_albumpic` VALUES ('131', 'alioss_1_2019121117445961146.jpg', '', '1', 'alioss_1_2019121117445961146.jpg', '29971', '600x530', '1', '1576057499');
INSERT INTO `ls_albumpic` VALUES ('132', 'alioss_1_2019121117450292048.jpg', '', '1', 'alioss_1_2019121117450292048.jpg', '84761', '1000x667', '1', '1576057501');
INSERT INTO `ls_albumpic` VALUES ('133', 'alioss_1_2019121118423836081.jpg', '', '1', 'alioss_1_2019121118423836081.jpg', '101213', '639x419', '1', '1576060958');
INSERT INTO `ls_albumpic` VALUES ('134', 'alioss_1_2019121118424192106.jpg', '', '1', 'alioss_1_2019121118424192106.jpg', '106456', '748x504', '1', '1576060960');
INSERT INTO `ls_albumpic` VALUES ('135', 'alioss_1_2019121118424369048.jpg', '', '1', 'alioss_1_2019121118424369048.jpg', '56547', '395x395', '1', '1576060962');
INSERT INTO `ls_albumpic` VALUES ('136', 'alioss_1_2019121118424594405.jpg', '', '1', 'alioss_1_2019121118424594405.jpg', '33819', '500x323', '1', '1576060965');
INSERT INTO `ls_albumpic` VALUES ('137', 'alioss_1_2019121118424711049.jpg', '', '1', 'alioss_1_2019121118424711049.jpg', '47290', '500x375', '1', '1576060967');
INSERT INTO `ls_albumpic` VALUES ('138', 'alioss_1_2019121118445024186.jpg', '', '1', 'alioss_1_2019121118445024186.jpg', '103957', '480x360', '1', '1576061089');
INSERT INTO `ls_albumpic` VALUES ('139', 'alioss_1_2019121118445276967.jpg', '', '1', 'alioss_1_2019121118445276967.jpg', '114769', '720x513', '1', '1576061091');
INSERT INTO `ls_albumpic` VALUES ('140', 'alioss_1_2019121118445312905.jpg', '', '1', 'alioss_1_2019121118445312905.jpg', '213563', '800x600', '1', '1576061093');
INSERT INTO `ls_albumpic` VALUES ('141', 'alioss_1_2019121118445624664.jpg', '', '1', 'alioss_1_2019121118445624664.jpg', '68695', '858x525', '1', '1576061095');
INSERT INTO `ls_albumpic` VALUES ('142', 'alioss_1_2019121118445888348.jpg', '', '1', 'alioss_1_2019121118445888348.jpg', '54988', '539x300', '1', '1576061097');
INSERT INTO `ls_albumpic` VALUES ('143', 'alioss_1_2019121118465347232.png', '', '1', 'alioss_1_2019121118465347232.png', '389321', '499x394', '1', '1576061213');
INSERT INTO `ls_albumpic` VALUES ('144', 'alioss_1_2019121118465566988.jpg', '', '1', 'alioss_1_2019121118465566988.jpg', '58808', '600x421', '1', '1576061215');
INSERT INTO `ls_albumpic` VALUES ('145', 'alioss_1_2019121118465751226.jpg', '', '1', 'alioss_1_2019121118465751226.jpg', '186720', '856x660', '1', '1576061217');
INSERT INTO `ls_albumpic` VALUES ('146', 'alioss_1_2019121118465946892.jpg', '', '1', 'alioss_1_2019121118465946892.jpg', '36306', '650x420', '1', '1576061219');
INSERT INTO `ls_albumpic` VALUES ('147', 'alioss_1_2019121118470123114.jpg', '', '1', 'alioss_1_2019121118470123114.jpg', '20087', '400x266', '1', '1576061221');
INSERT INTO `ls_albumpic` VALUES ('148', 'alioss_1_2019121118584014724.jpg', '', '1', 'alioss_1_2019121118584014724.jpg', '116961', '800x635', '1', '1576061920');
INSERT INTO `ls_albumpic` VALUES ('149', 'alioss_1_2019121118584284248.jpg', '', '1', 'alioss_1_2019121118584284248.jpg', '61721', '500x346', '1', '1576061922');
INSERT INTO `ls_albumpic` VALUES ('150', 'alioss_1_2019121118584412035.jpeg', '', '1', 'alioss_1_2019121118584412035.jpeg', '35703', '640x391', '1', '1576061924');
INSERT INTO `ls_albumpic` VALUES ('151', 'alioss_1_2019121118584646318.jpg', '', '1', 'alioss_1_2019121118584646318.jpg', '93667', '500x301', '1', '1576061926');
INSERT INTO `ls_albumpic` VALUES ('152', 'alioss_1_2019121118584835397.jpg', '', '1', 'alioss_1_2019121118584835397.jpg', '27185', '360x210', '1', '1576061928');
INSERT INTO `ls_albumpic` VALUES ('153', 'alioss_1_2019121212420526733.jpg', '', '1', 'alioss_1_2019121212420526733.jpg', '26465', '650x650', '1', '1576125725');
INSERT INTO `ls_albumpic` VALUES ('154', 'alioss_1_2019121212441467567.jpg', '', '1', 'alioss_1_2019121212441467567.jpg', '26465', '650x650', '1', '1576125854');
INSERT INTO `ls_albumpic` VALUES ('155', 'alioss_1_2019121212553752285.jpg', '', '1', 'alioss_1_2019121212553752285.jpg', '77862', '750x750', '1', '1576126537');
INSERT INTO `ls_albumpic` VALUES ('156', 'alioss_1_2019121212585492843.jpg', '', '1', 'alioss_1_2019121212585492843.jpg', '40592', '450x450', '1', '1576126734');
INSERT INTO `ls_albumpic` VALUES ('157', 'alioss_1_2019121212590222769.jpg', '', '1', 'alioss_1_2019121212590222769.jpg', '40592', '450x450', '1', '1576126742');
INSERT INTO `ls_albumpic` VALUES ('158', 'alioss_1_2019121213002151769.jpg', '', '1', 'alioss_1_2019121213002151769.jpg', '37730', '1023x766', '1', '1576126821');
INSERT INTO `ls_albumpic` VALUES ('159', 'alioss_1_2019121213254513841.jpg', '', '1', 'alioss_1_2019121213254513841.jpg', '41124', '650x651', '1', '1576128345');
INSERT INTO `ls_albumpic` VALUES ('160', 'alioss_1_2019121213255634668.jpg', '', '1', 'alioss_1_2019121213255634668.jpg', '41124', '650x651', '1', '1576128356');
INSERT INTO `ls_albumpic` VALUES ('161', 'alioss_1_2019121213261793970.jpg', '', '1', 'alioss_1_2019121213261793970.jpg', '41124', '650x651', '1', '1576128377');
INSERT INTO `ls_albumpic` VALUES ('162', 'alioss_1_2019121216495756538.jpg', '', '1', 'alioss_1_2019121216495756538.jpg', '173342', '790x1052', '1', '1576140597');
INSERT INTO `ls_albumpic` VALUES ('163', 'alioss_1_2019121216500312703.jpg', '', '1', 'alioss_1_2019121216500312703.jpg', '235216', '790x1203', '1', '1576140603');
INSERT INTO `ls_albumpic` VALUES ('164', 'alioss_1_2019121216501934568.jpg', '', '1', 'alioss_1_2019121216501934568.jpg', '56509', '430x430', '1', '1576140619');
INSERT INTO `ls_albumpic` VALUES ('165', 'alioss_1_2019121216504950518.jpg', '', '1', 'alioss_1_2019121216504950518.jpg', '173342', '790x1052', '1', '1576140649');
INSERT INTO `ls_albumpic` VALUES ('166', 'alioss_1_2019121216505570236.jpg', '', '1', 'alioss_1_2019121216505570236.jpg', '173342', '790x1052', '1', '1576140655');
INSERT INTO `ls_albumpic` VALUES ('167', 'alioss_1_2019121216513882168.jpg', '', '1', 'alioss_1_2019121216513882168.jpg', '170371', '790x835', '1', '1576140698');
INSERT INTO `ls_albumpic` VALUES ('168', 'alioss_1_2019121216514376376.jpg', '', '1', 'alioss_1_2019121216514376376.jpg', '183580', '790x915', '1', '1576140703');
INSERT INTO `ls_albumpic` VALUES ('169', 'alioss_1_2019121217014187888.jpg', '', '1', 'alioss_1_2019121217014187888.jpg', '395553', '790x971', '1', '1576141301');
INSERT INTO `ls_albumpic` VALUES ('170', 'alioss_1_2019121217014724405.jpg', '', '1', 'alioss_1_2019121217014724405.jpg', '46154', '430x430', '1', '1576141307');
INSERT INTO `ls_albumpic` VALUES ('171', 'alioss_1_2019121217020647579.jpg', '', '1', 'alioss_1_2019121217020647579.jpg', '154957', '790x589', '1', '1576141326');
INSERT INTO `ls_albumpic` VALUES ('172', 'alioss_1_2019121217070810968.jpg', '', '1', 'alioss_1_2019121217070810968.jpg', '327781', '790x855', '1', '1576141628');
INSERT INTO `ls_albumpic` VALUES ('173', 'alioss_1_2019121217071686741.jpg', '', '1', 'alioss_1_2019121217071686741.jpg', '233897', '790x719', '1', '1576141636');
INSERT INTO `ls_albumpic` VALUES ('174', 'alioss_1_2019121217083930644.jpg', '', '1', 'alioss_1_2019121217083930644.jpg', '55204', '430x430', '1', '1576141719');
INSERT INTO `ls_albumpic` VALUES ('175', 'alioss_1_2019121217084534967.jpg', '', '1', 'alioss_1_2019121217084534967.jpg', '48431', '430x430', '1', '1576141725');
INSERT INTO `ls_albumpic` VALUES ('176', 'alioss_1_2019121217102927726.jpg', '', '1', 'alioss_1_2019121217102927726.jpg', '55334', '430x430', '1', '1576141829');
INSERT INTO `ls_albumpic` VALUES ('177', 'alioss_1_2019121217114513525.jpg', '', '1', 'alioss_1_2019121217114513525.jpg', '135240', '790x448', '1', '1576141905');
INSERT INTO `ls_albumpic` VALUES ('178', 'alioss_1_2019121217115278643.jpg', '', '1', 'alioss_1_2019121217115278643.jpg', '269721', '790x539', '1', '1576141912');
INSERT INTO `ls_albumpic` VALUES ('179', 'alioss_1_2019121217115289697.jpg', '', '1', 'alioss_1_2019121217115289697.jpg', '125769', '790x441', '1', '1576141912');
INSERT INTO `ls_albumpic` VALUES ('180', 'alioss_1_2019121217115250904.jpg', '', '1', 'alioss_1_2019121217115250904.jpg', '301398', '790x540', '1', '1576141912');
INSERT INTO `ls_albumpic` VALUES ('181', 'alioss_1_2019121217120679416.jpg', '', '1', 'alioss_1_2019121217120679416.jpg', '151999', '790x458', '1', '1576141926');
INSERT INTO `ls_albumpic` VALUES ('182', 'alioss_1_2019121217120666296.jpg', '', '1', 'alioss_1_2019121217120666296.jpg', '348467', '790x633', '1', '1576141926');
INSERT INTO `ls_albumpic` VALUES ('183', 'alioss_1_2019121217120635833.jpg', '', '1', 'alioss_1_2019121217120635833.jpg', '429274', '790x803', '1', '1576141926');
INSERT INTO `ls_albumpic` VALUES ('184', 'alioss_1_2019121217131432965.jpg', '', '1', 'alioss_1_2019121217131432965.jpg', '429274', '790x803', '1', '1576141994');
INSERT INTO `ls_albumpic` VALUES ('185', 'alioss_1_2019121217163746310.jpg', '', '1', 'alioss_1_2019121217163746310.jpg', '75388', '430x430', '1', '1576142197');
INSERT INTO `ls_albumpic` VALUES ('186', 'alioss_1_2019121217165696991.jpg', '', '1', 'alioss_1_2019121217165696991.jpg', '59900', '430x430', '1', '1576142216');
INSERT INTO `ls_albumpic` VALUES ('187', 'alioss_1_2019121217165663974.jpg', '', '1', 'alioss_1_2019121217165663974.jpg', '140875', '750x680', '1', '1576142216');
INSERT INTO `ls_albumpic` VALUES ('188', 'alioss_1_2019121217165610211.jpg', '', '1', 'alioss_1_2019121217165610211.jpg', '193019', '750x551', '1', '1576142216');
INSERT INTO `ls_albumpic` VALUES ('189', 'alioss_1_2019121217165681292.jpg', '', '1', 'alioss_1_2019121217165681292.jpg', '301398', '790x540', '1', '1576142216');
INSERT INTO `ls_albumpic` VALUES ('190', 'alioss_1_2019121217165778812.jpg', '', '1', 'alioss_1_2019121217165778812.jpg', '620309', '750x872', '1', '1576142216');
INSERT INTO `ls_albumpic` VALUES ('191', 'alioss_1_2019121217165764181.jpg', '', '1', 'alioss_1_2019121217165764181.jpg', '154813', '750x840', '1', '1576142216');
INSERT INTO `ls_albumpic` VALUES ('192', 'alioss_1_2019121217165748977.jpg', '', '1', 'alioss_1_2019121217165748977.jpg', '735026', '750x855', '1', '1576142216');
INSERT INTO `ls_albumpic` VALUES ('193', 'alioss_1_2019121217165911508.jpg', '', '1', 'alioss_1_2019121217165911508.jpg', '234160', '750x592', '1', '1576142217');
INSERT INTO `ls_albumpic` VALUES ('194', 'alioss_1_2019121217184835840.jpg', '', '1', 'alioss_1_2019121217184835840.jpg', '59900', '430x430', '1', '1576142328');
INSERT INTO `ls_albumpic` VALUES ('195', 'alioss_1_2019121217220212150.jpg', '', '1', 'alioss_1_2019121217220212150.jpg', '43301', '430x430', '1', '1576142522');
INSERT INTO `ls_albumpic` VALUES ('196', 'alioss_1_2019121217221433311.jpg', '', '1', 'alioss_1_2019121217221433311.jpg', '113506', '790x746', '1', '1576142534');
INSERT INTO `ls_albumpic` VALUES ('197', 'alioss_1_2019121217221472087.jpg', '', '1', 'alioss_1_2019121217221472087.jpg', '30527', '430x430', '1', '1576142534');
INSERT INTO `ls_albumpic` VALUES ('198', 'alioss_1_2019121217221415855.jpg', '', '1', 'alioss_1_2019121217221415855.jpg', '33608', '430x430', '1', '1576142534');
INSERT INTO `ls_albumpic` VALUES ('199', 'alioss_1_2019121217221492816.jpg', '', '1', 'alioss_1_2019121217221492816.jpg', '138396', '790x828', '1', '1576142534');
INSERT INTO `ls_albumpic` VALUES ('200', 'alioss_1_2019121217221484932.jpg', '', '1', 'alioss_1_2019121217221484932.jpg', '133892', '790x904', '1', '1576142534');
INSERT INTO `ls_albumpic` VALUES ('201', 'alioss_1_2019121217221587771.jpg', '', '1', 'alioss_1_2019121217221587771.jpg', '178425', '790x763', '1', '1576142534');
INSERT INTO `ls_albumpic` VALUES ('202', 'alioss_1_2019121217221532085.jpg', '', '1', 'alioss_1_2019121217221532085.jpg', '107282', '790x665', '1', '1576142534');
INSERT INTO `ls_albumpic` VALUES ('203', 'alioss_1_2019121217230590853.jpg', '', '1', 'alioss_1_2019121217230590853.jpg', '30527', '430x430', '1', '1576142585');
INSERT INTO `ls_albumpic` VALUES ('204', 'alioss_1_2019121217231219140.jpg', '', '1', 'alioss_1_2019121217231219140.jpg', '33608', '430x430', '1', '1576142592');
INSERT INTO `ls_albumpic` VALUES ('205', 'alioss_1_2019121217263277672.jpg', '', '1', 'alioss_1_2019121217263277672.jpg', '48991', '430x430', '1', '1576142791');
INSERT INTO `ls_albumpic` VALUES ('206', 'alioss_1_2019121217264957037.jpg', '', '1', 'alioss_1_2019121217264957037.jpg', '129978', '743x288', '1', '1576142809');
INSERT INTO `ls_albumpic` VALUES ('207', 'alioss_1_2019121217264939795.jpg', '', '1', 'alioss_1_2019121217264939795.jpg', '541001', '743x1020', '1', '1576142809');
INSERT INTO `ls_albumpic` VALUES ('208', 'alioss_1_2019121217264943879.jpg', '', '1', 'alioss_1_2019121217264943879.jpg', '528765', '743x1063', '1', '1576142809');
INSERT INTO `ls_albumpic` VALUES ('209', 'alioss_1_2019121217265044353.jpg', '', '1', 'alioss_1_2019121217265044353.jpg', '570410', '743x973', '1', '1576142809');
INSERT INTO `ls_albumpic` VALUES ('210', 'alioss_1_2019121217265146262.jpg', '', '1', 'alioss_1_2019121217265146262.jpg', '704436', '743x990', '1', '1576142809');
INSERT INTO `ls_albumpic` VALUES ('211', 'alioss_1_2019121217273234330.jpg', '', '1', 'alioss_1_2019121217273234330.jpg', '49626', '430x430', '1', '1576142852');
INSERT INTO `ls_albumpic` VALUES ('212', 'alioss_1_2019121217295951451.jpg', '', '1', 'alioss_1_2019121217295951451.jpg', '297537', '800x800', '1', '1576142999');
INSERT INTO `ls_albumpic` VALUES ('213', 'alioss_1_2019121217301157661.jpg', '', '1', 'alioss_1_2019121217301157661.jpg', '924562', '1080x1462', '1', '1576143011');
INSERT INTO `ls_albumpic` VALUES ('214', 'alioss_1_2019121301234721333.jpg', '', '1', 'alioss_1_2019121301234721333.jpg', '124859', '1024x905', '1', '1576171427');
INSERT INTO `ls_albumpic` VALUES ('215', 'alioss_1_2019121301242837787.jpg', '', '1', 'alioss_1_2019121301242837787.jpg', '124859', '1024x905', '1', '1576171468');
INSERT INTO `ls_albumpic` VALUES ('216', 'alioss_1_2019121301265027009.jpg', '', '1', 'alioss_1_2019121301265027009.jpg', '24013', '600x450', '1', '1576171610');
INSERT INTO `ls_albumpic` VALUES ('217', 'alioss_1_2019121311462811378.jpg', '', '1', 'alioss_1_2019121311462811378.jpg', '23487', '400x400', '1', '1576208788');
INSERT INTO `ls_albumpic` VALUES ('218', 'alioss_1_2019121311463962021.jpg', '', '1', 'alioss_1_2019121311463962021.jpg', '886132', '790x1697', '1', '1576208799');
INSERT INTO `ls_albumpic` VALUES ('219', 'alioss_1_2019121311464054133.jpg', '', '1', 'alioss_1_2019121311464054133.jpg', '374837', '790x969', '1', '1576208799');
INSERT INTO `ls_albumpic` VALUES ('220', 'alioss_1_2019121311464065969.jpg', '', '1', 'alioss_1_2019121311464065969.jpg', '468673', '790x958', '1', '1576208799');
INSERT INTO `ls_albumpic` VALUES ('221', 'alioss_1_2019121311464181547.jpg', '', '1', 'alioss_1_2019121311464181547.jpg', '554840', '790x870', '1', '1576208800');
INSERT INTO `ls_albumpic` VALUES ('222', 'alioss_1_2019121311464211809.jpg', '', '1', 'alioss_1_2019121311464211809.jpg', '583862', '790x1416', '1', '1576208800');
INSERT INTO `ls_albumpic` VALUES ('223', 'alioss_1_2019121311464335241.jpg', '', '1', 'alioss_1_2019121311464335241.jpg', '619324', '790x1490', '1', '1576208800');
INSERT INTO `ls_albumpic` VALUES ('224', 'alioss_1_2019121311480880319.jpg', '', '1', 'alioss_1_2019121311480880319.jpg', '17445', '400x400', '1', '1576208888');
INSERT INTO `ls_albumpic` VALUES ('225', 'alioss_1_2019121311531472385.jpg', '', '1', 'alioss_1_2019121311531472385.jpg', '27107', '430x430', '1', '1576209194');
INSERT INTO `ls_albumpic` VALUES ('226', 'alioss_1_2019121311544513597.jpg', '', '1', 'alioss_1_2019121311544513597.jpg', '323542', '750x1015', '1', '1576209285');
INSERT INTO `ls_albumpic` VALUES ('227', 'alioss_1_2019121311545976254.jpg', '', '1', 'alioss_1_2019121311545976254.jpg', '380304', '790x1285', '1', '1576209299');
INSERT INTO `ls_albumpic` VALUES ('228', 'alioss_1_2019121311545988526.jpg', '', '1', 'alioss_1_2019121311545988526.jpg', '143819', '750x553', '1', '1576209299');
INSERT INTO `ls_albumpic` VALUES ('229', 'alioss_1_2019121311550092497.jpg', '', '1', 'alioss_1_2019121311550092497.jpg', '158598', '750x534', '1', '1576209299');
INSERT INTO `ls_albumpic` VALUES ('230', 'alioss_1_2019121311550057719.jpg', '', '1', 'alioss_1_2019121311550057719.jpg', '118332', '750x661', '1', '1576209299');
INSERT INTO `ls_albumpic` VALUES ('231', 'alioss_1_2019121311550022103.jpg', '', '1', 'alioss_1_2019121311550022103.jpg', '187943', '750x534', '1', '1576209299');
INSERT INTO `ls_albumpic` VALUES ('232', 'alioss_1_2019121311550076050.jpg', '', '1', 'alioss_1_2019121311550076050.jpg', '221140', '750x815', '1', '1576209300');
INSERT INTO `ls_albumpic` VALUES ('233', 'alioss_1_2019121311554181381.jpg', '', '1', 'alioss_1_2019121311554181381.jpg', '64178', '430x430', '1', '1576209341');
INSERT INTO `ls_albumpic` VALUES ('234', 'alioss_1_2019121312004642728.jpg', '', '1', 'alioss_1_2019121312004642728.jpg', '151790', '800x800', '1', '1576209646');
INSERT INTO `ls_albumpic` VALUES ('235', 'alioss_1_2019121312010878359.jpg', '', '1', 'alioss_1_2019121312010878359.jpg', '598453', '990x956', '1', '1576209668');
INSERT INTO `ls_albumpic` VALUES ('236', 'alioss_1_2019121312010898135.jpg', '', '1', 'alioss_1_2019121312010898135.jpg', '378872', '990x657', '1', '1576209668');
INSERT INTO `ls_albumpic` VALUES ('237', 'alioss_1_2019121312010978509.jpg', '', '1', 'alioss_1_2019121312010978509.jpg', '445543', '990x882', '1', '1576209668');
INSERT INTO `ls_albumpic` VALUES ('238', 'alioss_1_2019121312011041148.jpg', '', '1', 'alioss_1_2019121312011041148.jpg', '429651', '990x660', '1', '1576209668');
INSERT INTO `ls_albumpic` VALUES ('239', 'alioss_1_2019121312011084593.jpg', '', '1', 'alioss_1_2019121312011084593.jpg', '609477', '990x1187', '1', '1576209669');
INSERT INTO `ls_albumpic` VALUES ('240', 'alioss_1_2019121312011187826.jpg', '', '1', 'alioss_1_2019121312011187826.jpg', '603353', '990x1399', '1', '1576209669');
INSERT INTO `ls_albumpic` VALUES ('241', 'alioss_1_2019121312011248026.jpg', '', '1', 'alioss_1_2019121312011248026.jpg', '841362', '990x1014', '1', '1576209670');
INSERT INTO `ls_albumpic` VALUES ('242', 'alioss_1_2019121312021625723.jpg', '', '1', 'alioss_1_2019121312021625723.jpg', '100398', '800x800', '1', '1576209736');
INSERT INTO `ls_albumpic` VALUES ('243', 'alioss_1_2019121312022051947.jpg', '', '1', 'alioss_1_2019121312022051947.jpg', '141071', '800x800', '1', '1576209740');
INSERT INTO `ls_albumpic` VALUES ('244', 'alioss_1_2019121312022559880.jpg', '', '1', 'alioss_1_2019121312022559880.jpg', '101573', '800x800', '1', '1576209745');
INSERT INTO `ls_albumpic` VALUES ('245', 'alioss_1_2019121312100672462.jpg', '', '1', 'alioss_1_2019121312100672462.jpg', '49291', '430x430', '1', '1576210206');
INSERT INTO `ls_albumpic` VALUES ('246', 'alioss_1_2019121312102365587.jpg', '', '1', 'alioss_1_2019121312102365587.jpg', '350308', '790x967', '1', '1576210223');
INSERT INTO `ls_albumpic` VALUES ('247', 'alioss_1_2019121312102327170.jpg', '', '1', 'alioss_1_2019121312102327170.jpg', '67610', '430x430', '1', '1576210223');
INSERT INTO `ls_albumpic` VALUES ('248', 'alioss_1_2019121312102474776.jpg', '', '1', 'alioss_1_2019121312102474776.jpg', '109601', '790x605', '1', '1576210223');
INSERT INTO `ls_albumpic` VALUES ('249', 'alioss_1_2019121312102464118.jpg', '', '1', 'alioss_1_2019121312102464118.jpg', '267532', '790x861', '1', '1576210223');
INSERT INTO `ls_albumpic` VALUES ('250', 'alioss_1_2019121312102489378.jpg', '', '1', 'alioss_1_2019121312102489378.jpg', '244058', '790x908', '1', '1576210224');
INSERT INTO `ls_albumpic` VALUES ('251', 'alioss_1_2019121312102445481.jpg', '', '1', 'alioss_1_2019121312102445481.jpg', '417114', '790x1475', '1', '1576210224');
INSERT INTO `ls_albumpic` VALUES ('252', 'alioss_1_2019121312102516103.jpg', '', '1', 'alioss_1_2019121312102516103.jpg', '152294', '790x712', '1', '1576210224');
INSERT INTO `ls_albumpic` VALUES ('253', 'alioss_1_2019121312102539722.jpg', '', '1', 'alioss_1_2019121312102539722.jpg', '245416', '790x804', '1', '1576210224');
INSERT INTO `ls_albumpic` VALUES ('254', 'alioss_1_2019121312102543205.jpg', '', '1', 'alioss_1_2019121312102543205.jpg', '287712', '790x1083', '1', '1576210224');
INSERT INTO `ls_albumpic` VALUES ('255', 'alioss_1_2019121312120869253.jpg', '', '1', 'alioss_1_2019121312120869253.jpg', '52235', '430x430', '1', '1576210328');
INSERT INTO `ls_albumpic` VALUES ('256', 'alioss_1_2019121312121775316.jpg', '', '1', 'alioss_1_2019121312121775316.jpg', '67610', '430x430', '1', '1576210337');
INSERT INTO `ls_albumpic` VALUES ('257', 'alioss_1_2019121312211814111.jpg', '', '1', 'alioss_1_2019121312211814111.jpg', '94288', '800x800', '1', '1576210878');
INSERT INTO `ls_albumpic` VALUES ('258', 'alioss_1_2019121312212587017.jpg', '', '1', 'alioss_1_2019121312212587017.jpg', '83166', '750x600', '1', '1576210885');
INSERT INTO `ls_albumpic` VALUES ('259', 'alioss_1_2019121312212651960.jpg', '', '1', 'alioss_1_2019121312212651960.jpg', '95357', '750x600', '1', '1576210886');
INSERT INTO `ls_albumpic` VALUES ('260', 'alioss_1_2019121312212685832.jpg', '', '1', 'alioss_1_2019121312212685832.jpg', '120740', '750x600', '1', '1576210886');
INSERT INTO `ls_albumpic` VALUES ('261', 'alioss_1_2019121312212663607.jpg', '', '1', 'alioss_1_2019121312212663607.jpg', '104357', '750x504', '1', '1576210886');
INSERT INTO `ls_albumpic` VALUES ('262', 'alioss_1_2019121312212649196.jpg', '', '1', 'alioss_1_2019121312212649196.jpg', '94569', '750x600', '1', '1576210886');
INSERT INTO `ls_albumpic` VALUES ('263', 'alioss_1_2019121312212684987.jpg', '', '1', 'alioss_1_2019121312212684987.jpg', '103224', '750x600', '1', '1576210886');
INSERT INTO `ls_albumpic` VALUES ('264', 'alioss_1_2019121312212633808.jpg', '', '1', 'alioss_1_2019121312212633808.jpg', '67779', '750x600', '1', '1576210886');
INSERT INTO `ls_albumpic` VALUES ('265', 'alioss_1_2019121312223225764.jpg', '', '1', 'alioss_1_2019121312223225764.jpg', '67779', '750x600', '1', '1576210952');
INSERT INTO `ls_albumpic` VALUES ('266', 'alioss_1_2019121312224066148.jpg', '', '1', 'alioss_1_2019121312224066148.jpg', '103224', '750x600', '1', '1576210960');
INSERT INTO `ls_albumpic` VALUES ('267', 'alioss_1_2019121313342746239.jpg', '', '1', 'alioss_1_2019121313342746239.jpg', '41380', '430x430', '1', '1576215267');
INSERT INTO `ls_albumpic` VALUES ('268', 'alioss_1_2019121313354630572.jpg', '', '1', 'alioss_1_2019121313354630572.jpg', '237043', '790x514', '1', '1576215346');
INSERT INTO `ls_albumpic` VALUES ('269', 'alioss_1_2019121313355090082.jpg', '', '1', 'alioss_1_2019121313355090082.jpg', '475592', '790x881', '1', '1576215346');
INSERT INTO `ls_albumpic` VALUES ('270', 'alioss_1_2019121313355072098.jpg', '', '1', 'alioss_1_2019121313355072098.jpg', '389446', '790x524', '1', '1576215346');
INSERT INTO `ls_albumpic` VALUES ('271', 'alioss_1_2019121313355055898.jpg', '', '1', 'alioss_1_2019121313355055898.jpg', '604424', '790x676', '1', '1576215346');
INSERT INTO `ls_albumpic` VALUES ('272', 'alioss_1_2019121313355114881.jpg', '', '1', 'alioss_1_2019121313355114881.jpg', '689765', '790x861', '1', '1576215347');
INSERT INTO `ls_albumpic` VALUES ('273', 'alioss_1_2019121313355244463.jpg', '', '1', 'alioss_1_2019121313355244463.jpg', '940936', '790x1077', '1', '1576215350');
INSERT INTO `ls_albumpic` VALUES ('274', 'alioss_1_2019121313355461310.jpg', '', '1', 'alioss_1_2019121313355461310.jpg', '660139', '790x1188', '1', '1576215350');
INSERT INTO `ls_albumpic` VALUES ('275', 'alioss_1_2019121313380058068.jpg', '', '1', 'alioss_1_2019121313380058068.jpg', '46913', '430x430', '1', '1576215480');
INSERT INTO `ls_albumpic` VALUES ('276', 'alioss_1_2019121313380440078.jpg', '', '1', 'alioss_1_2019121313380440078.jpg', '35701', '430x430', '1', '1576215484');
INSERT INTO `ls_albumpic` VALUES ('277', 'alioss_1_2019121313415564065.jpg', '', '1', 'alioss_1_2019121313415564065.jpg', '24120', '323x430', '1', '1576215715');
INSERT INTO `ls_albumpic` VALUES ('278', 'alioss_1_2019121313421027511.jpg', '', '1', 'alioss_1_2019121313421027511.jpg', '332329', '790x763', '1', '1576215730');
INSERT INTO `ls_albumpic` VALUES ('279', 'alioss_1_2019121313421016815.jpg', '', '1', 'alioss_1_2019121313421016815.jpg', '39888', '322x430', '1', '1576215730');
INSERT INTO `ls_albumpic` VALUES ('280', 'alioss_1_2019121313421079283.jpg', '', '1', 'alioss_1_2019121313421079283.jpg', '155081', '790x423', '1', '1576215730');
INSERT INTO `ls_albumpic` VALUES ('281', 'alioss_1_2019121313421057050.jpg', '', '1', 'alioss_1_2019121313421057050.jpg', '121236', '790x389', '1', '1576215730');
INSERT INTO `ls_albumpic` VALUES ('282', 'alioss_1_2019121313421036664.jpg', '', '1', 'alioss_1_2019121313421036664.jpg', '176067', '790x502', '1', '1576215730');
INSERT INTO `ls_albumpic` VALUES ('283', 'alioss_1_2019121313421071754.jpg', '', '1', 'alioss_1_2019121313421071754.jpg', '307133', '790x874', '1', '1576215730');
INSERT INTO `ls_albumpic` VALUES ('284', 'alioss_1_2019121313421153184.jpg', '', '1', 'alioss_1_2019121313421153184.jpg', '574775', '790x1015', '1', '1576215730');
INSERT INTO `ls_albumpic` VALUES ('285', 'alioss_1_2019121313421241930.jpg', '', '1', 'alioss_1_2019121313421241930.jpg', '208793', '790x558', '1', '1576215730');
INSERT INTO `ls_albumpic` VALUES ('286', 'alioss_1_2019121313431257057.jpg', '', '1', 'alioss_1_2019121313431257057.jpg', '39888', '322x430', '1', '1576215792');
INSERT INTO `ls_albumpic` VALUES ('287', 'alioss_1_2019121313431668135.jpg', '', '1', 'alioss_1_2019121313431668135.jpg', '39888', '322x430', '1', '1576215796');
INSERT INTO `ls_albumpic` VALUES ('288', 'alioss_1_2019121313432038844.jpg', '', '1', 'alioss_1_2019121313432038844.jpg', '39888', '322x430', '1', '1576215800');
INSERT INTO `ls_albumpic` VALUES ('289', 'alioss_1_2019121313462686553.jpg', '', '1', 'alioss_1_2019121313462686553.jpg', '31355', '430x430', '1', '1576215986');
INSERT INTO `ls_albumpic` VALUES ('290', 'alioss_1_2019121313463715809.jpg', '', '1', 'alioss_1_2019121313463715809.jpg', '179753', '790x411', '1', '1576215997');
INSERT INTO `ls_albumpic` VALUES ('291', 'alioss_1_2019121313463963133.jpg', '', '1', 'alioss_1_2019121313463963133.jpg', '37747', '790x262', '1', '1576215997');
INSERT INTO `ls_albumpic` VALUES ('292', 'alioss_1_2019121313463964714.jpg', '', '1', 'alioss_1_2019121313463964714.jpg', '162868', '790x730', '1', '1576215997');
INSERT INTO `ls_albumpic` VALUES ('293', 'alioss_1_2019121313463966586.jpg', '', '1', 'alioss_1_2019121313463966586.jpg', '147994', '790x603', '1', '1576215998');
INSERT INTO `ls_albumpic` VALUES ('294', 'alioss_1_2019121313463913857.jpg', '', '1', 'alioss_1_2019121313463913857.jpg', '182914', '790x560', '1', '1576215999');
INSERT INTO `ls_albumpic` VALUES ('295', 'alioss_1_2019121313463994106.jpg', '', '1', 'alioss_1_2019121313463994106.jpg', '130425', '790x616', '1', '1576215999');
INSERT INTO `ls_albumpic` VALUES ('296', 'alioss_1_2019121313463994300.jpg', '', '1', 'alioss_1_2019121313463994300.jpg', '113100', '790x431', '1', '1576215999');
INSERT INTO `ls_albumpic` VALUES ('297', 'alioss_1_2019121313463952850.jpg', '', '1', 'alioss_1_2019121313463952850.jpg', '126620', '790x555', '1', '1576215999');
INSERT INTO `ls_albumpic` VALUES ('298', 'alioss_1_2019121313463965919.jpg', '', '1', 'alioss_1_2019121313463965919.jpg', '194872', '790x608', '1', '1576215999');
INSERT INTO `ls_albumpic` VALUES ('299', 'alioss_1_2019121313481211351.jpg', '', '1', 'alioss_1_2019121313481211351.jpg', '41384', '430x430', '1', '1576216092');
INSERT INTO `ls_albumpic` VALUES ('300', 'alioss_1_2019121313523091203.jpg', '', '1', 'alioss_1_2019121313523091203.jpg', '39664', '430x430', '1', '1576216350');
INSERT INTO `ls_albumpic` VALUES ('301', 'alioss_1_2019121313523940060.jpg', '', '1', 'alioss_1_2019121313523940060.jpg', '203320', '790x761', '1', '1576216359');
INSERT INTO `ls_albumpic` VALUES ('302', 'alioss_1_2019121313523966175.jpg', '', '1', 'alioss_1_2019121313523966175.jpg', '188566', '790x689', '1', '1576216359');
INSERT INTO `ls_albumpic` VALUES ('303', 'alioss_1_2019121313523987064.jpg', '', '1', 'alioss_1_2019121313523987064.jpg', '186493', '790x650', '1', '1576216359');
INSERT INTO `ls_albumpic` VALUES ('304', 'alioss_1_2019121313523990867.jpg', '', '1', 'alioss_1_2019121313523990867.jpg', '298574', '790x1079', '1', '1576216359');
INSERT INTO `ls_albumpic` VALUES ('305', 'alioss_1_2019121313524079837.jpg', '', '1', 'alioss_1_2019121313524079837.jpg', '193659', '790x989', '1', '1576216359');
INSERT INTO `ls_albumpic` VALUES ('306', 'alioss_1_2019121313524020626.jpg', '', '1', 'alioss_1_2019121313524020626.jpg', '307894', '790x891', '1', '1576216359');
INSERT INTO `ls_albumpic` VALUES ('307', 'alioss_1_2019121313524043199.jpg', '', '1', 'alioss_1_2019121313524043199.jpg', '325686', '790x1211', '1', '1576216360');
INSERT INTO `ls_albumpic` VALUES ('308', 'alioss_1_2019121313533621610.jpg', '', '1', 'alioss_1_2019121313533621610.jpg', '43599', '430x430', '1', '1576216416');
INSERT INTO `ls_albumpic` VALUES ('309', 'alioss_1_2019121313534153300.jpg', '', '1', 'alioss_1_2019121313534153300.jpg', '54701', '430x430', '1', '1576216421');
INSERT INTO `ls_albumpic` VALUES ('310', 'alioss_1_2019121313571867987.jpg', '', '1', 'alioss_1_2019121313571867987.jpg', '61336', '430x430', '1', '1576216638');
INSERT INTO `ls_albumpic` VALUES ('311', 'alioss_1_2019121313572824281.jpg', '', '1', 'alioss_1_2019121313572824281.jpg', '354267', '790x1118', '1', '1576216648');
INSERT INTO `ls_albumpic` VALUES ('312', 'alioss_1_2019121313572815232.jpg', '', '1', 'alioss_1_2019121313572815232.jpg', '274282', '790x595', '1', '1576216648');
INSERT INTO `ls_albumpic` VALUES ('313', 'alioss_1_2019121313572818229.jpg', '', '1', 'alioss_1_2019121313572818229.jpg', '270606', '790x884', '1', '1576216648');
INSERT INTO `ls_albumpic` VALUES ('314', 'alioss_1_2019121313572994609.jpg', '', '1', 'alioss_1_2019121313572994609.jpg', '368152', '790x900', '1', '1576216648');
INSERT INTO `ls_albumpic` VALUES ('315', 'alioss_1_2019121313572981565.jpg', '', '1', 'alioss_1_2019121313572981565.jpg', '369904', '790x925', '1', '1576216648');
INSERT INTO `ls_albumpic` VALUES ('316', 'alioss_1_2019121313591550489.jpg', '', '1', 'alioss_1_2019121313591550489.jpg', '59303', '430x430', '1', '1576216755');
INSERT INTO `ls_albumpic` VALUES ('317', 'alioss_1_2019121313591952108.jpg', '', '1', 'alioss_1_2019121313591952108.jpg', '59303', '430x430', '1', '1576216759');
INSERT INTO `ls_albumpic` VALUES ('318', 'alioss_1_2019121314023632916.jpg', '', '1', 'alioss_1_2019121314023632916.jpg', '38406', '430x430', '1', '1576216956');
INSERT INTO `ls_albumpic` VALUES ('319', 'alioss_1_2019121314024336963.jpg', '', '1', 'alioss_1_2019121314024336963.jpg', '259281', '990x1011', '1', '1576216963');
INSERT INTO `ls_albumpic` VALUES ('320', 'alioss_1_2019121314024347338.jpg', '', '1', 'alioss_1_2019121314024347338.jpg', '717713', '990x1675', '1', '1576216963');
INSERT INTO `ls_albumpic` VALUES ('321', 'alioss_1_2019121314024345478.png', '', '1', 'alioss_1_2019121314024345478.png', '747513', '790x1134', '1', '1576216963');
INSERT INTO `ls_albumpic` VALUES ('322', 'alioss_1_2019121314024597610.jpg', '', '1', 'alioss_1_2019121314024597610.jpg', '703706', '990x1332', '1', '1576216963');
INSERT INTO `ls_albumpic` VALUES ('323', 'alioss_1_2019121314031745186.jpg', '', '1', 'alioss_1_2019121314031745186.jpg', '30506', '430x430', '1', '1576216997');
INSERT INTO `ls_albumpic` VALUES ('324', 'alioss_1_2019121314032217015.jpg', '', '1', 'alioss_1_2019121314032217015.jpg', '35010', '430x430', '1', '1576217002');
INSERT INTO `ls_albumpic` VALUES ('325', 'alioss_2_2019121314291160951.jpg', '', '2', 'alioss_2_2019121314291160951.jpg', '32130', '430x430', '2', '1576218551');
INSERT INTO `ls_albumpic` VALUES ('326', 'alioss_2_2019121314292227398.jpg', '', '2', 'alioss_2_2019121314292227398.jpg', '278220', '790x1004', '2', '1576218562');
INSERT INTO `ls_albumpic` VALUES ('327', 'alioss_2_2019121314292392603.jpg', '', '2', 'alioss_2_2019121314292392603.jpg', '213203', '790x585', '2', '1576218562');
INSERT INTO `ls_albumpic` VALUES ('328', 'alioss_2_2019121314292365744.jpg', '', '2', 'alioss_2_2019121314292365744.jpg', '268858', '790x529', '2', '1576218562');
INSERT INTO `ls_albumpic` VALUES ('329', 'alioss_2_2019121314300562274.jpg', '', '2', 'alioss_2_2019121314300562274.jpg', '280344', '790x499', '2', '1576218605');
INSERT INTO `ls_albumpic` VALUES ('330', 'alioss_2_2019121314300541320.jpg', '', '2', 'alioss_2_2019121314300541320.jpg', '579675', '790x674', '2', '1576218605');
INSERT INTO `ls_albumpic` VALUES ('331', 'alioss_2_2019121314303633509.jpg', '', '2', 'alioss_2_2019121314303633509.jpg', '481350', '790x792', '2', '1576218636');
INSERT INTO `ls_albumpic` VALUES ('332', 'alioss_2_2019121314305252542.jpg', '', '2', 'alioss_2_2019121314305252542.jpg', '54378', '430x430', '2', '1576218652');
INSERT INTO `ls_albumpic` VALUES ('333', 'alioss_2_2019121314305668302.jpg', '', '2', 'alioss_2_2019121314305668302.jpg', '37614', '430x430', '2', '1576218656');
INSERT INTO `ls_albumpic` VALUES ('334', 'alioss_1_2019121600012877602.jpg', '', '1', 'alioss_1_2019121600012877602.jpg', '74887', '430x430', '1', '1576425688');
INSERT INTO `ls_albumpic` VALUES ('335', 'alioss_1_2019121600091036799.jpg', '', '1', 'alioss_1_2019121600091036799.jpg', '79581', '790x409', '1', '1576426150');
INSERT INTO `ls_albumpic` VALUES ('336', 'alioss_1_2019121600092166110.jpg', '', '1', 'alioss_1_2019121600092166110.jpg', '333434', '790x1394', '1', '1576426161');
INSERT INTO `ls_albumpic` VALUES ('337', 'alioss_1_2019121600092757817.jpg', '', '1', 'alioss_1_2019121600092757817.jpg', '70779', '790x311', '1', '1576426167');
INSERT INTO `ls_albumpic` VALUES ('338', 'alioss_1_2019121600093553785.jpg', '', '1', 'alioss_1_2019121600093553785.jpg', '417034', '790x1546', '1', '1576426175');
INSERT INTO `ls_albumpic` VALUES ('339', 'alioss_1_2019121600101846523.jpg', '', '1', 'alioss_1_2019121600101846523.jpg', '105205', '430x430', '1', '1576426218');
INSERT INTO `ls_albumpic` VALUES ('340', 'alioss_1_2019121600102562169.jpg', '', '1', 'alioss_1_2019121600102562169.jpg', '73402', '430x430', '1', '1576426225');
INSERT INTO `ls_albumpic` VALUES ('341', 'alioss_1_2019121600102857467.jpg', '', '1', 'alioss_1_2019121600102857467.jpg', '35823', '430x430', '1', '1576426228');
INSERT INTO `ls_albumpic` VALUES ('342', 'alioss_1_2019121600103210538.jpg', '', '1', 'alioss_1_2019121600103210538.jpg', '77752', '430x430', '1', '1576426232');
INSERT INTO `ls_albumpic` VALUES ('343', 'alioss_1_2019121600263518523.jpg', '', '1', 'alioss_1_2019121600263518523.jpg', '111901', '430x430', '1', '1576427195');
INSERT INTO `ls_albumpic` VALUES ('344', 'alioss_1_2019121600264745783.jpg', '', '1', 'alioss_1_2019121600264745783.jpg', '411788', '790x738', '1', '1576427207');
INSERT INTO `ls_albumpic` VALUES ('345', 'alioss_1_2019121600270127138.jpg', '', '1', 'alioss_1_2019121600270127138.jpg', '423787', '790x768', '1', '1576427221');
INSERT INTO `ls_albumpic` VALUES ('346', 'alioss_1_2019121600270558842.jpg', '', '1', 'alioss_1_2019121600270558842.jpg', '551147', '790x984', '1', '1576427225');
INSERT INTO `ls_albumpic` VALUES ('347', 'alioss_1_2019121600271057592.jpg', '', '1', 'alioss_1_2019121600271057592.jpg', '330619', '790x550', '1', '1576427230');
INSERT INTO `ls_albumpic` VALUES ('348', 'alioss_1_2019121600271595779.jpg', '', '1', 'alioss_1_2019121600271595779.jpg', '252717', '790x638', '1', '1576427235');
INSERT INTO `ls_albumpic` VALUES ('349', 'alioss_1_2019121600273679598.jpg', '', '1', 'alioss_1_2019121600273679598.jpg', '75016', '430x430', '1', '1576427256');
INSERT INTO `ls_albumpic` VALUES ('350', 'alioss_1_2019121600274612079.jpg', '', '1', 'alioss_1_2019121600274612079.jpg', '82732', '430x430', '1', '1576427266');
INSERT INTO `ls_albumpic` VALUES ('351', 'alioss_1_2019121600275210565.jpg', '', '1', 'alioss_1_2019121600275210565.jpg', '104283', '430x430', '1', '1576427272');
INSERT INTO `ls_albumpic` VALUES ('352', 'alioss_1_2019121600282276056.jpg', '', '1', 'alioss_1_2019121600282276056.jpg', '74510', '430x430', '1', '1576427302');
INSERT INTO `ls_albumpic` VALUES ('353', 'alioss_1_2019121614131867606.png', '', '1', 'alioss_1_2019121614131867606.png', '22243', '191x175', '1', '1576476798');

-- -----------------------------
-- Table structure for `ls_appadv`
-- -----------------------------
DROP TABLE IF EXISTS `ls_appadv`;
CREATE TABLE `ls_appadv` (
  `adv_id` mediumint(8) unsigned NOT NULL AUTO_INCREMENT COMMENT 'APP广告自增ID',
  `ap_id` mediumint(8) unsigned NOT NULL COMMENT 'APP广告位ID',
  `adv_title` varchar(255) NOT NULL COMMENT 'APP广告内容描述',
  `adv_type` varchar(255) DEFAULT NULL COMMENT 'APP广告类型,goods,store,article',
  `adv_typedate` varchar(255) DEFAULT NULL COMMENT 'APP广告类型对应的值,判断具体跳转内容',
  `adv_code` varchar(1000) DEFAULT NULL COMMENT 'APP广告图片地址',
  `adv_startdate` int(10) DEFAULT NULL COMMENT 'APP广告开始时间',
  `adv_enddate` int(10) DEFAULT NULL COMMENT 'APP广告结束时间',
  `adv_sort` int(10) unsigned DEFAULT '255' COMMENT 'APP广告图片排序',
  `adv_enabled` tinyint(1) unsigned DEFAULT '1' COMMENT 'APP广告是否有效',
  PRIMARY KEY (`adv_id`),
  KEY `ap_id` (`ap_id`)
) ENGINE=InnoDB AUTO_INCREMENT=40 DEFAULT CHARSET=utf8 COMMENT='APP广告表';

-- -----------------------------
-- Records of `ls_appadv`
-- -----------------------------
INSERT INTO `ls_appadv` VALUES ('1', '1', '首页轮播图', 'class', '10', '5a460095839c8.jpg', '1514476800', '1598976000', '5', '1');
INSERT INTO `ls_appadv` VALUES ('2', '1', '首页轮播图', '', '', '5a4600a260e0f.jpg', '1514476800', '1599012800', '6', '1');
INSERT INTO `ls_appadv` VALUES ('3', '1', '首页轮播图', '', '', '5df1f2a0a585b.png', '1514476800', '1598976000', '7', '1');
INSERT INTO `ls_appadv` VALUES ('4', '2', '首页促销左(320X260)', 'class', '1', '5a44c828b411b.jpg', '1514476800', '1598976000', '20', '1');
INSERT INTO `ls_appadv` VALUES ('5', '2', '首页促销右上1(320X130)', 'goods', '141', '5de12b3112b32.jpg', '1514476800', '1598976000', '21', '1');
INSERT INTO `ls_appadv` VALUES ('6', '2', '首页促销右下1(320X130)', 'goods', '177', '5de129fc4f2fe.jpg', '1514476800', '1598976000', '24', '1');
INSERT INTO `ls_appadv` VALUES ('8', '4', '首页横图广告2', 'store', '1', '5df30d39c22d5.jpg', '1555344000', '1902412800', '255', '1');
INSERT INTO `ls_appadv` VALUES ('10', '5', '农作物', 'class', '16', '5de11b8cd8749.png', '1573488000', '1605024000', '6', '1');
INSERT INTO `ls_appadv` VALUES ('11', '5', '蔬菜', 'class', '4', '5df27760e92f1.png', '1573488000', '1605024000', '1', '1');
INSERT INTO `ls_appadv` VALUES ('12', '5', '种苗', 'class', '8', '5de0e22e74ffe.png', '1573488000', '1605024000', '3', '1');
INSERT INTO `ls_appadv` VALUES ('13', '5', '水产', 'class', '10', '5de11c2f232a5.png', '1573488000', '1605024000', '5', '1');
INSERT INTO `ls_appadv` VALUES ('14', '5', '水果', 'class', '1', '5de11cbe00f04.png', '1573488000', '1605024000', '2', '1');
INSERT INTO `ls_appadv` VALUES ('15', '5', '中药', 'class', '11', '5de0e391dcd59.png', '1573488000', '1605024000', '4', '1');
INSERT INTO `ls_appadv` VALUES ('16', '6', '左侧超值好货1', 'goods', '136', '', '1573488000', '1605024000', '1', '1');
INSERT INTO `ls_appadv` VALUES ('17', '6', '左侧超值好货2', 'goods', '176', '', '1573488000', '1605024000', '2', '1');
INSERT INTO `ls_appadv` VALUES ('18', '6', '左侧超值好货3', 'goods', '146', '', '1573488000', '1605024000', '3', '1');
INSERT INTO `ls_appadv` VALUES ('19', '6', '左侧超值好货4', 'goods', '139', '', '1573488000', '1605024000', '4', '1');
INSERT INTO `ls_appadv` VALUES ('20', '6', '左侧超值好货5', 'goods', '140', '', '1573488000', '1605024000', '5', '1');
INSERT INTO `ls_appadv` VALUES ('21', '6', '左侧超值好货6', 'goods', '141', '', '1573488000', '1605024000', '6', '1');
INSERT INTO `ls_appadv` VALUES ('22', '6', '右侧超值好货1', 'goods', '149', '', '1573488000', '1605024000', '7', '1');
INSERT INTO `ls_appadv` VALUES ('23', '6', '右侧超值好货2', 'goods', '150', '', '1573488000', '1605024000', '8', '1');
INSERT INTO `ls_appadv` VALUES ('24', '6', '右侧超值好货3', 'goods', '151', '', '1573488000', '1605024000', '9', '1');
INSERT INTO `ls_appadv` VALUES ('25', '6', '右侧超值好货4', 'goods', '144', '', '1573488000', '1605024000', '10', '1');
INSERT INTO `ls_appadv` VALUES ('28', '2', '首页促销右上2(320X130)', 'goods', '164', '5de12a8421944.jpg', '1514476800', '1598976000', '22', '1');
INSERT INTO `ls_appadv` VALUES ('29', '2', '首页促销右下2(320X130)', 'goods', '178', '5de0d8c6c80f1.jpg', '1514476800', '1598976000', '25', '1');
INSERT INTO `ls_appadv` VALUES ('30', '2', '首页促销右上3(320X130)', 'goods', '165', '5de12b5ace5d0.jpg', '1514476800', '1598976000', '23', '1');
INSERT INTO `ls_appadv` VALUES ('31', '2', '首页促销右下3(320X130)', 'goods', '140', '5de0d8e25e80b.jpg', '1514476800', '1598976000', '26', '1');
INSERT INTO `ls_appadv` VALUES ('32', '5', '干果', 'class', '12', '5de11ae1e46b5.png', '1574956800', '1606492800', '7', '1');
INSERT INTO `ls_appadv` VALUES ('33', '5', '农副', 'class', '15', '5de11fa157b91.png', '1574956800', '1606492800', '8', '1');
INSERT INTO `ls_appadv` VALUES ('34', '5', '种子', 'class', '468', '5de11ddc92534.png', '1574956800', '1606492800', '9', '1');
INSERT INTO `ls_appadv` VALUES ('35', '5', '食用菌', 'class', '764', '5de0e69e315f2.png', '1574956800', '1606492800', '10', '1');
INSERT INTO `ls_appadv` VALUES ('36', '1', '首页轮播图', '', '', '5df1f2f4a4c70.png', '1576080000', '1607616000', '3', '1');
INSERT INTO `ls_appadv` VALUES ('37', '1', '首页轮播图', 'class', '4', '5df251783a97d.png', '1576080000', '1607616000', '1', '1');
INSERT INTO `ls_appadv` VALUES ('38', '1', '首页轮播图', 'class', '1', '5df2519edde0e.jpg', '1576080000', '1607616000', '2', '1');
INSERT INTO `ls_appadv` VALUES ('39', '1', '首页轮播图', '', '', '5df251ac89d16.jpg', '1576080000', '1607616000', '4', '1');

-- -----------------------------
-- Table structure for `ls_appadvposition`
-- -----------------------------
DROP TABLE IF EXISTS `ls_appadvposition`;
CREATE TABLE `ls_appadvposition` (
  `ap_id` mediumint(8) unsigned NOT NULL AUTO_INCREMENT COMMENT 'APP广告位自增ID',
  `ap_name` varchar(100) NOT NULL COMMENT 'APP广告位名称',
  `ap_intro` varchar(255) NOT NULL DEFAULT '' COMMENT 'APP广告位简介',
  `ap_isuse` smallint(1) unsigned NOT NULL DEFAULT '1' COMMENT 'APP广告位是否启用：0不启用1启用',
  `ap_width` int(10) DEFAULT '0' COMMENT 'APP广告位宽度',
  `ap_height` int(10) DEFAULT '0' COMMENT 'APP广告位高度',
  PRIMARY KEY (`ap_id`)
) ENGINE=InnoDB AUTO_INCREMENT=7 DEFAULT CHARSET=utf8 COMMENT='APP广告位表';

-- -----------------------------
-- Records of `ls_appadvposition`
-- -----------------------------
INSERT INTO `ls_appadvposition` VALUES ('1', '首页轮播图', '首页轮播图', '1', '720', '350');
INSERT INTO `ls_appadvposition` VALUES ('2', '首页促销', '首页促销', '1', '375', '160');
INSERT INTO `ls_appadvposition` VALUES ('3', '首页导航图', '', '1', '60', '60');
INSERT INTO `ls_appadvposition` VALUES ('4', '首页横图广告', '', '1', '375', '115');
INSERT INTO `ls_appadvposition` VALUES ('5', '首页导航menu', '', '1', '200', '200');
INSERT INTO `ls_appadvposition` VALUES ('6', '首页商品推荐', '', '1', '300', '200');

-- -----------------------------
-- Table structure for `ls_area`
-- -----------------------------
DROP TABLE IF EXISTS `ls_area`;
CREATE TABLE `ls_area` (
  `area_id` int(11) unsigned NOT NULL AUTO_INCREMENT COMMENT '地区自增ID',
  `area_name` varchar(50) NOT NULL COMMENT '地区名称',
  `area_parent_id` int(11) unsigned NOT NULL DEFAULT '0' COMMENT '地区上级ID',
  `area_sort` tinyint(3) unsigned NOT NULL DEFAULT '255' COMMENT '地区排序',
  `area_deep` tinyint(1) unsigned NOT NULL DEFAULT '1' COMMENT '地区深度',
  `area_region` varchar(3) DEFAULT NULL COMMENT '大区名称',
  PRIMARY KEY (`area_id`),
  KEY `area_parent_id` (`area_parent_id`),
  KEY `area_id` (`area_id`)
) ENGINE=InnoDB AUTO_INCREMENT=45075 DEFAULT CHARSET=utf8 COMMENT='地区表';

-- -----------------------------
-- Records of `ls_area`
-- -----------------------------
INSERT INTO `ls_area` VALUES ('1', '北京', '0', '0', '1', '华北');
INSERT INTO `ls_area` VALUES ('2', '天津', '0', '0', '1', '华北');
INSERT INTO `ls_area` VALUES ('3', '河北', '0', '0', '1', '华北');
INSERT INTO `ls_area` VALUES ('4', '山西', '0', '0', '1', '华北');
INSERT INTO `ls_area` VALUES ('5', '内蒙古', '0', '0', '1', '华北');
INSERT INTO `ls_area` VALUES ('6', '辽宁', '0', '0', '1', '东北');
INSERT INTO `ls_area` VALUES ('7', '吉林', '0', '0', '1', '东北');
INSERT INTO `ls_area` VALUES ('8', '黑龙江', '0', '0', '1', '东北');
INSERT INTO `ls_area` VALUES ('9', '上海', '0', '0', '1', '华东');
INSERT INTO `ls_area` VALUES ('10', '江苏', '0', '0', '1', '华东');
INSERT INTO `ls_area` VALUES ('11', '浙江', '0', '0', '1', '华东');
INSERT INTO `ls_area` VALUES ('12', '安徽', '0', '0', '1', '华东');
INSERT INTO `ls_area` VALUES ('13', '福建', '0', '0', '1', '华南');
INSERT INTO `ls_area` VALUES ('14', '江西', '0', '0', '1', '华东');
INSERT INTO `ls_area` VALUES ('15', '山东', '0', '0', '1', '华东');
INSERT INTO `ls_area` VALUES ('16', '河南', '0', '0', '1', '华中');
INSERT INTO `ls_area` VALUES ('17', '湖北', '0', '0', '1', '华中');
INSERT INTO `ls_area` VALUES ('18', '湖南', '0', '0', '1', '华中');
INSERT INTO `ls_area` VALUES ('19', '广东', '0', '0', '1', '华南');
INSERT INTO `ls_area` VALUES ('20', '广西', '0', '0', '1', '华南');
INSERT INTO `ls_area` VALUES ('21', '海南', '0', '0', '1', '华南');
INSERT INTO `ls_area` VALUES ('22', '重庆', '0', '0', '1', '西南');
INSERT INTO `ls_area` VALUES ('23', '四川', '0', '0', '1', '西南');
INSERT INTO `ls_area` VALUES ('24', '贵州', '0', '0', '1', '西南');
INSERT INTO `ls_area` VALUES ('25', '云南', '0', '0', '1', '西南');
INSERT INTO `ls_area` VALUES ('26', '西藏', '0', '0', '1', '西南');
INSERT INTO `ls_area` VALUES ('27', '陕西', '0', '0', '1', '西北');
INSERT INTO `ls_area` VALUES ('28', '甘肃', '0', '0', '1', '西北');
INSERT INTO `ls_area` VALUES ('29', '青海', '0', '0', '1', '西北');
INSERT INTO `ls_area` VALUES ('30', '宁夏', '0', '0', '1', '西北');
INSERT INTO `ls_area` VALUES ('31', '新疆', '0', '0', '1', '西北');
INSERT INTO `ls_area` VALUES ('32', '台湾', '0', '0', '1', '港澳台');
INSERT INTO `ls_area` VALUES ('33', '香港', '0', '0', '1', '港澳台');
INSERT INTO `ls_area` VALUES ('34', '澳门', '0', '0', '1', '港澳台');
INSERT INTO `ls_area` VALUES ('35', '海外', '0', '0', '1', '海外');
INSERT INTO `ls_area` VALUES ('36', '北京市', '1', '0', '2', '');
INSERT INTO `ls_area` VALUES ('37', '东城区', '36', '0', '3', '');
INSERT INTO `ls_area` VALUES ('38', '西城区', '36', '0', '3', '');
INSERT INTO `ls_area` VALUES ('39', '上海市', '9', '0', '2', '');
INSERT INTO `ls_area` VALUES ('40', '天津市', '2', '0', '2', '');
INSERT INTO `ls_area` VALUES ('41', '朝阳区', '36', '0', '3', '');
INSERT INTO `ls_area` VALUES ('42', '丰台区', '36', '0', '3', '');
INSERT INTO `ls_area` VALUES ('43', '石景山区', '36', '0', '3', '');
INSERT INTO `ls_area` VALUES ('44', '海淀区', '36', '0', '3', '');
INSERT INTO `ls_area` VALUES ('45', '门头沟区', '36', '0', '3', '');
INSERT INTO `ls_area` VALUES ('46', '房山区', '36', '0', '3', '');
INSERT INTO `ls_area` VALUES ('47', '通州区', '36', '0', '3', '');
INSERT INTO `ls_area` VALUES ('48', '顺义区', '36', '0', '3', '');
INSERT INTO `ls_area` VALUES ('49', '昌平区', '36', '0', '3', '');
INSERT INTO `ls_area` VALUES ('50', '大兴区', '36', '0', '3', '');
INSERT INTO `ls_area` VALUES ('51', '怀柔区', '36', '0', '3', '');
INSERT INTO `ls_area` VALUES ('52', '平谷区', '36', '0', '3', '');
INSERT INTO `ls_area` VALUES ('53', '密云县', '36', '0', '3', '');
INSERT INTO `ls_area` VALUES ('54', '延庆县', '36', '0', '3', '');
INSERT INTO `ls_area` VALUES ('55', '和平区', '40', '0', '3', '');
INSERT INTO `ls_area` VALUES ('56', '河东区', '40', '0', '3', '');
INSERT INTO `ls_area` VALUES ('57', '河西区', '40', '0', '3', '');
INSERT INTO `ls_area` VALUES ('58', '南开区', '40', '0', '3', '');
INSERT INTO `ls_area` VALUES ('59', '河北区', '40', '0', '3', '');
INSERT INTO `ls_area` VALUES ('60', '红桥区', '40', '0', '3', '');
INSERT INTO `ls_area` VALUES ('61', '塘沽区', '40', '0', '3', '');
INSERT INTO `ls_area` VALUES ('62', '重庆市', '22', '0', '2', '');
INSERT INTO `ls_area` VALUES ('64', '东丽区', '40', '0', '3', '');
INSERT INTO `ls_area` VALUES ('65', '西青区', '40', '0', '3', '');
INSERT INTO `ls_area` VALUES ('66', '津南区', '40', '0', '3', '');
INSERT INTO `ls_area` VALUES ('67', '北辰区', '40', '0', '3', '');
INSERT INTO `ls_area` VALUES ('68', '武清区', '40', '0', '3', '');
INSERT INTO `ls_area` VALUES ('69', '宝坻区', '40', '0', '3', '');
INSERT INTO `ls_area` VALUES ('70', '宁河县', '40', '0', '3', '');
INSERT INTO `ls_area` VALUES ('71', '静海县', '40', '0', '3', '');
INSERT INTO `ls_area` VALUES ('72', '蓟县', '40', '0', '3', '');
INSERT INTO `ls_area` VALUES ('73', '石家庄市', '3', '0', '2', '');
INSERT INTO `ls_area` VALUES ('74', '唐山市', '3', '0', '2', '');
INSERT INTO `ls_area` VALUES ('75', '秦皇岛市', '3', '0', '2', '');
INSERT INTO `ls_area` VALUES ('76', '邯郸市', '3', '0', '2', '');
INSERT INTO `ls_area` VALUES ('77', '邢台市', '3', '0', '2', '');
INSERT INTO `ls_area` VALUES ('78', '保定市', '3', '0', '2', '');
INSERT INTO `ls_area` VALUES ('79', '张家口市', '3', '0', '2', '');
INSERT INTO `ls_area` VALUES ('80', '承德市', '3', '0', '2', '');
INSERT INTO `ls_area` VALUES ('81', '衡水市', '3', '0', '2', '');
INSERT INTO `ls_area` VALUES ('82', '廊坊市', '3', '0', '2', '');
INSERT INTO `ls_area` VALUES ('83', '沧州市', '3', '0', '2', '');
INSERT INTO `ls_area` VALUES ('84', '太原市', '4', '0', '2', '');
INSERT INTO `ls_area` VALUES ('85', '大同市', '4', '0', '2', '');
INSERT INTO `ls_area` VALUES ('86', '阳泉市', '4', '0', '2', '');
INSERT INTO `ls_area` VALUES ('87', '长治市', '4', '0', '2', '');
INSERT INTO `ls_area` VALUES ('88', '晋城市', '4', '0', '2', '');
INSERT INTO `ls_area` VALUES ('89', '朔州市', '4', '0', '2', '');
INSERT INTO `ls_area` VALUES ('90', '晋中市', '4', '0', '2', '');
INSERT INTO `ls_area` VALUES ('91', '运城市', '4', '0', '2', '');
INSERT INTO `ls_area` VALUES ('92', '忻州市', '4', '0', '2', '');
INSERT INTO `ls_area` VALUES ('93', '临汾市', '4', '0', '2', '');
INSERT INTO `ls_area` VALUES ('94', '吕梁市', '4', '0', '2', '');
INSERT INTO `ls_area` VALUES ('95', '呼和浩特市', '5', '0', '2', '');
INSERT INTO `ls_area` VALUES ('96', '包头市', '5', '0', '2', '');
INSERT INTO `ls_area` VALUES ('97', '乌海市', '5', '0', '2', '');
INSERT INTO `ls_area` VALUES ('98', '赤峰市', '5', '0', '2', '');
INSERT INTO `ls_area` VALUES ('99', '通辽市', '5', '0', '2', '');
INSERT INTO `ls_area` VALUES ('100', '鄂尔多斯市', '5', '0', '2', '');
INSERT INTO `ls_area` VALUES ('101', '呼伦贝尔市', '5', '0', '2', '');
INSERT INTO `ls_area` VALUES ('102', '巴彦淖尔市', '5', '0', '2', '');
INSERT INTO `ls_area` VALUES ('103', '乌兰察布市', '5', '0', '2', '');
INSERT INTO `ls_area` VALUES ('104', '兴安盟', '5', '0', '2', '');
INSERT INTO `ls_area` VALUES ('105', '锡林郭勒盟', '5', '0', '2', '');
INSERT INTO `ls_area` VALUES ('106', '阿拉善盟', '5', '0', '2', '');
INSERT INTO `ls_area` VALUES ('107', '沈阳市', '6', '0', '2', '');
INSERT INTO `ls_area` VALUES ('108', '大连市', '6', '0', '2', '');
INSERT INTO `ls_area` VALUES ('109', '鞍山市', '6', '0', '2', '');
INSERT INTO `ls_area` VALUES ('110', '抚顺市', '6', '0', '2', '');
INSERT INTO `ls_area` VALUES ('111', '本溪市', '6', '0', '2', '');
INSERT INTO `ls_area` VALUES ('112', '丹东市', '6', '0', '2', '');
INSERT INTO `ls_area` VALUES ('113', '锦州市', '6', '0', '2', '');
INSERT INTO `ls_area` VALUES ('114', '营口市', '6', '0', '2', '');
INSERT INTO `ls_area` VALUES ('115', '阜新市', '6', '0', '2', '');
INSERT INTO `ls_area` VALUES ('116', '辽阳市', '6', '0', '2', '');
INSERT INTO `ls_area` VALUES ('117', '盘锦市', '6', '0', '2', '');
INSERT INTO `ls_area` VALUES ('118', '铁岭市', '6', '0', '2', '');
INSERT INTO `ls_area` VALUES ('119', '朝阳市', '6', '0', '2', '');
INSERT INTO `ls_area` VALUES ('120', '葫芦岛市', '6', '0', '2', '');
INSERT INTO `ls_area` VALUES ('121', '长春市', '7', '0', '2', '');
INSERT INTO `ls_area` VALUES ('122', '吉林市', '7', '0', '2', '');
INSERT INTO `ls_area` VALUES ('123', '四平市', '7', '0', '2', '');
INSERT INTO `ls_area` VALUES ('124', '辽源市', '7', '0', '2', '');
INSERT INTO `ls_area` VALUES ('125', '通化市', '7', '0', '2', '');
INSERT INTO `ls_area` VALUES ('126', '白山市', '7', '0', '2', '');
INSERT INTO `ls_area` VALUES ('127', '松原市', '7', '0', '2', '');
INSERT INTO `ls_area` VALUES ('128', '白城市', '7', '0', '2', '');
INSERT INTO `ls_area` VALUES ('129', '延边朝鲜族自治州', '7', '0', '2', '');
INSERT INTO `ls_area` VALUES ('130', '哈尔滨市', '8', '0', '2', '');
INSERT INTO `ls_area` VALUES ('131', '齐齐哈尔市', '8', '0', '2', '');
INSERT INTO `ls_area` VALUES ('132', '鸡西市', '8', '0', '2', '');
INSERT INTO `ls_area` VALUES ('133', '鹤岗市', '8', '0', '2', '');
INSERT INTO `ls_area` VALUES ('134', '双鸭山市', '8', '0', '2', '');
INSERT INTO `ls_area` VALUES ('135', '大庆市', '8', '0', '2', '');
INSERT INTO `ls_area` VALUES ('136', '伊春市', '8', '0', '2', '');
INSERT INTO `ls_area` VALUES ('137', '佳木斯市', '8', '0', '2', '');
INSERT INTO `ls_area` VALUES ('138', '七台河市', '8', '0', '2', '');
INSERT INTO `ls_area` VALUES ('139', '牡丹江市', '8', '0', '2', '');
INSERT INTO `ls_area` VALUES ('140', '黑河市', '8', '0', '2', '');
INSERT INTO `ls_area` VALUES ('141', '绥化市', '8', '0', '2', '');
INSERT INTO `ls_area` VALUES ('142', '大兴安岭地区', '8', '0', '2', '');
INSERT INTO `ls_area` VALUES ('143', '黄浦区', '39', '0', '3', '');
INSERT INTO `ls_area` VALUES ('144', '卢湾区', '39', '0', '3', '');
INSERT INTO `ls_area` VALUES ('145', '徐汇区', '39', '0', '3', '');
INSERT INTO `ls_area` VALUES ('146', '长宁区', '39', '0', '3', '');
INSERT INTO `ls_area` VALUES ('147', '静安区', '39', '0', '3', '');
INSERT INTO `ls_area` VALUES ('148', '普陀区', '39', '0', '3', '');
INSERT INTO `ls_area` VALUES ('149', '闸北区', '39', '0', '3', '');
INSERT INTO `ls_area` VALUES ('150', '虹口区', '39', '0', '3', '');
INSERT INTO `ls_area` VALUES ('151', '杨浦区', '39', '0', '3', '');
INSERT INTO `ls_area` VALUES ('152', '闵行区', '39', '0', '3', '');
INSERT INTO `ls_area` VALUES ('153', '宝山区', '39', '0', '3', '');
INSERT INTO `ls_area` VALUES ('154', '嘉定区', '39', '0', '3', '');
INSERT INTO `ls_area` VALUES ('155', '浦东新区', '39', '0', '3', '');
INSERT INTO `ls_area` VALUES ('156', '金山区', '39', '0', '3', '');
INSERT INTO `ls_area` VALUES ('157', '松江区', '39', '0', '3', '');
INSERT INTO `ls_area` VALUES ('158', '青浦区', '39', '0', '3', '');
INSERT INTO `ls_area` VALUES ('159', '南汇区', '39', '0', '3', '');
INSERT INTO `ls_area` VALUES ('160', '奉贤区', '39', '0', '3', '');
INSERT INTO `ls_area` VALUES ('161', '崇明县', '39', '0', '3', '');
INSERT INTO `ls_area` VALUES ('162', '南京市', '10', '0', '2', '');
INSERT INTO `ls_area` VALUES ('163', '无锡市', '10', '0', '2', '');
INSERT INTO `ls_area` VALUES ('164', '徐州市', '10', '0', '2', '');
INSERT INTO `ls_area` VALUES ('165', '常州市', '10', '0', '2', '');
INSERT INTO `ls_area` VALUES ('166', '苏州市', '10', '0', '2', '');
INSERT INTO `ls_area` VALUES ('167', '南通市', '10', '0', '2', '');
INSERT INTO `ls_area` VALUES ('168', '连云港市', '10', '0', '2', '');
INSERT INTO `ls_area` VALUES ('169', '淮安市', '10', '0', '2', '');
INSERT INTO `ls_area` VALUES ('170', '盐城市', '10', '0', '2', '');
INSERT INTO `ls_area` VALUES ('171', '扬州市', '10', '0', '2', '');
INSERT INTO `ls_area` VALUES ('172', '镇江市', '10', '0', '2', '');
INSERT INTO `ls_area` VALUES ('173', '泰州市', '10', '0', '2', '');
INSERT INTO `ls_area` VALUES ('174', '宿迁市', '10', '0', '2', '');
INSERT INTO `ls_area` VALUES ('175', '杭州市', '11', '0', '2', '');
INSERT INTO `ls_area` VALUES ('176', '宁波市', '11', '0', '2', '');
INSERT INTO `ls_area` VALUES ('177', '温州市', '11', '0', '2', '');
INSERT INTO `ls_area` VALUES ('178', '嘉兴市', '11', '0', '2', '');
INSERT INTO `ls_area` VALUES ('179', '湖州市', '11', '0', '2', '');
INSERT INTO `ls_area` VALUES ('180', '绍兴市', '11', '0', '2', '');
INSERT INTO `ls_area` VALUES ('181', '舟山市', '11', '0', '2', '');
INSERT INTO `ls_area` VALUES ('182', '衢州市', '11', '0', '2', '');
INSERT INTO `ls_area` VALUES ('183', '金华市', '11', '0', '2', '');
INSERT INTO `ls_area` VALUES ('184', '台州市', '11', '0', '2', '');
INSERT INTO `ls_area` VALUES ('185', '丽水市', '11', '0', '2', '');
INSERT INTO `ls_area` VALUES ('186', '合肥市', '12', '0', '2', '');
INSERT INTO `ls_area` VALUES ('187', '芜湖市', '12', '0', '2', '');
INSERT INTO `ls_area` VALUES ('188', '蚌埠市', '12', '0', '2', '');
INSERT INTO `ls_area` VALUES ('189', '淮南市', '12', '0', '2', '');
INSERT INTO `ls_area` VALUES ('190', '马鞍山市', '12', '0', '2', '');
INSERT INTO `ls_area` VALUES ('191', '淮北市', '12', '0', '2', '');
INSERT INTO `ls_area` VALUES ('192', '铜陵市', '12', '0', '2', '');
INSERT INTO `ls_area` VALUES ('193', '安庆市', '12', '0', '2', '');
INSERT INTO `ls_area` VALUES ('194', '黄山市', '12', '0', '2', '');
INSERT INTO `ls_area` VALUES ('195', '滁州市', '12', '0', '2', '');
INSERT INTO `ls_area` VALUES ('196', '阜阳市', '12', '0', '2', '');
INSERT INTO `ls_area` VALUES ('197', '宿州市', '12', '0', '2', '');
INSERT INTO `ls_area` VALUES ('198', '巢湖市', '12', '0', '2', '');
INSERT INTO `ls_area` VALUES ('199', '六安市', '12', '0', '2', '');
INSERT INTO `ls_area` VALUES ('200', '亳州市', '12', '0', '2', '');
INSERT INTO `ls_area` VALUES ('201', '池州市', '12', '0', '2', '');
INSERT INTO `ls_area` VALUES ('202', '宣城市', '12', '0', '2', '');
INSERT INTO `ls_area` VALUES ('203', '福州市', '13', '0', '2', '');
INSERT INTO `ls_area` VALUES ('204', '厦门市', '13', '0', '2', '');
INSERT INTO `ls_area` VALUES ('205', '莆田市', '13', '0', '2', '');
INSERT INTO `ls_area` VALUES ('206', '三明市', '13', '0', '2', '');
INSERT INTO `ls_area` VALUES ('207', '泉州市', '13', '0', '2', '');
INSERT INTO `ls_area` VALUES ('208', '漳州市', '13', '0', '2', '');
INSERT INTO `ls_area` VALUES ('209', '南平市', '13', '0', '2', '');
INSERT INTO `ls_area` VALUES ('210', '龙岩市', '13', '0', '2', '');
INSERT INTO `ls_area` VALUES ('211', '宁德市', '13', '0', '2', '');
INSERT INTO `ls_area` VALUES ('212', '南昌市', '14', '0', '2', '');
INSERT INTO `ls_area` VALUES ('213', '景德镇市', '14', '0', '2', '');
INSERT INTO `ls_area` VALUES ('214', '萍乡市', '14', '0', '2', '');
INSERT INTO `ls_area` VALUES ('215', '九江市', '14', '0', '2', '');
INSERT INTO `ls_area` VALUES ('216', '新余市', '14', '0', '2', '');
INSERT INTO `ls_area` VALUES ('217', '鹰潭市', '14', '0', '2', '');
INSERT INTO `ls_area` VALUES ('218', '赣州市', '14', '0', '2', '');
INSERT INTO `ls_area` VALUES ('219', '吉安市', '14', '0', '2', '');
INSERT INTO `ls_area` VALUES ('220', '宜春市', '14', '0', '2', '');
INSERT INTO `ls_area` VALUES ('221', '抚州市', '14', '0', '2', '');
INSERT INTO `ls_area` VALUES ('222', '上饶市', '14', '0', '2', '');
INSERT INTO `ls_area` VALUES ('223', '济南市', '15', '0', '2', '');
INSERT INTO `ls_area` VALUES ('224', '青岛市', '15', '0', '2', '');
INSERT INTO `ls_area` VALUES ('225', '淄博市', '15', '0', '2', '');
INSERT INTO `ls_area` VALUES ('226', '枣庄市', '15', '0', '2', '');
INSERT INTO `ls_area` VALUES ('227', '东营市', '15', '0', '2', '');
INSERT INTO `ls_area` VALUES ('228', '烟台市', '15', '0', '2', '');
INSERT INTO `ls_area` VALUES ('229', '潍坊市', '15', '0', '2', '');
INSERT INTO `ls_area` VALUES ('230', '济宁市', '15', '0', '2', '');
INSERT INTO `ls_area` VALUES ('231', '泰安市', '15', '0', '2', '');
INSERT INTO `ls_area` VALUES ('232', '威海市', '15', '0', '2', '');
INSERT INTO `ls_area` VALUES ('233', '日照市', '15', '0', '2', '');
INSERT INTO `ls_area` VALUES ('234', '莱芜市', '15', '0', '2', '');
INSERT INTO `ls_area` VALUES ('235', '临沂市', '15', '0', '2', '');
INSERT INTO `ls_area` VALUES ('236', '德州市', '15', '0', '2', '');
INSERT INTO `ls_area` VALUES ('237', '聊城市', '15', '0', '2', '');
INSERT INTO `ls_area` VALUES ('238', '滨州市', '15', '0', '2', '');
INSERT INTO `ls_area` VALUES ('239', '菏泽市', '15', '0', '2', '');
INSERT INTO `ls_area` VALUES ('240', '郑州市', '16', '0', '2', '');
INSERT INTO `ls_area` VALUES ('241', '开封市', '16', '0', '2', '');
INSERT INTO `ls_area` VALUES ('242', '洛阳市', '16', '0', '2', '');
INSERT INTO `ls_area` VALUES ('243', '平顶山市', '16', '0', '2', '');
INSERT INTO `ls_area` VALUES ('244', '安阳市', '16', '0', '2', '');
INSERT INTO `ls_area` VALUES ('245', '鹤壁市', '16', '0', '2', '');
INSERT INTO `ls_area` VALUES ('246', '新乡市', '16', '0', '2', '');
INSERT INTO `ls_area` VALUES ('247', '焦作市', '16', '0', '2', '');
INSERT INTO `ls_area` VALUES ('248', '濮阳市', '16', '0', '2', '');
INSERT INTO `ls_area` VALUES ('249', '许昌市', '16', '0', '2', '');
INSERT INTO `ls_area` VALUES ('250', '漯河市', '16', '0', '2', '');
INSERT INTO `ls_area` VALUES ('251', '三门峡市', '16', '0', '2', '');
INSERT INTO `ls_area` VALUES ('252', '南阳市', '16', '0', '2', '');
INSERT INTO `ls_area` VALUES ('253', '商丘市', '16', '0', '2', '');
INSERT INTO `ls_area` VALUES ('254', '信阳市', '16', '0', '2', '');
INSERT INTO `ls_area` VALUES ('255', '周口市', '16', '0', '2', '');
INSERT INTO `ls_area` VALUES ('256', '驻马店市', '16', '0', '2', '');
INSERT INTO `ls_area` VALUES ('257', '济源市', '16', '0', '2', '');
INSERT INTO `ls_area` VALUES ('258', '武汉市', '17', '0', '2', '');
INSERT INTO `ls_area` VALUES ('259', '黄石市', '17', '0', '2', '');
INSERT INTO `ls_area` VALUES ('260', '十堰市', '17', '0', '2', '');
INSERT INTO `ls_area` VALUES ('261', '宜昌市', '17', '0', '2', '');
INSERT INTO `ls_area` VALUES ('262', '襄樊市', '17', '0', '2', '');
INSERT INTO `ls_area` VALUES ('263', '鄂州市', '17', '0', '2', '');
INSERT INTO `ls_area` VALUES ('264', '荆门市', '17', '0', '2', '');
INSERT INTO `ls_area` VALUES ('265', '孝感市', '17', '0', '2', '');
INSERT INTO `ls_area` VALUES ('266', '荆州市', '17', '0', '2', '');
INSERT INTO `ls_area` VALUES ('267', '黄冈市', '17', '0', '2', '');
INSERT INTO `ls_area` VALUES ('268', '咸宁市', '17', '0', '2', '');
INSERT INTO `ls_area` VALUES ('269', '随州市', '17', '0', '2', '');
INSERT INTO `ls_area` VALUES ('270', '恩施土家族苗族自治州', '17', '0', '2', '');
INSERT INTO `ls_area` VALUES ('271', '仙桃市', '17', '0', '2', '');
INSERT INTO `ls_area` VALUES ('272', '潜江市', '17', '0', '2', '');
INSERT INTO `ls_area` VALUES ('273', '天门市', '17', '0', '2', '');
INSERT INTO `ls_area` VALUES ('274', '神农架林区', '17', '0', '2', '');
INSERT INTO `ls_area` VALUES ('275', '长沙市', '18', '0', '2', '');
INSERT INTO `ls_area` VALUES ('276', '株洲市', '18', '0', '2', '');
INSERT INTO `ls_area` VALUES ('277', '湘潭市', '18', '0', '2', '');
INSERT INTO `ls_area` VALUES ('278', '衡阳市', '18', '0', '2', '');
INSERT INTO `ls_area` VALUES ('279', '邵阳市', '18', '0', '2', '');
INSERT INTO `ls_area` VALUES ('280', '岳阳市', '18', '0', '2', '');
INSERT INTO `ls_area` VALUES ('281', '常德市', '18', '0', '2', '');
INSERT INTO `ls_area` VALUES ('282', '张家界市', '18', '0', '2', '');
INSERT INTO `ls_area` VALUES ('283', '益阳市', '18', '0', '2', '');
INSERT INTO `ls_area` VALUES ('284', '郴州市', '18', '0', '2', '');
INSERT INTO `ls_area` VALUES ('285', '永州市', '18', '0', '2', '');
INSERT INTO `ls_area` VALUES ('286', '怀化市', '18', '0', '2', '');
INSERT INTO `ls_area` VALUES ('287', '娄底市', '18', '0', '2', '');
INSERT INTO `ls_area` VALUES ('288', '湘西土家族苗族自治州', '18', '0', '2', '');
INSERT INTO `ls_area` VALUES ('289', '广州市', '19', '0', '2', '');
INSERT INTO `ls_area` VALUES ('290', '韶关市', '19', '0', '2', '');
INSERT INTO `ls_area` VALUES ('291', '深圳市', '19', '0', '2', '');
INSERT INTO `ls_area` VALUES ('292', '珠海市', '19', '0', '2', '');
INSERT INTO `ls_area` VALUES ('293', '汕头市', '19', '0', '2', '');
INSERT INTO `ls_area` VALUES ('294', '佛山市', '19', '0', '2', '');
INSERT INTO `ls_area` VALUES ('295', '江门市', '19', '0', '2', '');
INSERT INTO `ls_area` VALUES ('296', '湛江市', '19', '0', '2', '');
INSERT INTO `ls_area` VALUES ('297', '茂名市', '19', '0', '2', '');
INSERT INTO `ls_area` VALUES ('298', '肇庆市', '19', '0', '2', '');
INSERT INTO `ls_area` VALUES ('299', '惠州市', '19', '0', '2', '');
INSERT INTO `ls_area` VALUES ('300', '梅州市', '19', '0', '2', '');
INSERT INTO `ls_area` VALUES ('301', '汕尾市', '19', '0', '2', '');
INSERT INTO `ls_area` VALUES ('302', '河源市', '19', '0', '2', '');
INSERT INTO `ls_area` VALUES ('303', '阳江市', '19', '0', '2', '');
INSERT INTO `ls_area` VALUES ('304', '清远市', '19', '0', '2', '');
INSERT INTO `ls_area` VALUES ('305', '东莞市', '19', '0', '2', '');
INSERT INTO `ls_area` VALUES ('306', '中山市', '19', '0', '2', '');
INSERT INTO `ls_area` VALUES ('307', '潮州市', '19', '0', '2', '');
INSERT INTO `ls_area` VALUES ('308', '揭阳市', '19', '0', '2', '');
INSERT INTO `ls_area` VALUES ('309', '云浮市', '19', '0', '2', '');
INSERT INTO `ls_area` VALUES ('310', '南宁市', '20', '0', '2', '');
INSERT INTO `ls_area` VALUES ('311', '柳州市', '20', '0', '2', '');
INSERT INTO `ls_area` VALUES ('312', '桂林市', '20', '0', '2', '');
INSERT INTO `ls_area` VALUES ('313', '梧州市', '20', '0', '2', '');
INSERT INTO `ls_area` VALUES ('314', '北海市', '20', '0', '2', '');
INSERT INTO `ls_area` VALUES ('315', '防城港市', '20', '0', '2', '');
INSERT INTO `ls_area` VALUES ('316', '钦州市', '20', '0', '2', '');
INSERT INTO `ls_area` VALUES ('317', '贵港市', '20', '0', '2', '');
INSERT INTO `ls_area` VALUES ('318', '玉林市', '20', '0', '2', '');
INSERT INTO `ls_area` VALUES ('319', '百色市', '20', '0', '2', '');
INSERT INTO `ls_area` VALUES ('320', '贺州市', '20', '0', '2', '');
INSERT INTO `ls_area` VALUES ('321', '河池市', '20', '0', '2', '');
INSERT INTO `ls_area` VALUES ('322', '来宾市', '20', '0', '2', '');
INSERT INTO `ls_area` VALUES ('323', '崇左市', '20', '0', '2', '');
INSERT INTO `ls_area` VALUES ('324', '海口市', '21', '0', '2', '');
INSERT INTO `ls_area` VALUES ('325', '三亚市', '21', '0', '2', '');
INSERT INTO `ls_area` VALUES ('326', '五指山市', '21', '0', '2', '');
INSERT INTO `ls_area` VALUES ('327', '琼海市', '21', '0', '2', '');
INSERT INTO `ls_area` VALUES ('328', '儋州市', '21', '0', '2', '');
INSERT INTO `ls_area` VALUES ('329', '文昌市', '21', '0', '2', '');
INSERT INTO `ls_area` VALUES ('330', '万宁市', '21', '0', '2', '');
INSERT INTO `ls_area` VALUES ('331', '东方市', '21', '0', '2', '');
INSERT INTO `ls_area` VALUES ('332', '定安县', '21', '0', '2', '');
INSERT INTO `ls_area` VALUES ('333', '屯昌县', '21', '0', '2', '');
INSERT INTO `ls_area` VALUES ('334', '澄迈县', '21', '0', '2', '');
INSERT INTO `ls_area` VALUES ('335', '临高县', '21', '0', '2', '');
INSERT INTO `ls_area` VALUES ('336', '白沙黎族自治县', '21', '0', '2', '');
INSERT INTO `ls_area` VALUES ('337', '昌江黎族自治县', '21', '0', '2', '');
INSERT INTO `ls_area` VALUES ('338', '乐东黎族自治县', '21', '0', '2', '');
INSERT INTO `ls_area` VALUES ('339', '陵水黎族自治县', '21', '0', '2', '');
INSERT INTO `ls_area` VALUES ('340', '保亭黎族苗族自治县', '21', '0', '2', '');
INSERT INTO `ls_area` VALUES ('341', '琼中黎族苗族自治县', '21', '0', '2', '');
INSERT INTO `ls_area` VALUES ('342', '西沙群岛', '21', '0', '2', '');
INSERT INTO `ls_area` VALUES ('343', '南沙群岛', '21', '0', '2', '');
INSERT INTO `ls_area` VALUES ('344', '中沙群岛的岛礁及其海域', '21', '0', '2', '');
INSERT INTO `ls_area` VALUES ('345', '万州区', '62', '0', '3', '');
INSERT INTO `ls_area` VALUES ('346', '涪陵区', '62', '0', '3', '');
INSERT INTO `ls_area` VALUES ('347', '渝中区', '62', '0', '3', '');
INSERT INTO `ls_area` VALUES ('348', '大渡口区', '62', '0', '3', '');
INSERT INTO `ls_area` VALUES ('349', '江北区', '62', '0', '3', '');
INSERT INTO `ls_area` VALUES ('350', '沙坪坝区', '62', '0', '3', '');
INSERT INTO `ls_area` VALUES ('351', '九龙坡区', '62', '0', '3', '');
INSERT INTO `ls_area` VALUES ('352', '南岸区', '62', '0', '3', '');
INSERT INTO `ls_area` VALUES ('353', '北碚区', '62', '0', '3', '');
INSERT INTO `ls_area` VALUES ('354', '双桥区', '62', '0', '3', '');
INSERT INTO `ls_area` VALUES ('355', '万盛区', '62', '0', '3', '');
INSERT INTO `ls_area` VALUES ('356', '渝北区', '62', '0', '3', '');
INSERT INTO `ls_area` VALUES ('357', '巴南区', '62', '0', '3', '');
INSERT INTO `ls_area` VALUES ('358', '黔江区', '62', '0', '3', '');
INSERT INTO `ls_area` VALUES ('359', '长寿区', '62', '0', '3', '');
INSERT INTO `ls_area` VALUES ('360', '綦江县', '62', '0', '3', '');
INSERT INTO `ls_area` VALUES ('361', '潼南县', '62', '0', '3', '');
INSERT INTO `ls_area` VALUES ('362', '铜梁县', '62', '0', '3', '');
INSERT INTO `ls_area` VALUES ('363', '大足县', '62', '0', '3', '');
INSERT INTO `ls_area` VALUES ('364', '荣昌县', '62', '0', '3', '');
INSERT INTO `ls_area` VALUES ('365', '璧山县', '62', '0', '3', '');
INSERT INTO `ls_area` VALUES ('366', '梁平县', '62', '0', '3', '');
INSERT INTO `ls_area` VALUES ('367', '城口县', '62', '0', '3', '');
INSERT INTO `ls_area` VALUES ('368', '丰都县', '62', '0', '3', '');
INSERT INTO `ls_area` VALUES ('369', '垫江县', '62', '0', '3', '');
INSERT INTO `ls_area` VALUES ('370', '武隆县', '62', '0', '3', '');
INSERT INTO `ls_area` VALUES ('371', '忠县', '62', '0', '3', '');
INSERT INTO `ls_area` VALUES ('372', '开县', '62', '0', '3', '');
INSERT INTO `ls_area` VALUES ('373', '云阳县', '62', '0', '3', '');
INSERT INTO `ls_area` VALUES ('374', '奉节县', '62', '0', '3', '');
INSERT INTO `ls_area` VALUES ('375', '巫山县', '62', '0', '3', '');
INSERT INTO `ls_area` VALUES ('376', '巫溪县', '62', '0', '3', '');
INSERT INTO `ls_area` VALUES ('377', '石柱土家族自治县', '62', '0', '3', '');
INSERT INTO `ls_area` VALUES ('378', '秀山土家族苗族自治县', '62', '0', '3', '');
INSERT INTO `ls_area` VALUES ('379', '酉阳土家族苗族自治县', '62', '0', '3', '');
INSERT INTO `ls_area` VALUES ('380', '彭水苗族土家族自治县', '62', '0', '3', '');
INSERT INTO `ls_area` VALUES ('381', '江津市', '62', '0', '3', '');
INSERT INTO `ls_area` VALUES ('382', '合川市', '62', '0', '3', '');
INSERT INTO `ls_area` VALUES ('383', '永川市', '62', '0', '3', '');
INSERT INTO `ls_area` VALUES ('384', '南川市', '62', '0', '3', '');
INSERT INTO `ls_area` VALUES ('385', '成都市', '23', '0', '2', '');
INSERT INTO `ls_area` VALUES ('386', '自贡市', '23', '0', '2', '');
INSERT INTO `ls_area` VALUES ('387', '攀枝花市', '23', '0', '2', '');
INSERT INTO `ls_area` VALUES ('388', '泸州市', '23', '0', '2', '');
INSERT INTO `ls_area` VALUES ('389', '德阳市', '23', '0', '2', '');
INSERT INTO `ls_area` VALUES ('390', '绵阳市', '23', '0', '2', '');
INSERT INTO `ls_area` VALUES ('391', '广元市', '23', '0', '2', '');
INSERT INTO `ls_area` VALUES ('392', '遂宁市', '23', '0', '2', '');
INSERT INTO `ls_area` VALUES ('393', '内江市', '23', '0', '2', '');
INSERT INTO `ls_area` VALUES ('394', '乐山市', '23', '0', '2', '');
INSERT INTO `ls_area` VALUES ('395', '南充市', '23', '0', '2', '');
INSERT INTO `ls_area` VALUES ('396', '眉山市', '23', '0', '2', '');
INSERT INTO `ls_area` VALUES ('397', '宜宾市', '23', '0', '2', '');
INSERT INTO `ls_area` VALUES ('398', '广安市', '23', '0', '2', '');
INSERT INTO `ls_area` VALUES ('399', '达州市', '23', '0', '2', '');
INSERT INTO `ls_area` VALUES ('400', '雅安市', '23', '0', '2', '');
INSERT INTO `ls_area` VALUES ('401', '巴中市', '23', '0', '2', '');
INSERT INTO `ls_area` VALUES ('402', '资阳市', '23', '0', '2', '');
INSERT INTO `ls_area` VALUES ('403', '阿坝藏族羌族自治州', '23', '0', '2', '');
INSERT INTO `ls_area` VALUES ('404', '甘孜藏族自治州', '23', '0', '2', '');
INSERT INTO `ls_area` VALUES ('405', '凉山彝族自治州', '23', '0', '2', '');
INSERT INTO `ls_area` VALUES ('406', '贵阳市', '24', '0', '2', '');
INSERT INTO `ls_area` VALUES ('407', '六盘水市', '24', '0', '2', '');
INSERT INTO `ls_area` VALUES ('408', '遵义市', '24', '0', '2', '');
INSERT INTO `ls_area` VALUES ('409', '安顺市', '24', '0', '2', '');
INSERT INTO `ls_area` VALUES ('410', '铜仁地区', '24', '0', '2', '');
INSERT INTO `ls_area` VALUES ('411', '黔西南布依族苗族自治州', '24', '0', '2', '');
INSERT INTO `ls_area` VALUES ('412', '毕节地区', '24', '0', '2', '');
INSERT INTO `ls_area` VALUES ('413', '黔东南苗族侗族自治州', '24', '0', '2', '');
INSERT INTO `ls_area` VALUES ('414', '黔南布依族苗族自治州', '24', '0', '2', '');
INSERT INTO `ls_area` VALUES ('415', '昆明市', '25', '0', '2', '');
INSERT INTO `ls_area` VALUES ('416', '曲靖市', '25', '0', '2', '');
INSERT INTO `ls_area` VALUES ('417', '玉溪市', '25', '0', '2', '');
INSERT INTO `ls_area` VALUES ('418', '保山市', '25', '0', '2', '');
INSERT INTO `ls_area` VALUES ('419', '昭通市', '25', '0', '2', '');
INSERT INTO `ls_area` VALUES ('420', '丽江市', '25', '0', '2', '');
INSERT INTO `ls_area` VALUES ('421', '思茅市', '25', '0', '2', '');
INSERT INTO `ls_area` VALUES ('422', '临沧市', '25', '0', '2', '');
INSERT INTO `ls_area` VALUES ('423', '楚雄彝族自治州', '25', '0', '2', '');
INSERT INTO `ls_area` VALUES ('424', '红河哈尼族彝族自治州', '25', '0', '2', '');
INSERT INTO `ls_area` VALUES ('425', '文山壮族苗族自治州', '25', '0', '2', '');
INSERT INTO `ls_area` VALUES ('426', '西双版纳傣族自治州', '25', '0', '2', '');
INSERT INTO `ls_area` VALUES ('427', '大理白族自治州', '25', '0', '2', '');
INSERT INTO `ls_area` VALUES ('428', '德宏傣族景颇族自治州', '25', '0', '2', '');
INSERT INTO `ls_area` VALUES ('429', '怒江傈僳族自治州', '25', '0', '2', '');
INSERT INTO `ls_area` VALUES ('430', '迪庆藏族自治州', '25', '0', '2', '');
INSERT INTO `ls_area` VALUES ('431', '拉萨市', '26', '0', '2', '');
INSERT INTO `ls_area` VALUES ('432', '昌都地区', '26', '0', '2', '');
INSERT INTO `ls_area` VALUES ('433', '山南地区', '26', '0', '2', '');
INSERT INTO `ls_area` VALUES ('434', '日喀则地区', '26', '0', '2', '');
INSERT INTO `ls_area` VALUES ('435', '那曲地区', '26', '0', '2', '');
INSERT INTO `ls_area` VALUES ('436', '阿里地区', '26', '0', '2', '');
INSERT INTO `ls_area` VALUES ('437', '林芝地区', '26', '0', '2', '');
INSERT INTO `ls_area` VALUES ('438', '西安市', '27', '0', '2', '');
INSERT INTO `ls_area` VALUES ('439', '铜川市', '27', '0', '2', '');
INSERT INTO `ls_area` VALUES ('440', '宝鸡市', '27', '0', '2', '');
INSERT INTO `ls_area` VALUES ('441', '咸阳市', '27', '0', '2', '');
INSERT INTO `ls_area` VALUES ('442', '渭南市', '27', '0', '2', '');
INSERT INTO `ls_area` VALUES ('443', '延安市', '27', '0', '2', '');
INSERT INTO `ls_area` VALUES ('444', '汉中市', '27', '0', '2', '');
INSERT INTO `ls_area` VALUES ('445', '榆林市', '27', '0', '2', '');
INSERT INTO `ls_area` VALUES ('446', '安康市', '27', '0', '2', '');
INSERT INTO `ls_area` VALUES ('447', '商洛市', '27', '0', '2', '');
INSERT INTO `ls_area` VALUES ('448', '兰州市', '28', '0', '2', '');
INSERT INTO `ls_area` VALUES ('449', '嘉峪关市', '28', '0', '2', '');
INSERT INTO `ls_area` VALUES ('450', '金昌市', '28', '0', '2', '');
INSERT INTO `ls_area` VALUES ('451', '白银市', '28', '0', '2', '');
INSERT INTO `ls_area` VALUES ('452', '天水市', '28', '0', '2', '');
INSERT INTO `ls_area` VALUES ('453', '武威市', '28', '0', '2', '');
INSERT INTO `ls_area` VALUES ('454', '张掖市', '28', '0', '2', '');
INSERT INTO `ls_area` VALUES ('455', '平凉市', '28', '0', '2', '');
INSERT INTO `ls_area` VALUES ('456', '酒泉市', '28', '0', '2', '');
INSERT INTO `ls_area` VALUES ('457', '庆阳市', '28', '0', '2', '');
INSERT INTO `ls_area` VALUES ('458', '定西市', '28', '0', '2', '');
INSERT INTO `ls_area` VALUES ('459', '陇南市', '28', '0', '2', '');
INSERT INTO `ls_area` VALUES ('460', '临夏回族自治州', '28', '0', '2', '');
INSERT INTO `ls_area` VALUES ('461', '甘南藏族自治州', '28', '0', '2', '');
INSERT INTO `ls_area` VALUES ('462', '西宁市', '29', '0', '2', '');
INSERT INTO `ls_area` VALUES ('463', '海东地区', '29', '0', '2', '');
INSERT INTO `ls_area` VALUES ('464', '海北藏族自治州', '29', '0', '2', '');
INSERT INTO `ls_area` VALUES ('465', '黄南藏族自治州', '29', '0', '2', '');
INSERT INTO `ls_area` VALUES ('466', '海南藏族自治州', '29', '0', '2', '');
INSERT INTO `ls_area` VALUES ('467', '果洛藏族自治州', '29', '0', '2', '');
INSERT INTO `ls_area` VALUES ('468', '玉树藏族自治州', '29', '0', '2', '');
INSERT INTO `ls_area` VALUES ('469', '海西蒙古族藏族自治州', '29', '0', '2', '');
INSERT INTO `ls_area` VALUES ('470', '银川市', '30', '0', '2', '');
INSERT INTO `ls_area` VALUES ('471', '石嘴山市', '30', '0', '2', '');
INSERT INTO `ls_area` VALUES ('472', '吴忠市', '30', '0', '2', '');
INSERT INTO `ls_area` VALUES ('473', '固原市', '30', '0', '2', '');
INSERT INTO `ls_area` VALUES ('474', '中卫市', '30', '0', '2', '');
INSERT INTO `ls_area` VALUES ('475', '乌鲁木齐市', '31', '0', '2', '');
INSERT INTO `ls_area` VALUES ('476', '克拉玛依市', '31', '0', '2', '');
INSERT INTO `ls_area` VALUES ('477', '吐鲁番地区', '31', '0', '2', '');
INSERT INTO `ls_area` VALUES ('478', '哈密地区', '31', '0', '2', '');
INSERT INTO `ls_area` VALUES ('479', '昌吉回族自治州', '31', '0', '2', '');
INSERT INTO `ls_area` VALUES ('480', '博尔塔拉蒙古自治州', '31', '0', '2', '');
INSERT INTO `ls_area` VALUES ('481', '巴音郭楞蒙古自治州', '31', '0', '2', '');
INSERT INTO `ls_area` VALUES ('482', '阿克苏地区', '31', '0', '2', '');
INSERT INTO `ls_area` VALUES ('483', '克孜勒苏柯尔克孜自治州', '31', '0', '2', '');
INSERT INTO `ls_area` VALUES ('484', '喀什地区', '31', '0', '2', '');
INSERT INTO `ls_area` VALUES ('485', '和田地区', '31', '0', '2', '');
INSERT INTO `ls_area` VALUES ('486', '伊犁哈萨克自治州', '31', '0', '2', '');
INSERT INTO `ls_area` VALUES ('487', '塔城地区', '31', '0', '2', '');
INSERT INTO `ls_area` VALUES ('488', '阿勒泰地区', '31', '0', '2', '');
INSERT INTO `ls_area` VALUES ('489', '石河子市', '31', '0', '2', '');
INSERT INTO `ls_area` VALUES ('490', '阿拉尔市', '31', '0', '2', '');
INSERT INTO `ls_area` VALUES ('491', '图木舒克市', '31', '0', '2', '');
INSERT INTO `ls_area` VALUES ('492', '五家渠市', '31', '0', '2', '');
INSERT INTO `ls_area` VALUES ('493', '台北市', '32', '0', '2', '');
INSERT INTO `ls_area` VALUES ('494', '高雄市', '32', '0', '2', '');
INSERT INTO `ls_area` VALUES ('495', '基隆市', '32', '0', '2', '');
INSERT INTO `ls_area` VALUES ('496', '台中市', '32', '0', '2', '');
INSERT INTO `ls_area` VALUES ('497', '台南市', '32', '0', '2', '');
INSERT INTO `ls_area` VALUES ('498', '新竹市', '32', '0', '2', '');
INSERT INTO `ls_area` VALUES ('499', '嘉义市', '32', '0', '2', '');
INSERT INTO `ls_area` VALUES ('500', '台北县', '32', '0', '2', '');
INSERT INTO `ls_area` VALUES ('501', '宜兰县', '32', '0', '2', '');
INSERT INTO `ls_area` VALUES ('502', '桃园县', '32', '0', '2', '');
INSERT INTO `ls_area` VALUES ('503', '新竹县', '32', '0', '2', '');
INSERT INTO `ls_area` VALUES ('504', '苗栗县', '32', '0', '2', '');
INSERT INTO `ls_area` VALUES ('505', '台中县', '32', '0', '2', '');
INSERT INTO `ls_area` VALUES ('506', '彰化县', '32', '0', '2', '');
INSERT INTO `ls_area` VALUES ('507', '南投县', '32', '0', '2', '');
INSERT INTO `ls_area` VALUES ('508', '云林县', '32', '0', '2', '');
INSERT INTO `ls_area` VALUES ('509', '嘉义县', '32', '0', '2', '');
INSERT INTO `ls_area` VALUES ('510', '台南县', '32', '0', '2', '');
INSERT INTO `ls_area` VALUES ('511', '高雄县', '32', '0', '2', '');
INSERT INTO `ls_area` VALUES ('512', '屏东县', '32', '0', '2', '');
INSERT INTO `ls_area` VALUES ('513', '澎湖县', '32', '0', '2', '');
INSERT INTO `ls_area` VALUES ('514', '台东县', '32', '0', '2', '');
INSERT INTO `ls_area` VALUES ('515', '花莲县', '32', '0', '2', '');
INSERT INTO `ls_area` VALUES ('516', '中西区', '33', '0', '2', '');
INSERT INTO `ls_area` VALUES ('517', '东区', '33', '0', '2', '');
INSERT INTO `ls_area` VALUES ('518', '九龙城区', '33', '0', '2', '');
INSERT INTO `ls_area` VALUES ('519', '观塘区', '33', '0', '2', '');
INSERT INTO `ls_area` VALUES ('520', '南区', '33', '0', '2', '');
INSERT INTO `ls_area` VALUES ('521', '深水埗区', '33', '0', '2', '');
INSERT INTO `ls_area` VALUES ('522', '黄大仙区', '33', '0', '2', '');
INSERT INTO `ls_area` VALUES ('523', '湾仔区', '33', '0', '2', '');
INSERT INTO `ls_area` VALUES ('524', '油尖旺区', '33', '0', '2', '');
INSERT INTO `ls_area` VALUES ('525', '离岛区', '33', '0', '2', '');
INSERT INTO `ls_area` VALUES ('526', '葵青区', '33', '0', '2', '');
INSERT INTO `ls_area` VALUES ('527', '北区', '33', '0', '2', '');
INSERT INTO `ls_area` VALUES ('528', '西贡区', '33', '0', '2', '');
INSERT INTO `ls_area` VALUES ('529', '沙田区', '33', '0', '2', '');
INSERT INTO `ls_area` VALUES ('530', '屯门区', '33', '0', '2', '');
INSERT INTO `ls_area` VALUES ('531', '大埔区', '33', '0', '2', '');
INSERT INTO `ls_area` VALUES ('532', '荃湾区', '33', '0', '2', '');
INSERT INTO `ls_area` VALUES ('533', '元朗区', '33', '0', '2', '');
INSERT INTO `ls_area` VALUES ('534', '澳门特别行政区', '34', '0', '2', '');
INSERT INTO `ls_area` VALUES ('535', '美国', '45055', '0', '3', '');
INSERT INTO `ls_area` VALUES ('536', '加拿大', '45055', '0', '3', '');
INSERT INTO `ls_area` VALUES ('537', '澳大利亚', '45055', '0', '3', '');
INSERT INTO `ls_area` VALUES ('538', '新西兰', '45055', '0', '3', '');
INSERT INTO `ls_area` VALUES ('539', '英国', '45055', '0', '3', '');
INSERT INTO `ls_area` VALUES ('540', '法国', '45055', '0', '3', '');
INSERT INTO `ls_area` VALUES ('541', '德国', '45055', '0', '3', '');
INSERT INTO `ls_area` VALUES ('542', '捷克', '45055', '0', '3', '');
INSERT INTO `ls_area` VALUES ('543', '荷兰', '45055', '0', '3', '');
INSERT INTO `ls_area` VALUES ('544', '瑞士', '45055', '0', '3', '');
INSERT INTO `ls_area` VALUES ('545', '希腊', '45055', '0', '3', '');
INSERT INTO `ls_area` VALUES ('546', '挪威', '45055', '0', '3', '');
INSERT INTO `ls_area` VALUES ('547', '瑞典', '45055', '0', '3', '');
INSERT INTO `ls_area` VALUES ('548', '丹麦', '45055', '0', '3', '');
INSERT INTO `ls_area` VALUES ('549', '芬兰', '45055', '0', '3', '');
INSERT INTO `ls_area` VALUES ('550', '爱尔兰', '45055', '0', '3', '');
INSERT INTO `ls_area` VALUES ('551', '奥地利', '45055', '0', '3', '');
INSERT INTO `ls_area` VALUES ('552', '意大利', '45055', '0', '3', '');
INSERT INTO `ls_area` VALUES ('553', '乌克兰', '45055', '0', '3', '');
INSERT INTO `ls_area` VALUES ('554', '俄罗斯', '45055', '0', '3', '');
INSERT INTO `ls_area` VALUES ('555', '西班牙', '45055', '0', '3', '');
INSERT INTO `ls_area` VALUES ('556', '韩国', '45055', '0', '3', '');
INSERT INTO `ls_area` VALUES ('557', '新加坡', '45055', '0', '3', '');
INSERT INTO `ls_area` VALUES ('558', '马来西亚', '45055', '0', '3', '');
INSERT INTO `ls_area` VALUES ('559', '印度', '45055', '0', '3', '');
INSERT INTO `ls_area` VALUES ('560', '泰国', '45055', '0', '3', '');
INSERT INTO `ls_area` VALUES ('561', '日本', '45055', '0', '3', '');
INSERT INTO `ls_area` VALUES ('562', '巴西', '45055', '0', '3', '');
INSERT INTO `ls_area` VALUES ('563', '阿根廷', '45055', '0', '3', '');
INSERT INTO `ls_area` VALUES ('564', '南非', '45055', '0', '3', '');
INSERT INTO `ls_area` VALUES ('565', '埃及', '45055', '0', '3', '');
INSERT INTO `ls_area` VALUES ('566', '其他', '36', '0', '3', '');
INSERT INTO `ls_area` VALUES ('1126', '井陉县', '73', '0', '3', '');
INSERT INTO `ls_area` VALUES ('1127', '井陉矿区', '73', '0', '3', '');
INSERT INTO `ls_area` VALUES ('1128', '元氏县', '73', '0', '3', '');
INSERT INTO `ls_area` VALUES ('1129', '平山县', '73', '0', '3', '');
INSERT INTO `ls_area` VALUES ('1130', '新乐市', '73', '0', '3', '');
INSERT INTO `ls_area` VALUES ('1131', '新华区', '73', '0', '3', '');
INSERT INTO `ls_area` VALUES ('1132', '无极县', '73', '0', '3', '');
INSERT INTO `ls_area` VALUES ('1133', '晋州市', '73', '0', '3', '');
INSERT INTO `ls_area` VALUES ('1134', '栾城县', '73', '0', '3', '');
INSERT INTO `ls_area` VALUES ('1135', '桥东区', '73', '0', '3', '');
INSERT INTO `ls_area` VALUES ('1136', '桥西区', '73', '0', '3', '');
INSERT INTO `ls_area` VALUES ('1137', '正定县', '73', '0', '3', '');
INSERT INTO `ls_area` VALUES ('1138', '深泽县', '73', '0', '3', '');
INSERT INTO `ls_area` VALUES ('1139', '灵寿县', '73', '0', '3', '');
INSERT INTO `ls_area` VALUES ('1140', '藁城市', '73', '0', '3', '');
INSERT INTO `ls_area` VALUES ('1141', '行唐县', '73', '0', '3', '');
INSERT INTO `ls_area` VALUES ('1142', '裕华区', '73', '0', '3', '');
INSERT INTO `ls_area` VALUES ('1143', '赞皇县', '73', '0', '3', '');
INSERT INTO `ls_area` VALUES ('1144', '赵县', '73', '0', '3', '');
INSERT INTO `ls_area` VALUES ('1145', '辛集市', '73', '0', '3', '');
INSERT INTO `ls_area` VALUES ('1146', '长安区', '73', '0', '3', '');
INSERT INTO `ls_area` VALUES ('1147', '高邑县', '73', '0', '3', '');
INSERT INTO `ls_area` VALUES ('1148', '鹿泉市', '73', '0', '3', '');
INSERT INTO `ls_area` VALUES ('1149', '丰南区', '74', '0', '3', '');
INSERT INTO `ls_area` VALUES ('1150', '丰润区', '74', '0', '3', '');
INSERT INTO `ls_area` VALUES ('1151', '乐亭县', '74', '0', '3', '');
INSERT INTO `ls_area` VALUES ('1152', '古冶区', '74', '0', '3', '');
INSERT INTO `ls_area` VALUES ('1153', '唐海县', '74', '0', '3', '');
INSERT INTO `ls_area` VALUES ('1154', '开平区', '74', '0', '3', '');
INSERT INTO `ls_area` VALUES ('1155', '滦南县', '74', '0', '3', '');
INSERT INTO `ls_area` VALUES ('1156', '滦县', '74', '0', '3', '');
INSERT INTO `ls_area` VALUES ('1157', '玉田县', '74', '0', '3', '');
INSERT INTO `ls_area` VALUES ('1158', '路北区', '74', '0', '3', '');
INSERT INTO `ls_area` VALUES ('1159', '路南区', '74', '0', '3', '');
INSERT INTO `ls_area` VALUES ('1160', '迁安市', '74', '0', '3', '');
INSERT INTO `ls_area` VALUES ('1161', '迁西县', '74', '0', '3', '');
INSERT INTO `ls_area` VALUES ('1162', '遵化市', '74', '0', '3', '');
INSERT INTO `ls_area` VALUES ('1163', '北戴河区', '75', '0', '3', '');
INSERT INTO `ls_area` VALUES ('1164', '卢龙县', '75', '0', '3', '');
INSERT INTO `ls_area` VALUES ('1165', '山海关区', '75', '0', '3', '');
INSERT INTO `ls_area` VALUES ('1166', '抚宁县', '75', '0', '3', '');
INSERT INTO `ls_area` VALUES ('1167', '昌黎县', '75', '0', '3', '');
INSERT INTO `ls_area` VALUES ('1168', '海港区', '75', '0', '3', '');
INSERT INTO `ls_area` VALUES ('1169', '青龙满族自治县', '75', '0', '3', '');
INSERT INTO `ls_area` VALUES ('1170', '丛台区', '76', '0', '3', '');
INSERT INTO `ls_area` VALUES ('1171', '临漳县', '76', '0', '3', '');
INSERT INTO `ls_area` VALUES ('1172', '复兴区', '76', '0', '3', '');
INSERT INTO `ls_area` VALUES ('1173', '大名县', '76', '0', '3', '');
INSERT INTO `ls_area` VALUES ('1174', '峰峰矿区', '76', '0', '3', '');
INSERT INTO `ls_area` VALUES ('1175', '广平县', '76', '0', '3', '');
INSERT INTO `ls_area` VALUES ('1176', '成安县', '76', '0', '3', '');
INSERT INTO `ls_area` VALUES ('1177', '曲周县', '76', '0', '3', '');
INSERT INTO `ls_area` VALUES ('1178', '武安市', '76', '0', '3', '');
INSERT INTO `ls_area` VALUES ('1179', '永年县', '76', '0', '3', '');
INSERT INTO `ls_area` VALUES ('1180', '涉县', '76', '0', '3', '');
INSERT INTO `ls_area` VALUES ('1181', '磁县', '76', '0', '3', '');
INSERT INTO `ls_area` VALUES ('1182', '肥乡县', '76', '0', '3', '');
INSERT INTO `ls_area` VALUES ('1183', '邯山区', '76', '0', '3', '');
INSERT INTO `ls_area` VALUES ('1184', '邯郸县', '76', '0', '3', '');
INSERT INTO `ls_area` VALUES ('1185', '邱县', '76', '0', '3', '');
INSERT INTO `ls_area` VALUES ('1186', '馆陶县', '76', '0', '3', '');
INSERT INTO `ls_area` VALUES ('1187', '魏县', '76', '0', '3', '');
INSERT INTO `ls_area` VALUES ('1188', '鸡泽县', '76', '0', '3', '');
INSERT INTO `ls_area` VALUES ('1189', '临城县', '77', '0', '3', '');
INSERT INTO `ls_area` VALUES ('1190', '临西县', '77', '0', '3', '');
INSERT INTO `ls_area` VALUES ('1191', '任县', '77', '0', '3', '');
INSERT INTO `ls_area` VALUES ('1192', '内丘县', '77', '0', '3', '');
INSERT INTO `ls_area` VALUES ('1193', '南和县', '77', '0', '3', '');
INSERT INTO `ls_area` VALUES ('1194', '南宫市', '77', '0', '3', '');
INSERT INTO `ls_area` VALUES ('1195', '威县', '77', '0', '3', '');
INSERT INTO `ls_area` VALUES ('1196', '宁晋县', '77', '0', '3', '');
INSERT INTO `ls_area` VALUES ('1197', '巨鹿县', '77', '0', '3', '');
INSERT INTO `ls_area` VALUES ('1198', '平乡县', '77', '0', '3', '');
INSERT INTO `ls_area` VALUES ('1199', '广宗县', '77', '0', '3', '');
INSERT INTO `ls_area` VALUES ('1200', '新河县', '77', '0', '3', '');
INSERT INTO `ls_area` VALUES ('1201', '柏乡县', '77', '0', '3', '');
INSERT INTO `ls_area` VALUES ('1202', '桥东区', '77', '0', '3', '');
INSERT INTO `ls_area` VALUES ('1203', '桥西区', '77', '0', '3', '');
INSERT INTO `ls_area` VALUES ('1204', '沙河市', '77', '0', '3', '');
INSERT INTO `ls_area` VALUES ('1205', '清河县', '77', '0', '3', '');
INSERT INTO `ls_area` VALUES ('1206', '邢台县', '77', '0', '3', '');
INSERT INTO `ls_area` VALUES ('1207', '隆尧县', '77', '0', '3', '');
INSERT INTO `ls_area` VALUES ('1208', '北市区', '78', '0', '3', '');
INSERT INTO `ls_area` VALUES ('1209', '南市区', '78', '0', '3', '');
INSERT INTO `ls_area` VALUES ('1210', '博野县', '78', '0', '3', '');
INSERT INTO `ls_area` VALUES ('1211', '唐县', '78', '0', '3', '');
INSERT INTO `ls_area` VALUES ('1212', '安国市', '78', '0', '3', '');
INSERT INTO `ls_area` VALUES ('1213', '安新县', '78', '0', '3', '');
INSERT INTO `ls_area` VALUES ('1214', '定兴县', '78', '0', '3', '');
INSERT INTO `ls_area` VALUES ('1215', '定州市', '78', '0', '3', '');
INSERT INTO `ls_area` VALUES ('1216', '容城县', '78', '0', '3', '');
INSERT INTO `ls_area` VALUES ('1217', '徐水县', '78', '0', '3', '');
INSERT INTO `ls_area` VALUES ('1218', '新市区', '78', '0', '3', '');
INSERT INTO `ls_area` VALUES ('1219', '易县', '78', '0', '3', '');
INSERT INTO `ls_area` VALUES ('1220', '曲阳县', '78', '0', '3', '');
INSERT INTO `ls_area` VALUES ('1221', '望都县', '78', '0', '3', '');
INSERT INTO `ls_area` VALUES ('1222', '涞水县', '78', '0', '3', '');
INSERT INTO `ls_area` VALUES ('1223', '涞源县', '78', '0', '3', '');
INSERT INTO `ls_area` VALUES ('1224', '涿州市', '78', '0', '3', '');
INSERT INTO `ls_area` VALUES ('1225', '清苑县', '78', '0', '3', '');
INSERT INTO `ls_area` VALUES ('1226', '满城县', '78', '0', '3', '');
INSERT INTO `ls_area` VALUES ('1227', '蠡县', '78', '0', '3', '');
INSERT INTO `ls_area` VALUES ('1228', '阜平县', '78', '0', '3', '');
INSERT INTO `ls_area` VALUES ('1229', '雄县', '78', '0', '3', '');
INSERT INTO `ls_area` VALUES ('1230', '顺平县', '78', '0', '3', '');
INSERT INTO `ls_area` VALUES ('1231', '高碑店市', '78', '0', '3', '');
INSERT INTO `ls_area` VALUES ('1232', '高阳县', '78', '0', '3', '');
INSERT INTO `ls_area` VALUES ('1233', '万全县', '79', '0', '3', '');
INSERT INTO `ls_area` VALUES ('1234', '下花园区', '79', '0', '3', '');
INSERT INTO `ls_area` VALUES ('1235', '宣化区', '79', '0', '3', '');
INSERT INTO `ls_area` VALUES ('1236', '宣化县', '79', '0', '3', '');
INSERT INTO `ls_area` VALUES ('1237', '尚义县', '79', '0', '3', '');
INSERT INTO `ls_area` VALUES ('1238', '崇礼县', '79', '0', '3', '');
INSERT INTO `ls_area` VALUES ('1239', '康保县', '79', '0', '3', '');
INSERT INTO `ls_area` VALUES ('1240', '张北县', '79', '0', '3', '');
INSERT INTO `ls_area` VALUES ('1241', '怀安县', '79', '0', '3', '');
INSERT INTO `ls_area` VALUES ('1242', '怀来县', '79', '0', '3', '');
INSERT INTO `ls_area` VALUES ('1243', '桥东区', '79', '0', '3', '');
INSERT INTO `ls_area` VALUES ('1244', '桥西区', '79', '0', '3', '');
INSERT INTO `ls_area` VALUES ('1245', '沽源县', '79', '0', '3', '');
INSERT INTO `ls_area` VALUES ('1246', '涿鹿县', '79', '0', '3', '');
INSERT INTO `ls_area` VALUES ('1247', '蔚县', '79', '0', '3', '');
INSERT INTO `ls_area` VALUES ('1248', '赤城县', '79', '0', '3', '');
INSERT INTO `ls_area` VALUES ('1249', '阳原县', '79', '0', '3', '');
INSERT INTO `ls_area` VALUES ('1250', '丰宁满族自治县', '80', '0', '3', '');
INSERT INTO `ls_area` VALUES ('1251', '兴隆县', '80', '0', '3', '');
INSERT INTO `ls_area` VALUES ('1252', '双桥区', '80', '0', '3', '');
INSERT INTO `ls_area` VALUES ('1253', '双滦区', '80', '0', '3', '');
INSERT INTO `ls_area` VALUES ('1254', '围场满族蒙古族自治县', '80', '0', '3', '');
INSERT INTO `ls_area` VALUES ('1255', '宽城满族自治县', '80', '0', '3', '');
INSERT INTO `ls_area` VALUES ('1256', '平泉县', '80', '0', '3', '');
INSERT INTO `ls_area` VALUES ('1257', '承德县', '80', '0', '3', '');
INSERT INTO `ls_area` VALUES ('1258', '滦平县', '80', '0', '3', '');
INSERT INTO `ls_area` VALUES ('1259', '隆化县', '80', '0', '3', '');
INSERT INTO `ls_area` VALUES ('1260', '鹰手营子矿区', '80', '0', '3', '');
INSERT INTO `ls_area` VALUES ('1261', '冀州市', '81', '0', '3', '');
INSERT INTO `ls_area` VALUES ('1262', '安平县', '81', '0', '3', '');
INSERT INTO `ls_area` VALUES ('1263', '故城县', '81', '0', '3', '');
INSERT INTO `ls_area` VALUES ('1264', '景县', '81', '0', '3', '');
INSERT INTO `ls_area` VALUES ('1265', '枣强县', '81', '0', '3', '');
INSERT INTO `ls_area` VALUES ('1266', '桃城区', '81', '0', '3', '');
INSERT INTO `ls_area` VALUES ('1267', '武强县', '81', '0', '3', '');
INSERT INTO `ls_area` VALUES ('1268', '武邑县', '81', '0', '3', '');
INSERT INTO `ls_area` VALUES ('1269', '深州市', '81', '0', '3', '');
INSERT INTO `ls_area` VALUES ('1270', '阜城县', '81', '0', '3', '');
INSERT INTO `ls_area` VALUES ('1271', '饶阳县', '81', '0', '3', '');
INSERT INTO `ls_area` VALUES ('1272', '三河市', '82', '0', '3', '');
INSERT INTO `ls_area` VALUES ('1273', '固安县', '82', '0', '3', '');
INSERT INTO `ls_area` VALUES ('1274', '大厂回族自治县', '82', '0', '3', '');
INSERT INTO `ls_area` VALUES ('1275', '大城县', '82', '0', '3', '');
INSERT INTO `ls_area` VALUES ('1276', '安次区', '82', '0', '3', '');
INSERT INTO `ls_area` VALUES ('1277', '广阳区', '82', '0', '3', '');
INSERT INTO `ls_area` VALUES ('1278', '文安县', '82', '0', '3', '');
INSERT INTO `ls_area` VALUES ('1279', '永清县', '82', '0', '3', '');
INSERT INTO `ls_area` VALUES ('1280', '霸州市', '82', '0', '3', '');
INSERT INTO `ls_area` VALUES ('1281', '香河县', '82', '0', '3', '');
INSERT INTO `ls_area` VALUES ('1282', '东光县', '83', '0', '3', '');
INSERT INTO `ls_area` VALUES ('1283', '任丘市', '83', '0', '3', '');
INSERT INTO `ls_area` VALUES ('1284', '南皮县', '83', '0', '3', '');
INSERT INTO `ls_area` VALUES ('1285', '吴桥县', '83', '0', '3', '');
INSERT INTO `ls_area` VALUES ('1286', '孟村回族自治县', '83', '0', '3', '');
INSERT INTO `ls_area` VALUES ('1287', '新华区', '83', '0', '3', '');
INSERT INTO `ls_area` VALUES ('1288', '沧县', '83', '0', '3', '');
INSERT INTO `ls_area` VALUES ('1289', '河间市', '83', '0', '3', '');
INSERT INTO `ls_area` VALUES ('1290', '泊头市', '83', '0', '3', '');
INSERT INTO `ls_area` VALUES ('1291', '海兴县', '83', '0', '3', '');
INSERT INTO `ls_area` VALUES ('1292', '献县', '83', '0', '3', '');
INSERT INTO `ls_area` VALUES ('1293', '盐山县', '83', '0', '3', '');
INSERT INTO `ls_area` VALUES ('1294', '肃宁县', '83', '0', '3', '');
INSERT INTO `ls_area` VALUES ('1295', '运河区', '83', '0', '3', '');
INSERT INTO `ls_area` VALUES ('1296', '青县', '83', '0', '3', '');
INSERT INTO `ls_area` VALUES ('1297', '黄骅市', '83', '0', '3', '');
INSERT INTO `ls_area` VALUES ('1298', '万柏林区', '84', '0', '3', '');
INSERT INTO `ls_area` VALUES ('1299', '古交市', '84', '0', '3', '');
INSERT INTO `ls_area` VALUES ('1300', '娄烦县', '84', '0', '3', '');
INSERT INTO `ls_area` VALUES ('1301', '小店区', '84', '0', '3', '');
INSERT INTO `ls_area` VALUES ('1302', '尖草坪区', '84', '0', '3', '');
INSERT INTO `ls_area` VALUES ('1303', '晋源区', '84', '0', '3', '');
INSERT INTO `ls_area` VALUES ('1304', '杏花岭区', '84', '0', '3', '');
INSERT INTO `ls_area` VALUES ('1305', '清徐县', '84', '0', '3', '');
INSERT INTO `ls_area` VALUES ('1306', '迎泽区', '84', '0', '3', '');
INSERT INTO `ls_area` VALUES ('1307', '阳曲县', '84', '0', '3', '');
INSERT INTO `ls_area` VALUES ('1308', '南郊区', '85', '0', '3', '');
INSERT INTO `ls_area` VALUES ('1309', '城区', '85', '0', '3', '');
INSERT INTO `ls_area` VALUES ('1310', '大同县', '85', '0', '3', '');
INSERT INTO `ls_area` VALUES ('1311', '天镇县', '85', '0', '3', '');
INSERT INTO `ls_area` VALUES ('1312', '左云县', '85', '0', '3', '');
INSERT INTO `ls_area` VALUES ('1313', '广灵县', '85', '0', '3', '');
INSERT INTO `ls_area` VALUES ('1314', '新荣区', '85', '0', '3', '');
INSERT INTO `ls_area` VALUES ('1315', '浑源县', '85', '0', '3', '');
INSERT INTO `ls_area` VALUES ('1316', '灵丘县', '85', '0', '3', '');
INSERT INTO `ls_area` VALUES ('1317', '矿区', '85', '0', '3', '');
INSERT INTO `ls_area` VALUES ('1318', '阳高县', '85', '0', '3', '');
INSERT INTO `ls_area` VALUES ('1319', '城区', '86', '0', '3', '');
INSERT INTO `ls_area` VALUES ('1320', '平定县', '86', '0', '3', '');
INSERT INTO `ls_area` VALUES ('1321', '盂县', '86', '0', '3', '');
INSERT INTO `ls_area` VALUES ('1322', '矿区', '86', '0', '3', '');
INSERT INTO `ls_area` VALUES ('1323', '郊区', '86', '0', '3', '');
INSERT INTO `ls_area` VALUES ('1324', '城区', '87', '0', '3', '');
INSERT INTO `ls_area` VALUES ('1325', '壶关县', '87', '0', '3', '');
INSERT INTO `ls_area` VALUES ('1326', '屯留县', '87', '0', '3', '');
INSERT INTO `ls_area` VALUES ('1327', '平顺县', '87', '0', '3', '');
INSERT INTO `ls_area` VALUES ('1328', '武乡县', '87', '0', '3', '');
INSERT INTO `ls_area` VALUES ('1329', '沁县', '87', '0', '3', '');
INSERT INTO `ls_area` VALUES ('1330', '沁源县', '87', '0', '3', '');
INSERT INTO `ls_area` VALUES ('1331', '潞城市', '87', '0', '3', '');
INSERT INTO `ls_area` VALUES ('1332', '襄垣县', '87', '0', '3', '');
INSERT INTO `ls_area` VALUES ('1333', '郊区', '87', '0', '3', '');
INSERT INTO `ls_area` VALUES ('1334', '长子县', '87', '0', '3', '');
INSERT INTO `ls_area` VALUES ('1335', '长治县', '87', '0', '3', '');
INSERT INTO `ls_area` VALUES ('1336', '黎城县', '87', '0', '3', '');
INSERT INTO `ls_area` VALUES ('1337', '城区', '88', '0', '3', '');
INSERT INTO `ls_area` VALUES ('1338', '沁水县', '88', '0', '3', '');
INSERT INTO `ls_area` VALUES ('1339', '泽州县', '88', '0', '3', '');
INSERT INTO `ls_area` VALUES ('1340', '阳城县', '88', '0', '3', '');
INSERT INTO `ls_area` VALUES ('1341', '陵川县', '88', '0', '3', '');
INSERT INTO `ls_area` VALUES ('1342', '高平市', '88', '0', '3', '');
INSERT INTO `ls_area` VALUES ('1343', '右玉县', '89', '0', '3', '');
INSERT INTO `ls_area` VALUES ('1344', '山阴县', '89', '0', '3', '');
INSERT INTO `ls_area` VALUES ('1345', '平鲁区', '89', '0', '3', '');
INSERT INTO `ls_area` VALUES ('1346', '应县', '89', '0', '3', '');
INSERT INTO `ls_area` VALUES ('1347', '怀仁县', '89', '0', '3', '');
INSERT INTO `ls_area` VALUES ('1348', '朔城区', '89', '0', '3', '');
INSERT INTO `ls_area` VALUES ('1349', '介休市', '90', '0', '3', '');
INSERT INTO `ls_area` VALUES ('1350', '和顺县', '90', '0', '3', '');
INSERT INTO `ls_area` VALUES ('1351', '太谷县', '90', '0', '3', '');
INSERT INTO `ls_area` VALUES ('1352', '寿阳县', '90', '0', '3', '');
INSERT INTO `ls_area` VALUES ('1353', '左权县', '90', '0', '3', '');
INSERT INTO `ls_area` VALUES ('1354', '平遥县', '90', '0', '3', '');
INSERT INTO `ls_area` VALUES ('1355', '昔阳县', '90', '0', '3', '');
INSERT INTO `ls_area` VALUES ('1356', '榆次区', '90', '0', '3', '');
INSERT INTO `ls_area` VALUES ('1357', '榆社县', '90', '0', '3', '');
INSERT INTO `ls_area` VALUES ('1358', '灵石县', '90', '0', '3', '');
INSERT INTO `ls_area` VALUES ('1359', '祁县', '90', '0', '3', '');
INSERT INTO `ls_area` VALUES ('1360', '万荣县', '91', '0', '3', '');
INSERT INTO `ls_area` VALUES ('1361', '临猗县', '91', '0', '3', '');
INSERT INTO `ls_area` VALUES ('1362', '垣曲县', '91', '0', '3', '');
INSERT INTO `ls_area` VALUES ('1363', '夏县', '91', '0', '3', '');
INSERT INTO `ls_area` VALUES ('1364', '平陆县', '91', '0', '3', '');
INSERT INTO `ls_area` VALUES ('1365', '新绛县', '91', '0', '3', '');
INSERT INTO `ls_area` VALUES ('1366', '永济市', '91', '0', '3', '');
INSERT INTO `ls_area` VALUES ('1367', '河津市', '91', '0', '3', '');
INSERT INTO `ls_area` VALUES ('1368', '盐湖区', '91', '0', '3', '');
INSERT INTO `ls_area` VALUES ('1369', '稷山县', '91', '0', '3', '');
INSERT INTO `ls_area` VALUES ('1370', '绛县', '91', '0', '3', '');
INSERT INTO `ls_area` VALUES ('1371', '芮城县', '91', '0', '3', '');
INSERT INTO `ls_area` VALUES ('1372', '闻喜县', '91', '0', '3', '');
INSERT INTO `ls_area` VALUES ('1373', '五台县', '92', '0', '3', '');
INSERT INTO `ls_area` VALUES ('1374', '五寨县', '92', '0', '3', '');
INSERT INTO `ls_area` VALUES ('1375', '代县', '92', '0', '3', '');
INSERT INTO `ls_area` VALUES ('1376', '保德县', '92', '0', '3', '');
INSERT INTO `ls_area` VALUES ('1377', '偏关县', '92', '0', '3', '');
INSERT INTO `ls_area` VALUES ('1378', '原平市', '92', '0', '3', '');
INSERT INTO `ls_area` VALUES ('1379', '宁武县', '92', '0', '3', '');
INSERT INTO `ls_area` VALUES ('1380', '定襄县', '92', '0', '3', '');
INSERT INTO `ls_area` VALUES ('1381', '岢岚县', '92', '0', '3', '');
INSERT INTO `ls_area` VALUES ('1382', '忻府区', '92', '0', '3', '');
INSERT INTO `ls_area` VALUES ('1383', '河曲县', '92', '0', '3', '');
INSERT INTO `ls_area` VALUES ('1384', '神池县', '92', '0', '3', '');
INSERT INTO `ls_area` VALUES ('1385', '繁峙县', '92', '0', '3', '');
INSERT INTO `ls_area` VALUES ('1386', '静乐县', '92', '0', '3', '');
INSERT INTO `ls_area` VALUES ('1387', '乡宁县', '93', '0', '3', '');
INSERT INTO `ls_area` VALUES ('1388', '侯马市', '93', '0', '3', '');
INSERT INTO `ls_area` VALUES ('1389', '古县', '93', '0', '3', '');
INSERT INTO `ls_area` VALUES ('1390', '吉县', '93', '0', '3', '');
INSERT INTO `ls_area` VALUES ('1391', '大宁县', '93', '0', '3', '');
INSERT INTO `ls_area` VALUES ('1392', '安泽县', '93', '0', '3', '');
INSERT INTO `ls_area` VALUES ('1393', '尧都区', '93', '0', '3', '');
INSERT INTO `ls_area` VALUES ('1394', '曲沃县', '93', '0', '3', '');
INSERT INTO `ls_area` VALUES ('1395', '永和县', '93', '0', '3', '');
INSERT INTO `ls_area` VALUES ('1396', '汾西县', '93', '0', '3', '');
INSERT INTO `ls_area` VALUES ('1397', '洪洞县', '93', '0', '3', '');
INSERT INTO `ls_area` VALUES ('1398', '浮山县', '93', '0', '3', '');
INSERT INTO `ls_area` VALUES ('1399', '翼城县', '93', '0', '3', '');
INSERT INTO `ls_area` VALUES ('1400', '蒲县', '93', '0', '3', '');
INSERT INTO `ls_area` VALUES ('1401', '襄汾县', '93', '0', '3', '');
INSERT INTO `ls_area` VALUES ('1402', '隰县', '93', '0', '3', '');
INSERT INTO `ls_area` VALUES ('1403', '霍州市', '93', '0', '3', '');
INSERT INTO `ls_area` VALUES ('1404', '中阳县', '94', '0', '3', '');
INSERT INTO `ls_area` VALUES ('1405', '临县', '94', '0', '3', '');
INSERT INTO `ls_area` VALUES ('1406', '交口县', '94', '0', '3', '');
INSERT INTO `ls_area` VALUES ('1407', '交城县', '94', '0', '3', '');
INSERT INTO `ls_area` VALUES ('1408', '兴县', '94', '0', '3', '');
INSERT INTO `ls_area` VALUES ('1409', '孝义市', '94', '0', '3', '');
INSERT INTO `ls_area` VALUES ('1410', '岚县', '94', '0', '3', '');
INSERT INTO `ls_area` VALUES ('1411', '文水县', '94', '0', '3', '');
INSERT INTO `ls_area` VALUES ('1412', '方山县', '94', '0', '3', '');
INSERT INTO `ls_area` VALUES ('1413', '柳林县', '94', '0', '3', '');
INSERT INTO `ls_area` VALUES ('1414', '汾阳市', '94', '0', '3', '');
INSERT INTO `ls_area` VALUES ('1415', '石楼县', '94', '0', '3', '');
INSERT INTO `ls_area` VALUES ('1416', '离石区', '94', '0', '3', '');
INSERT INTO `ls_area` VALUES ('1417', '和林格尔县', '95', '0', '3', '');
INSERT INTO `ls_area` VALUES ('1418', '回民区', '95', '0', '3', '');
INSERT INTO `ls_area` VALUES ('1419', '土默特左旗', '95', '0', '3', '');
INSERT INTO `ls_area` VALUES ('1420', '托克托县', '95', '0', '3', '');
INSERT INTO `ls_area` VALUES ('1421', '新城区', '95', '0', '3', '');
INSERT INTO `ls_area` VALUES ('1422', '武川县', '95', '0', '3', '');
INSERT INTO `ls_area` VALUES ('1423', '清水河县', '95', '0', '3', '');
INSERT INTO `ls_area` VALUES ('1424', '玉泉区', '95', '0', '3', '');
INSERT INTO `ls_area` VALUES ('1425', '赛罕区', '95', '0', '3', '');
INSERT INTO `ls_area` VALUES ('1426', '东河区', '96', '0', '3', '');
INSERT INTO `ls_area` VALUES ('1427', '九原区', '96', '0', '3', '');
INSERT INTO `ls_area` VALUES ('1428', '固阳县', '96', '0', '3', '');
INSERT INTO `ls_area` VALUES ('1429', '土默特右旗', '96', '0', '3', '');
INSERT INTO `ls_area` VALUES ('1430', '昆都仑区', '96', '0', '3', '');
INSERT INTO `ls_area` VALUES ('1431', '白云矿区', '96', '0', '3', '');
INSERT INTO `ls_area` VALUES ('1432', '石拐区', '96', '0', '3', '');
INSERT INTO `ls_area` VALUES ('1433', '达尔罕茂明安联合旗', '96', '0', '3', '');
INSERT INTO `ls_area` VALUES ('1434', '青山区', '96', '0', '3', '');
INSERT INTO `ls_area` VALUES ('1435', '乌达区', '97', '0', '3', '');
INSERT INTO `ls_area` VALUES ('1436', '海勃湾区', '97', '0', '3', '');
INSERT INTO `ls_area` VALUES ('1437', '海南区', '97', '0', '3', '');
INSERT INTO `ls_area` VALUES ('1438', '元宝山区', '98', '0', '3', '');
INSERT INTO `ls_area` VALUES ('1439', '克什克腾旗', '98', '0', '3', '');
INSERT INTO `ls_area` VALUES ('1440', '喀喇沁旗', '98', '0', '3', '');
INSERT INTO `ls_area` VALUES ('1441', '宁城县', '98', '0', '3', '');
INSERT INTO `ls_area` VALUES ('1442', '巴林右旗', '98', '0', '3', '');
INSERT INTO `ls_area` VALUES ('1443', '巴林左旗', '98', '0', '3', '');
INSERT INTO `ls_area` VALUES ('1444', '敖汉旗', '98', '0', '3', '');
INSERT INTO `ls_area` VALUES ('1445', '松山区', '98', '0', '3', '');
INSERT INTO `ls_area` VALUES ('1446', '林西县', '98', '0', '3', '');
INSERT INTO `ls_area` VALUES ('1447', '红山区', '98', '0', '3', '');
INSERT INTO `ls_area` VALUES ('1448', '翁牛特旗', '98', '0', '3', '');
INSERT INTO `ls_area` VALUES ('1449', '阿鲁科尔沁旗', '98', '0', '3', '');
INSERT INTO `ls_area` VALUES ('1450', '奈曼旗', '99', '0', '3', '');
INSERT INTO `ls_area` VALUES ('1451', '库伦旗', '99', '0', '3', '');
INSERT INTO `ls_area` VALUES ('1452', '开鲁县', '99', '0', '3', '');
INSERT INTO `ls_area` VALUES ('1453', '扎鲁特旗', '99', '0', '3', '');
INSERT INTO `ls_area` VALUES ('1454', '科尔沁区', '99', '0', '3', '');
INSERT INTO `ls_area` VALUES ('1455', '科尔沁左翼中旗', '99', '0', '3', '');
INSERT INTO `ls_area` VALUES ('1456', '科尔沁左翼后旗', '99', '0', '3', '');
INSERT INTO `ls_area` VALUES ('1457', '霍林郭勒市', '99', '0', '3', '');
INSERT INTO `ls_area` VALUES ('1458', '东胜区', '100', '0', '3', '');
INSERT INTO `ls_area` VALUES ('1459', '乌审旗', '100', '0', '3', '');
INSERT INTO `ls_area` VALUES ('1460', '伊金霍洛旗', '100', '0', '3', '');
INSERT INTO `ls_area` VALUES ('1461', '准格尔旗', '100', '0', '3', '');
INSERT INTO `ls_area` VALUES ('1462', '杭锦旗', '100', '0', '3', '');
INSERT INTO `ls_area` VALUES ('1463', '达拉特旗', '100', '0', '3', '');
INSERT INTO `ls_area` VALUES ('1464', '鄂东胜区', '100', '0', '3', '');
INSERT INTO `ls_area` VALUES ('1465', '鄂托克前旗', '100', '0', '3', '');
INSERT INTO `ls_area` VALUES ('1466', '鄂托克旗', '100', '0', '3', '');
INSERT INTO `ls_area` VALUES ('1467', '扎兰屯市', '101', '0', '3', '');
INSERT INTO `ls_area` VALUES ('1468', '新巴尔虎右旗', '101', '0', '3', '');
INSERT INTO `ls_area` VALUES ('1469', '新巴尔虎左旗', '101', '0', '3', '');
INSERT INTO `ls_area` VALUES ('1470', '根河市', '101', '0', '3', '');
INSERT INTO `ls_area` VALUES ('1471', '海拉尔区', '101', '0', '3', '');
INSERT INTO `ls_area` VALUES ('1472', '满洲里市', '101', '0', '3', '');
INSERT INTO `ls_area` VALUES ('1473', '牙克石市', '101', '0', '3', '');
INSERT INTO `ls_area` VALUES ('1474', '莫力达瓦达斡尔族自治旗', '101', '0', '3', '');
INSERT INTO `ls_area` VALUES ('1475', '鄂伦春自治旗', '101', '0', '3', '');
INSERT INTO `ls_area` VALUES ('1476', '鄂温克族自治旗', '101', '0', '3', '');
INSERT INTO `ls_area` VALUES ('1477', '阿荣旗', '101', '0', '3', '');
INSERT INTO `ls_area` VALUES ('1478', '陈巴尔虎旗', '101', '0', '3', '');
INSERT INTO `ls_area` VALUES ('1479', '额尔古纳市', '101', '0', '3', '');
INSERT INTO `ls_area` VALUES ('1480', '临河区', '102', '0', '3', '');
INSERT INTO `ls_area` VALUES ('1481', '乌拉特中旗', '102', '0', '3', '');
INSERT INTO `ls_area` VALUES ('1482', '乌拉特前旗', '102', '0', '3', '');
INSERT INTO `ls_area` VALUES ('1483', '乌拉特后旗', '102', '0', '3', '');
INSERT INTO `ls_area` VALUES ('1484', '五原县', '102', '0', '3', '');
INSERT INTO `ls_area` VALUES ('1485', '杭锦后旗', '102', '0', '3', '');
INSERT INTO `ls_area` VALUES ('1486', '磴口县', '102', '0', '3', '');
INSERT INTO `ls_area` VALUES ('1487', '丰镇市', '103', '0', '3', '');
INSERT INTO `ls_area` VALUES ('1488', '兴和县', '103', '0', '3', '');
INSERT INTO `ls_area` VALUES ('1489', '凉城县', '103', '0', '3', '');
INSERT INTO `ls_area` VALUES ('1490', '化德县', '103', '0', '3', '');
INSERT INTO `ls_area` VALUES ('1491', '卓资县', '103', '0', '3', '');
INSERT INTO `ls_area` VALUES ('1492', '商都县', '103', '0', '3', '');
INSERT INTO `ls_area` VALUES ('1493', '四子王旗', '103', '0', '3', '');
INSERT INTO `ls_area` VALUES ('1494', '察哈尔右翼中旗', '103', '0', '3', '');
INSERT INTO `ls_area` VALUES ('1495', '察哈尔右翼前旗', '103', '0', '3', '');
INSERT INTO `ls_area` VALUES ('1496', '察哈尔右翼后旗', '103', '0', '3', '');
INSERT INTO `ls_area` VALUES ('1497', '集宁区', '103', '0', '3', '');
INSERT INTO `ls_area` VALUES ('1498', '乌兰浩特市', '104', '0', '3', '');
INSERT INTO `ls_area` VALUES ('1499', '扎赉特旗', '104', '0', '3', '');
INSERT INTO `ls_area` VALUES ('1500', '科尔沁右翼中旗', '104', '0', '3', '');
INSERT INTO `ls_area` VALUES ('1501', '科尔沁右翼前旗', '104', '0', '3', '');
INSERT INTO `ls_area` VALUES ('1502', '突泉县', '104', '0', '3', '');
INSERT INTO `ls_area` VALUES ('1503', '阿尔山市', '104', '0', '3', '');
INSERT INTO `ls_area` VALUES ('1504', '东乌珠穆沁旗', '105', '0', '3', '');
INSERT INTO `ls_area` VALUES ('1505', '二连浩特市', '105', '0', '3', '');
INSERT INTO `ls_area` VALUES ('1506', '多伦县', '105', '0', '3', '');
INSERT INTO `ls_area` VALUES ('1507', '太仆寺旗', '105', '0', '3', '');
INSERT INTO `ls_area` VALUES ('1508', '正蓝旗', '105', '0', '3', '');
INSERT INTO `ls_area` VALUES ('1509', '正镶白旗', '105', '0', '3', '');
INSERT INTO `ls_area` VALUES ('1510', '苏尼特右旗', '105', '0', '3', '');
INSERT INTO `ls_area` VALUES ('1511', '苏尼特左旗', '105', '0', '3', '');
INSERT INTO `ls_area` VALUES ('1512', '西乌珠穆沁旗', '105', '0', '3', '');
INSERT INTO `ls_area` VALUES ('1513', '锡林浩特市', '105', '0', '3', '');
INSERT INTO `ls_area` VALUES ('1514', '镶黄旗', '105', '0', '3', '');
INSERT INTO `ls_area` VALUES ('1515', '阿巴嘎旗', '105', '0', '3', '');
INSERT INTO `ls_area` VALUES ('1516', '阿拉善右旗', '106', '0', '3', '');
INSERT INTO `ls_area` VALUES ('1517', '阿拉善左旗', '106', '0', '3', '');
INSERT INTO `ls_area` VALUES ('1518', '额济纳旗', '106', '0', '3', '');
INSERT INTO `ls_area` VALUES ('1519', '东陵区', '107', '0', '3', '');
INSERT INTO `ls_area` VALUES ('1520', '于洪区', '107', '0', '3', '');
INSERT INTO `ls_area` VALUES ('1521', '和平区', '107', '0', '3', '');
INSERT INTO `ls_area` VALUES ('1522', '大东区', '107', '0', '3', '');
INSERT INTO `ls_area` VALUES ('1523', '康平县', '107', '0', '3', '');
INSERT INTO `ls_area` VALUES ('1524', '新民市', '107', '0', '3', '');
INSERT INTO `ls_area` VALUES ('1525', '沈北新区', '107', '0', '3', '');
INSERT INTO `ls_area` VALUES ('1526', '沈河区', '107', '0', '3', '');
INSERT INTO `ls_area` VALUES ('1527', '法库县', '107', '0', '3', '');
INSERT INTO `ls_area` VALUES ('1528', '皇姑区', '107', '0', '3', '');
INSERT INTO `ls_area` VALUES ('1529', '苏家屯区', '107', '0', '3', '');
INSERT INTO `ls_area` VALUES ('1530', '辽中县', '107', '0', '3', '');
INSERT INTO `ls_area` VALUES ('1531', '铁西区', '107', '0', '3', '');
INSERT INTO `ls_area` VALUES ('1532', '中山区', '108', '0', '3', '');
INSERT INTO `ls_area` VALUES ('1533', '庄河市', '108', '0', '3', '');
INSERT INTO `ls_area` VALUES ('1534', '旅顺口区', '108', '0', '3', '');
INSERT INTO `ls_area` VALUES ('1535', '普兰店市', '108', '0', '3', '');
INSERT INTO `ls_area` VALUES ('1536', '沙河口区', '108', '0', '3', '');
INSERT INTO `ls_area` VALUES ('1537', '瓦房店市', '108', '0', '3', '');
INSERT INTO `ls_area` VALUES ('1538', '甘井子区', '108', '0', '3', '');
INSERT INTO `ls_area` VALUES ('1539', '西岗区', '108', '0', '3', '');
INSERT INTO `ls_area` VALUES ('1540', '金州区', '108', '0', '3', '');
INSERT INTO `ls_area` VALUES ('1541', '长海县', '108', '0', '3', '');
INSERT INTO `ls_area` VALUES ('1542', '千山区', '109', '0', '3', '');
INSERT INTO `ls_area` VALUES ('1543', '台安县', '109', '0', '3', '');
INSERT INTO `ls_area` VALUES ('1544', '岫岩满族自治县', '109', '0', '3', '');
INSERT INTO `ls_area` VALUES ('1545', '海城市', '109', '0', '3', '');
INSERT INTO `ls_area` VALUES ('1546', '立山区', '109', '0', '3', '');
INSERT INTO `ls_area` VALUES ('1547', '铁东区', '109', '0', '3', '');
INSERT INTO `ls_area` VALUES ('1548', '铁西区', '109', '0', '3', '');
INSERT INTO `ls_area` VALUES ('1549', '东洲区', '110', '0', '3', '');
INSERT INTO `ls_area` VALUES ('1550', '抚顺县', '110', '0', '3', '');
INSERT INTO `ls_area` VALUES ('1551', '新宾满族自治县', '110', '0', '3', '');
INSERT INTO `ls_area` VALUES ('1552', '新抚区', '110', '0', '3', '');
INSERT INTO `ls_area` VALUES ('1553', '望花区', '110', '0', '3', '');
INSERT INTO `ls_area` VALUES ('1554', '清原满族自治县', '110', '0', '3', '');
INSERT INTO `ls_area` VALUES ('1555', '顺城区', '110', '0', '3', '');
INSERT INTO `ls_area` VALUES ('1556', '南芬区', '111', '0', '3', '');
INSERT INTO `ls_area` VALUES ('1557', '平山区', '111', '0', '3', '');
INSERT INTO `ls_area` VALUES ('1558', '明山区', '111', '0', '3', '');
INSERT INTO `ls_area` VALUES ('1559', '本溪满族自治县', '111', '0', '3', '');
INSERT INTO `ls_area` VALUES ('1560', '桓仁满族自治县', '111', '0', '3', '');
INSERT INTO `ls_area` VALUES ('1561', '溪湖区', '111', '0', '3', '');
INSERT INTO `ls_area` VALUES ('1562', '东港市', '112', '0', '3', '');
INSERT INTO `ls_area` VALUES ('1563', '元宝区', '112', '0', '3', '');
INSERT INTO `ls_area` VALUES ('1564', '凤城市', '112', '0', '3', '');
INSERT INTO `ls_area` VALUES ('1565', '宽甸满族自治县', '112', '0', '3', '');
INSERT INTO `ls_area` VALUES ('1566', '振兴区', '112', '0', '3', '');
INSERT INTO `ls_area` VALUES ('1567', '振安区', '112', '0', '3', '');
INSERT INTO `ls_area` VALUES ('1568', '义县', '113', '0', '3', '');
INSERT INTO `ls_area` VALUES ('1569', '凌河区', '113', '0', '3', '');
INSERT INTO `ls_area` VALUES ('1570', '凌海市', '113', '0', '3', '');
INSERT INTO `ls_area` VALUES ('1571', '北镇市', '113', '0', '3', '');
INSERT INTO `ls_area` VALUES ('1572', '古塔区', '113', '0', '3', '');
INSERT INTO `ls_area` VALUES ('1573', '太和区', '113', '0', '3', '');
INSERT INTO `ls_area` VALUES ('1574', '黑山县', '113', '0', '3', '');
INSERT INTO `ls_area` VALUES ('1575', '大石桥市', '114', '0', '3', '');
INSERT INTO `ls_area` VALUES ('1576', '盖州市', '114', '0', '3', '');
INSERT INTO `ls_area` VALUES ('1577', '站前区', '114', '0', '3', '');
INSERT INTO `ls_area` VALUES ('1578', '老边区', '114', '0', '3', '');
INSERT INTO `ls_area` VALUES ('1579', '西市区', '114', '0', '3', '');
INSERT INTO `ls_area` VALUES ('1580', '鲅鱼圈区', '114', '0', '3', '');
INSERT INTO `ls_area` VALUES ('1581', '太平区', '115', '0', '3', '');
INSERT INTO `ls_area` VALUES ('1582', '彰武县', '115', '0', '3', '');
INSERT INTO `ls_area` VALUES ('1583', '新邱区', '115', '0', '3', '');
INSERT INTO `ls_area` VALUES ('1584', '海州区', '115', '0', '3', '');
INSERT INTO `ls_area` VALUES ('1585', '清河门区', '115', '0', '3', '');
INSERT INTO `ls_area` VALUES ('1586', '细河区', '115', '0', '3', '');
INSERT INTO `ls_area` VALUES ('1587', '蒙古族自治县', '115', '0', '3', '');
INSERT INTO `ls_area` VALUES ('1588', '太子河区', '116', '0', '3', '');
INSERT INTO `ls_area` VALUES ('1589', '宏伟区', '116', '0', '3', '');
INSERT INTO `ls_area` VALUES ('1590', '弓长岭区', '116', '0', '3', '');
INSERT INTO `ls_area` VALUES ('1591', '文圣区', '116', '0', '3', '');
INSERT INTO `ls_area` VALUES ('1592', '灯塔市', '116', '0', '3', '');
INSERT INTO `ls_area` VALUES ('1593', '白塔区', '116', '0', '3', '');
INSERT INTO `ls_area` VALUES ('1594', '辽阳县', '116', '0', '3', '');
INSERT INTO `ls_area` VALUES ('1595', '兴隆台区', '117', '0', '3', '');
INSERT INTO `ls_area` VALUES ('1596', '双台子区', '117', '0', '3', '');
INSERT INTO `ls_area` VALUES ('1597', '大洼县', '117', '0', '3', '');
INSERT INTO `ls_area` VALUES ('1598', '盘山县', '117', '0', '3', '');
INSERT INTO `ls_area` VALUES ('1599', '开原市', '118', '0', '3', '');
INSERT INTO `ls_area` VALUES ('1600', '昌图县', '118', '0', '3', '');
INSERT INTO `ls_area` VALUES ('1601', '清河区', '118', '0', '3', '');
INSERT INTO `ls_area` VALUES ('1602', '西丰县', '118', '0', '3', '');
INSERT INTO `ls_area` VALUES ('1603', '调兵山市', '118', '0', '3', '');
INSERT INTO `ls_area` VALUES ('1604', '铁岭县', '118', '0', '3', '');
INSERT INTO `ls_area` VALUES ('1605', '银州区', '118', '0', '3', '');
INSERT INTO `ls_area` VALUES ('1606', '凌源市', '119', '0', '3', '');
INSERT INTO `ls_area` VALUES ('1607', '北票市', '119', '0', '3', '');
INSERT INTO `ls_area` VALUES ('1608', '双塔区', '119', '0', '3', '');
INSERT INTO `ls_area` VALUES ('1609', '喀喇沁左翼蒙古族自治县', '119', '0', '3', '');
INSERT INTO `ls_area` VALUES ('1610', '建平县', '119', '0', '3', '');
INSERT INTO `ls_area` VALUES ('1611', '朝阳县', '119', '0', '3', '');
INSERT INTO `ls_area` VALUES ('1612', '龙城区', '119', '0', '3', '');
INSERT INTO `ls_area` VALUES ('1613', '兴城市', '120', '0', '3', '');
INSERT INTO `ls_area` VALUES ('1614', '南票区', '120', '0', '3', '');
INSERT INTO `ls_area` VALUES ('1615', '建昌县', '120', '0', '3', '');
INSERT INTO `ls_area` VALUES ('1616', '绥中县', '120', '0', '3', '');
INSERT INTO `ls_area` VALUES ('1617', '连山区', '120', '0', '3', '');
INSERT INTO `ls_area` VALUES ('1618', '龙港区', '120', '0', '3', '');
INSERT INTO `ls_area` VALUES ('1619', '九台市', '121', '0', '3', '');
INSERT INTO `ls_area` VALUES ('1620', '二道区', '121', '0', '3', '');
INSERT INTO `ls_area` VALUES ('1621', '农安县', '121', '0', '3', '');
INSERT INTO `ls_area` VALUES ('1622', '南关区', '121', '0', '3', '');
INSERT INTO `ls_area` VALUES ('1623', '双阳区', '121', '0', '3', '');
INSERT INTO `ls_area` VALUES ('1624', '宽城区', '121', '0', '3', '');
INSERT INTO `ls_area` VALUES ('1625', '德惠市', '121', '0', '3', '');
INSERT INTO `ls_area` VALUES ('1626', '朝阳区', '121', '0', '3', '');
INSERT INTO `ls_area` VALUES ('1627', '榆树市', '121', '0', '3', '');
INSERT INTO `ls_area` VALUES ('1628', '绿园区', '121', '0', '3', '');
INSERT INTO `ls_area` VALUES ('1629', '丰满区', '122', '0', '3', '');
INSERT INTO `ls_area` VALUES ('1630', '昌邑区', '122', '0', '3', '');
INSERT INTO `ls_area` VALUES ('1631', '桦甸市', '122', '0', '3', '');
INSERT INTO `ls_area` VALUES ('1632', '永吉县', '122', '0', '3', '');
INSERT INTO `ls_area` VALUES ('1633', '磐石市', '122', '0', '3', '');
INSERT INTO `ls_area` VALUES ('1634', '舒兰市', '122', '0', '3', '');
INSERT INTO `ls_area` VALUES ('1635', '船营区', '122', '0', '3', '');
INSERT INTO `ls_area` VALUES ('1636', '蛟河市', '122', '0', '3', '');
INSERT INTO `ls_area` VALUES ('1637', '龙潭区', '122', '0', '3', '');
INSERT INTO `ls_area` VALUES ('1638', '伊通满族自治县', '123', '0', '3', '');
INSERT INTO `ls_area` VALUES ('1639', '公主岭市', '123', '0', '3', '');
INSERT INTO `ls_area` VALUES ('1640', '双辽市', '123', '0', '3', '');
INSERT INTO `ls_area` VALUES ('1641', '梨树县', '123', '0', '3', '');
INSERT INTO `ls_area` VALUES ('1642', '铁东区', '123', '0', '3', '');
INSERT INTO `ls_area` VALUES ('1643', '铁西区', '123', '0', '3', '');
INSERT INTO `ls_area` VALUES ('1644', '东丰县', '124', '0', '3', '');
INSERT INTO `ls_area` VALUES ('1645', '东辽县', '124', '0', '3', '');
INSERT INTO `ls_area` VALUES ('1646', '西安区', '124', '0', '3', '');
INSERT INTO `ls_area` VALUES ('1647', '龙山区', '124', '0', '3', '');
INSERT INTO `ls_area` VALUES ('1648', '东昌区', '125', '0', '3', '');
INSERT INTO `ls_area` VALUES ('1649', '二道江区', '125', '0', '3', '');
INSERT INTO `ls_area` VALUES ('1650', '柳河县', '125', '0', '3', '');
INSERT INTO `ls_area` VALUES ('1651', '梅河口市', '125', '0', '3', '');
INSERT INTO `ls_area` VALUES ('1652', '辉南县', '125', '0', '3', '');
INSERT INTO `ls_area` VALUES ('1653', '通化县', '125', '0', '3', '');
INSERT INTO `ls_area` VALUES ('1654', '集安市', '125', '0', '3', '');
INSERT INTO `ls_area` VALUES ('1655', '临江市', '126', '0', '3', '');
INSERT INTO `ls_area` VALUES ('1656', '八道江区', '126', '0', '3', '');
INSERT INTO `ls_area` VALUES ('1657', '抚松县', '126', '0', '3', '');
INSERT INTO `ls_area` VALUES ('1658', '江源区', '126', '0', '3', '');
INSERT INTO `ls_area` VALUES ('1659', '长白朝鲜族自治县', '126', '0', '3', '');
INSERT INTO `ls_area` VALUES ('1660', '靖宇县', '126', '0', '3', '');
INSERT INTO `ls_area` VALUES ('1661', '干安县', '127', '0', '3', '');
INSERT INTO `ls_area` VALUES ('1662', '前郭尔罗斯蒙古族自治县', '127', '0', '3', '');
INSERT INTO `ls_area` VALUES ('1663', '宁江区', '127', '0', '3', '');
INSERT INTO `ls_area` VALUES ('1664', '扶余县', '127', '0', '3', '');
INSERT INTO `ls_area` VALUES ('1665', '长岭县', '127', '0', '3', '');
INSERT INTO `ls_area` VALUES ('1666', '大安市', '128', '0', '3', '');
INSERT INTO `ls_area` VALUES ('1667', '洮北区', '128', '0', '3', '');
INSERT INTO `ls_area` VALUES ('1668', '洮南市', '128', '0', '3', '');
INSERT INTO `ls_area` VALUES ('1669', '通榆县', '128', '0', '3', '');
INSERT INTO `ls_area` VALUES ('1670', '镇赉县', '128', '0', '3', '');
INSERT INTO `ls_area` VALUES ('1671', '和龙市', '129', '0', '3', '');
INSERT INTO `ls_area` VALUES ('1672', '图们市', '129', '0', '3', '');
INSERT INTO `ls_area` VALUES ('1673', '安图县', '129', '0', '3', '');
INSERT INTO `ls_area` VALUES ('1674', '延吉市', '129', '0', '3', '');
INSERT INTO `ls_area` VALUES ('1675', '敦化市', '129', '0', '3', '');
INSERT INTO `ls_area` VALUES ('1676', '汪清县', '129', '0', '3', '');
INSERT INTO `ls_area` VALUES ('1677', '珲春市', '129', '0', '3', '');
INSERT INTO `ls_area` VALUES ('1678', '龙井市', '129', '0', '3', '');
INSERT INTO `ls_area` VALUES ('1679', '五常市', '130', '0', '3', '');
INSERT INTO `ls_area` VALUES ('1680', '依兰县', '130', '0', '3', '');
INSERT INTO `ls_area` VALUES ('1681', '南岗区', '130', '0', '3', '');
INSERT INTO `ls_area` VALUES ('1682', '双城市', '130', '0', '3', '');
INSERT INTO `ls_area` VALUES ('1683', '呼兰区', '130', '0', '3', '');
INSERT INTO `ls_area` VALUES ('1684', '哈尔滨市道里区', '130', '0', '3', '');
INSERT INTO `ls_area` VALUES ('1685', '宾县', '130', '0', '3', '');
INSERT INTO `ls_area` VALUES ('1686', '尚志市', '130', '0', '3', '');
INSERT INTO `ls_area` VALUES ('1687', '巴彦县', '130', '0', '3', '');
INSERT INTO `ls_area` VALUES ('1688', '平房区', '130', '0', '3', '');
INSERT INTO `ls_area` VALUES ('1689', '延寿县', '130', '0', '3', '');
INSERT INTO `ls_area` VALUES ('1690', '方正县', '130', '0', '3', '');
INSERT INTO `ls_area` VALUES ('1691', '木兰县', '130', '0', '3', '');
INSERT INTO `ls_area` VALUES ('1692', '松北区', '130', '0', '3', '');
INSERT INTO `ls_area` VALUES ('1693', '通河县', '130', '0', '3', '');
INSERT INTO `ls_area` VALUES ('1694', '道外区', '130', '0', '3', '');
INSERT INTO `ls_area` VALUES ('1695', '阿城区', '130', '0', '3', '');
INSERT INTO `ls_area` VALUES ('1696', '香坊区', '130', '0', '3', '');
INSERT INTO `ls_area` VALUES ('1697', '依安县', '131', '0', '3', '');
INSERT INTO `ls_area` VALUES ('1698', '克东县', '131', '0', '3', '');
INSERT INTO `ls_area` VALUES ('1699', '克山县', '131', '0', '3', '');
INSERT INTO `ls_area` VALUES ('1700', '富拉尔基区', '131', '0', '3', '');
INSERT INTO `ls_area` VALUES ('1701', '富裕县', '131', '0', '3', '');
INSERT INTO `ls_area` VALUES ('1702', '建华区', '131', '0', '3', '');
INSERT INTO `ls_area` VALUES ('1703', '拜泉县', '131', '0', '3', '');
INSERT INTO `ls_area` VALUES ('1704', '昂昂溪区', '131', '0', '3', '');
INSERT INTO `ls_area` VALUES ('1705', '梅里斯达斡尔族区', '131', '0', '3', '');
INSERT INTO `ls_area` VALUES ('1706', '泰来县', '131', '0', '3', '');
INSERT INTO `ls_area` VALUES ('1707', '甘南县', '131', '0', '3', '');
INSERT INTO `ls_area` VALUES ('1708', '碾子山区', '131', '0', '3', '');
INSERT INTO `ls_area` VALUES ('1709', '讷河市', '131', '0', '3', '');
INSERT INTO `ls_area` VALUES ('1710', '铁锋区', '131', '0', '3', '');
INSERT INTO `ls_area` VALUES ('1711', '龙江县', '131', '0', '3', '');
INSERT INTO `ls_area` VALUES ('1712', '龙沙区', '131', '0', '3', '');
INSERT INTO `ls_area` VALUES ('1713', '城子河区', '132', '0', '3', '');
INSERT INTO `ls_area` VALUES ('1714', '密山市', '132', '0', '3', '');
INSERT INTO `ls_area` VALUES ('1715', '恒山区', '132', '0', '3', '');
INSERT INTO `ls_area` VALUES ('1716', '梨树区', '132', '0', '3', '');
INSERT INTO `ls_area` VALUES ('1717', '滴道区', '132', '0', '3', '');
INSERT INTO `ls_area` VALUES ('1718', '虎林市', '132', '0', '3', '');
INSERT INTO `ls_area` VALUES ('1719', '鸡东县', '132', '0', '3', '');
INSERT INTO `ls_area` VALUES ('1720', '鸡冠区', '132', '0', '3', '');
INSERT INTO `ls_area` VALUES ('1721', '麻山区', '132', '0', '3', '');
INSERT INTO `ls_area` VALUES ('1722', '东山区', '133', '0', '3', '');
INSERT INTO `ls_area` VALUES ('1723', '兴安区', '133', '0', '3', '');
INSERT INTO `ls_area` VALUES ('1724', '兴山区', '133', '0', '3', '');
INSERT INTO `ls_area` VALUES ('1725', '南山区', '133', '0', '3', '');
INSERT INTO `ls_area` VALUES ('1726', '向阳区', '133', '0', '3', '');
INSERT INTO `ls_area` VALUES ('1727', '工农区', '133', '0', '3', '');
INSERT INTO `ls_area` VALUES ('1728', '绥滨县', '133', '0', '3', '');
INSERT INTO `ls_area` VALUES ('1729', '萝北县', '133', '0', '3', '');
INSERT INTO `ls_area` VALUES ('1730', '友谊县', '134', '0', '3', '');
INSERT INTO `ls_area` VALUES ('1731', '四方台区', '134', '0', '3', '');
INSERT INTO `ls_area` VALUES ('1732', '宝山区', '134', '0', '3', '');
INSERT INTO `ls_area` VALUES ('1733', '宝清县', '134', '0', '3', '');
INSERT INTO `ls_area` VALUES ('1734', '尖山区', '134', '0', '3', '');
INSERT INTO `ls_area` VALUES ('1735', '岭东区', '134', '0', '3', '');
INSERT INTO `ls_area` VALUES ('1736', '集贤县', '134', '0', '3', '');
INSERT INTO `ls_area` VALUES ('1737', '饶河县', '134', '0', '3', '');
INSERT INTO `ls_area` VALUES ('1738', '大同区', '135', '0', '3', '');
INSERT INTO `ls_area` VALUES ('1739', '杜尔伯特蒙古族自治县', '135', '0', '3', '');
INSERT INTO `ls_area` VALUES ('1740', '林甸县', '135', '0', '3', '');
INSERT INTO `ls_area` VALUES ('1741', '红岗区', '135', '0', '3', '');
INSERT INTO `ls_area` VALUES ('1742', '肇州县', '135', '0', '3', '');
INSERT INTO `ls_area` VALUES ('1743', '肇源县', '135', '0', '3', '');
INSERT INTO `ls_area` VALUES ('1744', '胡路区', '135', '0', '3', '');
INSERT INTO `ls_area` VALUES ('1745', '萨尔图区', '135', '0', '3', '');
INSERT INTO `ls_area` VALUES ('1746', '龙凤区', '135', '0', '3', '');
INSERT INTO `ls_area` VALUES ('1747', '上甘岭区', '136', '0', '3', '');
INSERT INTO `ls_area` VALUES ('1748', '乌伊岭区', '136', '0', '3', '');
INSERT INTO `ls_area` VALUES ('1749', '乌马河区', '136', '0', '3', '');
INSERT INTO `ls_area` VALUES ('1750', '五营区', '136', '0', '3', '');
INSERT INTO `ls_area` VALUES ('1751', '伊春区', '136', '0', '3', '');
INSERT INTO `ls_area` VALUES ('1752', '南岔区', '136', '0', '3', '');
INSERT INTO `ls_area` VALUES ('1753', '友好区', '136', '0', '3', '');
INSERT INTO `ls_area` VALUES ('1754', '嘉荫县', '136', '0', '3', '');
INSERT INTO `ls_area` VALUES ('1755', '带岭区', '136', '0', '3', '');
INSERT INTO `ls_area` VALUES ('1756', '新青区', '136', '0', '3', '');
INSERT INTO `ls_area` VALUES ('1757', '汤旺河区', '136', '0', '3', '');
INSERT INTO `ls_area` VALUES ('1758', '红星区', '136', '0', '3', '');
INSERT INTO `ls_area` VALUES ('1759', '美溪区', '136', '0', '3', '');
INSERT INTO `ls_area` VALUES ('1760', '翠峦区', '136', '0', '3', '');
INSERT INTO `ls_area` VALUES ('1761', '西林区', '136', '0', '3', '');
INSERT INTO `ls_area` VALUES ('1762', '金山屯区', '136', '0', '3', '');
INSERT INTO `ls_area` VALUES ('1763', '铁力市', '136', '0', '3', '');
INSERT INTO `ls_area` VALUES ('1764', '东风区', '137', '0', '3', '');
INSERT INTO `ls_area` VALUES ('1765', '前进区', '137', '0', '3', '');
INSERT INTO `ls_area` VALUES ('1766', '同江市', '137', '0', '3', '');
INSERT INTO `ls_area` VALUES ('1767', '向阳区', '137', '0', '3', '');
INSERT INTO `ls_area` VALUES ('1768', '富锦市', '137', '0', '3', '');
INSERT INTO `ls_area` VALUES ('1769', '抚远县', '137', '0', '3', '');
INSERT INTO `ls_area` VALUES ('1770', '桦南县', '137', '0', '3', '');
INSERT INTO `ls_area` VALUES ('1771', '桦川县', '137', '0', '3', '');
INSERT INTO `ls_area` VALUES ('1772', '汤原县', '137', '0', '3', '');
INSERT INTO `ls_area` VALUES ('1773', '郊区', '137', '0', '3', '');
INSERT INTO `ls_area` VALUES ('1774', '勃利县', '138', '0', '3', '');
INSERT INTO `ls_area` VALUES ('1775', '新兴区', '138', '0', '3', '');
INSERT INTO `ls_area` VALUES ('1776', '桃山区', '138', '0', '3', '');
INSERT INTO `ls_area` VALUES ('1777', '茄子河区', '138', '0', '3', '');
INSERT INTO `ls_area` VALUES ('1778', '东宁县', '139', '0', '3', '');
INSERT INTO `ls_area` VALUES ('1779', '东安区', '139', '0', '3', '');
INSERT INTO `ls_area` VALUES ('1780', '宁安市', '139', '0', '3', '');
INSERT INTO `ls_area` VALUES ('1781', '林口县', '139', '0', '3', '');
INSERT INTO `ls_area` VALUES ('1782', '海林市', '139', '0', '3', '');
INSERT INTO `ls_area` VALUES ('1783', '爱民区', '139', '0', '3', '');
INSERT INTO `ls_area` VALUES ('1784', '穆棱市', '139', '0', '3', '');
INSERT INTO `ls_area` VALUES ('1785', '绥芬河市', '139', '0', '3', '');
INSERT INTO `ls_area` VALUES ('1786', '西安区', '139', '0', '3', '');
INSERT INTO `ls_area` VALUES ('1787', '阳明区', '139', '0', '3', '');
INSERT INTO `ls_area` VALUES ('1788', '五大连池市', '140', '0', '3', '');
INSERT INTO `ls_area` VALUES ('1789', '北安市', '140', '0', '3', '');
INSERT INTO `ls_area` VALUES ('1790', '嫩江县', '140', '0', '3', '');
INSERT INTO `ls_area` VALUES ('1791', '孙吴县', '140', '0', '3', '');
INSERT INTO `ls_area` VALUES ('1792', '爱辉区', '140', '0', '3', '');
INSERT INTO `ls_area` VALUES ('1793', '车逊克县', '140', '0', '3', '');
INSERT INTO `ls_area` VALUES ('1794', '逊克县', '140', '0', '3', '');
INSERT INTO `ls_area` VALUES ('1795', '兰西县', '141', '0', '3', '');
INSERT INTO `ls_area` VALUES ('1796', '安达市', '141', '0', '3', '');
INSERT INTO `ls_area` VALUES ('1797', '庆安县', '141', '0', '3', '');
INSERT INTO `ls_area` VALUES ('1798', '明水县', '141', '0', '3', '');
INSERT INTO `ls_area` VALUES ('1799', '望奎县', '141', '0', '3', '');
INSERT INTO `ls_area` VALUES ('1800', '海伦市', '141', '0', '3', '');
INSERT INTO `ls_area` VALUES ('1801', '绥化市北林区', '141', '0', '3', '');
INSERT INTO `ls_area` VALUES ('1802', '绥棱县', '141', '0', '3', '');
INSERT INTO `ls_area` VALUES ('1803', '肇东市', '141', '0', '3', '');
INSERT INTO `ls_area` VALUES ('1804', '青冈县', '141', '0', '3', '');
INSERT INTO `ls_area` VALUES ('1805', '呼玛县', '142', '0', '3', '');
INSERT INTO `ls_area` VALUES ('1806', '塔河县', '142', '0', '3', '');
INSERT INTO `ls_area` VALUES ('1807', '大兴安岭地区加格达奇区', '142', '0', '3', '');
INSERT INTO `ls_area` VALUES ('1808', '大兴安岭地区呼中区', '142', '0', '3', '');
INSERT INTO `ls_area` VALUES ('1809', '大兴安岭地区新林区', '142', '0', '3', '');
INSERT INTO `ls_area` VALUES ('1810', '大兴安岭地区松岭区', '142', '0', '3', '');
INSERT INTO `ls_area` VALUES ('1811', '漠河县', '142', '0', '3', '');
INSERT INTO `ls_area` VALUES ('2027', '下关区', '162', '0', '3', '');
INSERT INTO `ls_area` VALUES ('2028', '六合区', '162', '0', '3', '');
INSERT INTO `ls_area` VALUES ('2029', '建邺区', '162', '0', '3', '');
INSERT INTO `ls_area` VALUES ('2030', '栖霞区', '162', '0', '3', '');
INSERT INTO `ls_area` VALUES ('2031', '江宁区', '162', '0', '3', '');
INSERT INTO `ls_area` VALUES ('2032', '浦口区', '162', '0', '3', '');
INSERT INTO `ls_area` VALUES ('2033', '溧水县', '162', '0', '3', '');
INSERT INTO `ls_area` VALUES ('2034', '玄武区', '162', '0', '3', '');
INSERT INTO `ls_area` VALUES ('2035', '白下区', '162', '0', '3', '');
INSERT INTO `ls_area` VALUES ('2036', '秦淮区', '162', '0', '3', '');
INSERT INTO `ls_area` VALUES ('2037', '雨花台区', '162', '0', '3', '');
INSERT INTO `ls_area` VALUES ('2038', '高淳县', '162', '0', '3', '');
INSERT INTO `ls_area` VALUES ('2039', '鼓楼区', '162', '0', '3', '');
INSERT INTO `ls_area` VALUES ('2040', '北塘区', '163', '0', '3', '');
INSERT INTO `ls_area` VALUES ('2041', '南长区', '163', '0', '3', '');
INSERT INTO `ls_area` VALUES ('2042', '宜兴市', '163', '0', '3', '');
INSERT INTO `ls_area` VALUES ('2043', '崇安区', '163', '0', '3', '');
INSERT INTO `ls_area` VALUES ('2044', '惠山区', '163', '0', '3', '');
INSERT INTO `ls_area` VALUES ('2045', '江阴市', '163', '0', '3', '');
INSERT INTO `ls_area` VALUES ('2046', '滨湖区', '163', '0', '3', '');
INSERT INTO `ls_area` VALUES ('2047', '锡山区', '163', '0', '3', '');
INSERT INTO `ls_area` VALUES ('2048', '丰县', '164', '0', '3', '');
INSERT INTO `ls_area` VALUES ('2049', '九里区', '164', '0', '3', '');
INSERT INTO `ls_area` VALUES ('2050', '云龙区', '164', '0', '3', '');
INSERT INTO `ls_area` VALUES ('2051', '新沂市', '164', '0', '3', '');
INSERT INTO `ls_area` VALUES ('2052', '沛县', '164', '0', '3', '');
INSERT INTO `ls_area` VALUES ('2053', '泉山区', '164', '0', '3', '');
INSERT INTO `ls_area` VALUES ('2054', '睢宁县', '164', '0', '3', '');
INSERT INTO `ls_area` VALUES ('2055', '贾汪区', '164', '0', '3', '');
INSERT INTO `ls_area` VALUES ('2056', '邳州市', '164', '0', '3', '');
INSERT INTO `ls_area` VALUES ('2057', '铜山县', '164', '0', '3', '');
INSERT INTO `ls_area` VALUES ('2058', '鼓楼区', '164', '0', '3', '');
INSERT INTO `ls_area` VALUES ('2059', '天宁区', '165', '0', '3', '');
INSERT INTO `ls_area` VALUES ('2060', '戚墅堰区', '165', '0', '3', '');
INSERT INTO `ls_area` VALUES ('2061', '新北区', '165', '0', '3', '');
INSERT INTO `ls_area` VALUES ('2062', '武进区', '165', '0', '3', '');
INSERT INTO `ls_area` VALUES ('2063', '溧阳市', '165', '0', '3', '');
INSERT INTO `ls_area` VALUES ('2064', '金坛市', '165', '0', '3', '');
INSERT INTO `ls_area` VALUES ('2065', '钟楼区', '165', '0', '3', '');
INSERT INTO `ls_area` VALUES ('2066', '吴中区', '166', '0', '3', '');
INSERT INTO `ls_area` VALUES ('2067', '吴江市', '166', '0', '3', '');
INSERT INTO `ls_area` VALUES ('2068', '太仓市', '166', '0', '3', '');
INSERT INTO `ls_area` VALUES ('2069', '常熟市', '166', '0', '3', '');
INSERT INTO `ls_area` VALUES ('2070', '平江区', '166', '0', '3', '');
INSERT INTO `ls_area` VALUES ('2071', '张家港市', '166', '0', '3', '');
INSERT INTO `ls_area` VALUES ('2072', '昆山市', '166', '0', '3', '');
INSERT INTO `ls_area` VALUES ('2073', '沧浪区', '166', '0', '3', '');
INSERT INTO `ls_area` VALUES ('2074', '相城区', '166', '0', '3', '');
INSERT INTO `ls_area` VALUES ('2075', '苏州工业园区', '166', '0', '3', '');
INSERT INTO `ls_area` VALUES ('2076', '虎丘区', '166', '0', '3', '');
INSERT INTO `ls_area` VALUES ('2077', '金阊区', '166', '0', '3', '');
INSERT INTO `ls_area` VALUES ('2078', '启东市', '167', '0', '3', '');
INSERT INTO `ls_area` VALUES ('2079', '如东县', '167', '0', '3', '');
INSERT INTO `ls_area` VALUES ('2080', '如皋市', '167', '0', '3', '');
INSERT INTO `ls_area` VALUES ('2081', '崇川区', '167', '0', '3', '');
INSERT INTO `ls_area` VALUES ('2082', '海安县', '167', '0', '3', '');
INSERT INTO `ls_area` VALUES ('2083', '海门市', '167', '0', '3', '');
INSERT INTO `ls_area` VALUES ('2084', '港闸区', '167', '0', '3', '');
INSERT INTO `ls_area` VALUES ('2085', '通州市', '167', '0', '3', '');
INSERT INTO `ls_area` VALUES ('2086', '东海县', '168', '0', '3', '');
INSERT INTO `ls_area` VALUES ('2087', '新浦区', '168', '0', '3', '');
INSERT INTO `ls_area` VALUES ('2088', '海州区', '168', '0', '3', '');
INSERT INTO `ls_area` VALUES ('2089', '灌云县', '168', '0', '3', '');
INSERT INTO `ls_area` VALUES ('2090', '灌南县', '168', '0', '3', '');
INSERT INTO `ls_area` VALUES ('2091', '赣榆县', '168', '0', '3', '');
INSERT INTO `ls_area` VALUES ('2092', '连云区', '168', '0', '3', '');
INSERT INTO `ls_area` VALUES ('2093', '楚州区', '169', '0', '3', '');
INSERT INTO `ls_area` VALUES ('2094', '洪泽县', '169', '0', '3', '');
INSERT INTO `ls_area` VALUES ('2095', '涟水县', '169', '0', '3', '');
INSERT INTO `ls_area` VALUES ('2096', '淮阴区', '169', '0', '3', '');
INSERT INTO `ls_area` VALUES ('2097', '清河区', '169', '0', '3', '');
INSERT INTO `ls_area` VALUES ('2098', '清浦区', '169', '0', '3', '');
INSERT INTO `ls_area` VALUES ('2099', '盱眙县', '169', '0', '3', '');
INSERT INTO `ls_area` VALUES ('2100', '金湖县', '169', '0', '3', '');
INSERT INTO `ls_area` VALUES ('2101', '东台市', '170', '0', '3', '');
INSERT INTO `ls_area` VALUES ('2102', '亭湖区', '170', '0', '3', '');
INSERT INTO `ls_area` VALUES ('2103', '响水县', '170', '0', '3', '');
INSERT INTO `ls_area` VALUES ('2104', '大丰市', '170', '0', '3', '');
INSERT INTO `ls_area` VALUES ('2105', '射阳县', '170', '0', '3', '');
INSERT INTO `ls_area` VALUES ('2106', '建湖县', '170', '0', '3', '');
INSERT INTO `ls_area` VALUES ('2107', '滨海县', '170', '0', '3', '');
INSERT INTO `ls_area` VALUES ('2108', '盐都区', '170', '0', '3', '');
INSERT INTO `ls_area` VALUES ('2109', '阜宁县', '170', '0', '3', '');
INSERT INTO `ls_area` VALUES ('2110', '仪征市', '171', '0', '3', '');
INSERT INTO `ls_area` VALUES ('2111', '宝应县', '171', '0', '3', '');
INSERT INTO `ls_area` VALUES ('2112', '广陵区', '171', '0', '3', '');
INSERT INTO `ls_area` VALUES ('2113', '江都市', '171', '0', '3', '');
INSERT INTO `ls_area` VALUES ('2114', '维扬区', '171', '0', '3', '');
INSERT INTO `ls_area` VALUES ('2115', '邗江区', '171', '0', '3', '');
INSERT INTO `ls_area` VALUES ('2116', '高邮市', '171', '0', '3', '');
INSERT INTO `ls_area` VALUES ('2117', '丹徒区', '172', '0', '3', '');
INSERT INTO `ls_area` VALUES ('2118', '丹阳市', '172', '0', '3', '');
INSERT INTO `ls_area` VALUES ('2119', '京口区', '172', '0', '3', '');
INSERT INTO `ls_area` VALUES ('2120', '句容市', '172', '0', '3', '');
INSERT INTO `ls_area` VALUES ('2121', '扬中市', '172', '0', '3', '');
INSERT INTO `ls_area` VALUES ('2122', '润州区', '172', '0', '3', '');
INSERT INTO `ls_area` VALUES ('2123', '兴化市', '173', '0', '3', '');
INSERT INTO `ls_area` VALUES ('2124', '姜堰市', '173', '0', '3', '');
INSERT INTO `ls_area` VALUES ('2125', '泰兴市', '173', '0', '3', '');
INSERT INTO `ls_area` VALUES ('2126', '海陵区', '173', '0', '3', '');
INSERT INTO `ls_area` VALUES ('2127', '靖江市', '173', '0', '3', '');
INSERT INTO `ls_area` VALUES ('2128', '高港区', '173', '0', '3', '');
INSERT INTO `ls_area` VALUES ('2129', '宿城区', '174', '0', '3', '');
INSERT INTO `ls_area` VALUES ('2130', '宿豫区', '174', '0', '3', '');
INSERT INTO `ls_area` VALUES ('2131', '沭阳县', '174', '0', '3', '');
INSERT INTO `ls_area` VALUES ('2132', '泗洪县', '174', '0', '3', '');
INSERT INTO `ls_area` VALUES ('2133', '泗阳县', '174', '0', '3', '');
INSERT INTO `ls_area` VALUES ('2134', '上城区', '175', '0', '3', '');
INSERT INTO `ls_area` VALUES ('2135', '下城区', '175', '0', '3', '');
INSERT INTO `ls_area` VALUES ('2136', '临安市', '175', '0', '3', '');
INSERT INTO `ls_area` VALUES ('2137', '余杭区', '175', '0', '3', '');
INSERT INTO `ls_area` VALUES ('2138', '富阳市', '175', '0', '3', '');
INSERT INTO `ls_area` VALUES ('2139', '建德市', '175', '0', '3', '');
INSERT INTO `ls_area` VALUES ('2140', '拱墅区', '175', '0', '3', '');
INSERT INTO `ls_area` VALUES ('2141', '桐庐县', '175', '0', '3', '');
INSERT INTO `ls_area` VALUES ('2142', '江干区', '175', '0', '3', '');
INSERT INTO `ls_area` VALUES ('2143', '淳安县', '175', '0', '3', '');
INSERT INTO `ls_area` VALUES ('2144', '滨江区', '175', '0', '3', '');
INSERT INTO `ls_area` VALUES ('2145', '萧山区', '175', '0', '3', '');
INSERT INTO `ls_area` VALUES ('2146', '西湖区', '175', '0', '3', '');
INSERT INTO `ls_area` VALUES ('2147', '余姚市', '176', '0', '3', '');
INSERT INTO `ls_area` VALUES ('2148', '北仑区', '176', '0', '3', '');
INSERT INTO `ls_area` VALUES ('2149', '奉化市', '176', '0', '3', '');
INSERT INTO `ls_area` VALUES ('2150', '宁海县', '176', '0', '3', '');
INSERT INTO `ls_area` VALUES ('2151', '慈溪市', '176', '0', '3', '');
INSERT INTO `ls_area` VALUES ('2152', '江东区', '176', '0', '3', '');
INSERT INTO `ls_area` VALUES ('2153', '江北区', '176', '0', '3', '');
INSERT INTO `ls_area` VALUES ('2154', '海曙区', '176', '0', '3', '');
INSERT INTO `ls_area` VALUES ('2155', '象山县', '176', '0', '3', '');
INSERT INTO `ls_area` VALUES ('2156', '鄞州区', '176', '0', '3', '');
INSERT INTO `ls_area` VALUES ('2157', '镇海区', '176', '0', '3', '');
INSERT INTO `ls_area` VALUES ('2158', '乐清市', '177', '0', '3', '');
INSERT INTO `ls_area` VALUES ('2159', '平阳县', '177', '0', '3', '');
INSERT INTO `ls_area` VALUES ('2160', '文成县', '177', '0', '3', '');
INSERT INTO `ls_area` VALUES ('2161', '永嘉县', '177', '0', '3', '');
INSERT INTO `ls_area` VALUES ('2162', '泰顺县', '177', '0', '3', '');
INSERT INTO `ls_area` VALUES ('2163', '洞头县', '177', '0', '3', '');
INSERT INTO `ls_area` VALUES ('2164', '瑞安市', '177', '0', '3', '');
INSERT INTO `ls_area` VALUES ('2165', '瓯海区', '177', '0', '3', '');
INSERT INTO `ls_area` VALUES ('2166', '苍南县', '177', '0', '3', '');
INSERT INTO `ls_area` VALUES ('2167', '鹿城区', '177', '0', '3', '');
INSERT INTO `ls_area` VALUES ('2168', '龙湾区', '177', '0', '3', '');
INSERT INTO `ls_area` VALUES ('2169', '南湖区', '178', '0', '3', '');
INSERT INTO `ls_area` VALUES ('2170', '嘉善县', '178', '0', '3', '');
INSERT INTO `ls_area` VALUES ('2171', '平湖市', '178', '0', '3', '');
INSERT INTO `ls_area` VALUES ('2172', '桐乡市', '178', '0', '3', '');
INSERT INTO `ls_area` VALUES ('2173', '海宁市', '178', '0', '3', '');
INSERT INTO `ls_area` VALUES ('2174', '海盐县', '178', '0', '3', '');
INSERT INTO `ls_area` VALUES ('2175', '秀洲区', '178', '0', '3', '');
INSERT INTO `ls_area` VALUES ('2176', '南浔区', '179', '0', '3', '');
INSERT INTO `ls_area` VALUES ('2177', '吴兴区', '179', '0', '3', '');
INSERT INTO `ls_area` VALUES ('2178', '安吉县', '179', '0', '3', '');
INSERT INTO `ls_area` VALUES ('2179', '德清县', '179', '0', '3', '');
INSERT INTO `ls_area` VALUES ('2180', '长兴县', '179', '0', '3', '');
INSERT INTO `ls_area` VALUES ('2181', '上虞市', '180', '0', '3', '');
INSERT INTO `ls_area` VALUES ('2182', '嵊州市', '180', '0', '3', '');
INSERT INTO `ls_area` VALUES ('2183', '新昌县', '180', '0', '3', '');
INSERT INTO `ls_area` VALUES ('2184', '绍兴县', '180', '0', '3', '');
INSERT INTO `ls_area` VALUES ('2185', '诸暨市', '180', '0', '3', '');
INSERT INTO `ls_area` VALUES ('2186', '越城区', '180', '0', '3', '');
INSERT INTO `ls_area` VALUES ('2187', '定海区', '181', '0', '3', '');
INSERT INTO `ls_area` VALUES ('2188', '岱山县', '181', '0', '3', '');
INSERT INTO `ls_area` VALUES ('2189', '嵊泗县', '181', '0', '3', '');
INSERT INTO `ls_area` VALUES ('2190', '普陀区', '181', '0', '3', '');
INSERT INTO `ls_area` VALUES ('2191', '常山县', '182', '0', '3', '');
INSERT INTO `ls_area` VALUES ('2192', '开化县', '182', '0', '3', '');
INSERT INTO `ls_area` VALUES ('2193', '柯城区', '182', '0', '3', '');
INSERT INTO `ls_area` VALUES ('2194', '江山市', '182', '0', '3', '');
INSERT INTO `ls_area` VALUES ('2195', '衢江区', '182', '0', '3', '');
INSERT INTO `ls_area` VALUES ('2196', '龙游县', '182', '0', '3', '');
INSERT INTO `ls_area` VALUES ('2197', '东阳市', '183', '0', '3', '');
INSERT INTO `ls_area` VALUES ('2198', '义乌市', '183', '0', '3', '');
INSERT INTO `ls_area` VALUES ('2199', '兰溪市', '183', '0', '3', '');
INSERT INTO `ls_area` VALUES ('2200', '婺城区', '183', '0', '3', '');
INSERT INTO `ls_area` VALUES ('2201', '武义县', '183', '0', '3', '');
INSERT INTO `ls_area` VALUES ('2202', '永康市', '183', '0', '3', '');
INSERT INTO `ls_area` VALUES ('2203', '浦江县', '183', '0', '3', '');
INSERT INTO `ls_area` VALUES ('2204', '磐安县', '183', '0', '3', '');
INSERT INTO `ls_area` VALUES ('2205', '金东区', '183', '0', '3', '');
INSERT INTO `ls_area` VALUES ('2206', '三门县', '184', '0', '3', '');
INSERT INTO `ls_area` VALUES ('2207', '临海市', '184', '0', '3', '');
INSERT INTO `ls_area` VALUES ('2208', '仙居县', '184', '0', '3', '');
INSERT INTO `ls_area` VALUES ('2209', '天台县', '184', '0', '3', '');
INSERT INTO `ls_area` VALUES ('2210', '椒江区', '184', '0', '3', '');
INSERT INTO `ls_area` VALUES ('2211', '温岭市', '184', '0', '3', '');
INSERT INTO `ls_area` VALUES ('2212', '玉环县', '184', '0', '3', '');
INSERT INTO `ls_area` VALUES ('2213', '路桥区', '184', '0', '3', '');
INSERT INTO `ls_area` VALUES ('2214', '黄岩区', '184', '0', '3', '');
INSERT INTO `ls_area` VALUES ('2215', '云和县', '185', '0', '3', '');
INSERT INTO `ls_area` VALUES ('2216', '庆元县', '185', '0', '3', '');
INSERT INTO `ls_area` VALUES ('2217', '景宁畲族自治县', '185', '0', '3', '');
INSERT INTO `ls_area` VALUES ('2218', '松阳县', '185', '0', '3', '');
INSERT INTO `ls_area` VALUES ('2219', '缙云县', '185', '0', '3', '');
INSERT INTO `ls_area` VALUES ('2220', '莲都区', '185', '0', '3', '');
INSERT INTO `ls_area` VALUES ('2221', '遂昌县', '185', '0', '3', '');
INSERT INTO `ls_area` VALUES ('2222', '青田县', '185', '0', '3', '');
INSERT INTO `ls_area` VALUES ('2223', '龙泉市', '185', '0', '3', '');
INSERT INTO `ls_area` VALUES ('2224', '包河区', '186', '0', '3', '');
INSERT INTO `ls_area` VALUES ('2225', '庐阳区', '186', '0', '3', '');
INSERT INTO `ls_area` VALUES ('2226', '瑶海区', '186', '0', '3', '');
INSERT INTO `ls_area` VALUES ('2227', '肥东县', '186', '0', '3', '');
INSERT INTO `ls_area` VALUES ('2228', '肥西县', '186', '0', '3', '');
INSERT INTO `ls_area` VALUES ('2229', '蜀山区', '186', '0', '3', '');
INSERT INTO `ls_area` VALUES ('2230', '长丰县', '186', '0', '3', '');
INSERT INTO `ls_area` VALUES ('2231', '三山区', '187', '0', '3', '');
INSERT INTO `ls_area` VALUES ('2232', '南陵县', '187', '0', '3', '');
INSERT INTO `ls_area` VALUES ('2233', '弋江区', '187', '0', '3', '');
INSERT INTO `ls_area` VALUES ('2234', '繁昌县', '187', '0', '3', '');
INSERT INTO `ls_area` VALUES ('2235', '芜湖县', '187', '0', '3', '');
INSERT INTO `ls_area` VALUES ('2236', '镜湖区', '187', '0', '3', '');
INSERT INTO `ls_area` VALUES ('2237', '鸠江区', '187', '0', '3', '');
INSERT INTO `ls_area` VALUES ('2238', '五河县', '188', '0', '3', '');
INSERT INTO `ls_area` VALUES ('2239', '固镇县', '188', '0', '3', '');
INSERT INTO `ls_area` VALUES ('2240', '怀远县', '188', '0', '3', '');
INSERT INTO `ls_area` VALUES ('2241', '淮上区', '188', '0', '3', '');
INSERT INTO `ls_area` VALUES ('2242', '禹会区', '188', '0', '3', '');
INSERT INTO `ls_area` VALUES ('2243', '蚌山区', '188', '0', '3', '');
INSERT INTO `ls_area` VALUES ('2244', '龙子湖区', '188', '0', '3', '');
INSERT INTO `ls_area` VALUES ('2245', '八公山区', '189', '0', '3', '');
INSERT INTO `ls_area` VALUES ('2246', '凤台县', '189', '0', '3', '');
INSERT INTO `ls_area` VALUES ('2247', '大通区', '189', '0', '3', '');
INSERT INTO `ls_area` VALUES ('2248', '潘集区', '189', '0', '3', '');
INSERT INTO `ls_area` VALUES ('2249', '田家庵区', '189', '0', '3', '');
INSERT INTO `ls_area` VALUES ('2250', '谢家集区', '189', '0', '3', '');
INSERT INTO `ls_area` VALUES ('2251', '当涂县', '190', '0', '3', '');
INSERT INTO `ls_area` VALUES ('2252', '花山区', '190', '0', '3', '');
INSERT INTO `ls_area` VALUES ('2253', '金家庄区', '190', '0', '3', '');
INSERT INTO `ls_area` VALUES ('2254', '雨山区', '190', '0', '3', '');
INSERT INTO `ls_area` VALUES ('2255', '杜集区', '191', '0', '3', '');
INSERT INTO `ls_area` VALUES ('2256', '濉溪县', '191', '0', '3', '');
INSERT INTO `ls_area` VALUES ('2257', '烈山区', '191', '0', '3', '');
INSERT INTO `ls_area` VALUES ('2258', '相山区', '191', '0', '3', '');
INSERT INTO `ls_area` VALUES ('2259', '狮子山区', '192', '0', '3', '');
INSERT INTO `ls_area` VALUES ('2260', '郊区', '192', '0', '3', '');
INSERT INTO `ls_area` VALUES ('2261', '铜官山区', '192', '0', '3', '');
INSERT INTO `ls_area` VALUES ('2262', '铜陵县', '192', '0', '3', '');
INSERT INTO `ls_area` VALUES ('2263', '大观区', '193', '0', '3', '');
INSERT INTO `ls_area` VALUES ('2264', '太湖县', '193', '0', '3', '');
INSERT INTO `ls_area` VALUES ('2265', '宜秀区', '193', '0', '3', '');
INSERT INTO `ls_area` VALUES ('2266', '宿松县', '193', '0', '3', '');
INSERT INTO `ls_area` VALUES ('2267', '岳西县', '193', '0', '3', '');
INSERT INTO `ls_area` VALUES ('2268', '怀宁县', '193', '0', '3', '');
INSERT INTO `ls_area` VALUES ('2269', '望江县', '193', '0', '3', '');
INSERT INTO `ls_area` VALUES ('2270', '枞阳县', '193', '0', '3', '');
INSERT INTO `ls_area` VALUES ('2271', '桐城市', '193', '0', '3', '');
INSERT INTO `ls_area` VALUES ('2272', '潜山县', '193', '0', '3', '');
INSERT INTO `ls_area` VALUES ('2273', '迎江区', '193', '0', '3', '');
INSERT INTO `ls_area` VALUES ('2274', '休宁县', '194', '0', '3', '');
INSERT INTO `ls_area` VALUES ('2275', '屯溪区', '194', '0', '3', '');
INSERT INTO `ls_area` VALUES ('2276', '徽州区', '194', '0', '3', '');
INSERT INTO `ls_area` VALUES ('2277', '歙县', '194', '0', '3', '');
INSERT INTO `ls_area` VALUES ('2278', '祁门县', '194', '0', '3', '');
INSERT INTO `ls_area` VALUES ('2279', '黄山区', '194', '0', '3', '');
INSERT INTO `ls_area` VALUES ('2280', '黟县', '194', '0', '3', '');
INSERT INTO `ls_area` VALUES ('2281', '全椒县', '195', '0', '3', '');
INSERT INTO `ls_area` VALUES ('2282', '凤阳县', '195', '0', '3', '');
INSERT INTO `ls_area` VALUES ('2283', '南谯区', '195', '0', '3', '');
INSERT INTO `ls_area` VALUES ('2284', '天长市', '195', '0', '3', '');
INSERT INTO `ls_area` VALUES ('2285', '定远县', '195', '0', '3', '');
INSERT INTO `ls_area` VALUES ('2286', '明光市', '195', '0', '3', '');
INSERT INTO `ls_area` VALUES ('2287', '来安县', '195', '0', '3', '');
INSERT INTO `ls_area` VALUES ('2288', '琅玡区', '195', '0', '3', '');
INSERT INTO `ls_area` VALUES ('2289', '临泉县', '196', '0', '3', '');
INSERT INTO `ls_area` VALUES ('2290', '太和县', '196', '0', '3', '');
INSERT INTO `ls_area` VALUES ('2291', '界首市', '196', '0', '3', '');
INSERT INTO `ls_area` VALUES ('2292', '阜南县', '196', '0', '3', '');
INSERT INTO `ls_area` VALUES ('2293', '颍东区', '196', '0', '3', '');
INSERT INTO `ls_area` VALUES ('2294', '颍州区', '196', '0', '3', '');
INSERT INTO `ls_area` VALUES ('2295', '颍泉区', '196', '0', '3', '');
INSERT INTO `ls_area` VALUES ('2296', '颖上县', '196', '0', '3', '');
INSERT INTO `ls_area` VALUES ('2297', '埇桥区', '197', '0', '3', '');
INSERT INTO `ls_area` VALUES ('2298', '泗县辖', '197', '0', '3', '');
INSERT INTO `ls_area` VALUES ('2299', '灵璧县', '197', '0', '3', '');
INSERT INTO `ls_area` VALUES ('2300', '砀山县', '197', '0', '3', '');
INSERT INTO `ls_area` VALUES ('2301', '萧县', '197', '0', '3', '');
INSERT INTO `ls_area` VALUES ('2302', '含山县', '198', '0', '3', '');
INSERT INTO `ls_area` VALUES ('2303', '和县', '198', '0', '3', '');
INSERT INTO `ls_area` VALUES ('2304', '居巢区', '198', '0', '3', '');
INSERT INTO `ls_area` VALUES ('2305', '庐江县', '198', '0', '3', '');
INSERT INTO `ls_area` VALUES ('2306', '无为县', '198', '0', '3', '');
INSERT INTO `ls_area` VALUES ('2307', '寿县', '199', '0', '3', '');
INSERT INTO `ls_area` VALUES ('2308', '舒城县', '199', '0', '3', '');
INSERT INTO `ls_area` VALUES ('2309', '裕安区', '199', '0', '3', '');
INSERT INTO `ls_area` VALUES ('2310', '金安区', '199', '0', '3', '');
INSERT INTO `ls_area` VALUES ('2311', '金寨县', '199', '0', '3', '');
INSERT INTO `ls_area` VALUES ('2312', '霍山县', '199', '0', '3', '');
INSERT INTO `ls_area` VALUES ('2313', '霍邱县', '199', '0', '3', '');
INSERT INTO `ls_area` VALUES ('2314', '利辛县', '200', '0', '3', '');
INSERT INTO `ls_area` VALUES ('2315', '涡阳县', '200', '0', '3', '');
INSERT INTO `ls_area` VALUES ('2316', '蒙城县', '200', '0', '3', '');
INSERT INTO `ls_area` VALUES ('2317', '谯城区', '200', '0', '3', '');
INSERT INTO `ls_area` VALUES ('2318', '东至县', '201', '0', '3', '');
INSERT INTO `ls_area` VALUES ('2319', '石台县', '201', '0', '3', '');
INSERT INTO `ls_area` VALUES ('2320', '贵池区', '201', '0', '3', '');
INSERT INTO `ls_area` VALUES ('2321', '青阳县', '201', '0', '3', '');
INSERT INTO `ls_area` VALUES ('2322', '宁国市', '202', '0', '3', '');
INSERT INTO `ls_area` VALUES ('2323', '宣州区', '202', '0', '3', '');
INSERT INTO `ls_area` VALUES ('2324', '广德县', '202', '0', '3', '');
INSERT INTO `ls_area` VALUES ('2325', '旌德县', '202', '0', '3', '');
INSERT INTO `ls_area` VALUES ('2326', '泾县', '202', '0', '3', '');
INSERT INTO `ls_area` VALUES ('2327', '绩溪县', '202', '0', '3', '');
INSERT INTO `ls_area` VALUES ('2328', '郎溪县', '202', '0', '3', '');
INSERT INTO `ls_area` VALUES ('2329', '仓山区', '203', '0', '3', '');
INSERT INTO `ls_area` VALUES ('2330', '台江区', '203', '0', '3', '');
INSERT INTO `ls_area` VALUES ('2331', '平潭县', '203', '0', '3', '');
INSERT INTO `ls_area` VALUES ('2332', '晋安区', '203', '0', '3', '');
INSERT INTO `ls_area` VALUES ('2333', '永泰县', '203', '0', '3', '');
INSERT INTO `ls_area` VALUES ('2334', '福清市', '203', '0', '3', '');
INSERT INTO `ls_area` VALUES ('2335', '罗源县', '203', '0', '3', '');
INSERT INTO `ls_area` VALUES ('2336', '连江县', '203', '0', '3', '');
INSERT INTO `ls_area` VALUES ('2337', '长乐市', '203', '0', '3', '');
INSERT INTO `ls_area` VALUES ('2338', '闽侯县', '203', '0', '3', '');
INSERT INTO `ls_area` VALUES ('2339', '闽清县', '203', '0', '3', '');
INSERT INTO `ls_area` VALUES ('2340', '马尾区', '203', '0', '3', '');
INSERT INTO `ls_area` VALUES ('2341', '鼓楼区', '203', '0', '3', '');
INSERT INTO `ls_area` VALUES ('2342', '同安区', '204', '0', '3', '');
INSERT INTO `ls_area` VALUES ('2343', '思明区', '204', '0', '3', '');
INSERT INTO `ls_area` VALUES ('2344', '海沧区', '204', '0', '3', '');
INSERT INTO `ls_area` VALUES ('2345', '湖里区', '204', '0', '3', '');
INSERT INTO `ls_area` VALUES ('2346', '翔安区', '204', '0', '3', '');
INSERT INTO `ls_area` VALUES ('2347', '集美区', '204', '0', '3', '');
INSERT INTO `ls_area` VALUES ('2348', '仙游县', '205', '0', '3', '');
INSERT INTO `ls_area` VALUES ('2349', '城厢区', '205', '0', '3', '');
INSERT INTO `ls_area` VALUES ('2350', '涵江区', '205', '0', '3', '');
INSERT INTO `ls_area` VALUES ('2351', '秀屿区', '205', '0', '3', '');
INSERT INTO `ls_area` VALUES ('2352', '荔城区', '205', '0', '3', '');
INSERT INTO `ls_area` VALUES ('2353', '三元区', '206', '0', '3', '');
INSERT INTO `ls_area` VALUES ('2354', '大田县', '206', '0', '3', '');
INSERT INTO `ls_area` VALUES ('2355', '宁化县', '206', '0', '3', '');
INSERT INTO `ls_area` VALUES ('2356', '将乐县', '206', '0', '3', '');
INSERT INTO `ls_area` VALUES ('2357', '尤溪县', '206', '0', '3', '');
INSERT INTO `ls_area` VALUES ('2358', '建宁县', '206', '0', '3', '');
INSERT INTO `ls_area` VALUES ('2359', '明溪县', '206', '0', '3', '');
INSERT INTO `ls_area` VALUES ('2360', '梅列区', '206', '0', '3', '');
INSERT INTO `ls_area` VALUES ('2361', '永安市', '206', '0', '3', '');
INSERT INTO `ls_area` VALUES ('2362', '沙县', '206', '0', '3', '');
INSERT INTO `ls_area` VALUES ('2363', '泰宁县', '206', '0', '3', '');
INSERT INTO `ls_area` VALUES ('2364', '清流县', '206', '0', '3', '');
INSERT INTO `ls_area` VALUES ('2365', '丰泽区', '207', '0', '3', '');
INSERT INTO `ls_area` VALUES ('2366', '南安市', '207', '0', '3', '');
INSERT INTO `ls_area` VALUES ('2367', '安溪县', '207', '0', '3', '');
INSERT INTO `ls_area` VALUES ('2368', '德化县', '207', '0', '3', '');
INSERT INTO `ls_area` VALUES ('2369', '惠安县', '207', '0', '3', '');
INSERT INTO `ls_area` VALUES ('2370', '晋江市', '207', '0', '3', '');
INSERT INTO `ls_area` VALUES ('2371', '永春县', '207', '0', '3', '');
INSERT INTO `ls_area` VALUES ('2372', '泉港区', '207', '0', '3', '');
INSERT INTO `ls_area` VALUES ('2373', '洛江区', '207', '0', '3', '');
INSERT INTO `ls_area` VALUES ('2374', '石狮市', '207', '0', '3', '');
INSERT INTO `ls_area` VALUES ('2375', '金门县', '207', '0', '3', '');
INSERT INTO `ls_area` VALUES ('2376', '鲤城区', '207', '0', '3', '');
INSERT INTO `ls_area` VALUES ('2377', '东山县', '208', '0', '3', '');
INSERT INTO `ls_area` VALUES ('2378', '云霄县', '208', '0', '3', '');
INSERT INTO `ls_area` VALUES ('2379', '华安县', '208', '0', '3', '');
INSERT INTO `ls_area` VALUES ('2380', '南靖县', '208', '0', '3', '');
INSERT INTO `ls_area` VALUES ('2381', '平和县', '208', '0', '3', '');
INSERT INTO `ls_area` VALUES ('2382', '漳浦县', '208', '0', '3', '');
INSERT INTO `ls_area` VALUES ('2383', '芗城区', '208', '0', '3', '');
INSERT INTO `ls_area` VALUES ('2384', '诏安县', '208', '0', '3', '');
INSERT INTO `ls_area` VALUES ('2385', '长泰县', '208', '0', '3', '');
INSERT INTO `ls_area` VALUES ('2386', '龙文区', '208', '0', '3', '');
INSERT INTO `ls_area` VALUES ('2387', '龙海市', '208', '0', '3', '');
INSERT INTO `ls_area` VALUES ('2388', '光泽县', '209', '0', '3', '');
INSERT INTO `ls_area` VALUES ('2389', '延平区', '209', '0', '3', '');
INSERT INTO `ls_area` VALUES ('2390', '建瓯市', '209', '0', '3', '');
INSERT INTO `ls_area` VALUES ('2391', '建阳市', '209', '0', '3', '');
INSERT INTO `ls_area` VALUES ('2392', '政和县', '209', '0', '3', '');
INSERT INTO `ls_area` VALUES ('2393', '松溪县', '209', '0', '3', '');
INSERT INTO `ls_area` VALUES ('2394', '武夷山市', '209', '0', '3', '');
INSERT INTO `ls_area` VALUES ('2395', '浦城县', '209', '0', '3', '');
INSERT INTO `ls_area` VALUES ('2396', '邵武市', '209', '0', '3', '');
INSERT INTO `ls_area` VALUES ('2397', '顺昌县', '209', '0', '3', '');
INSERT INTO `ls_area` VALUES ('2398', '上杭县', '210', '0', '3', '');
INSERT INTO `ls_area` VALUES ('2399', '新罗区', '210', '0', '3', '');
INSERT INTO `ls_area` VALUES ('2400', '武平县', '210', '0', '3', '');
INSERT INTO `ls_area` VALUES ('2401', '永定县', '210', '0', '3', '');
INSERT INTO `ls_area` VALUES ('2402', '漳平市', '210', '0', '3', '');
INSERT INTO `ls_area` VALUES ('2403', '连城县', '210', '0', '3', '');
INSERT INTO `ls_area` VALUES ('2404', '长汀县', '210', '0', '3', '');
INSERT INTO `ls_area` VALUES ('2405', '古田县', '211', '0', '3', '');
INSERT INTO `ls_area` VALUES ('2406', '周宁县', '211', '0', '3', '');
INSERT INTO `ls_area` VALUES ('2407', '寿宁县', '211', '0', '3', '');
INSERT INTO `ls_area` VALUES ('2408', '屏南县', '211', '0', '3', '');
INSERT INTO `ls_area` VALUES ('2409', '柘荣县', '211', '0', '3', '');
INSERT INTO `ls_area` VALUES ('2410', '福安市', '211', '0', '3', '');
INSERT INTO `ls_area` VALUES ('2411', '福鼎市', '211', '0', '3', '');
INSERT INTO `ls_area` VALUES ('2412', '蕉城区', '211', '0', '3', '');
INSERT INTO `ls_area` VALUES ('2413', '霞浦县', '211', '0', '3', '');
INSERT INTO `ls_area` VALUES ('2414', '东湖区', '212', '0', '3', '');
INSERT INTO `ls_area` VALUES ('2415', '南昌县', '212', '0', '3', '');
INSERT INTO `ls_area` VALUES ('2416', '安义县', '212', '0', '3', '');
INSERT INTO `ls_area` VALUES ('2417', '新建县', '212', '0', '3', '');
INSERT INTO `ls_area` VALUES ('2418', '湾里区', '212', '0', '3', '');
INSERT INTO `ls_area` VALUES ('2419', '西湖区', '212', '0', '3', '');
INSERT INTO `ls_area` VALUES ('2420', '进贤县', '212', '0', '3', '');
INSERT INTO `ls_area` VALUES ('2421', '青云谱区', '212', '0', '3', '');
INSERT INTO `ls_area` VALUES ('2422', '青山湖区', '212', '0', '3', '');
INSERT INTO `ls_area` VALUES ('2423', '乐平市', '213', '0', '3', '');
INSERT INTO `ls_area` VALUES ('2424', '昌江区', '213', '0', '3', '');
INSERT INTO `ls_area` VALUES ('2425', '浮梁县', '213', '0', '3', '');
INSERT INTO `ls_area` VALUES ('2426', '珠山区', '213', '0', '3', '');
INSERT INTO `ls_area` VALUES ('2427', '上栗县', '214', '0', '3', '');
INSERT INTO `ls_area` VALUES ('2428', '安源区', '214', '0', '3', '');
INSERT INTO `ls_area` VALUES ('2429', '湘东区', '214', '0', '3', '');
INSERT INTO `ls_area` VALUES ('2430', '芦溪县', '214', '0', '3', '');
INSERT INTO `ls_area` VALUES ('2431', '莲花县', '214', '0', '3', '');
INSERT INTO `ls_area` VALUES ('2432', '九江县', '215', '0', '3', '');
INSERT INTO `ls_area` VALUES ('2433', '修水县', '215', '0', '3', '');
INSERT INTO `ls_area` VALUES ('2434', '庐山区', '215', '0', '3', '');
INSERT INTO `ls_area` VALUES ('2435', '彭泽县', '215', '0', '3', '');
INSERT INTO `ls_area` VALUES ('2436', '德安县', '215', '0', '3', '');
INSERT INTO `ls_area` VALUES ('2437', '星子县', '215', '0', '3', '');
INSERT INTO `ls_area` VALUES ('2438', '武宁县', '215', '0', '3', '');
INSERT INTO `ls_area` VALUES ('2439', '永修县', '215', '0', '3', '');
INSERT INTO `ls_area` VALUES ('2440', '浔阳区', '215', '0', '3', '');
INSERT INTO `ls_area` VALUES ('2441', '湖口县', '215', '0', '3', '');
INSERT INTO `ls_area` VALUES ('2442', '瑞昌市', '215', '0', '3', '');
INSERT INTO `ls_area` VALUES ('2443', '都昌县', '215', '0', '3', '');
INSERT INTO `ls_area` VALUES ('2444', '分宜县', '216', '0', '3', '');
INSERT INTO `ls_area` VALUES ('2445', '渝水区', '216', '0', '3', '');
INSERT INTO `ls_area` VALUES ('2446', '余江县', '217', '0', '3', '');
INSERT INTO `ls_area` VALUES ('2447', '月湖区', '217', '0', '3', '');
INSERT INTO `ls_area` VALUES ('2448', '贵溪市', '217', '0', '3', '');
INSERT INTO `ls_area` VALUES ('2449', '上犹县', '218', '0', '3', '');
INSERT INTO `ls_area` VALUES ('2450', '于都县', '218', '0', '3', '');
INSERT INTO `ls_area` VALUES ('2451', '会昌县', '218', '0', '3', '');
INSERT INTO `ls_area` VALUES ('2452', '信丰县', '218', '0', '3', '');
INSERT INTO `ls_area` VALUES ('2453', '全南县', '218', '0', '3', '');
INSERT INTO `ls_area` VALUES ('2454', '兴国县', '218', '0', '3', '');
INSERT INTO `ls_area` VALUES ('2455', '南康市', '218', '0', '3', '');
INSERT INTO `ls_area` VALUES ('2456', '大余县', '218', '0', '3', '');
INSERT INTO `ls_area` VALUES ('2457', '宁都县', '218', '0', '3', '');
INSERT INTO `ls_area` VALUES ('2458', '安远县', '218', '0', '3', '');
INSERT INTO `ls_area` VALUES ('2459', '定南县', '218', '0', '3', '');
INSERT INTO `ls_area` VALUES ('2460', '寻乌县', '218', '0', '3', '');
INSERT INTO `ls_area` VALUES ('2461', '崇义县', '218', '0', '3', '');
INSERT INTO `ls_area` VALUES ('2462', '瑞金市', '218', '0', '3', '');
INSERT INTO `ls_area` VALUES ('2463', '石城县', '218', '0', '3', '');
INSERT INTO `ls_area` VALUES ('2464', '章贡区', '218', '0', '3', '');
INSERT INTO `ls_area` VALUES ('2465', '赣县', '218', '0', '3', '');
INSERT INTO `ls_area` VALUES ('2466', '龙南县', '218', '0', '3', '');
INSERT INTO `ls_area` VALUES ('2467', '万安县', '219', '0', '3', '');
INSERT INTO `ls_area` VALUES ('2468', '井冈山市', '219', '0', '3', '');
INSERT INTO `ls_area` VALUES ('2469', '吉安县', '219', '0', '3', '');
INSERT INTO `ls_area` VALUES ('2470', '吉州区', '219', '0', '3', '');
INSERT INTO `ls_area` VALUES ('2471', '吉水县', '219', '0', '3', '');
INSERT INTO `ls_area` VALUES ('2472', '安福县', '219', '0', '3', '');
INSERT INTO `ls_area` VALUES ('2473', '峡江县', '219', '0', '3', '');
INSERT INTO `ls_area` VALUES ('2474', '新干县', '219', '0', '3', '');
INSERT INTO `ls_area` VALUES ('2475', '永丰县', '219', '0', '3', '');
INSERT INTO `ls_area` VALUES ('2476', '永新县', '219', '0', '3', '');
INSERT INTO `ls_area` VALUES ('2477', '泰和县', '219', '0', '3', '');
INSERT INTO `ls_area` VALUES ('2478', '遂川县', '219', '0', '3', '');
INSERT INTO `ls_area` VALUES ('2479', '青原区', '219', '0', '3', '');
INSERT INTO `ls_area` VALUES ('2480', '万载县', '220', '0', '3', '');
INSERT INTO `ls_area` VALUES ('2481', '上高县', '220', '0', '3', '');
INSERT INTO `ls_area` VALUES ('2482', '丰城市', '220', '0', '3', '');
INSERT INTO `ls_area` VALUES ('2483', '奉新县', '220', '0', '3', '');
INSERT INTO `ls_area` VALUES ('2484', '宜丰县', '220', '0', '3', '');
INSERT INTO `ls_area` VALUES ('2485', '樟树市', '220', '0', '3', '');
INSERT INTO `ls_area` VALUES ('2486', '袁州区', '220', '0', '3', '');
INSERT INTO `ls_area` VALUES ('2487', '铜鼓县', '220', '0', '3', '');
INSERT INTO `ls_area` VALUES ('2488', '靖安县', '220', '0', '3', '');
INSERT INTO `ls_area` VALUES ('2489', '高安市', '220', '0', '3', '');
INSERT INTO `ls_area` VALUES ('2490', '东乡县', '221', '0', '3', '');
INSERT INTO `ls_area` VALUES ('2491', '临川区', '221', '0', '3', '');
INSERT INTO `ls_area` VALUES ('2492', '乐安县', '221', '0', '3', '');
INSERT INTO `ls_area` VALUES ('2493', '南丰县', '221', '0', '3', '');
INSERT INTO `ls_area` VALUES ('2494', '南城县', '221', '0', '3', '');
INSERT INTO `ls_area` VALUES ('2495', '宜黄县', '221', '0', '3', '');
INSERT INTO `ls_area` VALUES ('2496', '崇仁县', '221', '0', '3', '');
INSERT INTO `ls_area` VALUES ('2497', '广昌县', '221', '0', '3', '');
INSERT INTO `ls_area` VALUES ('2498', '资溪县', '221', '0', '3', '');
INSERT INTO `ls_area` VALUES ('2499', '金溪县', '221', '0', '3', '');
INSERT INTO `ls_area` VALUES ('2500', '黎川县', '221', '0', '3', '');
INSERT INTO `ls_area` VALUES ('2501', '万年县', '222', '0', '3', '');
INSERT INTO `ls_area` VALUES ('2502', '上饶县', '222', '0', '3', '');
INSERT INTO `ls_area` VALUES ('2503', '余干县', '222', '0', '3', '');
INSERT INTO `ls_area` VALUES ('2504', '信州区', '222', '0', '3', '');
INSERT INTO `ls_area` VALUES ('2505', '婺源县', '222', '0', '3', '');
INSERT INTO `ls_area` VALUES ('2506', '广丰县', '222', '0', '3', '');
INSERT INTO `ls_area` VALUES ('2507', '弋阳县', '222', '0', '3', '');
INSERT INTO `ls_area` VALUES ('2508', '德兴市', '222', '0', '3', '');
INSERT INTO `ls_area` VALUES ('2509', '横峰县', '222', '0', '3', '');
INSERT INTO `ls_area` VALUES ('2510', '玉山县', '222', '0', '3', '');
INSERT INTO `ls_area` VALUES ('2511', '鄱阳县', '222', '0', '3', '');
INSERT INTO `ls_area` VALUES ('2512', '铅山县', '222', '0', '3', '');
INSERT INTO `ls_area` VALUES ('2513', '历下区', '223', '0', '3', '');
INSERT INTO `ls_area` VALUES ('2514', '历城区', '223', '0', '3', '');
INSERT INTO `ls_area` VALUES ('2515', '商河县', '223', '0', '3', '');
INSERT INTO `ls_area` VALUES ('2516', '天桥区', '223', '0', '3', '');
INSERT INTO `ls_area` VALUES ('2517', '市中区', '223', '0', '3', '');
INSERT INTO `ls_area` VALUES ('2518', '平阴县', '223', '0', '3', '');
INSERT INTO `ls_area` VALUES ('2519', '槐荫区', '223', '0', '3', '');
INSERT INTO `ls_area` VALUES ('2520', '济阳县', '223', '0', '3', '');
INSERT INTO `ls_area` VALUES ('2521', '章丘市', '223', '0', '3', '');
INSERT INTO `ls_area` VALUES ('2522', '长清区', '223', '0', '3', '');
INSERT INTO `ls_area` VALUES ('2523', '即墨市', '224', '0', '3', '');
INSERT INTO `ls_area` VALUES ('2524', '四方区', '224', '0', '3', '');
INSERT INTO `ls_area` VALUES ('2525', '城阳区', '224', '0', '3', '');
INSERT INTO `ls_area` VALUES ('2526', '崂山区', '224', '0', '3', '');
INSERT INTO `ls_area` VALUES ('2527', '市北区', '224', '0', '3', '');
INSERT INTO `ls_area` VALUES ('2528', '市南区', '224', '0', '3', '');
INSERT INTO `ls_area` VALUES ('2529', '平度市', '224', '0', '3', '');
INSERT INTO `ls_area` VALUES ('2530', '李沧区', '224', '0', '3', '');
INSERT INTO `ls_area` VALUES ('2531', '胶南市', '224', '0', '3', '');
INSERT INTO `ls_area` VALUES ('2532', '胶州市', '224', '0', '3', '');
INSERT INTO `ls_area` VALUES ('2533', '莱西市', '224', '0', '3', '');
INSERT INTO `ls_area` VALUES ('2534', '黄岛区', '224', '0', '3', '');
INSERT INTO `ls_area` VALUES ('2535', '临淄区', '225', '0', '3', '');
INSERT INTO `ls_area` VALUES ('2536', '博山区', '225', '0', '3', '');
INSERT INTO `ls_area` VALUES ('2537', '周村区', '225', '0', '3', '');
INSERT INTO `ls_area` VALUES ('2538', '张店区', '225', '0', '3', '');
INSERT INTO `ls_area` VALUES ('2539', '桓台县', '225', '0', '3', '');
INSERT INTO `ls_area` VALUES ('2540', '沂源县', '225', '0', '3', '');
INSERT INTO `ls_area` VALUES ('2541', '淄川区', '225', '0', '3', '');
INSERT INTO `ls_area` VALUES ('2542', '高青县', '225', '0', '3', '');
INSERT INTO `ls_area` VALUES ('2543', '台儿庄区', '226', '0', '3', '');
INSERT INTO `ls_area` VALUES ('2544', '山亭区', '226', '0', '3', '');
INSERT INTO `ls_area` VALUES ('2545', '峄城区', '226', '0', '3', '');
INSERT INTO `ls_area` VALUES ('2546', '市中区', '226', '0', '3', '');
INSERT INTO `ls_area` VALUES ('2547', '滕州市', '226', '0', '3', '');
INSERT INTO `ls_area` VALUES ('2548', '薛城区', '226', '0', '3', '');
INSERT INTO `ls_area` VALUES ('2549', '东营区', '227', '0', '3', '');
INSERT INTO `ls_area` VALUES ('2550', '利津县', '227', '0', '3', '');
INSERT INTO `ls_area` VALUES ('2551', '垦利县', '227', '0', '3', '');
INSERT INTO `ls_area` VALUES ('2552', '广饶县', '227', '0', '3', '');
INSERT INTO `ls_area` VALUES ('2553', '河口区', '227', '0', '3', '');
INSERT INTO `ls_area` VALUES ('2554', '招远市', '228', '0', '3', '');
INSERT INTO `ls_area` VALUES ('2555', '栖霞市', '228', '0', '3', '');
INSERT INTO `ls_area` VALUES ('2556', '海阳市', '228', '0', '3', '');
INSERT INTO `ls_area` VALUES ('2557', '牟平区', '228', '0', '3', '');
INSERT INTO `ls_area` VALUES ('2558', '福山区', '228', '0', '3', '');
INSERT INTO `ls_area` VALUES ('2559', '芝罘区', '228', '0', '3', '');
INSERT INTO `ls_area` VALUES ('2560', '莱山区', '228', '0', '3', '');
INSERT INTO `ls_area` VALUES ('2561', '莱州市', '228', '0', '3', '');
INSERT INTO `ls_area` VALUES ('2562', '莱阳市', '228', '0', '3', '');
INSERT INTO `ls_area` VALUES ('2563', '蓬莱市', '228', '0', '3', '');
INSERT INTO `ls_area` VALUES ('2564', '长岛县', '228', '0', '3', '');
INSERT INTO `ls_area` VALUES ('2565', '龙口市', '228', '0', '3', '');
INSERT INTO `ls_area` VALUES ('2566', '临朐县', '229', '0', '3', '');
INSERT INTO `ls_area` VALUES ('2567', '坊子区', '229', '0', '3', '');
INSERT INTO `ls_area` VALUES ('2568', '奎文区', '229', '0', '3', '');
INSERT INTO `ls_area` VALUES ('2569', '安丘市', '229', '0', '3', '');
INSERT INTO `ls_area` VALUES ('2570', '寒亭区', '229', '0', '3', '');
INSERT INTO `ls_area` VALUES ('2571', '寿光市', '229', '0', '3', '');
INSERT INTO `ls_area` VALUES ('2572', '昌乐县', '229', '0', '3', '');
INSERT INTO `ls_area` VALUES ('2573', '昌邑市', '229', '0', '3', '');
INSERT INTO `ls_area` VALUES ('2574', '潍城区', '229', '0', '3', '');
INSERT INTO `ls_area` VALUES ('2575', '诸城市', '229', '0', '3', '');
INSERT INTO `ls_area` VALUES ('2576', '青州市', '229', '0', '3', '');
INSERT INTO `ls_area` VALUES ('2577', '高密市', '229', '0', '3', '');
INSERT INTO `ls_area` VALUES ('2578', '任城区', '230', '0', '3', '');
INSERT INTO `ls_area` VALUES ('2579', '兖州市', '230', '0', '3', '');
INSERT INTO `ls_area` VALUES ('2580', '嘉祥县', '230', '0', '3', '');
INSERT INTO `ls_area` VALUES ('2581', '市中区', '230', '0', '3', '');
INSERT INTO `ls_area` VALUES ('2582', '微山县', '230', '0', '3', '');
INSERT INTO `ls_area` VALUES ('2583', '曲阜市', '230', '0', '3', '');
INSERT INTO `ls_area` VALUES ('2584', '梁山县', '230', '0', '3', '');
INSERT INTO `ls_area` VALUES ('2585', '汶上县', '230', '0', '3', '');
INSERT INTO `ls_area` VALUES ('2586', '泗水县', '230', '0', '3', '');
INSERT INTO `ls_area` VALUES ('2587', '邹城市', '230', '0', '3', '');
INSERT INTO `ls_area` VALUES ('2588', '金乡县', '230', '0', '3', '');
INSERT INTO `ls_area` VALUES ('2589', '鱼台县', '230', '0', '3', '');
INSERT INTO `ls_area` VALUES ('2590', '东平县', '231', '0', '3', '');
INSERT INTO `ls_area` VALUES ('2591', '宁阳县', '231', '0', '3', '');
INSERT INTO `ls_area` VALUES ('2592', '岱岳区', '231', '0', '3', '');
INSERT INTO `ls_area` VALUES ('2593', '新泰市', '231', '0', '3', '');
INSERT INTO `ls_area` VALUES ('2594', '泰山区', '231', '0', '3', '');
INSERT INTO `ls_area` VALUES ('2595', '肥城市', '231', '0', '3', '');
INSERT INTO `ls_area` VALUES ('2596', '乳山市', '232', '0', '3', '');
INSERT INTO `ls_area` VALUES ('2597', '文登市', '232', '0', '3', '');
INSERT INTO `ls_area` VALUES ('2598', '环翠区', '232', '0', '3', '');
INSERT INTO `ls_area` VALUES ('2599', '荣成市', '232', '0', '3', '');
INSERT INTO `ls_area` VALUES ('2600', '东港区', '233', '0', '3', '');
INSERT INTO `ls_area` VALUES ('2601', '五莲县', '233', '0', '3', '');
INSERT INTO `ls_area` VALUES ('2602', '岚山区', '233', '0', '3', '');
INSERT INTO `ls_area` VALUES ('2603', '莒县', '233', '0', '3', '');
INSERT INTO `ls_area` VALUES ('2604', '莱城区', '234', '0', '3', '');
INSERT INTO `ls_area` VALUES ('2605', '钢城区', '234', '0', '3', '');
INSERT INTO `ls_area` VALUES ('2606', '临沭县', '235', '0', '3', '');
INSERT INTO `ls_area` VALUES ('2607', '兰山区', '235', '0', '3', '');
INSERT INTO `ls_area` VALUES ('2608', '平邑县', '235', '0', '3', '');
INSERT INTO `ls_area` VALUES ('2609', '沂南县', '235', '0', '3', '');
INSERT INTO `ls_area` VALUES ('2610', '沂水县', '235', '0', '3', '');
INSERT INTO `ls_area` VALUES ('2611', '河东区', '235', '0', '3', '');
INSERT INTO `ls_area` VALUES ('2612', '罗庄区', '235', '0', '3', '');
INSERT INTO `ls_area` VALUES ('2613', '苍山县', '235', '0', '3', '');
INSERT INTO `ls_area` VALUES ('2614', '莒南县', '235', '0', '3', '');
INSERT INTO `ls_area` VALUES ('2615', '蒙阴县', '235', '0', '3', '');
INSERT INTO `ls_area` VALUES ('2616', '费县', '235', '0', '3', '');
INSERT INTO `ls_area` VALUES ('2617', '郯城县', '235', '0', '3', '');
INSERT INTO `ls_area` VALUES ('2618', '临邑县', '236', '0', '3', '');
INSERT INTO `ls_area` VALUES ('2619', '乐陵市', '236', '0', '3', '');
INSERT INTO `ls_area` VALUES ('2620', '夏津县', '236', '0', '3', '');
INSERT INTO `ls_area` VALUES ('2621', '宁津县', '236', '0', '3', '');
INSERT INTO `ls_area` VALUES ('2622', '平原县', '236', '0', '3', '');
INSERT INTO `ls_area` VALUES ('2623', '庆云县', '236', '0', '3', '');
INSERT INTO `ls_area` VALUES ('2624', '德城区', '236', '0', '3', '');
INSERT INTO `ls_area` VALUES ('2625', '武城县', '236', '0', '3', '');
INSERT INTO `ls_area` VALUES ('2626', '禹城市', '236', '0', '3', '');
INSERT INTO `ls_area` VALUES ('2627', '陵县', '236', '0', '3', '');
INSERT INTO `ls_area` VALUES ('2628', '齐河县', '236', '0', '3', '');
INSERT INTO `ls_area` VALUES ('2629', '东昌府区', '237', '0', '3', '');
INSERT INTO `ls_area` VALUES ('2630', '东阿县', '237', '0', '3', '');
INSERT INTO `ls_area` VALUES ('2631', '临清市', '237', '0', '3', '');
INSERT INTO `ls_area` VALUES ('2632', '冠县', '237', '0', '3', '');
INSERT INTO `ls_area` VALUES ('2633', '茌平县', '237', '0', '3', '');
INSERT INTO `ls_area` VALUES ('2634', '莘县', '237', '0', '3', '');
INSERT INTO `ls_area` VALUES ('2635', '阳谷县', '237', '0', '3', '');
INSERT INTO `ls_area` VALUES ('2636', '高唐县', '237', '0', '3', '');
INSERT INTO `ls_area` VALUES ('2637', '博兴县', '238', '0', '3', '');
INSERT INTO `ls_area` VALUES ('2638', '惠民县', '238', '0', '3', '');
INSERT INTO `ls_area` VALUES ('2639', '无棣县', '238', '0', '3', '');
INSERT INTO `ls_area` VALUES ('2640', '沾化县', '238', '0', '3', '');
INSERT INTO `ls_area` VALUES ('2641', '滨城区', '238', '0', '3', '');
INSERT INTO `ls_area` VALUES ('2642', '邹平县', '238', '0', '3', '');
INSERT INTO `ls_area` VALUES ('2643', '阳信县', '238', '0', '3', '');
INSERT INTO `ls_area` VALUES ('2644', '东明县', '239', '0', '3', '');
INSERT INTO `ls_area` VALUES ('2645', '单县', '239', '0', '3', '');
INSERT INTO `ls_area` VALUES ('2646', '定陶县', '239', '0', '3', '');
INSERT INTO `ls_area` VALUES ('2647', '巨野县', '239', '0', '3', '');
INSERT INTO `ls_area` VALUES ('2648', '成武县', '239', '0', '3', '');
INSERT INTO `ls_area` VALUES ('2649', '曹县', '239', '0', '3', '');
INSERT INTO `ls_area` VALUES ('2650', '牡丹区', '239', '0', '3', '');
INSERT INTO `ls_area` VALUES ('2651', '郓城县', '239', '0', '3', '');
INSERT INTO `ls_area` VALUES ('2652', '鄄城县', '239', '0', '3', '');
INSERT INTO `ls_area` VALUES ('2653', '上街区', '240', '0', '3', '');
INSERT INTO `ls_area` VALUES ('2654', '中原区', '240', '0', '3', '');
INSERT INTO `ls_area` VALUES ('2655', '中牟县', '240', '0', '3', '');
INSERT INTO `ls_area` VALUES ('2656', '二七区', '240', '0', '3', '');
INSERT INTO `ls_area` VALUES ('2657', '巩义市', '240', '0', '3', '');
INSERT INTO `ls_area` VALUES ('2658', '惠济区', '240', '0', '3', '');
INSERT INTO `ls_area` VALUES ('2659', '新密市', '240', '0', '3', '');
INSERT INTO `ls_area` VALUES ('2660', '新郑市', '240', '0', '3', '');
INSERT INTO `ls_area` VALUES ('2661', '登封市', '240', '0', '3', '');
INSERT INTO `ls_area` VALUES ('2662', '管城回族区', '240', '0', '3', '');
INSERT INTO `ls_area` VALUES ('2663', '荥阳市', '240', '0', '3', '');
INSERT INTO `ls_area` VALUES ('2664', '金水区', '240', '0', '3', '');
INSERT INTO `ls_area` VALUES ('2665', '兰考县', '241', '0', '3', '');
INSERT INTO `ls_area` VALUES ('2666', '尉氏县', '241', '0', '3', '');
INSERT INTO `ls_area` VALUES ('2667', '开封县', '241', '0', '3', '');
INSERT INTO `ls_area` VALUES ('2668', '杞县', '241', '0', '3', '');
INSERT INTO `ls_area` VALUES ('2669', '禹王台区', '241', '0', '3', '');
INSERT INTO `ls_area` VALUES ('2670', '通许县', '241', '0', '3', '');
INSERT INTO `ls_area` VALUES ('2671', '金明区', '241', '0', '3', '');
INSERT INTO `ls_area` VALUES ('2672', '顺河回族区', '241', '0', '3', '');
INSERT INTO `ls_area` VALUES ('2673', '鼓楼区', '241', '0', '3', '');
INSERT INTO `ls_area` VALUES ('2674', '龙亭区', '241', '0', '3', '');
INSERT INTO `ls_area` VALUES ('2675', '伊川县', '242', '0', '3', '');
INSERT INTO `ls_area` VALUES ('2676', '偃师市', '242', '0', '3', '');
INSERT INTO `ls_area` VALUES ('2677', '吉利区', '242', '0', '3', '');
INSERT INTO `ls_area` VALUES ('2678', '孟津县', '242', '0', '3', '');
INSERT INTO `ls_area` VALUES ('2679', '宜阳县', '242', '0', '3', '');
INSERT INTO `ls_area` VALUES ('2680', '嵩县', '242', '0', '3', '');
INSERT INTO `ls_area` VALUES ('2681', '新安县', '242', '0', '3', '');
INSERT INTO `ls_area` VALUES ('2682', '栾川县', '242', '0', '3', '');
INSERT INTO `ls_area` VALUES ('2683', '汝阳县', '242', '0', '3', '');
INSERT INTO `ls_area` VALUES ('2684', '洛宁县', '242', '0', '3', '');
INSERT INTO `ls_area` VALUES ('2685', '洛龙区', '242', '0', '3', '');
INSERT INTO `ls_area` VALUES ('2686', '涧西区', '242', '0', '3', '');
INSERT INTO `ls_area` VALUES ('2687', '瀍河回族区', '242', '0', '3', '');
INSERT INTO `ls_area` VALUES ('2688', '老城区', '242', '0', '3', '');
INSERT INTO `ls_area` VALUES ('2689', '西工区', '242', '0', '3', '');
INSERT INTO `ls_area` VALUES ('2690', '卫东区', '243', '0', '3', '');
INSERT INTO `ls_area` VALUES ('2691', '叶县', '243', '0', '3', '');
INSERT INTO `ls_area` VALUES ('2692', '宝丰县', '243', '0', '3', '');
INSERT INTO `ls_area` VALUES ('2693', '新华区', '243', '0', '3', '');
INSERT INTO `ls_area` VALUES ('2694', '汝州市', '243', '0', '3', '');
INSERT INTO `ls_area` VALUES ('2695', '湛河区', '243', '0', '3', '');
INSERT INTO `ls_area` VALUES ('2696', '石龙区', '243', '0', '3', '');
INSERT INTO `ls_area` VALUES ('2697', '舞钢市', '243', '0', '3', '');
INSERT INTO `ls_area` VALUES ('2698', '郏县', '243', '0', '3', '');
INSERT INTO `ls_area` VALUES ('2699', '鲁山县', '243', '0', '3', '');
INSERT INTO `ls_area` VALUES ('2700', '内黄县', '244', '0', '3', '');
INSERT INTO `ls_area` VALUES ('2701', '北关区', '244', '0', '3', '');
INSERT INTO `ls_area` VALUES ('2702', '安阳县', '244', '0', '3', '');
INSERT INTO `ls_area` VALUES ('2703', '文峰区', '244', '0', '3', '');
INSERT INTO `ls_area` VALUES ('2704', '林州市', '244', '0', '3', '');
INSERT INTO `ls_area` VALUES ('2705', '殷都区', '244', '0', '3', '');
INSERT INTO `ls_area` VALUES ('2706', '汤阴县', '244', '0', '3', '');
INSERT INTO `ls_area` VALUES ('2707', '滑县', '244', '0', '3', '');
INSERT INTO `ls_area` VALUES ('2708', '龙安区', '244', '0', '3', '');
INSERT INTO `ls_area` VALUES ('2709', '山城区', '245', '0', '3', '');
INSERT INTO `ls_area` VALUES ('2710', '浚县', '245', '0', '3', '');
INSERT INTO `ls_area` VALUES ('2711', '淇县', '245', '0', '3', '');
INSERT INTO `ls_area` VALUES ('2712', '淇滨区', '245', '0', '3', '');
INSERT INTO `ls_area` VALUES ('2713', '鹤山区', '245', '0', '3', '');
INSERT INTO `ls_area` VALUES ('2714', '凤泉区', '246', '0', '3', '');
INSERT INTO `ls_area` VALUES ('2715', '卫滨区', '246', '0', '3', '');
INSERT INTO `ls_area` VALUES ('2716', '卫辉市', '246', '0', '3', '');
INSERT INTO `ls_area` VALUES ('2717', '原阳县', '246', '0', '3', '');
INSERT INTO `ls_area` VALUES ('2718', '封丘县', '246', '0', '3', '');
INSERT INTO `ls_area` VALUES ('2719', '延津县', '246', '0', '3', '');
INSERT INTO `ls_area` VALUES ('2720', '新乡县', '246', '0', '3', '');
INSERT INTO `ls_area` VALUES ('2721', '牧野区', '246', '0', '3', '');
INSERT INTO `ls_area` VALUES ('2722', '红旗区', '246', '0', '3', '');
INSERT INTO `ls_area` VALUES ('2723', '获嘉县', '246', '0', '3', '');
INSERT INTO `ls_area` VALUES ('2724', '辉县市', '246', '0', '3', '');
INSERT INTO `ls_area` VALUES ('2725', '长垣县', '246', '0', '3', '');
INSERT INTO `ls_area` VALUES ('2726', '中站区', '247', '0', '3', '');
INSERT INTO `ls_area` VALUES ('2727', '修武县', '247', '0', '3', '');
INSERT INTO `ls_area` VALUES ('2728', '博爱县', '247', '0', '3', '');
INSERT INTO `ls_area` VALUES ('2729', '孟州市', '247', '0', '3', '');
INSERT INTO `ls_area` VALUES ('2730', '山阳区', '247', '0', '3', '');
INSERT INTO `ls_area` VALUES ('2731', '武陟县', '247', '0', '3', '');
INSERT INTO `ls_area` VALUES ('2732', '沁阳市', '247', '0', '3', '');
INSERT INTO `ls_area` VALUES ('2733', '温县', '247', '0', '3', '');
INSERT INTO `ls_area` VALUES ('2734', '解放区', '247', '0', '3', '');
INSERT INTO `ls_area` VALUES ('2735', '马村区', '247', '0', '3', '');
INSERT INTO `ls_area` VALUES ('2736', '华龙区', '248', '0', '3', '');
INSERT INTO `ls_area` VALUES ('2737', '南乐县', '248', '0', '3', '');
INSERT INTO `ls_area` VALUES ('2738', '台前县', '248', '0', '3', '');
INSERT INTO `ls_area` VALUES ('2739', '清丰县', '248', '0', '3', '');
INSERT INTO `ls_area` VALUES ('2740', '濮阳县', '248', '0', '3', '');
INSERT INTO `ls_area` VALUES ('2741', '范县', '248', '0', '3', '');
INSERT INTO `ls_area` VALUES ('2742', '禹州市', '249', '0', '3', '');
INSERT INTO `ls_area` VALUES ('2743', '襄城县', '249', '0', '3', '');
INSERT INTO `ls_area` VALUES ('2744', '许昌县', '249', '0', '3', '');
INSERT INTO `ls_area` VALUES ('2745', '鄢陵县', '249', '0', '3', '');
INSERT INTO `ls_area` VALUES ('2746', '长葛市', '249', '0', '3', '');
INSERT INTO `ls_area` VALUES ('2747', '魏都区', '249', '0', '3', '');
INSERT INTO `ls_area` VALUES ('2748', '临颍县', '250', '0', '3', '');
INSERT INTO `ls_area` VALUES ('2749', '召陵区', '250', '0', '3', '');
INSERT INTO `ls_area` VALUES ('2750', '源汇区', '250', '0', '3', '');
INSERT INTO `ls_area` VALUES ('2751', '舞阳县', '250', '0', '3', '');
INSERT INTO `ls_area` VALUES ('2752', '郾城区', '250', '0', '3', '');
INSERT INTO `ls_area` VALUES ('2753', '义马市', '251', '0', '3', '');
INSERT INTO `ls_area` VALUES ('2754', '卢氏县', '251', '0', '3', '');
INSERT INTO `ls_area` VALUES ('2755', '渑池县', '251', '0', '3', '');
INSERT INTO `ls_area` VALUES ('2756', '湖滨区', '251', '0', '3', '');
INSERT INTO `ls_area` VALUES ('2757', '灵宝市', '251', '0', '3', '');
INSERT INTO `ls_area` VALUES ('2758', '陕县', '251', '0', '3', '');
INSERT INTO `ls_area` VALUES ('2759', '内乡县', '252', '0', '3', '');
INSERT INTO `ls_area` VALUES ('2760', '南召县', '252', '0', '3', '');
INSERT INTO `ls_area` VALUES ('2761', '卧龙区', '252', '0', '3', '');
INSERT INTO `ls_area` VALUES ('2762', '唐河县', '252', '0', '3', '');
INSERT INTO `ls_area` VALUES ('2763', '宛城区', '252', '0', '3', '');
INSERT INTO `ls_area` VALUES ('2764', '新野县', '252', '0', '3', '');
INSERT INTO `ls_area` VALUES ('2765', '方城县', '252', '0', '3', '');
INSERT INTO `ls_area` VALUES ('2766', '桐柏县', '252', '0', '3', '');
INSERT INTO `ls_area` VALUES ('2767', '淅川县', '252', '0', '3', '');
INSERT INTO `ls_area` VALUES ('2768', '社旗县', '252', '0', '3', '');
INSERT INTO `ls_area` VALUES ('2769', '西峡县', '252', '0', '3', '');
INSERT INTO `ls_area` VALUES ('2770', '邓州市', '252', '0', '3', '');
INSERT INTO `ls_area` VALUES ('2771', '镇平县', '252', '0', '3', '');
INSERT INTO `ls_area` VALUES ('2772', '夏邑县', '253', '0', '3', '');
INSERT INTO `ls_area` VALUES ('2773', '宁陵县', '253', '0', '3', '');
INSERT INTO `ls_area` VALUES ('2774', '柘城县', '253', '0', '3', '');
INSERT INTO `ls_area` VALUES ('2775', '民权县', '253', '0', '3', '');
INSERT INTO `ls_area` VALUES ('2776', '永城市', '253', '0', '3', '');
INSERT INTO `ls_area` VALUES ('2777', '睢县', '253', '0', '3', '');
INSERT INTO `ls_area` VALUES ('2778', '睢阳区', '253', '0', '3', '');
INSERT INTO `ls_area` VALUES ('2779', '粱园区', '253', '0', '3', '');
INSERT INTO `ls_area` VALUES ('2780', '虞城县', '253', '0', '3', '');
INSERT INTO `ls_area` VALUES ('2781', '光山县', '254', '0', '3', '');
INSERT INTO `ls_area` VALUES ('2782', '商城县', '254', '0', '3', '');
INSERT INTO `ls_area` VALUES ('2783', '固始县', '254', '0', '3', '');
INSERT INTO `ls_area` VALUES ('2784', '平桥区', '254', '0', '3', '');
INSERT INTO `ls_area` VALUES ('2785', '息县', '254', '0', '3', '');
INSERT INTO `ls_area` VALUES ('2786', '新县', '254', '0', '3', '');
INSERT INTO `ls_area` VALUES ('2787', '浉河区', '254', '0', '3', '');
INSERT INTO `ls_area` VALUES ('2788', '淮滨县', '254', '0', '3', '');
INSERT INTO `ls_area` VALUES ('2789', '潢川县', '254', '0', '3', '');
INSERT INTO `ls_area` VALUES ('2790', '罗山县', '254', '0', '3', '');
INSERT INTO `ls_area` VALUES ('2791', '商水县', '255', '0', '3', '');
INSERT INTO `ls_area` VALUES ('2792', '太康县', '255', '0', '3', '');
INSERT INTO `ls_area` VALUES ('2793', '川汇区', '255', '0', '3', '');
INSERT INTO `ls_area` VALUES ('2794', '扶沟县', '255', '0', '3', '');
INSERT INTO `ls_area` VALUES ('2795', '沈丘县', '255', '0', '3', '');
INSERT INTO `ls_area` VALUES ('2796', '淮阳县', '255', '0', '3', '');
INSERT INTO `ls_area` VALUES ('2797', '西华县', '255', '0', '3', '');
INSERT INTO `ls_area` VALUES ('2798', '郸城县', '255', '0', '3', '');
INSERT INTO `ls_area` VALUES ('2799', '项城市', '255', '0', '3', '');
INSERT INTO `ls_area` VALUES ('2800', '鹿邑县', '255', '0', '3', '');
INSERT INTO `ls_area` VALUES ('2801', '上蔡县', '256', '0', '3', '');
INSERT INTO `ls_area` VALUES ('2802', '平舆县', '256', '0', '3', '');
INSERT INTO `ls_area` VALUES ('2803', '新蔡县', '256', '0', '3', '');
INSERT INTO `ls_area` VALUES ('2804', '正阳县', '256', '0', '3', '');
INSERT INTO `ls_area` VALUES ('2805', '汝南县', '256', '0', '3', '');
INSERT INTO `ls_area` VALUES ('2806', '泌阳县', '256', '0', '3', '');
INSERT INTO `ls_area` VALUES ('2807', '确山县', '256', '0', '3', '');
INSERT INTO `ls_area` VALUES ('2808', '西平县', '256', '0', '3', '');
INSERT INTO `ls_area` VALUES ('2809', '遂平县', '256', '0', '3', '');
INSERT INTO `ls_area` VALUES ('2810', '驿城区', '256', '0', '3', '');
INSERT INTO `ls_area` VALUES ('2811', '济源市', '257', '0', '3', '');
INSERT INTO `ls_area` VALUES ('2812', '东西湖区', '258', '0', '3', '');
INSERT INTO `ls_area` VALUES ('2813', '新洲区', '258', '0', '3', '');
INSERT INTO `ls_area` VALUES ('2814', '武昌区', '258', '0', '3', '');
INSERT INTO `ls_area` VALUES ('2815', '汉南区', '258', '0', '3', '');
INSERT INTO `ls_area` VALUES ('2816', '汉阳区', '258', '0', '3', '');
INSERT INTO `ls_area` VALUES ('2817', '江夏区', '258', '0', '3', '');
INSERT INTO `ls_area` VALUES ('2818', '江岸区', '258', '0', '3', '');
INSERT INTO `ls_area` VALUES ('2819', '江汉区', '258', '0', '3', '');
INSERT INTO `ls_area` VALUES ('2820', '洪山区', '258', '0', '3', '');
INSERT INTO `ls_area` VALUES ('2821', '硚口区', '258', '0', '3', '');
INSERT INTO `ls_area` VALUES ('2822', '蔡甸区', '258', '0', '3', '');
INSERT INTO `ls_area` VALUES ('2823', '青山区', '258', '0', '3', '');
INSERT INTO `ls_area` VALUES ('2824', '黄陂区', '258', '0', '3', '');
INSERT INTO `ls_area` VALUES ('2825', '下陆区', '259', '0', '3', '');
INSERT INTO `ls_area` VALUES ('2826', '大冶市', '259', '0', '3', '');
INSERT INTO `ls_area` VALUES ('2827', '西塞山区', '259', '0', '3', '');
INSERT INTO `ls_area` VALUES ('2828', '铁山区', '259', '0', '3', '');
INSERT INTO `ls_area` VALUES ('2829', '阳新县', '259', '0', '3', '');
INSERT INTO `ls_area` VALUES ('2830', '黄石港区', '259', '0', '3', '');
INSERT INTO `ls_area` VALUES ('2831', '丹江口市', '260', '0', '3', '');
INSERT INTO `ls_area` VALUES ('2832', '张湾区', '260', '0', '3', '');
INSERT INTO `ls_area` VALUES ('2833', '房县', '260', '0', '3', '');
INSERT INTO `ls_area` VALUES ('2834', '竹山县', '260', '0', '3', '');
INSERT INTO `ls_area` VALUES ('2835', '竹溪县', '260', '0', '3', '');
INSERT INTO `ls_area` VALUES ('2836', '茅箭区', '260', '0', '3', '');
INSERT INTO `ls_area` VALUES ('2837', '郧县', '260', '0', '3', '');
INSERT INTO `ls_area` VALUES ('2838', '郧西县', '260', '0', '3', '');
INSERT INTO `ls_area` VALUES ('2839', '五峰土家族自治县', '261', '0', '3', '');
INSERT INTO `ls_area` VALUES ('2840', '伍家岗区', '261', '0', '3', '');
INSERT INTO `ls_area` VALUES ('2841', '兴山县', '261', '0', '3', '');
INSERT INTO `ls_area` VALUES ('2842', '夷陵区', '261', '0', '3', '');
INSERT INTO `ls_area` VALUES ('2843', '宜都市', '261', '0', '3', '');
INSERT INTO `ls_area` VALUES ('2844', '当阳市', '261', '0', '3', '');
INSERT INTO `ls_area` VALUES ('2845', '枝江市', '261', '0', '3', '');
INSERT INTO `ls_area` VALUES ('2846', '点军区', '261', '0', '3', '');
INSERT INTO `ls_area` VALUES ('2847', '秭归县', '261', '0', '3', '');
INSERT INTO `ls_area` VALUES ('2848', '虢亭区', '261', '0', '3', '');
INSERT INTO `ls_area` VALUES ('2849', '西陵区', '261', '0', '3', '');
INSERT INTO `ls_area` VALUES ('2850', '远安县', '261', '0', '3', '');
INSERT INTO `ls_area` VALUES ('2851', '长阳土家族自治县', '261', '0', '3', '');
INSERT INTO `ls_area` VALUES ('2852', '保康县', '262', '0', '3', '');
INSERT INTO `ls_area` VALUES ('2853', '南漳县', '262', '0', '3', '');
INSERT INTO `ls_area` VALUES ('2854', '宜城市', '262', '0', '3', '');
INSERT INTO `ls_area` VALUES ('2855', '枣阳市', '262', '0', '3', '');
INSERT INTO `ls_area` VALUES ('2856', '樊城区', '262', '0', '3', '');
INSERT INTO `ls_area` VALUES ('2857', '老河口市', '262', '0', '3', '');
INSERT INTO `ls_area` VALUES ('2858', '襄城区', '262', '0', '3', '');
INSERT INTO `ls_area` VALUES ('2859', '襄阳区', '262', '0', '3', '');
INSERT INTO `ls_area` VALUES ('2860', '谷城县', '262', '0', '3', '');
INSERT INTO `ls_area` VALUES ('2861', '华容区', '263', '0', '3', '');
INSERT INTO `ls_area` VALUES ('2862', '粱子湖', '263', '0', '3', '');
INSERT INTO `ls_area` VALUES ('2863', '鄂城区', '263', '0', '3', '');
INSERT INTO `ls_area` VALUES ('2864', '东宝区', '264', '0', '3', '');
INSERT INTO `ls_area` VALUES ('2865', '京山县', '264', '0', '3', '');
INSERT INTO `ls_area` VALUES ('2866', '掇刀区', '264', '0', '3', '');
INSERT INTO `ls_area` VALUES ('2867', '沙洋县', '264', '0', '3', '');
INSERT INTO `ls_area` VALUES ('2868', '钟祥市', '264', '0', '3', '');
INSERT INTO `ls_area` VALUES ('2869', '云梦县', '265', '0', '3', '');
INSERT INTO `ls_area` VALUES ('2870', '大悟县', '265', '0', '3', '');
INSERT INTO `ls_area` VALUES ('2871', '孝南区', '265', '0', '3', '');
INSERT INTO `ls_area` VALUES ('2872', '孝昌县', '265', '0', '3', '');
INSERT INTO `ls_area` VALUES ('2873', '安陆市', '265', '0', '3', '');
INSERT INTO `ls_area` VALUES ('2874', '应城市', '265', '0', '3', '');
INSERT INTO `ls_area` VALUES ('2875', '汉川市', '265', '0', '3', '');
INSERT INTO `ls_area` VALUES ('2876', '公安县', '266', '0', '3', '');
INSERT INTO `ls_area` VALUES ('2877', '松滋市', '266', '0', '3', '');
INSERT INTO `ls_area` VALUES ('2878', '江陵县', '266', '0', '3', '');
INSERT INTO `ls_area` VALUES ('2879', '沙市区', '266', '0', '3', '');
INSERT INTO `ls_area` VALUES ('2880', '洪湖市', '266', '0', '3', '');
INSERT INTO `ls_area` VALUES ('2881', '监利县', '266', '0', '3', '');
INSERT INTO `ls_area` VALUES ('2882', '石首市', '266', '0', '3', '');
INSERT INTO `ls_area` VALUES ('2883', '荆州区', '266', '0', '3', '');
INSERT INTO `ls_area` VALUES ('2884', '团风县', '267', '0', '3', '');
INSERT INTO `ls_area` VALUES ('2885', '武穴市', '267', '0', '3', '');
INSERT INTO `ls_area` VALUES ('2886', '浠水县', '267', '0', '3', '');
INSERT INTO `ls_area` VALUES ('2887', '红安县', '267', '0', '3', '');
INSERT INTO `ls_area` VALUES ('2888', '罗田县', '267', '0', '3', '');
INSERT INTO `ls_area` VALUES ('2889', '英山县', '267', '0', '3', '');
INSERT INTO `ls_area` VALUES ('2890', '蕲春县', '267', '0', '3', '');
INSERT INTO `ls_area` VALUES ('2891', '麻城市', '267', '0', '3', '');
INSERT INTO `ls_area` VALUES ('2892', '黄州区', '267', '0', '3', '');
INSERT INTO `ls_area` VALUES ('2893', '黄梅县', '267', '0', '3', '');
INSERT INTO `ls_area` VALUES ('2894', '咸安区', '268', '0', '3', '');
INSERT INTO `ls_area` VALUES ('2895', '嘉鱼县', '268', '0', '3', '');
INSERT INTO `ls_area` VALUES ('2896', '崇阳县', '268', '0', '3', '');
INSERT INTO `ls_area` VALUES ('2897', '赤壁市', '268', '0', '3', '');
INSERT INTO `ls_area` VALUES ('2898', '通城县', '268', '0', '3', '');
INSERT INTO `ls_area` VALUES ('2899', '通山县', '268', '0', '3', '');
INSERT INTO `ls_area` VALUES ('2900', '广水市', '269', '0', '3', '');
INSERT INTO `ls_area` VALUES ('2901', '曾都区', '269', '0', '3', '');
INSERT INTO `ls_area` VALUES ('2902', '利川市', '270', '0', '3', '');
INSERT INTO `ls_area` VALUES ('2903', '咸丰县', '270', '0', '3', '');
INSERT INTO `ls_area` VALUES ('2904', '宣恩县', '270', '0', '3', '');
INSERT INTO `ls_area` VALUES ('2905', '巴东县', '270', '0', '3', '');
INSERT INTO `ls_area` VALUES ('2906', '建始县', '270', '0', '3', '');
INSERT INTO `ls_area` VALUES ('2907', '恩施市', '270', '0', '3', '');
INSERT INTO `ls_area` VALUES ('2908', '来凤县', '270', '0', '3', '');
INSERT INTO `ls_area` VALUES ('2909', '鹤峰县', '270', '0', '3', '');
INSERT INTO `ls_area` VALUES ('2910', '仙桃市', '271', '0', '3', '');
INSERT INTO `ls_area` VALUES ('2911', '潜江市', '272', '0', '3', '');
INSERT INTO `ls_area` VALUES ('2912', '天门市', '273', '0', '3', '');
INSERT INTO `ls_area` VALUES ('2913', '神农架林区', '274', '0', '3', '');
INSERT INTO `ls_area` VALUES ('2914', '天心区', '275', '0', '3', '');
INSERT INTO `ls_area` VALUES ('2915', '宁乡县', '275', '0', '3', '');
INSERT INTO `ls_area` VALUES ('2916', '岳麓区', '275', '0', '3', '');
INSERT INTO `ls_area` VALUES ('2917', '开福区', '275', '0', '3', '');
INSERT INTO `ls_area` VALUES ('2918', '望城县', '275', '0', '3', '');
INSERT INTO `ls_area` VALUES ('2919', '浏阳市', '275', '0', '3', '');
INSERT INTO `ls_area` VALUES ('2920', '芙蓉区', '275', '0', '3', '');
INSERT INTO `ls_area` VALUES ('2921', '长沙县', '275', '0', '3', '');
INSERT INTO `ls_area` VALUES ('2922', '雨花区', '275', '0', '3', '');
INSERT INTO `ls_area` VALUES ('2923', '天元区', '276', '0', '3', '');
INSERT INTO `ls_area` VALUES ('2924', '攸县', '276', '0', '3', '');
INSERT INTO `ls_area` VALUES ('2925', '株洲县', '276', '0', '3', '');
INSERT INTO `ls_area` VALUES ('2926', '炎陵县', '276', '0', '3', '');
INSERT INTO `ls_area` VALUES ('2927', '石峰区', '276', '0', '3', '');
INSERT INTO `ls_area` VALUES ('2928', '芦淞区', '276', '0', '3', '');
INSERT INTO `ls_area` VALUES ('2929', '茶陵县', '276', '0', '3', '');
INSERT INTO `ls_area` VALUES ('2930', '荷塘区', '276', '0', '3', '');
INSERT INTO `ls_area` VALUES ('2931', '醴陵市', '276', '0', '3', '');
INSERT INTO `ls_area` VALUES ('2932', '岳塘区', '277', '0', '3', '');
INSERT INTO `ls_area` VALUES ('2933', '湘乡市', '277', '0', '3', '');
INSERT INTO `ls_area` VALUES ('2934', '湘潭县', '277', '0', '3', '');
INSERT INTO `ls_area` VALUES ('2935', '雨湖区', '277', '0', '3', '');
INSERT INTO `ls_area` VALUES ('2936', '韶山市', '277', '0', '3', '');
INSERT INTO `ls_area` VALUES ('2937', '南岳区', '278', '0', '3', '');
INSERT INTO `ls_area` VALUES ('2938', '常宁市', '278', '0', '3', '');
INSERT INTO `ls_area` VALUES ('2939', '珠晖区', '278', '0', '3', '');
INSERT INTO `ls_area` VALUES ('2940', '石鼓区', '278', '0', '3', '');
INSERT INTO `ls_area` VALUES ('2941', '祁东县', '278', '0', '3', '');
INSERT INTO `ls_area` VALUES ('2942', '耒阳市', '278', '0', '3', '');
INSERT INTO `ls_area` VALUES ('2943', '蒸湘区', '278', '0', '3', '');
INSERT INTO `ls_area` VALUES ('2944', '衡东县', '278', '0', '3', '');
INSERT INTO `ls_area` VALUES ('2945', '衡南县', '278', '0', '3', '');
INSERT INTO `ls_area` VALUES ('2946', '衡山县', '278', '0', '3', '');
INSERT INTO `ls_area` VALUES ('2947', '衡阳县', '278', '0', '3', '');
INSERT INTO `ls_area` VALUES ('2948', '雁峰区', '278', '0', '3', '');
INSERT INTO `ls_area` VALUES ('2949', '北塔区', '279', '0', '3', '');
INSERT INTO `ls_area` VALUES ('2950', '双清区', '279', '0', '3', '');
INSERT INTO `ls_area` VALUES ('2951', '城步苗族自治县', '279', '0', '3', '');
INSERT INTO `ls_area` VALUES ('2952', '大祥区', '279', '0', '3', '');
INSERT INTO `ls_area` VALUES ('2953', '新宁县', '279', '0', '3', '');
INSERT INTO `ls_area` VALUES ('2954', '新邵县', '279', '0', '3', '');
INSERT INTO `ls_area` VALUES ('2955', '武冈市', '279', '0', '3', '');
INSERT INTO `ls_area` VALUES ('2956', '洞口县', '279', '0', '3', '');
INSERT INTO `ls_area` VALUES ('2957', '绥宁县', '279', '0', '3', '');
INSERT INTO `ls_area` VALUES ('2958', '邵东县', '279', '0', '3', '');
INSERT INTO `ls_area` VALUES ('2959', '邵阳县', '279', '0', '3', '');
INSERT INTO `ls_area` VALUES ('2960', '隆回县', '279', '0', '3', '');
INSERT INTO `ls_area` VALUES ('2961', '临湘市', '280', '0', '3', '');
INSERT INTO `ls_area` VALUES ('2962', '云溪区', '280', '0', '3', '');
INSERT INTO `ls_area` VALUES ('2963', '华容县', '280', '0', '3', '');
INSERT INTO `ls_area` VALUES ('2964', '君山区', '280', '0', '3', '');
INSERT INTO `ls_area` VALUES ('2965', '岳阳县', '280', '0', '3', '');
INSERT INTO `ls_area` VALUES ('2966', '岳阳楼区', '280', '0', '3', '');
INSERT INTO `ls_area` VALUES ('2967', '平江县', '280', '0', '3', '');
INSERT INTO `ls_area` VALUES ('2968', '汨罗市', '280', '0', '3', '');
INSERT INTO `ls_area` VALUES ('2969', '湘阴县', '280', '0', '3', '');
INSERT INTO `ls_area` VALUES ('2970', '临澧县', '281', '0', '3', '');
INSERT INTO `ls_area` VALUES ('2971', '安乡县', '281', '0', '3', '');
INSERT INTO `ls_area` VALUES ('2972', '桃源县', '281', '0', '3', '');
INSERT INTO `ls_area` VALUES ('2973', '武陵区', '281', '0', '3', '');
INSERT INTO `ls_area` VALUES ('2974', '汉寿县', '281', '0', '3', '');
INSERT INTO `ls_area` VALUES ('2975', '津市市', '281', '0', '3', '');
INSERT INTO `ls_area` VALUES ('2976', '澧县', '281', '0', '3', '');
INSERT INTO `ls_area` VALUES ('2977', '石门县', '281', '0', '3', '');
INSERT INTO `ls_area` VALUES ('2978', '鼎城区', '281', '0', '3', '');
INSERT INTO `ls_area` VALUES ('2979', '慈利县', '282', '0', '3', '');
INSERT INTO `ls_area` VALUES ('2980', '桑植县', '282', '0', '3', '');
INSERT INTO `ls_area` VALUES ('2981', '武陵源区', '282', '0', '3', '');
INSERT INTO `ls_area` VALUES ('2982', '永定区', '282', '0', '3', '');
INSERT INTO `ls_area` VALUES ('2983', '南县', '283', '0', '3', '');
INSERT INTO `ls_area` VALUES ('2984', '安化县', '283', '0', '3', '');
INSERT INTO `ls_area` VALUES ('2985', '桃江县', '283', '0', '3', '');
INSERT INTO `ls_area` VALUES ('2986', '沅江市', '283', '0', '3', '');
INSERT INTO `ls_area` VALUES ('2987', '资阳区', '283', '0', '3', '');
INSERT INTO `ls_area` VALUES ('2988', '赫山区', '283', '0', '3', '');
INSERT INTO `ls_area` VALUES ('2989', '临武县', '284', '0', '3', '');
INSERT INTO `ls_area` VALUES ('2990', '北湖区', '284', '0', '3', '');
INSERT INTO `ls_area` VALUES ('2991', '嘉禾县', '284', '0', '3', '');
INSERT INTO `ls_area` VALUES ('2992', '安仁县', '284', '0', '3', '');
INSERT INTO `ls_area` VALUES ('2993', '宜章县', '284', '0', '3', '');
INSERT INTO `ls_area` VALUES ('2994', '桂东县', '284', '0', '3', '');
INSERT INTO `ls_area` VALUES ('2995', '桂阳县', '284', '0', '3', '');
INSERT INTO `ls_area` VALUES ('2996', '永兴县', '284', '0', '3', '');
INSERT INTO `ls_area` VALUES ('2997', '汝城县', '284', '0', '3', '');
INSERT INTO `ls_area` VALUES ('2998', '苏仙区', '284', '0', '3', '');
INSERT INTO `ls_area` VALUES ('2999', '资兴市', '284', '0', '3', '');
INSERT INTO `ls_area` VALUES ('3000', '东安县', '285', '0', '3', '');
INSERT INTO `ls_area` VALUES ('3001', '冷水滩区', '285', '0', '3', '');
INSERT INTO `ls_area` VALUES ('3002', '双牌县', '285', '0', '3', '');
INSERT INTO `ls_area` VALUES ('3003', '宁远县', '285', '0', '3', '');
INSERT INTO `ls_area` VALUES ('3004', '新田县', '285', '0', '3', '');
INSERT INTO `ls_area` VALUES ('3005', '江华瑶族自治县', '285', '0', '3', '');
INSERT INTO `ls_area` VALUES ('3006', '江永县', '285', '0', '3', '');
INSERT INTO `ls_area` VALUES ('3007', '祁阳县', '285', '0', '3', '');
INSERT INTO `ls_area` VALUES ('3008', '蓝山县', '285', '0', '3', '');
INSERT INTO `ls_area` VALUES ('3009', '道县', '285', '0', '3', '');
INSERT INTO `ls_area` VALUES ('3010', '零陵区', '285', '0', '3', '');
INSERT INTO `ls_area` VALUES ('3011', '中方县', '286', '0', '3', '');
INSERT INTO `ls_area` VALUES ('3012', '会同县', '286', '0', '3', '');
INSERT INTO `ls_area` VALUES ('3013', '新晃侗族自治县', '286', '0', '3', '');
INSERT INTO `ls_area` VALUES ('3014', '沅陵县', '286', '0', '3', '');
INSERT INTO `ls_area` VALUES ('3015', '洪江市/洪江区', '286', '0', '3', '');
INSERT INTO `ls_area` VALUES ('3016', '溆浦县', '286', '0', '3', '');
INSERT INTO `ls_area` VALUES ('3017', '芷江侗族自治县', '286', '0', '3', '');
INSERT INTO `ls_area` VALUES ('3018', '辰溪县', '286', '0', '3', '');
INSERT INTO `ls_area` VALUES ('3019', '通道侗族自治县', '286', '0', '3', '');
INSERT INTO `ls_area` VALUES ('3020', '靖州苗族侗族自治县', '286', '0', '3', '');
INSERT INTO `ls_area` VALUES ('3021', '鹤城区', '286', '0', '3', '');
INSERT INTO `ls_area` VALUES ('3022', '麻阳苗族自治县', '286', '0', '3', '');
INSERT INTO `ls_area` VALUES ('3023', '冷水江市', '287', '0', '3', '');
INSERT INTO `ls_area` VALUES ('3024', '双峰县', '287', '0', '3', '');
INSERT INTO `ls_area` VALUES ('3025', '娄星区', '287', '0', '3', '');
INSERT INTO `ls_area` VALUES ('3026', '新化县', '287', '0', '3', '');
INSERT INTO `ls_area` VALUES ('3027', '涟源市', '287', '0', '3', '');
INSERT INTO `ls_area` VALUES ('3028', '保靖县', '288', '0', '3', '');
INSERT INTO `ls_area` VALUES ('3029', '凤凰县', '288', '0', '3', '');
INSERT INTO `ls_area` VALUES ('3030', '古丈县', '288', '0', '3', '');
INSERT INTO `ls_area` VALUES ('3031', '吉首市', '288', '0', '3', '');
INSERT INTO `ls_area` VALUES ('3032', '永顺县', '288', '0', '3', '');
INSERT INTO `ls_area` VALUES ('3033', '泸溪县', '288', '0', '3', '');
INSERT INTO `ls_area` VALUES ('3034', '花垣县', '288', '0', '3', '');
INSERT INTO `ls_area` VALUES ('3035', '龙山县', '288', '0', '3', '');
INSERT INTO `ls_area` VALUES ('3036', '萝岗区', '289', '0', '3', '');
INSERT INTO `ls_area` VALUES ('3037', '南沙区', '289', '0', '3', '');
INSERT INTO `ls_area` VALUES ('3038', '从化市', '289', '0', '3', '');
INSERT INTO `ls_area` VALUES ('3039', '增城市', '289', '0', '3', '');
INSERT INTO `ls_area` VALUES ('3040', '天河区', '289', '0', '3', '');
INSERT INTO `ls_area` VALUES ('3041', '海珠区', '289', '0', '3', '');
INSERT INTO `ls_area` VALUES ('3042', '番禺区', '289', '0', '3', '');
INSERT INTO `ls_area` VALUES ('3043', '白云区', '289', '0', '3', '');
INSERT INTO `ls_area` VALUES ('3044', '花都区', '289', '0', '3', '');
INSERT INTO `ls_area` VALUES ('3045', '荔湾区', '289', '0', '3', '');
INSERT INTO `ls_area` VALUES ('3046', '越秀区', '289', '0', '3', '');
INSERT INTO `ls_area` VALUES ('3047', '黄埔区', '289', '0', '3', '');
INSERT INTO `ls_area` VALUES ('3048', '乐昌市', '290', '0', '3', '');
INSERT INTO `ls_area` VALUES ('3049', '乳源瑶族自治县', '290', '0', '3', '');
INSERT INTO `ls_area` VALUES ('3050', '仁化县', '290', '0', '3', '');
INSERT INTO `ls_area` VALUES ('3051', '南雄市', '290', '0', '3', '');
INSERT INTO `ls_area` VALUES ('3052', '始兴县', '290', '0', '3', '');
INSERT INTO `ls_area` VALUES ('3053', '新丰县', '290', '0', '3', '');
INSERT INTO `ls_area` VALUES ('3054', '曲江区', '290', '0', '3', '');
INSERT INTO `ls_area` VALUES ('3055', '武江区', '290', '0', '3', '');
INSERT INTO `ls_area` VALUES ('3056', '浈江区', '290', '0', '3', '');
INSERT INTO `ls_area` VALUES ('3057', '翁源县', '290', '0', '3', '');
INSERT INTO `ls_area` VALUES ('3058', '南山区', '291', '0', '3', '');
INSERT INTO `ls_area` VALUES ('3059', '宝安区', '291', '0', '3', '');
INSERT INTO `ls_area` VALUES ('3060', '盐田区', '291', '0', '3', '');
INSERT INTO `ls_area` VALUES ('3061', '福田区', '291', '0', '3', '');
INSERT INTO `ls_area` VALUES ('3062', '罗湖区', '291', '0', '3', '');
INSERT INTO `ls_area` VALUES ('3063', '龙岗区', '291', '0', '3', '');
INSERT INTO `ls_area` VALUES ('3064', '斗门区', '292', '0', '3', '');
INSERT INTO `ls_area` VALUES ('3065', '金湾区', '292', '0', '3', '');
INSERT INTO `ls_area` VALUES ('3066', '香洲区', '292', '0', '3', '');
INSERT INTO `ls_area` VALUES ('3067', '南澳县', '293', '0', '3', '');
INSERT INTO `ls_area` VALUES ('3068', '潮南区', '293', '0', '3', '');
INSERT INTO `ls_area` VALUES ('3069', '潮阳区', '293', '0', '3', '');
INSERT INTO `ls_area` VALUES ('3070', '澄海区', '293', '0', '3', '');
INSERT INTO `ls_area` VALUES ('3071', '濠江区', '293', '0', '3', '');
INSERT INTO `ls_area` VALUES ('3072', '金平区', '293', '0', '3', '');
INSERT INTO `ls_area` VALUES ('3073', '龙湖区', '293', '0', '3', '');
INSERT INTO `ls_area` VALUES ('3074', '三水区', '294', '0', '3', '');
INSERT INTO `ls_area` VALUES ('3075', '南海区', '294', '0', '3', '');
INSERT INTO `ls_area` VALUES ('3076', '禅城区', '294', '0', '3', '');
INSERT INTO `ls_area` VALUES ('3077', '顺德区', '294', '0', '3', '');
INSERT INTO `ls_area` VALUES ('3078', '高明区', '294', '0', '3', '');
INSERT INTO `ls_area` VALUES ('3079', '台山市', '295', '0', '3', '');
INSERT INTO `ls_area` VALUES ('3080', '开平市', '295', '0', '3', '');
INSERT INTO `ls_area` VALUES ('3081', '恩平市', '295', '0', '3', '');
INSERT INTO `ls_area` VALUES ('3082', '新会区', '295', '0', '3', '');
INSERT INTO `ls_area` VALUES ('3083', '江海区', '295', '0', '3', '');
INSERT INTO `ls_area` VALUES ('3084', '蓬江区', '295', '0', '3', '');
INSERT INTO `ls_area` VALUES ('3085', '鹤山市', '295', '0', '3', '');
INSERT INTO `ls_area` VALUES ('3086', '吴川市', '296', '0', '3', '');
INSERT INTO `ls_area` VALUES ('3087', '坡头区', '296', '0', '3', '');
INSERT INTO `ls_area` VALUES ('3088', '廉江市', '296', '0', '3', '');
INSERT INTO `ls_area` VALUES ('3089', '徐闻县', '296', '0', '3', '');
INSERT INTO `ls_area` VALUES ('3090', '赤坎区', '296', '0', '3', '');
INSERT INTO `ls_area` VALUES ('3091', '遂溪县', '296', '0', '3', '');
INSERT INTO `ls_area` VALUES ('3092', '雷州市', '296', '0', '3', '');
INSERT INTO `ls_area` VALUES ('3093', '霞山区', '296', '0', '3', '');
INSERT INTO `ls_area` VALUES ('3094', '麻章区', '296', '0', '3', '');
INSERT INTO `ls_area` VALUES ('3095', '信宜市', '297', '0', '3', '');
INSERT INTO `ls_area` VALUES ('3096', '化州市', '297', '0', '3', '');
INSERT INTO `ls_area` VALUES ('3097', '电白县', '297', '0', '3', '');
INSERT INTO `ls_area` VALUES ('3098', '茂南区', '297', '0', '3', '');
INSERT INTO `ls_area` VALUES ('3099', '茂港区', '297', '0', '3', '');
INSERT INTO `ls_area` VALUES ('3100', '高州市', '297', '0', '3', '');
INSERT INTO `ls_area` VALUES ('3101', '四会市', '298', '0', '3', '');
INSERT INTO `ls_area` VALUES ('3102', '封开县', '298', '0', '3', '');
INSERT INTO `ls_area` VALUES ('3103', '广宁县', '298', '0', '3', '');
INSERT INTO `ls_area` VALUES ('3104', '德庆县', '298', '0', '3', '');
INSERT INTO `ls_area` VALUES ('3105', '怀集县', '298', '0', '3', '');
INSERT INTO `ls_area` VALUES ('3106', '端州区', '298', '0', '3', '');
INSERT INTO `ls_area` VALUES ('3107', '高要市', '298', '0', '3', '');
INSERT INTO `ls_area` VALUES ('3108', '鼎湖区', '298', '0', '3', '');
INSERT INTO `ls_area` VALUES ('3109', '博罗县', '299', '0', '3', '');
INSERT INTO `ls_area` VALUES ('3110', '惠东县', '299', '0', '3', '');
INSERT INTO `ls_area` VALUES ('3111', '惠城区', '299', '0', '3', '');
INSERT INTO `ls_area` VALUES ('3112', '惠阳区', '299', '0', '3', '');
INSERT INTO `ls_area` VALUES ('3113', '龙门县', '299', '0', '3', '');
INSERT INTO `ls_area` VALUES ('3114', '丰顺县', '300', '0', '3', '');
INSERT INTO `ls_area` VALUES ('3115', '五华县', '300', '0', '3', '');
INSERT INTO `ls_area` VALUES ('3116', '兴宁市', '300', '0', '3', '');
INSERT INTO `ls_area` VALUES ('3117', '大埔县', '300', '0', '3', '');
INSERT INTO `ls_area` VALUES ('3118', '平远县', '300', '0', '3', '');
INSERT INTO `ls_area` VALUES ('3119', '梅县', '300', '0', '3', '');
INSERT INTO `ls_area` VALUES ('3120', '梅江区', '300', '0', '3', '');
INSERT INTO `ls_area` VALUES ('3121', '蕉岭县', '300', '0', '3', '');
INSERT INTO `ls_area` VALUES ('3122', '城区', '301', '0', '3', '');
INSERT INTO `ls_area` VALUES ('3123', '海丰县', '301', '0', '3', '');
INSERT INTO `ls_area` VALUES ('3124', '陆丰市', '301', '0', '3', '');
INSERT INTO `ls_area` VALUES ('3125', '陆河县', '301', '0', '3', '');
INSERT INTO `ls_area` VALUES ('3126', '东源县', '302', '0', '3', '');
INSERT INTO `ls_area` VALUES ('3127', '和平县', '302', '0', '3', '');
INSERT INTO `ls_area` VALUES ('3128', '源城区', '302', '0', '3', '');
INSERT INTO `ls_area` VALUES ('3129', '紫金县', '302', '0', '3', '');
INSERT INTO `ls_area` VALUES ('3130', '连平县', '302', '0', '3', '');
INSERT INTO `ls_area` VALUES ('3131', '龙川县', '302', '0', '3', '');
INSERT INTO `ls_area` VALUES ('3132', '江城区', '303', '0', '3', '');
INSERT INTO `ls_area` VALUES ('3133', '阳东县', '303', '0', '3', '');
INSERT INTO `ls_area` VALUES ('3134', '阳春市', '303', '0', '3', '');
INSERT INTO `ls_area` VALUES ('3135', '阳西县', '303', '0', '3', '');
INSERT INTO `ls_area` VALUES ('3136', '佛冈县', '304', '0', '3', '');
INSERT INTO `ls_area` VALUES ('3137', '清城区', '304', '0', '3', '');
INSERT INTO `ls_area` VALUES ('3138', '清新县', '304', '0', '3', '');
INSERT INTO `ls_area` VALUES ('3139', '英德市', '304', '0', '3', '');
INSERT INTO `ls_area` VALUES ('3140', '连南瑶族自治县', '304', '0', '3', '');
INSERT INTO `ls_area` VALUES ('3141', '连山壮族瑶族自治县', '304', '0', '3', '');
INSERT INTO `ls_area` VALUES ('3142', '连州市', '304', '0', '3', '');
INSERT INTO `ls_area` VALUES ('3143', '阳山县', '304', '0', '3', '');
INSERT INTO `ls_area` VALUES ('3144', '东莞市', '305', '0', '3', '');
INSERT INTO `ls_area` VALUES ('3145', '中山市', '306', '0', '3', '');
INSERT INTO `ls_area` VALUES ('3146', '湘桥区', '307', '0', '3', '');
INSERT INTO `ls_area` VALUES ('3147', '潮安县', '307', '0', '3', '');
INSERT INTO `ls_area` VALUES ('3148', '饶平县', '307', '0', '3', '');
INSERT INTO `ls_area` VALUES ('3149', '惠来县', '308', '0', '3', '');
INSERT INTO `ls_area` VALUES ('3150', '揭东县', '308', '0', '3', '');
INSERT INTO `ls_area` VALUES ('3151', '揭西县', '308', '0', '3', '');
INSERT INTO `ls_area` VALUES ('3152', '普宁市', '308', '0', '3', '');
INSERT INTO `ls_area` VALUES ('3153', '榕城区', '308', '0', '3', '');
INSERT INTO `ls_area` VALUES ('3154', '云城区', '309', '0', '3', '');
INSERT INTO `ls_area` VALUES ('3155', '云安县', '309', '0', '3', '');
INSERT INTO `ls_area` VALUES ('3156', '新兴县', '309', '0', '3', '');
INSERT INTO `ls_area` VALUES ('3157', '罗定市', '309', '0', '3', '');
INSERT INTO `ls_area` VALUES ('3158', '郁南县', '309', '0', '3', '');
INSERT INTO `ls_area` VALUES ('3159', '上林县', '310', '0', '3', '');
INSERT INTO `ls_area` VALUES ('3160', '兴宁区', '310', '0', '3', '');
INSERT INTO `ls_area` VALUES ('3161', '宾阳县', '310', '0', '3', '');
INSERT INTO `ls_area` VALUES ('3162', '横县', '310', '0', '3', '');
INSERT INTO `ls_area` VALUES ('3163', '武鸣县', '310', '0', '3', '');
INSERT INTO `ls_area` VALUES ('3164', '江南区', '310', '0', '3', '');
INSERT INTO `ls_area` VALUES ('3165', '良庆区', '310', '0', '3', '');
INSERT INTO `ls_area` VALUES ('3166', '西乡塘区', '310', '0', '3', '');
INSERT INTO `ls_area` VALUES ('3167', '邕宁区', '310', '0', '3', '');
INSERT INTO `ls_area` VALUES ('3168', '隆安县', '310', '0', '3', '');
INSERT INTO `ls_area` VALUES ('3169', '青秀区', '310', '0', '3', '');
INSERT INTO `ls_area` VALUES ('3170', '马山县', '310', '0', '3', '');
INSERT INTO `ls_area` VALUES ('3171', '三江侗族自治县', '311', '0', '3', '');
INSERT INTO `ls_area` VALUES ('3172', '城中区', '311', '0', '3', '');
INSERT INTO `ls_area` VALUES ('3173', '柳北区', '311', '0', '3', '');
INSERT INTO `ls_area` VALUES ('3174', '柳南区', '311', '0', '3', '');
INSERT INTO `ls_area` VALUES ('3175', '柳城县', '311', '0', '3', '');
INSERT INTO `ls_area` VALUES ('3176', '柳江县', '311', '0', '3', '');
INSERT INTO `ls_area` VALUES ('3177', '融安县', '311', '0', '3', '');
INSERT INTO `ls_area` VALUES ('3178', '融水苗族自治县', '311', '0', '3', '');
INSERT INTO `ls_area` VALUES ('3179', '鱼峰区', '311', '0', '3', '');
INSERT INTO `ls_area` VALUES ('3180', '鹿寨县', '311', '0', '3', '');
INSERT INTO `ls_area` VALUES ('3181', '七星区', '312', '0', '3', '');
INSERT INTO `ls_area` VALUES ('3182', '临桂县', '312', '0', '3', '');
INSERT INTO `ls_area` VALUES ('3183', '全州县', '312', '0', '3', '');
INSERT INTO `ls_area` VALUES ('3184', '兴安县', '312', '0', '3', '');
INSERT INTO `ls_area` VALUES ('3185', '叠彩区', '312', '0', '3', '');
INSERT INTO `ls_area` VALUES ('3186', '平乐县', '312', '0', '3', '');
INSERT INTO `ls_area` VALUES ('3187', '恭城瑶族自治县', '312', '0', '3', '');
INSERT INTO `ls_area` VALUES ('3188', '永福县', '312', '0', '3', '');
INSERT INTO `ls_area` VALUES ('3189', '灌阳县', '312', '0', '3', '');
INSERT INTO `ls_area` VALUES ('3190', '灵川县', '312', '0', '3', '');
INSERT INTO `ls_area` VALUES ('3191', '秀峰区', '312', '0', '3', '');
INSERT INTO `ls_area` VALUES ('3192', '荔浦县', '312', '0', '3', '');
INSERT INTO `ls_area` VALUES ('3193', '象山区', '312', '0', '3', '');
INSERT INTO `ls_area` VALUES ('3194', '资源县', '312', '0', '3', '');
INSERT INTO `ls_area` VALUES ('3195', '阳朔县', '312', '0', '3', '');
INSERT INTO `ls_area` VALUES ('3196', '雁山区', '312', '0', '3', '');
INSERT INTO `ls_area` VALUES ('3197', '龙胜各族自治县', '312', '0', '3', '');
INSERT INTO `ls_area` VALUES ('3198', '万秀区', '313', '0', '3', '');
INSERT INTO `ls_area` VALUES ('3199', '岑溪市', '313', '0', '3', '');
INSERT INTO `ls_area` VALUES ('3200', '苍梧县', '313', '0', '3', '');
INSERT INTO `ls_area` VALUES ('3201', '蒙山县', '313', '0', '3', '');
INSERT INTO `ls_area` VALUES ('3202', '藤县', '313', '0', '3', '');
INSERT INTO `ls_area` VALUES ('3203', '蝶山区', '313', '0', '3', '');
INSERT INTO `ls_area` VALUES ('3204', '长洲区', '313', '0', '3', '');
INSERT INTO `ls_area` VALUES ('3205', '合浦县', '314', '0', '3', '');
INSERT INTO `ls_area` VALUES ('3206', '海城区', '314', '0', '3', '');
INSERT INTO `ls_area` VALUES ('3207', '铁山港区', '314', '0', '3', '');
INSERT INTO `ls_area` VALUES ('3208', '银海区', '314', '0', '3', '');
INSERT INTO `ls_area` VALUES ('3209', '上思县', '315', '0', '3', '');
INSERT INTO `ls_area` VALUES ('3210', '东兴市', '315', '0', '3', '');
INSERT INTO `ls_area` VALUES ('3211', '港口区', '315', '0', '3', '');
INSERT INTO `ls_area` VALUES ('3212', '防城区', '315', '0', '3', '');
INSERT INTO `ls_area` VALUES ('3213', '浦北县', '316', '0', '3', '');
INSERT INTO `ls_area` VALUES ('3214', '灵山县', '316', '0', '3', '');
INSERT INTO `ls_area` VALUES ('3215', '钦北区', '316', '0', '3', '');
INSERT INTO `ls_area` VALUES ('3216', '钦南区', '316', '0', '3', '');
INSERT INTO `ls_area` VALUES ('3217', '平南县', '317', '0', '3', '');
INSERT INTO `ls_area` VALUES ('3218', '桂平市', '317', '0', '3', '');
INSERT INTO `ls_area` VALUES ('3219', '港北区', '317', '0', '3', '');
INSERT INTO `ls_area` VALUES ('3220', '港南区', '317', '0', '3', '');
INSERT INTO `ls_area` VALUES ('3221', '覃塘区', '317', '0', '3', '');
INSERT INTO `ls_area` VALUES ('3222', '兴业县', '318', '0', '3', '');
INSERT INTO `ls_area` VALUES ('3223', '北流市', '318', '0', '3', '');
INSERT INTO `ls_area` VALUES ('3224', '博白县', '318', '0', '3', '');
INSERT INTO `ls_area` VALUES ('3225', '容县', '318', '0', '3', '');
INSERT INTO `ls_area` VALUES ('3226', '玉州区', '318', '0', '3', '');
INSERT INTO `ls_area` VALUES ('3227', '陆川县', '318', '0', '3', '');
INSERT INTO `ls_area` VALUES ('3228', '乐业县', '319', '0', '3', '');
INSERT INTO `ls_area` VALUES ('3229', '凌云县', '319', '0', '3', '');
INSERT INTO `ls_area` VALUES ('3230', '右江区', '319', '0', '3', '');
INSERT INTO `ls_area` VALUES ('3231', '平果县', '319', '0', '3', '');
INSERT INTO `ls_area` VALUES ('3232', '德保县', '319', '0', '3', '');
INSERT INTO `ls_area` VALUES ('3233', '田东县', '319', '0', '3', '');
INSERT INTO `ls_area` VALUES ('3234', '田林县', '319', '0', '3', '');
INSERT INTO `ls_area` VALUES ('3235', '田阳县', '319', '0', '3', '');
INSERT INTO `ls_area` VALUES ('3236', '西林县', '319', '0', '3', '');
INSERT INTO `ls_area` VALUES ('3237', '那坡县', '319', '0', '3', '');
INSERT INTO `ls_area` VALUES ('3238', '隆林各族自治县', '319', '0', '3', '');
INSERT INTO `ls_area` VALUES ('3239', '靖西县', '319', '0', '3', '');
INSERT INTO `ls_area` VALUES ('3240', '八步区', '320', '0', '3', '');
INSERT INTO `ls_area` VALUES ('3241', '富川瑶族自治县', '320', '0', '3', '');
INSERT INTO `ls_area` VALUES ('3242', '昭平县', '320', '0', '3', '');
INSERT INTO `ls_area` VALUES ('3243', '钟山县', '320', '0', '3', '');
INSERT INTO `ls_area` VALUES ('3244', '东兰县', '321', '0', '3', '');
INSERT INTO `ls_area` VALUES ('3245', '凤山县', '321', '0', '3', '');
INSERT INTO `ls_area` VALUES ('3246', '南丹县', '321', '0', '3', '');
INSERT INTO `ls_area` VALUES ('3247', '大化瑶族自治县', '321', '0', '3', '');
INSERT INTO `ls_area` VALUES ('3248', '天峨县', '321', '0', '3', '');
INSERT INTO `ls_area` VALUES ('3249', '宜州市', '321', '0', '3', '');
INSERT INTO `ls_area` VALUES ('3250', '巴马瑶族自治县', '321', '0', '3', '');
INSERT INTO `ls_area` VALUES ('3251', '环江毛南族自治县', '321', '0', '3', '');
INSERT INTO `ls_area` VALUES ('3252', '罗城仫佬族自治县', '321', '0', '3', '');
INSERT INTO `ls_area` VALUES ('3253', '都安瑶族自治县', '321', '0', '3', '');
INSERT INTO `ls_area` VALUES ('3254', '金城江区', '321', '0', '3', '');
INSERT INTO `ls_area` VALUES ('3255', '兴宾区', '322', '0', '3', '');
INSERT INTO `ls_area` VALUES ('3256', '合山市', '322', '0', '3', '');
INSERT INTO `ls_area` VALUES ('3257', '忻城县', '322', '0', '3', '');
INSERT INTO `ls_area` VALUES ('3258', '武宣县', '322', '0', '3', '');
INSERT INTO `ls_area` VALUES ('3259', '象州县', '322', '0', '3', '');
INSERT INTO `ls_area` VALUES ('3260', '金秀瑶族自治县', '322', '0', '3', '');
INSERT INTO `ls_area` VALUES ('3261', '凭祥市', '323', '0', '3', '');
INSERT INTO `ls_area` VALUES ('3262', '大新县', '323', '0', '3', '');
INSERT INTO `ls_area` VALUES ('3263', '天等县', '323', '0', '3', '');
INSERT INTO `ls_area` VALUES ('3264', '宁明县', '323', '0', '3', '');
INSERT INTO `ls_area` VALUES ('3265', '扶绥县', '323', '0', '3', '');
INSERT INTO `ls_area` VALUES ('3266', '江州区', '323', '0', '3', '');
INSERT INTO `ls_area` VALUES ('3267', '龙州县', '323', '0', '3', '');
INSERT INTO `ls_area` VALUES ('3268', '琼山区', '324', '0', '3', '');
INSERT INTO `ls_area` VALUES ('3269', '秀英区', '324', '0', '3', '');
INSERT INTO `ls_area` VALUES ('3270', '美兰区', '324', '0', '3', '');
INSERT INTO `ls_area` VALUES ('3271', '龙华区', '324', '0', '3', '');
INSERT INTO `ls_area` VALUES ('3272', '三亚市', '325', '0', '3', '');
INSERT INTO `ls_area` VALUES ('3273', '五指山市', '326', '0', '3', '');
INSERT INTO `ls_area` VALUES ('3274', '琼海市', '327', '0', '3', '');
INSERT INTO `ls_area` VALUES ('3275', '儋州市', '328', '0', '3', '');
INSERT INTO `ls_area` VALUES ('3276', '文昌市', '329', '0', '3', '');
INSERT INTO `ls_area` VALUES ('3277', '万宁市', '330', '0', '3', '');
INSERT INTO `ls_area` VALUES ('3278', '东方市', '331', '0', '3', '');
INSERT INTO `ls_area` VALUES ('3279', '定安县', '332', '0', '3', '');
INSERT INTO `ls_area` VALUES ('3280', '屯昌县', '333', '0', '3', '');
INSERT INTO `ls_area` VALUES ('3281', '澄迈县', '334', '0', '3', '');
INSERT INTO `ls_area` VALUES ('3282', '临高县', '335', '0', '3', '');
INSERT INTO `ls_area` VALUES ('3283', '白沙黎族自治县', '336', '0', '3', '');
INSERT INTO `ls_area` VALUES ('3284', '昌江黎族自治县', '337', '0', '3', '');
INSERT INTO `ls_area` VALUES ('3285', '乐东黎族自治县', '338', '0', '3', '');
INSERT INTO `ls_area` VALUES ('3286', '陵水黎族自治县', '339', '0', '3', '');
INSERT INTO `ls_area` VALUES ('3287', '保亭黎族苗族自治县', '340', '0', '3', '');
INSERT INTO `ls_area` VALUES ('3288', '琼中黎族苗族自治县', '341', '0', '3', '');
INSERT INTO `ls_area` VALUES ('4209', '双流县', '385', '0', '3', '');
INSERT INTO `ls_area` VALUES ('4210', '大邑县', '385', '0', '3', '');
INSERT INTO `ls_area` VALUES ('4211', '崇州市', '385', '0', '3', '');
INSERT INTO `ls_area` VALUES ('4212', '彭州市', '385', '0', '3', '');
INSERT INTO `ls_area` VALUES ('4213', '成华区', '385', '0', '3', '');
INSERT INTO `ls_area` VALUES ('4214', '新津县', '385', '0', '3', '');
INSERT INTO `ls_area` VALUES ('4215', '新都区', '385', '0', '3', '');
INSERT INTO `ls_area` VALUES ('4216', '武侯区', '385', '0', '3', '');
INSERT INTO `ls_area` VALUES ('4217', '温江区', '385', '0', '3', '');
INSERT INTO `ls_area` VALUES ('4218', '蒲江县', '385', '0', '3', '');
INSERT INTO `ls_area` VALUES ('4219', '邛崃市', '385', '0', '3', '');
INSERT INTO `ls_area` VALUES ('4220', '郫县', '385', '0', '3', '');
INSERT INTO `ls_area` VALUES ('4221', '都江堰市', '385', '0', '3', '');
INSERT INTO `ls_area` VALUES ('4222', '金堂县', '385', '0', '3', '');
INSERT INTO `ls_area` VALUES ('4223', '金牛区', '385', '0', '3', '');
INSERT INTO `ls_area` VALUES ('4224', '锦江区', '385', '0', '3', '');
INSERT INTO `ls_area` VALUES ('4225', '青白江区', '385', '0', '3', '');
INSERT INTO `ls_area` VALUES ('4226', '青羊区', '385', '0', '3', '');
INSERT INTO `ls_area` VALUES ('4227', '龙泉驿区', '385', '0', '3', '');
INSERT INTO `ls_area` VALUES ('4228', '大安区', '386', '0', '3', '');
INSERT INTO `ls_area` VALUES ('4229', '富顺县', '386', '0', '3', '');
INSERT INTO `ls_area` VALUES ('4230', '沿滩区', '386', '0', '3', '');
INSERT INTO `ls_area` VALUES ('4231', '自流井区', '386', '0', '3', '');
INSERT INTO `ls_area` VALUES ('4232', '荣县', '386', '0', '3', '');
INSERT INTO `ls_area` VALUES ('4233', '贡井区', '386', '0', '3', '');
INSERT INTO `ls_area` VALUES ('4234', '东区', '387', '0', '3', '');
INSERT INTO `ls_area` VALUES ('4235', '仁和区', '387', '0', '3', '');
INSERT INTO `ls_area` VALUES ('4236', '盐边县', '387', '0', '3', '');
INSERT INTO `ls_area` VALUES ('4237', '米易县', '387', '0', '3', '');
INSERT INTO `ls_area` VALUES ('4238', '西区', '387', '0', '3', '');
INSERT INTO `ls_area` VALUES ('4239', '叙永县', '388', '0', '3', '');
INSERT INTO `ls_area` VALUES ('4240', '古蔺县', '388', '0', '3', '');
INSERT INTO `ls_area` VALUES ('4241', '合江县', '388', '0', '3', '');
INSERT INTO `ls_area` VALUES ('4242', '江阳区', '388', '0', '3', '');
INSERT INTO `ls_area` VALUES ('4243', '泸县', '388', '0', '3', '');
INSERT INTO `ls_area` VALUES ('4244', '纳溪区', '388', '0', '3', '');
INSERT INTO `ls_area` VALUES ('4245', '龙马潭区', '388', '0', '3', '');
INSERT INTO `ls_area` VALUES ('4246', '中江县', '389', '0', '3', '');
INSERT INTO `ls_area` VALUES ('4247', '什邡市', '389', '0', '3', '');
INSERT INTO `ls_area` VALUES ('4248', '广汉市', '389', '0', '3', '');
INSERT INTO `ls_area` VALUES ('4249', '旌阳区', '389', '0', '3', '');
INSERT INTO `ls_area` VALUES ('4250', '绵竹市', '389', '0', '3', '');
INSERT INTO `ls_area` VALUES ('4251', '罗江县', '389', '0', '3', '');
INSERT INTO `ls_area` VALUES ('4252', '三台县', '390', '0', '3', '');
INSERT INTO `ls_area` VALUES ('4253', '北川羌族自治县', '390', '0', '3', '');
INSERT INTO `ls_area` VALUES ('4254', '安县', '390', '0', '3', '');
INSERT INTO `ls_area` VALUES ('4255', '平武县', '390', '0', '3', '');
INSERT INTO `ls_area` VALUES ('4256', '梓潼县', '390', '0', '3', '');
INSERT INTO `ls_area` VALUES ('4257', '江油市', '390', '0', '3', '');
INSERT INTO `ls_area` VALUES ('4258', '涪城区', '390', '0', '3', '');
INSERT INTO `ls_area` VALUES ('4259', '游仙区', '390', '0', '3', '');
INSERT INTO `ls_area` VALUES ('4260', '盐亭县', '390', '0', '3', '');
INSERT INTO `ls_area` VALUES ('4261', '元坝区', '391', '0', '3', '');
INSERT INTO `ls_area` VALUES ('4262', '利州区', '391', '0', '3', '');
INSERT INTO `ls_area` VALUES ('4263', '剑阁县', '391', '0', '3', '');
INSERT INTO `ls_area` VALUES ('4264', '旺苍县', '391', '0', '3', '');
INSERT INTO `ls_area` VALUES ('4265', '朝天区', '391', '0', '3', '');
INSERT INTO `ls_area` VALUES ('4266', '苍溪县', '391', '0', '3', '');
INSERT INTO `ls_area` VALUES ('4267', '青川县', '391', '0', '3', '');
INSERT INTO `ls_area` VALUES ('4268', '大英县', '392', '0', '3', '');
INSERT INTO `ls_area` VALUES ('4269', '安居区', '392', '0', '3', '');
INSERT INTO `ls_area` VALUES ('4270', '射洪县', '392', '0', '3', '');
INSERT INTO `ls_area` VALUES ('4271', '船山区', '392', '0', '3', '');
INSERT INTO `ls_area` VALUES ('4272', '蓬溪县', '392', '0', '3', '');
INSERT INTO `ls_area` VALUES ('4273', '东兴区', '393', '0', '3', '');
INSERT INTO `ls_area` VALUES ('4274', '威远县', '393', '0', '3', '');
INSERT INTO `ls_area` VALUES ('4275', '市中区', '393', '0', '3', '');
INSERT INTO `ls_area` VALUES ('4276', '资中县', '393', '0', '3', '');
INSERT INTO `ls_area` VALUES ('4277', '隆昌县', '393', '0', '3', '');
INSERT INTO `ls_area` VALUES ('4278', '五通桥区', '394', '0', '3', '');
INSERT INTO `ls_area` VALUES ('4279', '井研县', '394', '0', '3', '');
INSERT INTO `ls_area` VALUES ('4280', '夹江县', '394', '0', '3', '');
INSERT INTO `ls_area` VALUES ('4281', '峨眉山市', '394', '0', '3', '');
INSERT INTO `ls_area` VALUES ('4282', '峨边彝族自治县', '394', '0', '3', '');
INSERT INTO `ls_area` VALUES ('4283', '市中区', '394', '0', '3', '');
INSERT INTO `ls_area` VALUES ('4284', '沐川县', '394', '0', '3', '');
INSERT INTO `ls_area` VALUES ('4285', '沙湾区', '394', '0', '3', '');
INSERT INTO `ls_area` VALUES ('4286', '犍为县', '394', '0', '3', '');
INSERT INTO `ls_area` VALUES ('4287', '金口河区', '394', '0', '3', '');
INSERT INTO `ls_area` VALUES ('4288', '马边彝族自治县', '394', '0', '3', '');
INSERT INTO `ls_area` VALUES ('4289', '仪陇县', '395', '0', '3', '');
INSERT INTO `ls_area` VALUES ('4290', '南充市嘉陵区', '395', '0', '3', '');
INSERT INTO `ls_area` VALUES ('4291', '南部县', '395', '0', '3', '');
INSERT INTO `ls_area` VALUES ('4292', '嘉陵区', '395', '0', '3', '');
INSERT INTO `ls_area` VALUES ('4293', '营山县', '395', '0', '3', '');
INSERT INTO `ls_area` VALUES ('4294', '蓬安县', '395', '0', '3', '');
INSERT INTO `ls_area` VALUES ('4295', '西充县', '395', '0', '3', '');
INSERT INTO `ls_area` VALUES ('4296', '阆中市', '395', '0', '3', '');
INSERT INTO `ls_area` VALUES ('4297', '顺庆区', '395', '0', '3', '');
INSERT INTO `ls_area` VALUES ('4298', '高坪区', '395', '0', '3', '');
INSERT INTO `ls_area` VALUES ('4299', '东坡区', '396', '0', '3', '');
INSERT INTO `ls_area` VALUES ('4300', '丹棱县', '396', '0', '3', '');
INSERT INTO `ls_area` VALUES ('4301', '仁寿县', '396', '0', '3', '');
INSERT INTO `ls_area` VALUES ('4302', '彭山县', '396', '0', '3', '');
INSERT INTO `ls_area` VALUES ('4303', '洪雅县', '396', '0', '3', '');
INSERT INTO `ls_area` VALUES ('4304', '青神县', '396', '0', '3', '');
INSERT INTO `ls_area` VALUES ('4305', '兴文县', '397', '0', '3', '');
INSERT INTO `ls_area` VALUES ('4306', '南溪县', '397', '0', '3', '');
INSERT INTO `ls_area` VALUES ('4307', '宜宾县', '397', '0', '3', '');
INSERT INTO `ls_area` VALUES ('4308', '屏山县', '397', '0', '3', '');
INSERT INTO `ls_area` VALUES ('4309', '江安县', '397', '0', '3', '');
INSERT INTO `ls_area` VALUES ('4310', '珙县', '397', '0', '3', '');
INSERT INTO `ls_area` VALUES ('4311', '筠连县', '397', '0', '3', '');
INSERT INTO `ls_area` VALUES ('4312', '翠屏区', '397', '0', '3', '');
INSERT INTO `ls_area` VALUES ('4313', '长宁县', '397', '0', '3', '');
INSERT INTO `ls_area` VALUES ('4314', '高县', '397', '0', '3', '');
INSERT INTO `ls_area` VALUES ('4315', '华蓥市', '398', '0', '3', '');
INSERT INTO `ls_area` VALUES ('4316', '岳池县', '398', '0', '3', '');
INSERT INTO `ls_area` VALUES ('4317', '广安区', '398', '0', '3', '');
INSERT INTO `ls_area` VALUES ('4318', '武胜县', '398', '0', '3', '');
INSERT INTO `ls_area` VALUES ('4319', '邻水县', '398', '0', '3', '');
INSERT INTO `ls_area` VALUES ('4320', '万源市', '399', '0', '3', '');
INSERT INTO `ls_area` VALUES ('4321', '大竹县', '399', '0', '3', '');
INSERT INTO `ls_area` VALUES ('4322', '宣汉县', '399', '0', '3', '');
INSERT INTO `ls_area` VALUES ('4323', '开江县', '399', '0', '3', '');
INSERT INTO `ls_area` VALUES ('4324', '渠县', '399', '0', '3', '');
INSERT INTO `ls_area` VALUES ('4325', '达县', '399', '0', '3', '');
INSERT INTO `ls_area` VALUES ('4326', '通川区', '399', '0', '3', '');
INSERT INTO `ls_area` VALUES ('4327', '名山县', '400', '0', '3', '');
INSERT INTO `ls_area` VALUES ('4328', '天全县', '400', '0', '3', '');
INSERT INTO `ls_area` VALUES ('4329', '宝兴县', '400', '0', '3', '');
INSERT INTO `ls_area` VALUES ('4330', '汉源县', '400', '0', '3', '');
INSERT INTO `ls_area` VALUES ('4331', '石棉县', '400', '0', '3', '');
INSERT INTO `ls_area` VALUES ('4332', '芦山县', '400', '0', '3', '');
INSERT INTO `ls_area` VALUES ('4333', '荥经县', '400', '0', '3', '');
INSERT INTO `ls_area` VALUES ('4334', '雨城区', '400', '0', '3', '');
INSERT INTO `ls_area` VALUES ('4335', '南江县', '401', '0', '3', '');
INSERT INTO `ls_area` VALUES ('4336', '巴州区', '401', '0', '3', '');
INSERT INTO `ls_area` VALUES ('4337', '平昌县', '401', '0', '3', '');
INSERT INTO `ls_area` VALUES ('4338', '通江县', '401', '0', '3', '');
INSERT INTO `ls_area` VALUES ('4339', '乐至县', '402', '0', '3', '');
INSERT INTO `ls_area` VALUES ('4340', '安岳县', '402', '0', '3', '');
INSERT INTO `ls_area` VALUES ('4341', '简阳市', '402', '0', '3', '');
INSERT INTO `ls_area` VALUES ('4342', '雁江区', '402', '0', '3', '');
INSERT INTO `ls_area` VALUES ('4343', '九寨沟县', '403', '0', '3', '');
INSERT INTO `ls_area` VALUES ('4344', '壤塘县', '403', '0', '3', '');
INSERT INTO `ls_area` VALUES ('4345', '小金县', '403', '0', '3', '');
INSERT INTO `ls_area` VALUES ('4346', '松潘县', '403', '0', '3', '');
INSERT INTO `ls_area` VALUES ('4347', '汶川县', '403', '0', '3', '');
INSERT INTO `ls_area` VALUES ('4348', '理县', '403', '0', '3', '');
INSERT INTO `ls_area` VALUES ('4349', '红原县', '403', '0', '3', '');
INSERT INTO `ls_area` VALUES ('4350', '若尔盖县', '403', '0', '3', '');
INSERT INTO `ls_area` VALUES ('4351', '茂县', '403', '0', '3', '');
INSERT INTO `ls_area` VALUES ('4352', '金川县', '403', '0', '3', '');
INSERT INTO `ls_area` VALUES ('4353', '阿坝县', '403', '0', '3', '');
INSERT INTO `ls_area` VALUES ('4354', '马尔康县', '403', '0', '3', '');
INSERT INTO `ls_area` VALUES ('4355', '黑水县', '403', '0', '3', '');
INSERT INTO `ls_area` VALUES ('4356', '丹巴县', '404', '0', '3', '');
INSERT INTO `ls_area` VALUES ('4357', '乡城县', '404', '0', '3', '');
INSERT INTO `ls_area` VALUES ('4358', '巴塘县', '404', '0', '3', '');
INSERT INTO `ls_area` VALUES ('4359', '康定县', '404', '0', '3', '');
INSERT INTO `ls_area` VALUES ('4360', '得荣县', '404', '0', '3', '');
INSERT INTO `ls_area` VALUES ('4361', '德格县', '404', '0', '3', '');
INSERT INTO `ls_area` VALUES ('4362', '新龙县', '404', '0', '3', '');
INSERT INTO `ls_area` VALUES ('4363', '泸定县', '404', '0', '3', '');
INSERT INTO `ls_area` VALUES ('4364', '炉霍县', '404', '0', '3', '');
INSERT INTO `ls_area` VALUES ('4365', '理塘县', '404', '0', '3', '');
INSERT INTO `ls_area` VALUES ('4366', '甘孜县', '404', '0', '3', '');
INSERT INTO `ls_area` VALUES ('4367', '白玉县', '404', '0', '3', '');
INSERT INTO `ls_area` VALUES ('4368', '石渠县', '404', '0', '3', '');
INSERT INTO `ls_area` VALUES ('4369', '稻城县', '404', '0', '3', '');
INSERT INTO `ls_area` VALUES ('4370', '色达县', '404', '0', '3', '');
INSERT INTO `ls_area` VALUES ('4371', '道孚县', '404', '0', '3', '');
INSERT INTO `ls_area` VALUES ('4372', '雅江县', '404', '0', '3', '');
INSERT INTO `ls_area` VALUES ('4373', '会东县', '405', '0', '3', '');
INSERT INTO `ls_area` VALUES ('4374', '会理县', '405', '0', '3', '');
INSERT INTO `ls_area` VALUES ('4375', '冕宁县', '405', '0', '3', '');
INSERT INTO `ls_area` VALUES ('4376', '喜德县', '405', '0', '3', '');
INSERT INTO `ls_area` VALUES ('4377', '宁南县', '405', '0', '3', '');
INSERT INTO `ls_area` VALUES ('4378', '布拖县', '405', '0', '3', '');
INSERT INTO `ls_area` VALUES ('4379', '德昌县', '405', '0', '3', '');
INSERT INTO `ls_area` VALUES ('4380', '昭觉县', '405', '0', '3', '');
INSERT INTO `ls_area` VALUES ('4381', '普格县', '405', '0', '3', '');
INSERT INTO `ls_area` VALUES ('4382', '木里藏族自治县', '405', '0', '3', '');
INSERT INTO `ls_area` VALUES ('4383', '甘洛县', '405', '0', '3', '');
INSERT INTO `ls_area` VALUES ('4384', '盐源县', '405', '0', '3', '');
INSERT INTO `ls_area` VALUES ('4385', '美姑县', '405', '0', '3', '');
INSERT INTO `ls_area` VALUES ('4386', '西昌', '405', '0', '3', '');
INSERT INTO `ls_area` VALUES ('4387', '越西县', '405', '0', '3', '');
INSERT INTO `ls_area` VALUES ('4388', '金阳县', '405', '0', '3', '');
INSERT INTO `ls_area` VALUES ('4389', '雷波县', '405', '0', '3', '');
INSERT INTO `ls_area` VALUES ('4390', '乌当区', '406', '0', '3', '');
INSERT INTO `ls_area` VALUES ('4391', '云岩区', '406', '0', '3', '');
INSERT INTO `ls_area` VALUES ('4392', '修文县', '406', '0', '3', '');
INSERT INTO `ls_area` VALUES ('4393', '南明区', '406', '0', '3', '');
INSERT INTO `ls_area` VALUES ('4394', '小河区', '406', '0', '3', '');
INSERT INTO `ls_area` VALUES ('4395', '开阳县', '406', '0', '3', '');
INSERT INTO `ls_area` VALUES ('4396', '息烽县', '406', '0', '3', '');
INSERT INTO `ls_area` VALUES ('4397', '清镇市', '406', '0', '3', '');
INSERT INTO `ls_area` VALUES ('4398', '白云区', '406', '0', '3', '');
INSERT INTO `ls_area` VALUES ('4399', '花溪区', '406', '0', '3', '');
INSERT INTO `ls_area` VALUES ('4400', '六枝特区', '407', '0', '3', '');
INSERT INTO `ls_area` VALUES ('4401', '水城县', '407', '0', '3', '');
INSERT INTO `ls_area` VALUES ('4402', '盘县', '407', '0', '3', '');
INSERT INTO `ls_area` VALUES ('4403', '钟山区', '407', '0', '3', '');
INSERT INTO `ls_area` VALUES ('4404', '习水县', '408', '0', '3', '');
INSERT INTO `ls_area` VALUES ('4405', '仁怀市', '408', '0', '3', '');
INSERT INTO `ls_area` VALUES ('4406', '余庆县', '408', '0', '3', '');
INSERT INTO `ls_area` VALUES ('4407', '凤冈县', '408', '0', '3', '');
INSERT INTO `ls_area` VALUES ('4408', '务川仡佬族苗族自治县', '408', '0', '3', '');
INSERT INTO `ls_area` VALUES ('4409', '桐梓县', '408', '0', '3', '');
INSERT INTO `ls_area` VALUES ('4410', '正安县', '408', '0', '3', '');
INSERT INTO `ls_area` VALUES ('4411', '汇川区', '408', '0', '3', '');
INSERT INTO `ls_area` VALUES ('4412', '湄潭县', '408', '0', '3', '');
INSERT INTO `ls_area` VALUES ('4413', '红花岗区', '408', '0', '3', '');
INSERT INTO `ls_area` VALUES ('4414', '绥阳县', '408', '0', '3', '');
INSERT INTO `ls_area` VALUES ('4415', '赤水市', '408', '0', '3', '');
INSERT INTO `ls_area` VALUES ('4416', '道真仡佬族苗族自治县', '408', '0', '3', '');
INSERT INTO `ls_area` VALUES ('4417', '遵义县', '408', '0', '3', '');
INSERT INTO `ls_area` VALUES ('4418', '关岭布依族苗族自治县', '409', '0', '3', '');
INSERT INTO `ls_area` VALUES ('4419', '平坝县', '409', '0', '3', '');
INSERT INTO `ls_area` VALUES ('4420', '普定县', '409', '0', '3', '');
INSERT INTO `ls_area` VALUES ('4421', '紫云苗族布依族自治县', '409', '0', '3', '');
INSERT INTO `ls_area` VALUES ('4422', '西秀区', '409', '0', '3', '');
INSERT INTO `ls_area` VALUES ('4423', '镇宁布依族苗族自治县', '409', '0', '3', '');
INSERT INTO `ls_area` VALUES ('4424', '万山特区', '410', '0', '3', '');
INSERT INTO `ls_area` VALUES ('4425', '印江土家族苗族自治县', '410', '0', '3', '');
INSERT INTO `ls_area` VALUES ('4426', '德江县', '410', '0', '3', '');
INSERT INTO `ls_area` VALUES ('4427', '思南县', '410', '0', '3', '');
INSERT INTO `ls_area` VALUES ('4428', '松桃苗族自治县', '410', '0', '3', '');
INSERT INTO `ls_area` VALUES ('4429', '江口县', '410', '0', '3', '');
INSERT INTO `ls_area` VALUES ('4430', '沿河土家族自治县', '410', '0', '3', '');
INSERT INTO `ls_area` VALUES ('4431', '玉屏侗族自治县', '410', '0', '3', '');
INSERT INTO `ls_area` VALUES ('4432', '石阡县', '410', '0', '3', '');
INSERT INTO `ls_area` VALUES ('4433', '铜仁市', '410', '0', '3', '');
INSERT INTO `ls_area` VALUES ('4434', '兴义市', '411', '0', '3', '');
INSERT INTO `ls_area` VALUES ('4435', '兴仁县', '411', '0', '3', '');
INSERT INTO `ls_area` VALUES ('4436', '册亨县', '411', '0', '3', '');
INSERT INTO `ls_area` VALUES ('4437', '安龙县', '411', '0', '3', '');
INSERT INTO `ls_area` VALUES ('4438', '普安县', '411', '0', '3', '');
INSERT INTO `ls_area` VALUES ('4439', '晴隆县', '411', '0', '3', '');
INSERT INTO `ls_area` VALUES ('4440', '望谟县', '411', '0', '3', '');
INSERT INTO `ls_area` VALUES ('4441', '贞丰县', '411', '0', '3', '');
INSERT INTO `ls_area` VALUES ('4442', '大方县', '412', '0', '3', '');
INSERT INTO `ls_area` VALUES ('4443', '威宁彝族回族苗族自治县', '412', '0', '3', '');
INSERT INTO `ls_area` VALUES ('4444', '毕节市', '412', '0', '3', '');
INSERT INTO `ls_area` VALUES ('4445', '纳雍县', '412', '0', '3', '');
INSERT INTO `ls_area` VALUES ('4446', '织金县', '412', '0', '3', '');
INSERT INTO `ls_area` VALUES ('4447', '赫章县', '412', '0', '3', '');
INSERT INTO `ls_area` VALUES ('4448', '金沙县', '412', '0', '3', '');
INSERT INTO `ls_area` VALUES ('4449', '黔西县', '412', '0', '3', '');
INSERT INTO `ls_area` VALUES ('4450', '三穗县', '413', '0', '3', '');
INSERT INTO `ls_area` VALUES ('4451', '丹寨县', '413', '0', '3', '');
INSERT INTO `ls_area` VALUES ('4452', '从江县', '413', '0', '3', '');
INSERT INTO `ls_area` VALUES ('4453', '凯里市', '413', '0', '3', '');
INSERT INTO `ls_area` VALUES ('4454', '剑河县', '413', '0', '3', '');
INSERT INTO `ls_area` VALUES ('4455', '台江县', '413', '0', '3', '');
INSERT INTO `ls_area` VALUES ('4456', '天柱县', '413', '0', '3', '');
INSERT INTO `ls_area` VALUES ('4457', '岑巩县', '413', '0', '3', '');
INSERT INTO `ls_area` VALUES ('4458', '施秉县', '413', '0', '3', '');
INSERT INTO `ls_area` VALUES ('4459', '榕江县', '413', '0', '3', '');
INSERT INTO `ls_area` VALUES ('4460', '锦屏县', '413', '0', '3', '');
INSERT INTO `ls_area` VALUES ('4461', '镇远县', '413', '0', '3', '');
INSERT INTO `ls_area` VALUES ('4462', '雷山县', '413', '0', '3', '');
INSERT INTO `ls_area` VALUES ('4463', '麻江县', '413', '0', '3', '');
INSERT INTO `ls_area` VALUES ('4464', '黄平县', '413', '0', '3', '');
INSERT INTO `ls_area` VALUES ('4465', '黎平县', '413', '0', '3', '');
INSERT INTO `ls_area` VALUES ('4466', '三都水族自治县', '414', '0', '3', '');
INSERT INTO `ls_area` VALUES ('4467', '平塘县', '414', '0', '3', '');
INSERT INTO `ls_area` VALUES ('4468', '惠水县', '414', '0', '3', '');
INSERT INTO `ls_area` VALUES ('4469', '独山县', '414', '0', '3', '');
INSERT INTO `ls_area` VALUES ('4470', '瓮安县', '414', '0', '3', '');
INSERT INTO `ls_area` VALUES ('4471', '福泉市', '414', '0', '3', '');
INSERT INTO `ls_area` VALUES ('4472', '罗甸县', '414', '0', '3', '');
INSERT INTO `ls_area` VALUES ('4473', '荔波县', '414', '0', '3', '');
INSERT INTO `ls_area` VALUES ('4474', '贵定县', '414', '0', '3', '');
INSERT INTO `ls_area` VALUES ('4475', '都匀市', '414', '0', '3', '');
INSERT INTO `ls_area` VALUES ('4476', '长顺县', '414', '0', '3', '');
INSERT INTO `ls_area` VALUES ('4477', '龙里县', '414', '0', '3', '');
INSERT INTO `ls_area` VALUES ('4478', '东川区', '415', '0', '3', '');
INSERT INTO `ls_area` VALUES ('4479', '五华区', '415', '0', '3', '');
INSERT INTO `ls_area` VALUES ('4480', '呈贡县', '415', '0', '3', '');
INSERT INTO `ls_area` VALUES ('4481', '安宁市', '415', '0', '3', '');
INSERT INTO `ls_area` VALUES ('4482', '官渡区', '415', '0', '3', '');
INSERT INTO `ls_area` VALUES ('4483', '宜良县', '415', '0', '3', '');
INSERT INTO `ls_area` VALUES ('4484', '富民县', '415', '0', '3', '');
INSERT INTO `ls_area` VALUES ('4485', '寻甸回族彝族自治县', '415', '0', '3', '');
INSERT INTO `ls_area` VALUES ('4486', '嵩明县', '415', '0', '3', '');
INSERT INTO `ls_area` VALUES ('4487', '晋宁县', '415', '0', '3', '');
INSERT INTO `ls_area` VALUES ('4488', '盘龙区', '415', '0', '3', '');
INSERT INTO `ls_area` VALUES ('4489', '石林彝族自治县', '415', '0', '3', '');
INSERT INTO `ls_area` VALUES ('4490', '禄劝彝族苗族自治县', '415', '0', '3', '');
INSERT INTO `ls_area` VALUES ('4491', '西山区', '415', '0', '3', '');
INSERT INTO `ls_area` VALUES ('4492', '会泽县', '416', '0', '3', '');
INSERT INTO `ls_area` VALUES ('4493', '宣威市', '416', '0', '3', '');
INSERT INTO `ls_area` VALUES ('4494', '富源县', '416', '0', '3', '');
INSERT INTO `ls_area` VALUES ('4495', '师宗县', '416', '0', '3', '');
INSERT INTO `ls_area` VALUES ('4496', '沾益县', '416', '0', '3', '');
INSERT INTO `ls_area` VALUES ('4497', '罗平县', '416', '0', '3', '');
INSERT INTO `ls_area` VALUES ('4498', '陆良县', '416', '0', '3', '');
INSERT INTO `ls_area` VALUES ('4499', '马龙县', '416', '0', '3', '');
INSERT INTO `ls_area` VALUES ('4500', '麒麟区', '416', '0', '3', '');
INSERT INTO `ls_area` VALUES ('4501', '元江哈尼族彝族傣族自治县', '417', '0', '3', '');
INSERT INTO `ls_area` VALUES ('4502', '华宁县', '417', '0', '3', '');
INSERT INTO `ls_area` VALUES ('4503', '峨山彝族自治县', '417', '0', '3', '');
INSERT INTO `ls_area` VALUES ('4504', '新平彝族傣族自治县', '417', '0', '3', '');
INSERT INTO `ls_area` VALUES ('4505', '易门县', '417', '0', '3', '');
INSERT INTO `ls_area` VALUES ('4506', '江川县', '417', '0', '3', '');
INSERT INTO `ls_area` VALUES ('4507', '澄江县', '417', '0', '3', '');
INSERT INTO `ls_area` VALUES ('4508', '红塔区', '417', '0', '3', '');
INSERT INTO `ls_area` VALUES ('4509', '通海县', '417', '0', '3', '');
INSERT INTO `ls_area` VALUES ('4510', '施甸县', '418', '0', '3', '');
INSERT INTO `ls_area` VALUES ('4511', '昌宁县', '418', '0', '3', '');
INSERT INTO `ls_area` VALUES ('4512', '腾冲县', '418', '0', '3', '');
INSERT INTO `ls_area` VALUES ('4513', '隆阳区', '418', '0', '3', '');
INSERT INTO `ls_area` VALUES ('4514', '龙陵县', '418', '0', '3', '');
INSERT INTO `ls_area` VALUES ('4515', '大关县', '419', '0', '3', '');
INSERT INTO `ls_area` VALUES ('4516', '威信县', '419', '0', '3', '');
INSERT INTO `ls_area` VALUES ('4517', '巧家县', '419', '0', '3', '');
INSERT INTO `ls_area` VALUES ('4518', '彝良县', '419', '0', '3', '');
INSERT INTO `ls_area` VALUES ('4519', '昭阳区', '419', '0', '3', '');
INSERT INTO `ls_area` VALUES ('4520', '水富县', '419', '0', '3', '');
INSERT INTO `ls_area` VALUES ('4521', '永善县', '419', '0', '3', '');
INSERT INTO `ls_area` VALUES ('4522', '盐津县', '419', '0', '3', '');
INSERT INTO `ls_area` VALUES ('4523', '绥江县', '419', '0', '3', '');
INSERT INTO `ls_area` VALUES ('4524', '镇雄县', '419', '0', '3', '');
INSERT INTO `ls_area` VALUES ('4525', '鲁甸县', '419', '0', '3', '');
INSERT INTO `ls_area` VALUES ('4526', '华坪县', '420', '0', '3', '');
INSERT INTO `ls_area` VALUES ('4527', '古城区', '420', '0', '3', '');
INSERT INTO `ls_area` VALUES ('4528', '宁蒗彝族自治县', '420', '0', '3', '');
INSERT INTO `ls_area` VALUES ('4529', '永胜县', '420', '0', '3', '');
INSERT INTO `ls_area` VALUES ('4530', '玉龙纳西族自治县', '420', '0', '3', '');
INSERT INTO `ls_area` VALUES ('4531', '临翔区', '422', '0', '3', '');
INSERT INTO `ls_area` VALUES ('4532', '云县', '422', '0', '3', '');
INSERT INTO `ls_area` VALUES ('4533', '凤庆县', '422', '0', '3', '');
INSERT INTO `ls_area` VALUES ('4534', '双江拉祜族佤族布朗族傣族自治县', '422', '0', '3', '');
INSERT INTO `ls_area` VALUES ('4535', '永德县', '422', '0', '3', '');
INSERT INTO `ls_area` VALUES ('4536', '沧源佤族自治县', '422', '0', '3', '');
INSERT INTO `ls_area` VALUES ('4537', '耿马傣族佤族自治县', '422', '0', '3', '');
INSERT INTO `ls_area` VALUES ('4538', '镇康县', '422', '0', '3', '');
INSERT INTO `ls_area` VALUES ('4539', '元谋县', '423', '0', '3', '');
INSERT INTO `ls_area` VALUES ('4540', '南华县', '423', '0', '3', '');
INSERT INTO `ls_area` VALUES ('4541', '双柏县', '423', '0', '3', '');
INSERT INTO `ls_area` VALUES ('4542', '大姚县', '423', '0', '3', '');
INSERT INTO `ls_area` VALUES ('4543', '姚安县', '423', '0', '3', '');
INSERT INTO `ls_area` VALUES ('4544', '楚雄市', '423', '0', '3', '');
INSERT INTO `ls_area` VALUES ('4545', '武定县', '423', '0', '3', '');
INSERT INTO `ls_area` VALUES ('4546', '永仁县', '423', '0', '3', '');
INSERT INTO `ls_area` VALUES ('4547', '牟定县', '423', '0', '3', '');
INSERT INTO `ls_area` VALUES ('4548', '禄丰县', '423', '0', '3', '');
INSERT INTO `ls_area` VALUES ('4549', '个旧市', '424', '0', '3', '');
INSERT INTO `ls_area` VALUES ('4550', '元阳县', '424', '0', '3', '');
INSERT INTO `ls_area` VALUES ('4551', '屏边苗族自治县', '424', '0', '3', '');
INSERT INTO `ls_area` VALUES ('4552', '建水县', '424', '0', '3', '');
INSERT INTO `ls_area` VALUES ('4553', '开远市', '424', '0', '3', '');
INSERT INTO `ls_area` VALUES ('4554', '弥勒县', '424', '0', '3', '');
INSERT INTO `ls_area` VALUES ('4555', '河口瑶族自治县', '424', '0', '3', '');
INSERT INTO `ls_area` VALUES ('4556', '泸西县', '424', '0', '3', '');
INSERT INTO `ls_area` VALUES ('4557', '石屏县', '424', '0', '3', '');
INSERT INTO `ls_area` VALUES ('4558', '红河县', '424', '0', '3', '');
INSERT INTO `ls_area` VALUES ('4559', '绿春县', '424', '0', '3', '');
INSERT INTO `ls_area` VALUES ('4560', '蒙自县', '424', '0', '3', '');
INSERT INTO `ls_area` VALUES ('4561', '金平苗族瑶族傣族自治县', '424', '0', '3', '');
INSERT INTO `ls_area` VALUES ('4562', '丘北县', '425', '0', '3', '');
INSERT INTO `ls_area` VALUES ('4563', '富宁县', '425', '0', '3', '');
INSERT INTO `ls_area` VALUES ('4564', '广南县', '425', '0', '3', '');
INSERT INTO `ls_area` VALUES ('4565', '文山县', '425', '0', '3', '');
INSERT INTO `ls_area` VALUES ('4566', '砚山县', '425', '0', '3', '');
INSERT INTO `ls_area` VALUES ('4567', '西畴县', '425', '0', '3', '');
INSERT INTO `ls_area` VALUES ('4568', '马关县', '425', '0', '3', '');
INSERT INTO `ls_area` VALUES ('4569', '麻栗坡县', '425', '0', '3', '');
INSERT INTO `ls_area` VALUES ('4570', '勐海县', '426', '0', '3', '');
INSERT INTO `ls_area` VALUES ('4571', '勐腊县', '426', '0', '3', '');
INSERT INTO `ls_area` VALUES ('4572', '景洪市', '426', '0', '3', '');
INSERT INTO `ls_area` VALUES ('4573', '云龙县', '427', '0', '3', '');
INSERT INTO `ls_area` VALUES ('4574', '剑川县', '427', '0', '3', '');
INSERT INTO `ls_area` VALUES ('4575', '南涧彝族自治县', '427', '0', '3', '');
INSERT INTO `ls_area` VALUES ('4576', '大理市', '427', '0', '3', '');
INSERT INTO `ls_area` VALUES ('4577', '宾川县', '427', '0', '3', '');
INSERT INTO `ls_area` VALUES ('4578', '巍山彝族回族自治县', '427', '0', '3', '');
INSERT INTO `ls_area` VALUES ('4579', '弥渡县', '427', '0', '3', '');
INSERT INTO `ls_area` VALUES ('4580', '永平县', '427', '0', '3', '');
INSERT INTO `ls_area` VALUES ('4581', '洱源县', '427', '0', '3', '');
INSERT INTO `ls_area` VALUES ('4582', '漾濞彝族自治县', '427', '0', '3', '');
INSERT INTO `ls_area` VALUES ('4583', '祥云县', '427', '0', '3', '');
INSERT INTO `ls_area` VALUES ('4584', '鹤庆县', '427', '0', '3', '');
INSERT INTO `ls_area` VALUES ('4585', '梁河县', '428', '0', '3', '');
INSERT INTO `ls_area` VALUES ('4586', '潞西市', '428', '0', '3', '');
INSERT INTO `ls_area` VALUES ('4587', '瑞丽市', '428', '0', '3', '');
INSERT INTO `ls_area` VALUES ('4588', '盈江县', '428', '0', '3', '');
INSERT INTO `ls_area` VALUES ('4589', '陇川县', '428', '0', '3', '');
INSERT INTO `ls_area` VALUES ('4590', '德钦县', '430', '0', '3', '');
INSERT INTO `ls_area` VALUES ('4591', '维西傈僳族自治县', '430', '0', '3', '');
INSERT INTO `ls_area` VALUES ('4592', '香格里拉县', '430', '0', '3', '');
INSERT INTO `ls_area` VALUES ('4593', '城关区', '431', '0', '3', '');
INSERT INTO `ls_area` VALUES ('4594', '堆龙德庆县', '431', '0', '3', '');
INSERT INTO `ls_area` VALUES ('4595', '墨竹工卡县', '431', '0', '3', '');
INSERT INTO `ls_area` VALUES ('4596', '尼木县', '431', '0', '3', '');
INSERT INTO `ls_area` VALUES ('4597', '当雄县', '431', '0', '3', '');
INSERT INTO `ls_area` VALUES ('4598', '曲水县', '431', '0', '3', '');
INSERT INTO `ls_area` VALUES ('4599', '林周县', '431', '0', '3', '');
INSERT INTO `ls_area` VALUES ('4600', '达孜县', '431', '0', '3', '');
INSERT INTO `ls_area` VALUES ('4601', '丁青县', '432', '0', '3', '');
INSERT INTO `ls_area` VALUES ('4602', '八宿县', '432', '0', '3', '');
INSERT INTO `ls_area` VALUES ('4603', '察雅县', '432', '0', '3', '');
INSERT INTO `ls_area` VALUES ('4604', '左贡县', '432', '0', '3', '');
INSERT INTO `ls_area` VALUES ('4605', '昌都县', '432', '0', '3', '');
INSERT INTO `ls_area` VALUES ('4606', '江达县', '432', '0', '3', '');
INSERT INTO `ls_area` VALUES ('4607', '洛隆县', '432', '0', '3', '');
INSERT INTO `ls_area` VALUES ('4608', '类乌齐县', '432', '0', '3', '');
INSERT INTO `ls_area` VALUES ('4609', '芒康县', '432', '0', '3', '');
INSERT INTO `ls_area` VALUES ('4610', '贡觉县', '432', '0', '3', '');
INSERT INTO `ls_area` VALUES ('4611', '边坝县', '432', '0', '3', '');
INSERT INTO `ls_area` VALUES ('4612', '乃东县', '433', '0', '3', '');
INSERT INTO `ls_area` VALUES ('4613', '加查县', '433', '0', '3', '');
INSERT INTO `ls_area` VALUES ('4614', '扎囊县', '433', '0', '3', '');
INSERT INTO `ls_area` VALUES ('4615', '措美县', '433', '0', '3', '');
INSERT INTO `ls_area` VALUES ('4616', '曲松县', '433', '0', '3', '');
INSERT INTO `ls_area` VALUES ('4617', '桑日县', '433', '0', '3', '');
INSERT INTO `ls_area` VALUES ('4618', '洛扎县', '433', '0', '3', '');
INSERT INTO `ls_area` VALUES ('4619', '浪卡子县', '433', '0', '3', '');
INSERT INTO `ls_area` VALUES ('4620', '琼结县', '433', '0', '3', '');
INSERT INTO `ls_area` VALUES ('4621', '贡嘎县', '433', '0', '3', '');
INSERT INTO `ls_area` VALUES ('4622', '错那县', '433', '0', '3', '');
INSERT INTO `ls_area` VALUES ('4623', '隆子县', '433', '0', '3', '');
INSERT INTO `ls_area` VALUES ('4624', '亚东县', '434', '0', '3', '');
INSERT INTO `ls_area` VALUES ('4625', '仁布县', '434', '0', '3', '');
INSERT INTO `ls_area` VALUES ('4626', '仲巴县', '434', '0', '3', '');
INSERT INTO `ls_area` VALUES ('4627', '南木林县', '434', '0', '3', '');
INSERT INTO `ls_area` VALUES ('4628', '吉隆县', '434', '0', '3', '');
INSERT INTO `ls_area` VALUES ('4629', '定日县', '434', '0', '3', '');
INSERT INTO `ls_area` VALUES ('4630', '定结县', '434', '0', '3', '');
INSERT INTO `ls_area` VALUES ('4631', '岗巴县', '434', '0', '3', '');
INSERT INTO `ls_area` VALUES ('4632', '康马县', '434', '0', '3', '');
INSERT INTO `ls_area` VALUES ('4633', '拉孜县', '434', '0', '3', '');
INSERT INTO `ls_area` VALUES ('4634', '日喀则市', '434', '0', '3', '');
INSERT INTO `ls_area` VALUES ('4635', '昂仁县', '434', '0', '3', '');
INSERT INTO `ls_area` VALUES ('4636', '江孜县', '434', '0', '3', '');
INSERT INTO `ls_area` VALUES ('4637', '白朗县', '434', '0', '3', '');
INSERT INTO `ls_area` VALUES ('4638', '聂拉木县', '434', '0', '3', '');
INSERT INTO `ls_area` VALUES ('4639', '萨嘎县', '434', '0', '3', '');
INSERT INTO `ls_area` VALUES ('4640', '萨迦县', '434', '0', '3', '');
INSERT INTO `ls_area` VALUES ('4641', '谢通门县', '434', '0', '3', '');
INSERT INTO `ls_area` VALUES ('4642', '嘉黎县', '435', '0', '3', '');
INSERT INTO `ls_area` VALUES ('4643', '安多县', '435', '0', '3', '');
INSERT INTO `ls_area` VALUES ('4644', '尼玛县', '435', '0', '3', '');
INSERT INTO `ls_area` VALUES ('4645', '巴青县', '435', '0', '3', '');
INSERT INTO `ls_area` VALUES ('4646', '比如县', '435', '0', '3', '');
INSERT INTO `ls_area` VALUES ('4647', '班戈县', '435', '0', '3', '');
INSERT INTO `ls_area` VALUES ('4648', '申扎县', '435', '0', '3', '');
INSERT INTO `ls_area` VALUES ('4649', '索县', '435', '0', '3', '');
INSERT INTO `ls_area` VALUES ('4650', '聂荣县', '435', '0', '3', '');
INSERT INTO `ls_area` VALUES ('4651', '那曲县', '435', '0', '3', '');
INSERT INTO `ls_area` VALUES ('4652', '噶尔县', '436', '0', '3', '');
INSERT INTO `ls_area` VALUES ('4653', '措勤县', '436', '0', '3', '');
INSERT INTO `ls_area` VALUES ('4654', '改则县', '436', '0', '3', '');
INSERT INTO `ls_area` VALUES ('4655', '日土县', '436', '0', '3', '');
INSERT INTO `ls_area` VALUES ('4656', '普兰县', '436', '0', '3', '');
INSERT INTO `ls_area` VALUES ('4657', '札达县', '436', '0', '3', '');
INSERT INTO `ls_area` VALUES ('4658', '革吉县', '436', '0', '3', '');
INSERT INTO `ls_area` VALUES ('4659', '墨脱县', '437', '0', '3', '');
INSERT INTO `ls_area` VALUES ('4660', '察隅县', '437', '0', '3', '');
INSERT INTO `ls_area` VALUES ('4661', '工布江达县', '437', '0', '3', '');
INSERT INTO `ls_area` VALUES ('4662', '朗县', '437', '0', '3', '');
INSERT INTO `ls_area` VALUES ('4663', '林芝县', '437', '0', '3', '');
INSERT INTO `ls_area` VALUES ('4664', '波密县', '437', '0', '3', '');
INSERT INTO `ls_area` VALUES ('4665', '米林县', '437', '0', '3', '');
INSERT INTO `ls_area` VALUES ('4666', '临潼区', '438', '0', '3', '');
INSERT INTO `ls_area` VALUES ('4667', '周至县', '438', '0', '3', '');
INSERT INTO `ls_area` VALUES ('4668', '户县', '438', '0', '3', '');
INSERT INTO `ls_area` VALUES ('4669', '新城区', '438', '0', '3', '');
INSERT INTO `ls_area` VALUES ('4670', '未央区', '438', '0', '3', '');
INSERT INTO `ls_area` VALUES ('4671', '灞桥区', '438', '0', '3', '');
INSERT INTO `ls_area` VALUES ('4672', '碑林区', '438', '0', '3', '');
INSERT INTO `ls_area` VALUES ('4673', '莲湖区', '438', '0', '3', '');
INSERT INTO `ls_area` VALUES ('4674', '蓝田县', '438', '0', '3', '');
INSERT INTO `ls_area` VALUES ('4675', '长安区', '438', '0', '3', '');
INSERT INTO `ls_area` VALUES ('4676', '阎良区', '438', '0', '3', '');
INSERT INTO `ls_area` VALUES ('4677', '雁塔区', '438', '0', '3', '');
INSERT INTO `ls_area` VALUES ('4678', '高陵县', '438', '0', '3', '');
INSERT INTO `ls_area` VALUES ('4679', '印台区', '439', '0', '3', '');
INSERT INTO `ls_area` VALUES ('4680', '宜君县', '439', '0', '3', '');
INSERT INTO `ls_area` VALUES ('4681', '王益区', '439', '0', '3', '');
INSERT INTO `ls_area` VALUES ('4682', '耀州区', '439', '0', '3', '');
INSERT INTO `ls_area` VALUES ('4683', '凤县', '440', '0', '3', '');
INSERT INTO `ls_area` VALUES ('4684', '凤翔县', '440', '0', '3', '');
INSERT INTO `ls_area` VALUES ('4685', '千阳县', '440', '0', '3', '');
INSERT INTO `ls_area` VALUES ('4686', '太白县', '440', '0', '3', '');
INSERT INTO `ls_area` VALUES ('4687', '岐山县', '440', '0', '3', '');
INSERT INTO `ls_area` VALUES ('4688', '扶风县', '440', '0', '3', '');
INSERT INTO `ls_area` VALUES ('4689', '渭滨区', '440', '0', '3', '');
INSERT INTO `ls_area` VALUES ('4690', '眉县', '440', '0', '3', '');
INSERT INTO `ls_area` VALUES ('4691', '金台区', '440', '0', '3', '');
INSERT INTO `ls_area` VALUES ('4692', '陇县', '440', '0', '3', '');
INSERT INTO `ls_area` VALUES ('4693', '陈仓区', '440', '0', '3', '');
INSERT INTO `ls_area` VALUES ('4694', '麟游县', '440', '0', '3', '');
INSERT INTO `ls_area` VALUES ('4695', '三原县', '441', '0', '3', '');
INSERT INTO `ls_area` VALUES ('4696', '干县', '441', '0', '3', '');
INSERT INTO `ls_area` VALUES ('4697', '兴平市', '441', '0', '3', '');
INSERT INTO `ls_area` VALUES ('4698', '彬县', '441', '0', '3', '');
INSERT INTO `ls_area` VALUES ('4699', '旬邑县', '441', '0', '3', '');
INSERT INTO `ls_area` VALUES ('4700', '杨陵区', '441', '0', '3', '');
INSERT INTO `ls_area` VALUES ('4701', '武功县', '441', '0', '3', '');
INSERT INTO `ls_area` VALUES ('4702', '永寿县', '441', '0', '3', '');
INSERT INTO `ls_area` VALUES ('4703', '泾阳县', '441', '0', '3', '');
INSERT INTO `ls_area` VALUES ('4704', '淳化县', '441', '0', '3', '');
INSERT INTO `ls_area` VALUES ('4705', '渭城区', '441', '0', '3', '');
INSERT INTO `ls_area` VALUES ('4706', '礼泉县', '441', '0', '3', '');
INSERT INTO `ls_area` VALUES ('4707', '秦都区', '441', '0', '3', '');
INSERT INTO `ls_area` VALUES ('4708', '长武县', '441', '0', '3', '');
INSERT INTO `ls_area` VALUES ('4709', '临渭区', '442', '0', '3', '');
INSERT INTO `ls_area` VALUES ('4710', '华县', '442', '0', '3', '');
INSERT INTO `ls_area` VALUES ('4711', '华阴市', '442', '0', '3', '');
INSERT INTO `ls_area` VALUES ('4712', '合阳县', '442', '0', '3', '');
INSERT INTO `ls_area` VALUES ('4713', '大荔县', '442', '0', '3', '');
INSERT INTO `ls_area` VALUES ('4714', '富平县', '442', '0', '3', '');
INSERT INTO `ls_area` VALUES ('4715', '潼关县', '442', '0', '3', '');
INSERT INTO `ls_area` VALUES ('4716', '澄城县', '442', '0', '3', '');
INSERT INTO `ls_area` VALUES ('4717', '白水县', '442', '0', '3', '');
INSERT INTO `ls_area` VALUES ('4718', '蒲城县', '442', '0', '3', '');
INSERT INTO `ls_area` VALUES ('4719', '韩城市', '442', '0', '3', '');
INSERT INTO `ls_area` VALUES ('4720', '吴起县', '443', '0', '3', '');
INSERT INTO `ls_area` VALUES ('4721', '子长县', '443', '0', '3', '');
INSERT INTO `ls_area` VALUES ('4722', '安塞县', '443', '0', '3', '');
INSERT INTO `ls_area` VALUES ('4723', '宜川县', '443', '0', '3', '');
INSERT INTO `ls_area` VALUES ('4724', '宝塔区', '443', '0', '3', '');
INSERT INTO `ls_area` VALUES ('4725', '富县', '443', '0', '3', '');
INSERT INTO `ls_area` VALUES ('4726', '延川县', '443', '0', '3', '');
INSERT INTO `ls_area` VALUES ('4727', '延长县', '443', '0', '3', '');
INSERT INTO `ls_area` VALUES ('4728', '志丹县', '443', '0', '3', '');
INSERT INTO `ls_area` VALUES ('4729', '洛川县', '443', '0', '3', '');
INSERT INTO `ls_area` VALUES ('4730', '甘泉县', '443', '0', '3', '');
INSERT INTO `ls_area` VALUES ('4731', '黄陵县', '443', '0', '3', '');
INSERT INTO `ls_area` VALUES ('4732', '黄龙县', '443', '0', '3', '');
INSERT INTO `ls_area` VALUES ('4733', '佛坪县', '444', '0', '3', '');
INSERT INTO `ls_area` VALUES ('4734', '勉县', '444', '0', '3', '');
INSERT INTO `ls_area` VALUES ('4735', '南郑县', '444', '0', '3', '');
INSERT INTO `ls_area` VALUES ('4736', '城固县', '444', '0', '3', '');
INSERT INTO `ls_area` VALUES ('4737', '宁强县', '444', '0', '3', '');
INSERT INTO `ls_area` VALUES ('4738', '汉台区', '444', '0', '3', '');
INSERT INTO `ls_area` VALUES ('4739', '洋县', '444', '0', '3', '');
INSERT INTO `ls_area` VALUES ('4740', '留坝县', '444', '0', '3', '');
INSERT INTO `ls_area` VALUES ('4741', '略阳县', '444', '0', '3', '');
INSERT INTO `ls_area` VALUES ('4742', '西乡县', '444', '0', '3', '');
INSERT INTO `ls_area` VALUES ('4743', '镇巴县', '444', '0', '3', '');
INSERT INTO `ls_area` VALUES ('4744', '佳县', '445', '0', '3', '');
INSERT INTO `ls_area` VALUES ('4745', '吴堡县', '445', '0', '3', '');
INSERT INTO `ls_area` VALUES ('4746', '子洲县', '445', '0', '3', '');
INSERT INTO `ls_area` VALUES ('4747', '定边县', '445', '0', '3', '');
INSERT INTO `ls_area` VALUES ('4748', '府谷县', '445', '0', '3', '');
INSERT INTO `ls_area` VALUES ('4749', '榆林市榆阳区', '445', '0', '3', '');
INSERT INTO `ls_area` VALUES ('4750', '横山县', '445', '0', '3', '');
INSERT INTO `ls_area` VALUES ('4751', '清涧县', '445', '0', '3', '');
INSERT INTO `ls_area` VALUES ('4752', '神木县', '445', '0', '3', '');
INSERT INTO `ls_area` VALUES ('4753', '米脂县', '445', '0', '3', '');
INSERT INTO `ls_area` VALUES ('4754', '绥德县', '445', '0', '3', '');
INSERT INTO `ls_area` VALUES ('4755', '靖边县', '445', '0', '3', '');
INSERT INTO `ls_area` VALUES ('4756', '宁陕县', '446', '0', '3', '');
INSERT INTO `ls_area` VALUES ('4757', '岚皋县', '446', '0', '3', '');
INSERT INTO `ls_area` VALUES ('4758', '平利县', '446', '0', '3', '');
INSERT INTO `ls_area` VALUES ('4759', '旬阳县', '446', '0', '3', '');
INSERT INTO `ls_area` VALUES ('4760', '汉滨区', '446', '0', '3', '');
INSERT INTO `ls_area` VALUES ('4761', '汉阴县', '446', '0', '3', '');
INSERT INTO `ls_area` VALUES ('4762', '白河县', '446', '0', '3', '');
INSERT INTO `ls_area` VALUES ('4763', '石泉县', '446', '0', '3', '');
INSERT INTO `ls_area` VALUES ('4764', '紫阳县', '446', '0', '3', '');
INSERT INTO `ls_area` VALUES ('4765', '镇坪县', '446', '0', '3', '');
INSERT INTO `ls_area` VALUES ('4766', '丹凤县', '447', '0', '3', '');
INSERT INTO `ls_area` VALUES ('4767', '商南县', '447', '0', '3', '');
INSERT INTO `ls_area` VALUES ('4768', '商州区', '447', '0', '3', '');
INSERT INTO `ls_area` VALUES ('4769', '山阳县', '447', '0', '3', '');
INSERT INTO `ls_area` VALUES ('4770', '柞水县', '447', '0', '3', '');
INSERT INTO `ls_area` VALUES ('4771', '洛南县', '447', '0', '3', '');
INSERT INTO `ls_area` VALUES ('4772', '镇安县', '447', '0', '3', '');
INSERT INTO `ls_area` VALUES ('4773', '七里河区', '448', '0', '3', '');
INSERT INTO `ls_area` VALUES ('4774', '城关区', '448', '0', '3', '');
INSERT INTO `ls_area` VALUES ('4775', '安宁区', '448', '0', '3', '');
INSERT INTO `ls_area` VALUES ('4776', '榆中县', '448', '0', '3', '');
INSERT INTO `ls_area` VALUES ('4777', '永登县', '448', '0', '3', '');
INSERT INTO `ls_area` VALUES ('4778', '皋兰县', '448', '0', '3', '');
INSERT INTO `ls_area` VALUES ('4779', '红古区', '448', '0', '3', '');
INSERT INTO `ls_area` VALUES ('4780', '西固区', '448', '0', '3', '');
INSERT INTO `ls_area` VALUES ('4781', '嘉峪关市', '449', '0', '3', '');
INSERT INTO `ls_area` VALUES ('4782', '永昌县', '450', '0', '3', '');
INSERT INTO `ls_area` VALUES ('4783', '金川区', '450', '0', '3', '');
INSERT INTO `ls_area` VALUES ('4784', '会宁县', '451', '0', '3', '');
INSERT INTO `ls_area` VALUES ('4785', '平川区', '451', '0', '3', '');
INSERT INTO `ls_area` VALUES ('4786', '景泰县', '451', '0', '3', '');
INSERT INTO `ls_area` VALUES ('4787', '白银区', '451', '0', '3', '');
INSERT INTO `ls_area` VALUES ('4788', '靖远县', '451', '0', '3', '');
INSERT INTO `ls_area` VALUES ('4789', '张家川回族自治县', '452', '0', '3', '');
INSERT INTO `ls_area` VALUES ('4790', '武山县', '452', '0', '3', '');
INSERT INTO `ls_area` VALUES ('4791', '清水县', '452', '0', '3', '');
INSERT INTO `ls_area` VALUES ('4792', '甘谷县', '452', '0', '3', '');
INSERT INTO `ls_area` VALUES ('4793', '秦安县', '452', '0', '3', '');
INSERT INTO `ls_area` VALUES ('4794', '秦州区', '452', '0', '3', '');
INSERT INTO `ls_area` VALUES ('4795', '麦积区', '452', '0', '3', '');
INSERT INTO `ls_area` VALUES ('4796', '凉州区', '453', '0', '3', '');
INSERT INTO `ls_area` VALUES ('4797', '古浪县', '453', '0', '3', '');
INSERT INTO `ls_area` VALUES ('4798', '天祝藏族自治县', '453', '0', '3', '');
INSERT INTO `ls_area` VALUES ('4799', '民勤县', '453', '0', '3', '');
INSERT INTO `ls_area` VALUES ('4800', '临泽县', '454', '0', '3', '');
INSERT INTO `ls_area` VALUES ('4801', '山丹县', '454', '0', '3', '');
INSERT INTO `ls_area` VALUES ('4802', '民乐县', '454', '0', '3', '');
INSERT INTO `ls_area` VALUES ('4803', '甘州区', '454', '0', '3', '');
INSERT INTO `ls_area` VALUES ('4804', '肃南裕固族自治县', '454', '0', '3', '');
INSERT INTO `ls_area` VALUES ('4805', '高台县', '454', '0', '3', '');
INSERT INTO `ls_area` VALUES ('4806', '华亭县', '455', '0', '3', '');
INSERT INTO `ls_area` VALUES ('4807', '崆峒区', '455', '0', '3', '');
INSERT INTO `ls_area` VALUES ('4808', '崇信县', '455', '0', '3', '');
INSERT INTO `ls_area` VALUES ('4809', '庄浪县', '455', '0', '3', '');
INSERT INTO `ls_area` VALUES ('4810', '泾川县', '455', '0', '3', '');
INSERT INTO `ls_area` VALUES ('4811', '灵台县', '455', '0', '3', '');
INSERT INTO `ls_area` VALUES ('4812', '静宁县', '455', '0', '3', '');
INSERT INTO `ls_area` VALUES ('4813', '敦煌市', '456', '0', '3', '');
INSERT INTO `ls_area` VALUES ('4814', '玉门市', '456', '0', '3', '');
INSERT INTO `ls_area` VALUES ('4815', '瓜州县（原安西县）', '456', '0', '3', '');
INSERT INTO `ls_area` VALUES ('4816', '肃北蒙古族自治县', '456', '0', '3', '');
INSERT INTO `ls_area` VALUES ('4817', '肃州区', '456', '0', '3', '');
INSERT INTO `ls_area` VALUES ('4818', '金塔县', '456', '0', '3', '');
INSERT INTO `ls_area` VALUES ('4819', '阿克塞哈萨克族自治县', '456', '0', '3', '');
INSERT INTO `ls_area` VALUES ('4820', '华池县', '457', '0', '3', '');
INSERT INTO `ls_area` VALUES ('4821', '合水县', '457', '0', '3', '');
INSERT INTO `ls_area` VALUES ('4822', '宁县', '457', '0', '3', '');
INSERT INTO `ls_area` VALUES ('4823', '庆城县', '457', '0', '3', '');
INSERT INTO `ls_area` VALUES ('4824', '正宁县', '457', '0', '3', '');
INSERT INTO `ls_area` VALUES ('4825', '环县', '457', '0', '3', '');
INSERT INTO `ls_area` VALUES ('4826', '西峰区', '457', '0', '3', '');
INSERT INTO `ls_area` VALUES ('4827', '镇原县', '457', '0', '3', '');
INSERT INTO `ls_area` VALUES ('4828', '临洮县', '458', '0', '3', '');
INSERT INTO `ls_area` VALUES ('4829', '安定区', '458', '0', '3', '');
INSERT INTO `ls_area` VALUES ('4830', '岷县', '458', '0', '3', '');
INSERT INTO `ls_area` VALUES ('4831', '渭源县', '458', '0', '3', '');
INSERT INTO `ls_area` VALUES ('4832', '漳县', '458', '0', '3', '');
INSERT INTO `ls_area` VALUES ('4833', '通渭县', '458', '0', '3', '');
INSERT INTO `ls_area` VALUES ('4834', '陇西县', '458', '0', '3', '');
INSERT INTO `ls_area` VALUES ('4835', '两当县', '459', '0', '3', '');
INSERT INTO `ls_area` VALUES ('4836', '宕昌县', '459', '0', '3', '');
INSERT INTO `ls_area` VALUES ('4837', '康县', '459', '0', '3', '');
INSERT INTO `ls_area` VALUES ('4838', '徽县', '459', '0', '3', '');
INSERT INTO `ls_area` VALUES ('4839', '成县', '459', '0', '3', '');
INSERT INTO `ls_area` VALUES ('4840', '文县', '459', '0', '3', '');
INSERT INTO `ls_area` VALUES ('4841', '武都区', '459', '0', '3', '');
INSERT INTO `ls_area` VALUES ('4842', '礼县', '459', '0', '3', '');
INSERT INTO `ls_area` VALUES ('4843', '西和县', '459', '0', '3', '');
INSERT INTO `ls_area` VALUES ('4844', '东乡族自治县', '460', '0', '3', '');
INSERT INTO `ls_area` VALUES ('4845', '临夏县', '460', '0', '3', '');
INSERT INTO `ls_area` VALUES ('4846', '临夏市', '460', '0', '3', '');
INSERT INTO `ls_area` VALUES ('4847', '和政县', '460', '0', '3', '');
INSERT INTO `ls_area` VALUES ('4848', '广河县', '460', '0', '3', '');
INSERT INTO `ls_area` VALUES ('4849', '康乐县', '460', '0', '3', '');
INSERT INTO `ls_area` VALUES ('4850', '永靖县', '460', '0', '3', '');
INSERT INTO `ls_area` VALUES ('4851', '积石山保安族东乡族撒拉族自治县', '460', '0', '3', '');
INSERT INTO `ls_area` VALUES ('4852', '临潭县', '461', '0', '3', '');
INSERT INTO `ls_area` VALUES ('4853', '卓尼县', '461', '0', '3', '');
INSERT INTO `ls_area` VALUES ('4854', '合作市', '461', '0', '3', '');
INSERT INTO `ls_area` VALUES ('4855', '夏河县', '461', '0', '3', '');
INSERT INTO `ls_area` VALUES ('4856', '玛曲县', '461', '0', '3', '');
INSERT INTO `ls_area` VALUES ('4857', '碌曲县', '461', '0', '3', '');
INSERT INTO `ls_area` VALUES ('4858', '舟曲县', '461', '0', '3', '');
INSERT INTO `ls_area` VALUES ('4859', '迭部县', '461', '0', '3', '');
INSERT INTO `ls_area` VALUES ('4860', '城东区', '462', '0', '3', '');
INSERT INTO `ls_area` VALUES ('4861', '城中区', '462', '0', '3', '');
INSERT INTO `ls_area` VALUES ('4862', '城北区', '462', '0', '3', '');
INSERT INTO `ls_area` VALUES ('4863', '城西区', '462', '0', '3', '');
INSERT INTO `ls_area` VALUES ('4864', '大通回族土族自治县', '462', '0', '3', '');
INSERT INTO `ls_area` VALUES ('4865', '湟中县', '462', '0', '3', '');
INSERT INTO `ls_area` VALUES ('4866', '湟源县', '462', '0', '3', '');
INSERT INTO `ls_area` VALUES ('4867', '乐都县', '463', '0', '3', '');
INSERT INTO `ls_area` VALUES ('4868', '互助土族自治县', '463', '0', '3', '');
INSERT INTO `ls_area` VALUES ('4869', '化隆回族自治县', '463', '0', '3', '');
INSERT INTO `ls_area` VALUES ('4870', '平安县', '463', '0', '3', '');
INSERT INTO `ls_area` VALUES ('4871', '循化撒拉族自治县', '463', '0', '3', '');
INSERT INTO `ls_area` VALUES ('4872', '民和回族土族自治县', '463', '0', '3', '');
INSERT INTO `ls_area` VALUES ('4873', '刚察县', '464', '0', '3', '');
INSERT INTO `ls_area` VALUES ('4874', '海晏县', '464', '0', '3', '');
INSERT INTO `ls_area` VALUES ('4875', '祁连县', '464', '0', '3', '');
INSERT INTO `ls_area` VALUES ('4876', '门源回族自治县', '464', '0', '3', '');
INSERT INTO `ls_area` VALUES ('4877', '同仁县', '465', '0', '3', '');
INSERT INTO `ls_area` VALUES ('4878', '尖扎县', '465', '0', '3', '');
INSERT INTO `ls_area` VALUES ('4879', '河南蒙古族自治县', '465', '0', '3', '');
INSERT INTO `ls_area` VALUES ('4880', '泽库县', '465', '0', '3', '');
INSERT INTO `ls_area` VALUES ('4881', '共和县', '466', '0', '3', '');
INSERT INTO `ls_area` VALUES ('4882', '兴海县', '466', '0', '3', '');
INSERT INTO `ls_area` VALUES ('4883', '同德县', '466', '0', '3', '');
INSERT INTO `ls_area` VALUES ('4884', '贵南县', '466', '0', '3', '');
INSERT INTO `ls_area` VALUES ('4885', '贵德县', '466', '0', '3', '');
INSERT INTO `ls_area` VALUES ('4886', '久治县', '467', '0', '3', '');
INSERT INTO `ls_area` VALUES ('4887', '玛多县', '467', '0', '3', '');
INSERT INTO `ls_area` VALUES ('4888', '玛沁县', '467', '0', '3', '');
INSERT INTO `ls_area` VALUES ('4889', '班玛县', '467', '0', '3', '');
INSERT INTO `ls_area` VALUES ('4890', '甘德县', '467', '0', '3', '');
INSERT INTO `ls_area` VALUES ('4891', '达日县', '467', '0', '3', '');
INSERT INTO `ls_area` VALUES ('4892', '囊谦县', '468', '0', '3', '');
INSERT INTO `ls_area` VALUES ('4893', '曲麻莱县', '468', '0', '3', '');
INSERT INTO `ls_area` VALUES ('4894', '杂多县', '468', '0', '3', '');
INSERT INTO `ls_area` VALUES ('4895', '治多县', '468', '0', '3', '');
INSERT INTO `ls_area` VALUES ('4896', '玉树县', '468', '0', '3', '');
INSERT INTO `ls_area` VALUES ('4897', '称多县', '468', '0', '3', '');
INSERT INTO `ls_area` VALUES ('4898', '乌兰县', '469', '0', '3', '');
INSERT INTO `ls_area` VALUES ('4899', '冷湖行委', '469', '0', '3', '');
INSERT INTO `ls_area` VALUES ('4900', '大柴旦行委', '469', '0', '3', '');
INSERT INTO `ls_area` VALUES ('4901', '天峻县', '469', '0', '3', '');
INSERT INTO `ls_area` VALUES ('4902', '德令哈市', '469', '0', '3', '');
INSERT INTO `ls_area` VALUES ('4903', '格尔木市', '469', '0', '3', '');
INSERT INTO `ls_area` VALUES ('4904', '茫崖行委', '469', '0', '3', '');
INSERT INTO `ls_area` VALUES ('4905', '都兰县', '469', '0', '3', '');
INSERT INTO `ls_area` VALUES ('4906', '兴庆区', '470', '0', '3', '');
INSERT INTO `ls_area` VALUES ('4907', '永宁县', '470', '0', '3', '');
INSERT INTO `ls_area` VALUES ('4908', '灵武市', '470', '0', '3', '');
INSERT INTO `ls_area` VALUES ('4909', '西夏区', '470', '0', '3', '');
INSERT INTO `ls_area` VALUES ('4910', '贺兰县', '470', '0', '3', '');
INSERT INTO `ls_area` VALUES ('4911', '金凤区', '470', '0', '3', '');
INSERT INTO `ls_area` VALUES ('4912', '大武口区', '471', '0', '3', '');
INSERT INTO `ls_area` VALUES ('4913', '平罗县', '471', '0', '3', '');
INSERT INTO `ls_area` VALUES ('4914', '惠农区', '471', '0', '3', '');
INSERT INTO `ls_area` VALUES ('4915', '利通区', '472', '0', '3', '');
INSERT INTO `ls_area` VALUES ('4916', '同心县', '472', '0', '3', '');
INSERT INTO `ls_area` VALUES ('4917', '盐池县', '472', '0', '3', '');
INSERT INTO `ls_area` VALUES ('4918', '青铜峡市', '472', '0', '3', '');
INSERT INTO `ls_area` VALUES ('4919', '原州区', '473', '0', '3', '');
INSERT INTO `ls_area` VALUES ('4920', '彭阳县', '473', '0', '3', '');
INSERT INTO `ls_area` VALUES ('4921', '泾源县', '473', '0', '3', '');
INSERT INTO `ls_area` VALUES ('4922', '西吉县', '473', '0', '3', '');
INSERT INTO `ls_area` VALUES ('4923', '隆德县', '473', '0', '3', '');
INSERT INTO `ls_area` VALUES ('4924', '中宁县', '474', '0', '3', '');
INSERT INTO `ls_area` VALUES ('4925', '沙坡头区', '474', '0', '3', '');
INSERT INTO `ls_area` VALUES ('4926', '海原县', '474', '0', '3', '');
INSERT INTO `ls_area` VALUES ('4927', '东山区', '475', '0', '3', '');
INSERT INTO `ls_area` VALUES ('4928', '乌鲁木齐县', '475', '0', '3', '');
INSERT INTO `ls_area` VALUES ('4929', '天山区', '475', '0', '3', '');
INSERT INTO `ls_area` VALUES ('4930', '头屯河区', '475', '0', '3', '');
INSERT INTO `ls_area` VALUES ('4931', '新市区', '475', '0', '3', '');
INSERT INTO `ls_area` VALUES ('4932', '水磨沟区', '475', '0', '3', '');
INSERT INTO `ls_area` VALUES ('4933', '沙依巴克区', '475', '0', '3', '');
INSERT INTO `ls_area` VALUES ('4934', '达坂城区', '475', '0', '3', '');
INSERT INTO `ls_area` VALUES ('4935', '乌尔禾区', '476', '0', '3', '');
INSERT INTO `ls_area` VALUES ('4936', '克拉玛依区', '476', '0', '3', '');
INSERT INTO `ls_area` VALUES ('4937', '独山子区', '476', '0', '3', '');
INSERT INTO `ls_area` VALUES ('4938', '白碱滩区', '476', '0', '3', '');
INSERT INTO `ls_area` VALUES ('4939', '吐鲁番市', '477', '0', '3', '');
INSERT INTO `ls_area` VALUES ('4940', '托克逊县', '477', '0', '3', '');
INSERT INTO `ls_area` VALUES ('4941', '鄯善县', '477', '0', '3', '');
INSERT INTO `ls_area` VALUES ('4942', '伊吾县', '478', '0', '3', '');
INSERT INTO `ls_area` VALUES ('4943', '哈密市', '478', '0', '3', '');
INSERT INTO `ls_area` VALUES ('4944', '巴里坤哈萨克自治县', '478', '0', '3', '');
INSERT INTO `ls_area` VALUES ('4945', '吉木萨尔县', '479', '0', '3', '');
INSERT INTO `ls_area` VALUES ('4946', '呼图壁县', '479', '0', '3', '');
INSERT INTO `ls_area` VALUES ('4947', '奇台县', '479', '0', '3', '');
INSERT INTO `ls_area` VALUES ('4948', '昌吉市', '479', '0', '3', '');
INSERT INTO `ls_area` VALUES ('4949', '木垒哈萨克自治县', '479', '0', '3', '');
INSERT INTO `ls_area` VALUES ('4950', '玛纳斯县', '479', '0', '3', '');
INSERT INTO `ls_area` VALUES ('4951', '米泉市', '479', '0', '3', '');
INSERT INTO `ls_area` VALUES ('4952', '阜康市', '479', '0', '3', '');
INSERT INTO `ls_area` VALUES ('4953', '博乐市', '480', '0', '3', '');
INSERT INTO `ls_area` VALUES ('4954', '温泉县', '480', '0', '3', '');
INSERT INTO `ls_area` VALUES ('4955', '精河县', '480', '0', '3', '');
INSERT INTO `ls_area` VALUES ('4956', '博湖县', '481', '0', '3', '');
INSERT INTO `ls_area` VALUES ('4957', '和硕县', '481', '0', '3', '');
INSERT INTO `ls_area` VALUES ('4958', '和静县', '481', '0', '3', '');
INSERT INTO `ls_area` VALUES ('4959', '尉犁县', '481', '0', '3', '');
INSERT INTO `ls_area` VALUES ('4960', '库尔勒市', '481', '0', '3', '');
INSERT INTO `ls_area` VALUES ('4961', '焉耆回族自治县', '481', '0', '3', '');
INSERT INTO `ls_area` VALUES ('4962', '若羌县', '481', '0', '3', '');
INSERT INTO `ls_area` VALUES ('4963', '轮台县', '481', '0', '3', '');
INSERT INTO `ls_area` VALUES ('4964', '乌什县', '482', '0', '3', '');
INSERT INTO `ls_area` VALUES ('4965', '库车县', '482', '0', '3', '');
INSERT INTO `ls_area` VALUES ('4966', '拜城县', '482', '0', '3', '');
INSERT INTO `ls_area` VALUES ('4967', '新和县', '482', '0', '3', '');
INSERT INTO `ls_area` VALUES ('4968', '柯坪县', '482', '0', '3', '');
INSERT INTO `ls_area` VALUES ('4969', '沙雅县', '482', '0', '3', '');
INSERT INTO `ls_area` VALUES ('4970', '温宿县', '482', '0', '3', '');
INSERT INTO `ls_area` VALUES ('4971', '阿克苏市', '482', '0', '3', '');
INSERT INTO `ls_area` VALUES ('4972', '阿瓦提县', '482', '0', '3', '');
INSERT INTO `ls_area` VALUES ('4973', '乌恰县', '483', '0', '3', '');
INSERT INTO `ls_area` VALUES ('4974', '阿克陶县', '483', '0', '3', '');
INSERT INTO `ls_area` VALUES ('4975', '阿合奇县', '483', '0', '3', '');
INSERT INTO `ls_area` VALUES ('4976', '阿图什市', '483', '0', '3', '');
INSERT INTO `ls_area` VALUES ('4977', '伽师县', '484', '0', '3', '');
INSERT INTO `ls_area` VALUES ('4978', '叶城县', '484', '0', '3', '');
INSERT INTO `ls_area` VALUES ('4979', '喀什市', '484', '0', '3', '');
INSERT INTO `ls_area` VALUES ('4980', '塔什库尔干塔吉克自治县', '484', '0', '3', '');
INSERT INTO `ls_area` VALUES ('4981', '岳普湖县', '484', '0', '3', '');
INSERT INTO `ls_area` VALUES ('4982', '巴楚县', '484', '0', '3', '');
INSERT INTO `ls_area` VALUES ('4983', '泽普县', '484', '0', '3', '');
INSERT INTO `ls_area` VALUES ('4984', '疏勒县', '484', '0', '3', '');
INSERT INTO `ls_area` VALUES ('4985', '疏附县', '484', '0', '3', '');
INSERT INTO `ls_area` VALUES ('4986', '英吉沙县', '484', '0', '3', '');
INSERT INTO `ls_area` VALUES ('4987', '莎车县', '484', '0', '3', '');
INSERT INTO `ls_area` VALUES ('4988', '麦盖提县', '484', '0', '3', '');
INSERT INTO `ls_area` VALUES ('4989', '于田县', '485', '0', '3', '');
INSERT INTO `ls_area` VALUES ('4990', '和田县', '485', '0', '3', '');
INSERT INTO `ls_area` VALUES ('4991', '和田市', '485', '0', '3', '');
INSERT INTO `ls_area` VALUES ('4992', '墨玉县', '485', '0', '3', '');
INSERT INTO `ls_area` VALUES ('4993', '民丰县', '485', '0', '3', '');
INSERT INTO `ls_area` VALUES ('4994', '洛浦县', '485', '0', '3', '');
INSERT INTO `ls_area` VALUES ('4995', '皮山县', '485', '0', '3', '');
INSERT INTO `ls_area` VALUES ('4996', '策勒县', '485', '0', '3', '');
INSERT INTO `ls_area` VALUES ('4997', '伊宁县', '486', '0', '3', '');
INSERT INTO `ls_area` VALUES ('4998', '伊宁市', '486', '0', '3', '');
INSERT INTO `ls_area` VALUES ('4999', '奎屯市', '486', '0', '3', '');
INSERT INTO `ls_area` VALUES ('5000', '察布查尔锡伯自治县', '486', '0', '3', '');
INSERT INTO `ls_area` VALUES ('5001', '尼勒克县', '486', '0', '3', '');
INSERT INTO `ls_area` VALUES ('5002', '巩留县', '486', '0', '3', '');
INSERT INTO `ls_area` VALUES ('5003', '新源县', '486', '0', '3', '');
INSERT INTO `ls_area` VALUES ('5004', '昭苏县', '486', '0', '3', '');
INSERT INTO `ls_area` VALUES ('5005', '特克斯县', '486', '0', '3', '');
INSERT INTO `ls_area` VALUES ('5006', '霍城县', '486', '0', '3', '');
INSERT INTO `ls_area` VALUES ('5007', '乌苏市', '487', '0', '3', '');
INSERT INTO `ls_area` VALUES ('5008', '和布克赛尔蒙古自治县', '487', '0', '3', '');
INSERT INTO `ls_area` VALUES ('5009', '塔城市', '487', '0', '3', '');
INSERT INTO `ls_area` VALUES ('5010', '托里县', '487', '0', '3', '');
INSERT INTO `ls_area` VALUES ('5011', '沙湾县', '487', '0', '3', '');
INSERT INTO `ls_area` VALUES ('5012', '裕民县', '487', '0', '3', '');
INSERT INTO `ls_area` VALUES ('5013', '额敏县', '487', '0', '3', '');
INSERT INTO `ls_area` VALUES ('5014', '吉木乃县', '488', '0', '3', '');
INSERT INTO `ls_area` VALUES ('5015', '哈巴河县', '488', '0', '3', '');
INSERT INTO `ls_area` VALUES ('5016', '富蕴县', '488', '0', '3', '');
INSERT INTO `ls_area` VALUES ('5017', '布尔津县', '488', '0', '3', '');
INSERT INTO `ls_area` VALUES ('5018', '福海县', '488', '0', '3', '');
INSERT INTO `ls_area` VALUES ('5019', '阿勒泰市', '488', '0', '3', '');
INSERT INTO `ls_area` VALUES ('5020', '青河县', '488', '0', '3', '');
INSERT INTO `ls_area` VALUES ('5021', '石河子市', '489', '0', '3', '');
INSERT INTO `ls_area` VALUES ('5022', '阿拉尔市', '490', '0', '3', '');
INSERT INTO `ls_area` VALUES ('5023', '图木舒克市', '491', '0', '3', '');
INSERT INTO `ls_area` VALUES ('5024', '五家渠市', '492', '0', '3', '');
INSERT INTO `ls_area` VALUES ('45055', '海外', '35', '0', '2', '');
INSERT INTO `ls_area` VALUES ('45060', '红道乡', '1400', '0', '4', '');
INSERT INTO `ls_area` VALUES ('45061', '古坡村', '45060', '0', '5', '');
INSERT INTO `ls_area` VALUES ('45066', '太平镇', '2717', '255', '4', '');
INSERT INTO `ls_area` VALUES ('45067', '后白寨村', '45066', '255', '5', '');
INSERT INTO `ls_area` VALUES ('45068', '海勃口戈镇', '1662', '255', '4', '');
INSERT INTO `ls_area` VALUES ('45069', '双龙山村', '45068', '255', '5', '');
INSERT INTO `ls_area` VALUES ('45070', '单城镇', '2645', '255', '4', '');
INSERT INTO `ls_area` VALUES ('45071', '大路李乡', '2801', '255', '4', '');
INSERT INTO `ls_area` VALUES ('45072', '唐楼村', '45071', '255', '5', '');
INSERT INTO `ls_area` VALUES ('45073', '胡村镇', '1351', '255', '4', '');
INSERT INTO `ls_area` VALUES ('45074', '敦坊村', '45073', '255', '5', '');

-- -----------------------------
-- Table structure for `ls_arrivalnotice`
-- -----------------------------
DROP TABLE IF EXISTS `ls_arrivalnotice`;
CREATE TABLE `ls_arrivalnotice` (
  `arrivalnotice_id` int(10) unsigned NOT NULL AUTO_INCREMENT COMMENT '到货通知自增ID',
  `goods_id` int(10) unsigned NOT NULL COMMENT '商品ID',
  `goods_name` varchar(200) NOT NULL COMMENT '商品名称',
  `member_id` int(10) unsigned NOT NULL COMMENT '会员ID',
  `arrivalnotice_addtime` int(10) unsigned NOT NULL COMMENT '到货通知添加时间',
  `arrivalnotice_email` varchar(100) NOT NULL COMMENT '邮箱',
  `arrivalnotice_mobile` varchar(11) NOT NULL COMMENT '手机号',
  `arrivalnotice_type` tinyint(3) unsigned NOT NULL DEFAULT '1' COMMENT '状态 1:到货通知 2:预售',
  `arrivalnotice_state` tinyint(1) unsigned NOT NULL DEFAULT '1' COMMENT '到货通知状态 1:未通知 2:已通知',
  `arrivalnotice_time` int(10) DEFAULT '0' COMMENT '通知时间',
  PRIMARY KEY (`arrivalnotice_id`),
  KEY `member_id` (`member_id`)
) ENGINE=InnoDB DEFAULT CHARSET=utf8 COMMENT='商品到货通知表';


-- -----------------------------
-- Table structure for `ls_article`
-- -----------------------------
DROP TABLE IF EXISTS `ls_article`;
CREATE TABLE `ls_article` (
  `article_id` int(11) NOT NULL AUTO_INCREMENT COMMENT '文章自增ID',
  `ac_id` mediumint(8) unsigned NOT NULL DEFAULT '0' COMMENT '分类id',
  `article_url` varchar(100) DEFAULT NULL COMMENT '文章跳转链接',
  `article_show` tinyint(1) unsigned NOT NULL DEFAULT '1' COMMENT '文章是否显示，0为否，1为是，默认为1',
  `article_sort` tinyint(3) unsigned NOT NULL DEFAULT '255' COMMENT '文章排序',
  `article_title` varchar(100) DEFAULT NULL COMMENT '文章标题',
  `article_content` text COMMENT '内容',
  `article_time` int(10) unsigned NOT NULL DEFAULT '0' COMMENT '文章发布时间',
  `article_pic` varchar(255) NOT NULL DEFAULT '' COMMENT '文章主图',
  `article_type` int(11) NOT NULL DEFAULT '0' COMMENT '类型 默认0（0文章； 1视频）',
  PRIMARY KEY (`article_id`),
  KEY `ac_id` (`ac_id`)
) ENGINE=InnoDB AUTO_INCREMENT=50 DEFAULT CHARSET=utf8 COMMENT='文章表';

-- -----------------------------
-- Records of `ls_article`
-- -----------------------------
INSERT INTO `ls_article` VALUES ('6', '2', '', '1', '255', '如何注册成为会员', '如何注册成为会员', '1435672310', '', '0');
INSERT INTO `ls_article` VALUES ('7', '2', '', '1', '255', '如何搜索', '如何搜索', '1435672310', '', '0');
INSERT INTO `ls_article` VALUES ('8', '2', '', '1', '255', '忘记密码', '忘记密码', '1435672310', '', '0');
INSERT INTO `ls_article` VALUES ('9', '2', '', '1', '255', '我要买', '我要买', '1435672310', '', '0');
INSERT INTO `ls_article` VALUES ('10', '2', '', '1', '255', '查看已购买商品', '查看已购买商品', '1435672310', '', '0');
INSERT INTO `ls_article` VALUES ('11', '3', '', '1', '255', '如何管理店铺', '如何管理店铺', '1435672310', '', '0');
INSERT INTO `ls_article` VALUES ('12', '3', '', '1', '255', '查看售出商品', '查看售出商品', '1435672310', '', '0');
INSERT INTO `ls_article` VALUES ('13', '3', '', '1', '255', '如何发货', '如何发货', '1435672310', '', '0');
INSERT INTO `ls_article` VALUES ('14', '3', '', '1', '255', '商城商品推荐', '商城商品推荐', '1435672310', '', '0');
INSERT INTO `ls_article` VALUES ('15', '3', '', '1', '255', '如何申请开店', '如何申请开店', '1435672310', '', '0');
INSERT INTO `ls_article` VALUES ('16', '4', '', '1', '255', '如何注册支付宝', '如何注册支付宝', '1435672310', '', '0');
INSERT INTO `ls_article` VALUES ('17', '4', '', '1', '255', '在线支付', '在线支付', '1435672310', '', '0');
INSERT INTO `ls_article` VALUES ('18', '6', '', '1', '255', '会员修改密码', '会员修改密码', '1435672310', '', '0');
INSERT INTO `ls_article` VALUES ('19', '6', '', '1', '255', '会员修改个人资料', '会员修改个人资料', '1435672310', '', '0');
INSERT INTO `ls_article` VALUES ('20', '6', '', '1', '255', '商品发布', '商品发布', '1435672310', '', '0');
INSERT INTO `ls_article` VALUES ('21', '6', '', '1', '255', '修改收货地址', '修改收货地址', '1435672310', '', '0');
INSERT INTO `ls_article` VALUES ('22', '7', '', '1', '255', '关于我们', '关于我们', '1435672310', '', '0');
INSERT INTO `ls_article` VALUES ('23', '7', '', '1', '255', '联系我们', '联系我们', '1435672310', '', '0');
INSERT INTO `ls_article` VALUES ('24', '7', '', '1', '255', '招聘英才', '招聘英才', '1435672310', '', '0');
INSERT INTO `ls_article` VALUES ('25', '7', '', '1', '255', '合作及洽谈', '合作及洽谈', '1435672310', '', '0');
INSERT INTO `ls_article` VALUES ('26', '5', '', '1', '255', '联系卖家', '联系卖家', '1435672310', '', '0');
INSERT INTO `ls_article` VALUES ('28', '4', '', '1', '255', '分期付款', '分期付款<br />', '1435672310', '', '0');
INSERT INTO `ls_article` VALUES ('29', '4', '', '1', '255', '邮局汇款', '邮局汇款<br />', '1435672310', '', '0');
INSERT INTO `ls_article` VALUES ('30', '4', '', '1', '255', '公司转账', '公司转账<br />', '1435672310', '', '0');
INSERT INTO `ls_article` VALUES ('31', '5', '', '1', '255', '退换货政策', '退换货政策', '1435672310', '', '0');
INSERT INTO `ls_article` VALUES ('32', '5', '', '1', '255', '退换货流程', '退换货流程', '1435672310', '', '0');
INSERT INTO `ls_article` VALUES ('33', '5', '', '1', '255', '返修/退换货', '返修/退换货', '1435672310', '', '0');
INSERT INTO `ls_article` VALUES ('34', '5', '', '1', '255', '退款申请', '退款申请', '1435672310', '', '0');
INSERT INTO `ls_article` VALUES ('35', '9', 'https://oss.bayi-shop.com/70389ac45457033beecbe86c008c6fb5.mp4', '1', '1', '商学院', '&lt;p&gt;商学院&lt;/p&gt;', '1575342120', '', '0');
INSERT INTO `ls_article` VALUES ('36', '1', '', '1', '255', '管理功能说明', '管理功能说明', '1435672310', '', '0');
INSERT INTO `ls_article` VALUES ('37', '1', '', '1', '255', '如何扩充水印字体库', '如何扩充水印字体库', '1435672310', '', '0');
INSERT INTO `ls_article` VALUES ('38', '1', '', '1', '255', '提示信息', '提示信息', '1435672310', '', '0');
INSERT INTO `ls_article` VALUES ('39', '2', '', '1', '255', '积分细则', '积分细则积分细则', '1435672310', '', '0');
INSERT INTO `ls_article` VALUES ('40', '2', '', '1', '255', '积分兑换说明', '积分兑换说明', '1435672310', '', '0');
INSERT INTO `ls_article` VALUES ('41', '1', '', '1', '255', '功能使用说明', '功能使用说明', '1435672310', '', '0');
INSERT INTO `ls_article` VALUES ('47', '8', '', '1', '0', '不畏险阻 争做新时代的奋斗者——习近平主席2020年新年贺词在首都干部群众中引起热烈反响', '&lt;p style=&quot;margin-top: 0px; margin-bottom: 20px; padding: 0px; outline: none; color: rgb(64, 64, 64); font-family: &amp;quot;Microsoft YaHei&amp;quot;, SimSun; white-space: normal; background-color: rgb(255, 255, 255);&quot;&gt;原标题：不畏险阻 争做新时代的奋斗者——习近平主席二〇二〇年新年贺词在首都干部群众中引起热烈反响&lt;/p&gt;&lt;video src=&quot;https://bayishop.oss-cn-beijing.aliyuncs.com/%E8%A7%86%E9%A2%91%E5%8E%8B%E7%BC%A9%E6%95%99%E7%A8%8B.mp4\r\n&quot; width=&quot;300&quot; height=&quot;200&quot; controls=&quot;controls&quot;&gt;&lt;/video&gt;&lt;p style=&quot;margin-top: 0px; margin-bottom: 20px; padding: 0px; outline: none; color: rgb(64, 64, 64); font-family: &amp;quot;Microsoft YaHei&amp;quot;, SimSun; white-space: normal; background-color: rgb(255, 255, 255);&quot;&gt;　　新年前夕，国家主席习近平发表二〇二〇年新年贺词，号召全国人民不惧风雨，不畏险阻，万众一心，为全面建成小康社会和打赢脱贫攻坚战而奋斗拼搏。连日来，习主席的新年贺词引发首都干部群众热议，大家纷纷表示，要争做新时代的奋斗者，共同创造美好生活，推进首都高质量发展。&lt;/p&gt;&lt;p style=&quot;margin-top: 0px; margin-bottom: 20px; padding: 0px; outline: none; color: rgb(64, 64, 64); font-family: &amp;quot;Microsoft YaHei&amp;quot;, SimSun; white-space: normal; background-color: rgb(255, 255, 255);&quot;&gt;　　北京联合大学党委书记韩宪洲认为，习主席的新年贺词既朴实亲切，温暖人心，又大气磅礴，带给人们前行的力量。“从习主席坚定有力的话语中，我们感受到了心系人民的殷切关怀和情系祖国、胸怀世界的豪迈担当。新年贺词对一年来祖国发展伟大成就的回顾，既彰显了中国特色社会主义制度的优势，又增强了我们走中国特色社会主义道路的信心和底气。”&lt;/p&gt;&lt;p style=&quot;margin-top: 0px; margin-bottom: 20px; padding: 0px; outline: none; color: rgb(64, 64, 64); font-family: &amp;quot;Microsoft YaHei&amp;quot;, SimSun; white-space: normal; background-color: rgb(255, 255, 255);&quot;&gt;　　“聆听了习主席的新年贺词，我深受鼓舞。”中关村第一代创业者纪世瀛说，2020年是我国全面建成小康社会，实现第一个百年奋斗目标的里程碑式的一年，对中关村人来说，2020年还有另外一层特殊意义。“2020年10月23日，是‘中关村第一人’陈春先创办中关村第一家民办科技企业四十周年的日子。沿着中关村这条‘街’走下去，如习主席所说的那样，‘不惧风雨，不畏险阻，只争朝夕，不负韶华’，就一定会实现科技强国的中国梦。”&lt;/p&gt;&lt;p style=&quot;margin-top: 0px; margin-bottom: 20px; padding: 0px; outline: none; color: rgb(64, 64, 64); font-family: &amp;quot;Microsoft YaHei&amp;quot;, SimSun; white-space: normal; background-color: rgb(255, 255, 255);&quot;&gt;　　当新年零点的钟声敲响时，北京妇产医院产科助产士王蕾亲手接生了北京妇产医院首个“20后”新年宝宝“小皮皮”。“在2020年新年贺词里，习主席专门向坚守岗位的人们道了一声：‘大家辛苦了！’作为一名在工作中跨年的医务工作者，我非常感动。此时此刻，我们仍然在产房中忙碌着。这里，每天都会有惊喜和感动，也会有惊险和紧急时刻。我们一定会竭尽全力，守护每一个新生命的平安降生。”&lt;/p&gt;&lt;p style=&quot;margin-top: 0px; margin-bottom: 20px; padding: 0px; outline: none; color: rgb(64, 64, 64); font-family: &amp;quot;Microsoft YaHei&amp;quot;, SimSun; white-space: normal; background-color: rgb(255, 255, 255);&quot;&gt;　　91科技集团董事长许泽玮说，回顾2019年，印象最深刻的有两件事，一是现场观看了国庆70周年阅兵式，感受到国家的强大；另一个是中共中央、国务院发布关于营造更好发展环境支持民营企业改革发展的意见。习主席的新年贺词更坚定了我们对未来的信心，激励我们为祖国的强盛而继续拼搏，努力把企业发展好。&lt;/p&gt;&lt;p style=&quot;margin-top: 0px; margin-bottom: 20px; padding: 0px; outline: none; color: rgb(64, 64, 64); font-family: &amp;quot;Microsoft YaHei&amp;quot;, SimSun; white-space: normal; background-color: rgb(255, 255, 255);&quot;&gt;　　“习主席发表的新年贺词，饱含深情，充满力量！”北京市公安局刑侦总队电信网络诈骗案件侦查支队中队长苏兴博表示，作为首都打击刑事犯罪主力军中的一分子，在新的一年唯有继续撸起袖子加油干，担当新使命、展现新作为，才能不辜负党和人民的期望和重托，为加快推进社会治理现代化创造安全稳定的社会环境。&lt;/p&gt;&lt;p style=&quot;margin-top: 0px; margin-bottom: 20px; padding: 0px; outline: none; color: rgb(64, 64, 64); font-family: &amp;quot;Microsoft YaHei&amp;quot;, SimSun; white-space: normal; background-color: rgb(255, 255, 255);&quot;&gt;　　市城管执法局执法总队副总队长党学锋说：“习主席的新年贺词激励我们不忘初心，砥砺前行。2020年是首都城市治理工作的重要节点，我们将落实中央及市委、市政府的部署，围绕‘四个中心’功能建设，不断提高‘四个服务’水平，用绣花功夫做好首都城市管理工作，为构建具有首都特色超大城市治理体系贡献力量。”&lt;/p&gt;&lt;p style=&quot;margin-top: 0px; margin-bottom: 20px; padding: 0px; outline: none; color: rgb(64, 64, 64); font-family: &amp;quot;Microsoft YaHei&amp;quot;, SimSun; white-space: normal; background-color: rgb(255, 255, 255);&quot;&gt;　　“我怀着激动的心情，收看了习主席的新年贺词，受到了深刻鼓舞和激励。”军休干部、前门东大街社区居民刘汉臣说：“去年2月份的时候，习主席来前门地区和我们居民一起包饺子、贴福字、过大年。前门居民牢记习主席的嘱托，出色完成了国庆70周年庆典的服务保障任务。新的一年，我们要继续撸起袖子加油干，为首都和谐发展贡献出自己的一份力量，同心迎小康，奋进新时代！”&lt;/p&gt;&lt;p style=&quot;margin-top: 0px; margin-bottom: 20px; padding: 0px; outline: none; color: rgb(64, 64, 64); font-family: &amp;quot;Microsoft YaHei&amp;quot;, SimSun; white-space: normal; background-color: rgb(255, 255, 255);&quot;&gt;　　西城区广外街道办事处副主任姚永辉说，习主席的新年贺词让人倍感振奋。“过去一年我们围绕民需发力，积极开展疏解整治、环境提升、空气治理等多项攻坚战，以绣花功夫扮靓背街小巷、改造老旧小区。我深深感到，基层工作，大有可为。新的一年我们要‘只争朝夕，不负韶华’，以习主席的讲话为指引，锐意进取，争做新时代的奋斗者！”&lt;/p&gt;&lt;p&gt;&lt;br/&gt;&lt;/p&gt;', '1578299599', '5e096a81143a4.jpg', '1');
INSERT INTO `ls_article` VALUES ('48', '8', '', '1', '0', '习主席2020年新年贺词！', '&lt;p&gt;&lt;img src=&quot;https://shop.bayi-shop.com/uploads/home/article/5e0d95938f087.jpg&quot;/&gt;&lt;/p&gt;&lt;p&gt;&lt;img src=&quot;https://shop.bayi-shop.com/uploads/home/article/5e0d9599c354f.jpg&quot;/&gt;&lt;/p&gt;&lt;p&gt;&lt;span style=&quot;font-size: 18px; font-weight: 700; background-color: rgb(255, 255, 255); color: rgb(51, 51, 51); font-family: arial; text-align: justify;&quot;&gt;国家主席习近平&lt;/span&gt;&lt;br/&gt;&lt;/p&gt;&lt;p style=&quot;margin-top: 22px; margin-bottom: 0px; padding: 0px; line-height: 24px; color: rgb(51, 51, 51); text-align: justify; font-family: arial; white-space: normal; background-color: rgb(255, 255, 255);&quot;&gt;&lt;span class=&quot;bjh-p&quot;&gt;&lt;span class=&quot;bjh-strong&quot; style=&quot;font-size: 18px; font-weight: 700;&quot;&gt;发表二〇&lt;/span&gt;&lt;span class=&quot;bjh-strong&quot; style=&quot;font-size: 18px; font-weight: 700;&quot;&gt;二〇&lt;/span&gt;&lt;span class=&quot;bjh-strong&quot; style=&quot;font-size: 18px; font-weight: 700;&quot;&gt;年新年贺词&lt;/span&gt;&lt;/span&gt;&lt;/p&gt;&lt;p style=&quot;margin-top: 22px; margin-bottom: 0px; padding: 0px; line-height: 24px; color: rgb(51, 51, 51); text-align: justify; font-family: arial; white-space: normal; background-color: rgb(255, 255, 255);&quot;&gt;&lt;span class=&quot;bjh-p&quot;&gt;2020年就要到了，我在首都北京向大家送上新年的美好祝福！&lt;/span&gt;&lt;/p&gt;&lt;p style=&quot;margin-top: 22px; margin-bottom: 0px; padding: 0px; line-height: 24px; color: rgb(51, 51, 51); text-align: justify; font-family: arial; white-space: normal; background-color: rgb(255, 255, 255);&quot;&gt;&lt;span class=&quot;bjh-p&quot;&gt;2019年，我们用汗水浇灌收获，以实干笃定前行。高质量发展平稳推进，我国国内生产总值预计将接近100万亿元人民币、人均将迈上1万美元的台阶。三大攻坚战取得关键进展。京津冀协同发展、长江经济带发展、粤港澳大湾区建设、长三角一体化发展按下快进键，黄河流域生态保护和高质量发展成为国家战略。全国将有340个左右贫困县摘帽、1000多万人实现脱贫。嫦娥四号在人类历史上第一次登陆月球背面，长征五号遥三运载火箭成功发射，雪龙2号首航南极，北斗导航全球组网进入冲刺期，5G商用加速推出，北京大兴国际机场“凤凰展翅”……这些成就凝结着新时代奋斗者的心血和汗水，彰显了不同凡响的中国风采、中国力量。&lt;/span&gt;&lt;/p&gt;&lt;p style=&quot;margin-top: 22px; margin-bottom: 0px; padding: 0px; line-height: 24px; color: rgb(51, 51, 51); text-align: justify; font-family: arial; white-space: normal; background-color: rgb(255, 255, 255);&quot;&gt;&lt;span class=&quot;bjh-p&quot;&gt;一年来，改革开放不断催生发展活力。党和国家机构改革圆满完成。增设一批自由贸易试验区和上海自由贸易试验区新片区。科创板顺利启动推进。减税降费总额超过2万亿元。个人所得税起征点提高了，老百姓常用的许多药品降价了，网络提速降费使刷屏更快了，垃圾分类引领着低碳生活新时尚。“基层减负年”让基层干部轻装上阵。放眼神州大地，处处都有新变化新气象。&lt;/span&gt;&lt;/p&gt;&lt;p style=&quot;margin-top: 22px; margin-bottom: 0px; padding: 0px; line-height: 24px; color: rgb(51, 51, 51); text-align: justify; font-family: arial; white-space: normal; background-color: rgb(255, 255, 255);&quot;&gt;&lt;span class=&quot;bjh-p&quot;&gt;一年来，国防和军队改革扎实推进，人民军队展现出新时代强军风貌。我们进行国庆大阅兵，举行海军、空军成立70周年庆祝活动，举办第七届世界军人运动会。首艘国产航母正式列装。人民子弟兵永远是保卫祖国的钢铁长城，让我们向守护家园的忠诚卫士们致敬！&lt;/span&gt;&lt;/p&gt;&lt;p style=&quot;margin-top: 22px; margin-bottom: 0px; padding: 0px; line-height: 24px; color: rgb(51, 51, 51); text-align: justify; font-family: arial; white-space: normal; background-color: rgb(255, 255, 255);&quot;&gt;&lt;span class=&quot;bjh-p&quot;&gt;2019年，最难忘的是隆重庆祝新中国成立70周年。我们为共和国70年的辉煌成就喝彩，被爱国主义的硬核力量震撼。阅兵方阵威武雄壮，群众游行激情飞扬，天安门广场成了欢乐的海洋。大江南北披上红色盛装，人们脸上洋溢着自豪的笑容，《我和我的祖国》在大街小巷传唱。爱国主义情感让我们热泪盈眶，爱国主义精神构筑起民族的脊梁。这一切，汇聚成礼赞新中国、奋斗新时代的前进洪流，给我们增添了无穷力量。&lt;/span&gt;&lt;/p&gt;&lt;p style=&quot;margin-top: 22px; margin-bottom: 0px; padding: 0px; line-height: 24px; color: rgb(51, 51, 51); text-align: justify; font-family: arial; white-space: normal; background-color: rgb(255, 255, 255);&quot;&gt;&lt;span class=&quot;bjh-p&quot;&gt;一年来，我去了不少地方。雄安新区画卷徐徐铺展，天津港蓬勃兴盛，北京城市副中心生机勃发，内蒙古大草原壮美亮丽，河西走廊穿越千年、历久弥新，九曲黄河天高水阔、雄浑安澜，黄浦江两岸物阜民丰、流光溢彩……祖国各地一派欣欣向荣的景象。我沿着中国革命的征程砥砺初心。从江西于都红军长征集结出发地到河南新县鄂豫皖苏区首府革命博物馆，从甘肃高台西路军纪念碑到北京香山革命纪念地，每个地方都让我思绪万千，初心和使命是我们走好新时代长征路的不竭动力。&lt;/span&gt;&lt;/p&gt;&lt;p style=&quot;margin-top: 22px; margin-bottom: 0px; padding: 0px; line-height: 24px; color: rgb(51, 51, 51); text-align: justify; font-family: arial; white-space: normal; background-color: rgb(255, 255, 255);&quot;&gt;&lt;span class=&quot;bjh-p&quot;&gt;同往常一样，我无论多忙，都要抽时间到乡亲们中走一走看一看。大家跟我说了很多心里话，我一直记在心上。云南贡山独龙族群众、福建寿宁县下党乡的乡亲、“王杰班”全体战士、北京体育大学研究生冠军班同学、澳门小朋友和义工老人，给我写了信。我在回信中肯定了大家取得的成绩，也表达了良好祝愿。&lt;/span&gt;&lt;/p&gt;&lt;p style=&quot;margin-top: 22px; margin-bottom: 0px; padding: 0px; line-height: 24px; color: rgb(51, 51, 51); text-align: justify; font-family: arial; white-space: normal; background-color: rgb(255, 255, 255);&quot;&gt;&lt;span class=&quot;bjh-p&quot;&gt;一年来，许多人和事感动着我们。一辈子深藏功名、初心不改的张富清，把青春和生命献给脱贫事业的黄文秀，为救火而捐躯的四川木里31名勇士，用自己身体保护战友的杜富国，以十一连胜夺取世界杯冠军的中国女排……许许多多无怨无悔、倾情奉献的无名英雄，他们以普通人的平凡书写了不平凡的人生。&lt;/span&gt;&lt;/p&gt;&lt;p style=&quot;margin-top: 22px; margin-bottom: 0px; padding: 0px; line-height: 24px; color: rgb(51, 51, 51); text-align: justify; font-family: arial; white-space: normal; background-color: rgb(255, 255, 255);&quot;&gt;&lt;span class=&quot;bjh-p&quot;&gt;2019年，中国继续张开双臂拥抱世界。我们主办了第二届“一带一路”国际合作高峰论坛、北京世界园艺博览会、亚洲文明对话大会、第二届中国国际进口博览会，向世界展示了一个文明、开放、包容的中国。我同很多国家元首和政府首脑会晤，分享了中国主张，增进了友谊，深化了共识。世界上又有一些国家同我国建交，我国建交国达到180个。我们的朋友遍天下！&lt;/span&gt;&lt;/p&gt;&lt;p style=&quot;margin-top: 22px; margin-bottom: 0px; padding: 0px; line-height: 24px; color: rgb(51, 51, 51); text-align: justify; font-family: arial; white-space: normal; background-color: rgb(255, 255, 255);&quot;&gt;&lt;span class=&quot;bjh-p&quot;&gt;2020年是具有里程碑意义的一年。我们将全面建成小康社会，实现第一个百年奋斗目标。2020年也是脱贫攻坚决战决胜之年。冲锋号已经吹响。我们要万众一心加油干，越是艰险越向前，把短板补得再扎实一些，把基础打得再牢靠一些，坚决打赢脱贫攻坚战，如期实现现行标准下农村贫困人口全部脱贫、贫困县全部摘帽。&lt;/span&gt;&lt;/p&gt;&lt;p style=&quot;margin-top: 22px; margin-bottom: 0px; padding: 0px; line-height: 24px; color: rgb(51, 51, 51); text-align: justify; font-family: arial; white-space: normal; background-color: rgb(255, 255, 255);&quot;&gt;&lt;span class=&quot;bjh-p&quot;&gt;前几天，我出席了澳门回归祖国20周年庆祝活动，我为澳门繁荣稳定感到欣慰。澳门的成功实践表明，“一国两制”完全行得通、办得到、得人心。近几个月来，香港局势牵动着大家的心。没有和谐稳定的环境，怎会有安居乐业的家园！真诚希望香港好、香港同胞好。香港繁荣稳定是香港同胞的心愿，也是祖国人民的期盼。&lt;/span&gt;&lt;/p&gt;&lt;p style=&quot;margin-top: 22px; margin-bottom: 0px; padding: 0px; line-height: 24px; color: rgb(51, 51, 51); text-align: justify; font-family: arial; white-space: normal; background-color: rgb(255, 255, 255);&quot;&gt;&lt;span class=&quot;bjh-p&quot;&gt;历史长河奔腾不息，有风平浪静，也有波涛汹涌。我们不惧风雨，也不畏险阻。中国将坚定不移走和平发展道路，坚定不移维护世界和平、促进共同发展。我们愿同世界各国人民携起手来，积极共建“一带一路”，推动构建人类命运共同体，为创造人类美好未来而不懈努力。&lt;/span&gt;&lt;/p&gt;&lt;p style=&quot;margin-top: 22px; margin-bottom: 0px; padding: 0px; line-height: 24px; color: rgb(51, 51, 51); text-align: justify; font-family: arial; white-space: normal; background-color: rgb(255, 255, 255);&quot;&gt;&lt;span class=&quot;bjh-p&quot;&gt;此时此刻，还有许多人在坚守岗位，许多人在守护平安，许多人在辛勤劳作。大家辛苦了！&lt;/span&gt;&lt;/p&gt;&lt;p style=&quot;margin-top: 22px; margin-bottom: 0px; padding: 0px; line-height: 24px; color: rgb(51, 51, 51); text-align: justify; font-family: arial; white-space: normal; background-color: rgb(255, 255, 255);&quot;&gt;&lt;span class=&quot;bjh-p&quot;&gt;让我们只争朝夕，不负韶华，共同迎接2020年的到来。&lt;/span&gt;&lt;/p&gt;&lt;p style=&quot;margin-top: 22px; margin-bottom: 0px; padding: 0px; line-height: 24px; color: rgb(51, 51, 51); text-align: justify; font-family: arial; white-space: normal; background-color: rgb(255, 255, 255);&quot;&gt;&lt;span class=&quot;bjh-p&quot;&gt;祝大家新年快乐！&lt;/span&gt;&lt;/p&gt;&lt;p&gt;&lt;br/&gt;&lt;/p&gt;', '1577948585', '5e096a47cc821.jpg', '0');
INSERT INTO `ls_article` VALUES ('49', '8', '', '1', '0', '兵赢天下网络有限公司', '&lt;p&gt;&lt;img src=&quot;https://shop.bayi-shop.com/uploads/home/article/5e0ebecbdbd02.png&quot;/&gt;&lt;img src=&quot;https://shop.bayi-shop.com/uploads/home/article/5e0ebf5d715e4.png&quot;/&gt;&lt;img src=&quot;https://shop.bayi-shop.com/uploads/home/article/5e0ebff8104ca.png&quot;/&gt;&lt;img src=&quot;https://shop.bayi-shop.com/uploads/home/article/5e0ec0bb48a8b.png&quot;/&gt;&lt;img src=&quot;https://shop.bayi-shop.com/uploads/home/article/5e0ec1979b3f0.png&quot;/&gt;&lt;img src=&quot;https://shop.bayi-shop.com/uploads/home/article/5e0ec512e3116.png&quot;/&gt;&lt;img src=&quot;https://shop.bayi-shop.com/uploads/home/article/5e0ee2497b8d4.jpg&quot;/&gt;&lt;img src=&quot;https://shop.bayi-shop.com/uploads/home/article/5e0ee2ed87188.jpg&quot;/&gt;&lt;img src=&quot;https://shop.bayi-shop.com/uploads/home/article/5e0ee37999e8e.jpg&quot;/&gt;&lt;img src=&quot;https://shop.bayi-shop.com/uploads/home/article/5e0ee3f923078.jpg&quot;/&gt;&lt;img src=&quot;https://shop.bayi-shop.com/uploads/home/article/5e0ee479d3cef.jpg&quot;/&gt;&lt;img src=&quot;https://shop.bayi-shop.com/uploads/home/article/5e0ee5265098a.jpg&quot;/&gt;&lt;img src=&quot;https://shop.bayi-shop.com/uploads/home/article/5e0ee59cf3f93.jpg&quot;/&gt;&lt;img src=&quot;https://shop.bayi-shop.com/uploads/home/article/5e0ee97193bf8.jpg&quot;/&gt;&lt;img src=&quot;https://shop.bayi-shop.com/uploads/home/article/5e0eea00f2c2f.jpg&quot;/&gt;&lt;img src=&quot;https://shop.bayi-shop.com/uploads/home/article/5e0f0100f378e.jpg&quot;/&gt;&lt;img src=&quot;https://shop.bayi-shop.com/uploads/home/article/5e0f01843afde.jpg&quot;/&gt;&lt;img src=&quot;https://shop.bayi-shop.com/uploads/home/article/5e0f02653afcb.jpg&quot;/&gt;&lt;img src=&quot;https://shop.bayi-shop.com/uploads/home/article/5e0f02d3bd2e3.jpg&quot;/&gt;&lt;img src=&quot;https://shop.bayi-shop.com/uploads/home/article/5e0f14f20d1c3.jpg&quot;/&gt;&lt;img src=&quot;https://shop.bayi-shop.com/uploads/home/article/5e0f162f0494f.jpg&quot;/&gt;&lt;img src=&quot;https://shop.bayi-shop.com/uploads/home/article/5e0f16f265fdf.jpg&quot;/&gt;&lt;img src=&quot;https://shop.bayi-shop.com/uploads/home/article/5e0f17eee9115.jpg&quot;/&gt;&lt;img src=&quot;https://shop.bayi-shop.com/uploads/home/article/5e0f1856c82a1.jpg&quot;/&gt;&lt;img src=&quot;https://shop.bayi-shop.com/uploads/home/article/5e0f1cc287889.jpg&quot;/&gt;&lt;img src=&quot;https://shop.bayi-shop.com/uploads/home/article/5e0f1d37491b5.jpg&quot;/&gt;&lt;img src=&quot;https://shop.bayi-shop.com/uploads/home/article/5e0f1d837cb04.jpg&quot;/&gt;&lt;img src=&quot;https://shop.bayi-shop.com/uploads/home/article/5e0f1e2cd84f9.jpg&quot;/&gt;&lt;img src=&quot;https://shop.bayi-shop.com/uploads/home/article/5e0f1ec7e437c.jpg&quot;/&gt;&lt;img src=&quot;https://shop.bayi-shop.com/uploads/home/article/5e0f1f2fd48e2.jpg&quot;/&gt;&lt;img src=&quot;https://shop.bayi-shop.com/uploads/home/article/5e0f1fb904941.jpg&quot;/&gt;&lt;img src=&quot;https://shop.bayi-shop.com/uploads/home/article/5e0f20e954ca9.jpg&quot;/&gt;&lt;img src=&quot;https://shop.bayi-shop.com/uploads/home/article/5e0f2b69b983d.jpg&quot;/&gt;&lt;img src=&quot;https://shop.bayi-shop.com/uploads/home/article/5e0f2bdeae5b2.jpg&quot;/&gt;&lt;img src=&quot;https://shop.bayi-shop.com/uploads/home/article/5e0f2c3c9a892.jpg&quot;/&gt;&lt;img src=&quot;https://shop.bayi-shop.com/uploads/home/article/5e0f32ba5806b.jpg&quot;/&gt;&lt;img src=&quot;https://shop.bayi-shop.com/uploads/home/article/5e0f38efc5d70.jpg&quot;/&gt;&lt;img src=&quot;https://shop.bayi-shop.com/uploads/home/article/5e0f3952e9b5b.jpg&quot;/&gt;&lt;img src=&quot;https://shop.bayi-shop.com/uploads/home/article/5e0f3e647e913.jpg&quot;/&gt;&lt;img src=&quot;https://shop.bayi-shop.com/uploads/home/article/5e0f404aa23f8.jpg&quot;/&gt;&lt;img src=&quot;https://shop.bayi-shop.com/uploads/home/article/5e0f40fd2f17c.jpg&quot;/&gt;&lt;img src=&quot;https://shop.bayi-shop.com/uploads/home/article/5e0f49bc0b3a3.jpg&quot;/&gt;&lt;img src=&quot;https://shop.bayi-shop.com/uploads/home/article/5e0f4a28cfbcb.jpg&quot;/&gt;&lt;img src=&quot;https://shop.bayi-shop.com/uploads/home/article/5e1031723960d.jpg&quot;/&gt;&lt;img src=&quot;https://shop.bayi-shop.com/uploads/home/article/5e1031bdcb5b2.jpg&quot;/&gt;&lt;img src=&quot;https://shop.bayi-shop.com/uploads/home/article/5e10321dda120.jpg&quot;/&gt;&lt;img src=&quot;https://shop.bayi-shop.com/uploads/home/article/5e10327889a8f.jpg&quot;/&gt;&lt;img src=&quot;https://shop.bayi-shop.com/uploads/home/article/5e1032f10f2d2.jpg&quot;/&gt;&lt;img src=&quot;https://shop.bayi-shop.com/uploads/home/article/5e10338e09371.jpg&quot;/&gt;&lt;img src=&quot;https://shop.bayi-shop.com/uploads/home/article/5e1038630aa75.jpg&quot;/&gt;&lt;img src=&quot;https://shop.bayi-shop.com/uploads/home/article/5e103901e21ea.jpg&quot;/&gt;&lt;img src=&quot;https://shop.bayi-shop.com/uploads/home/article/5e103957b1edd.jpg&quot;/&gt;&lt;img src=&quot;https://shop.bayi-shop.com/uploads/home/article/5e1039ad5ce80.jpg&quot;/&gt;&lt;img src=&quot;https://shop.bayi-shop.com/uploads/home/article/5e103a0fb2962.jpg&quot;/&gt;&lt;img src=&quot;https://shop.bayi-shop.com/uploads/home/article/5e103a61cd7ff.jpg&quot;/&gt;&lt;img src=&quot;https://shop.bayi-shop.com/uploads/home/article/5e103ab089452.jpg&quot;/&gt;&lt;img src=&quot;https://shop.bayi-shop.com/uploads/home/article/5e103b0b34a74.jpg&quot;/&gt;&lt;img src=&quot;https://shop.bayi-shop.com/uploads/home/article/5e103b674b35b.jpg&quot;/&gt;&lt;img src=&quot;https://shop.bayi-shop.com/uploads/home/article/5e103be4bff5c.jpg&quot;/&gt;&lt;img src=&quot;https://shop.bayi-shop.com/uploads/home/article/5e103c4cb100c.jpg&quot;/&gt;&lt;img src=&quot;https://shop.bayi-shop.com/uploads/home/article/5e103ca3a551f.jpg&quot;/&gt;&lt;img src=&quot;https://shop.bayi-shop.com/uploads/home/article/5e103cf6ccbf7.jpg&quot;/&gt;&lt;/p&gt;', '1578298907', '5e0ebed60019c.png', '0');

-- -----------------------------
-- Table structure for `ls_articleclass`
-- -----------------------------
DROP TABLE IF EXISTS `ls_articleclass`;
CREATE TABLE `ls_articleclass` (
  `ac_id` int(10) unsigned NOT NULL AUTO_INCREMENT COMMENT '文章分类自增ID',
  `ac_code` varchar(20) DEFAULT NULL COMMENT '文章分类标识码',
  `ac_name` varchar(100) NOT NULL COMMENT '文章分类名称',
  `ac_parent_id` int(10) unsigned NOT NULL DEFAULT '0' COMMENT '文章分类父ID',
  `ac_sort` tinyint(3) unsigned NOT NULL DEFAULT '255' COMMENT '文章分类排序',
  PRIMARY KEY (`ac_id`),
  KEY `ac_parent_id` (`ac_parent_id`)
) ENGINE=InnoDB AUTO_INCREMENT=11 DEFAULT CHARSET=utf8 COMMENT='文章分类表';

-- -----------------------------
-- Records of `ls_articleclass`
-- -----------------------------
INSERT INTO `ls_articleclass` VALUES ('1', 'notice', '商城公告', '0', '255');
INSERT INTO `ls_articleclass` VALUES ('2', 'member', '帮助中心', '0', '255');
INSERT INTO `ls_articleclass` VALUES ('3', 'store', '店主之家', '0', '255');
INSERT INTO `ls_articleclass` VALUES ('4', 'payment', '支付方式', '0', '255');
INSERT INTO `ls_articleclass` VALUES ('5', 'sold', '售后服务', '0', '255');
INSERT INTO `ls_articleclass` VALUES ('6', 'service', '客服中心', '0', '255');
INSERT INTO `ls_articleclass` VALUES ('7', 'about', '关于我们', '0', '255');
INSERT INTO `ls_articleclass` VALUES ('8', 'college', '商学院', '0', '1');

-- -----------------------------
-- Table structure for `ls_attribute`
-- -----------------------------
DROP TABLE IF EXISTS `ls_attribute`;
CREATE TABLE `ls_attribute` (
  `attr_id` int(10) unsigned NOT NULL AUTO_INCREMENT COMMENT '属性自增ID',
  `attr_name` varchar(100) NOT NULL COMMENT '属性名称',
  `type_id` int(10) unsigned NOT NULL COMMENT '所属类型id',
  `attr_value` text NOT NULL COMMENT '属性值',
  `attr_show` tinyint(1) unsigned NOT NULL COMMENT '属性是否显示。0不显示、1显示',
  `attr_sort` tinyint(1) unsigned NOT NULL COMMENT '属性排序',
  PRIMARY KEY (`attr_id`),
  KEY `attr_id` (`attr_id`,`type_id`)
) ENGINE=InnoDB DEFAULT CHARSET=utf8 COMMENT='商品属性表';


-- -----------------------------
-- Table structure for `ls_attributevalue`
-- -----------------------------
DROP TABLE IF EXISTS `ls_attributevalue`;
CREATE TABLE `ls_attributevalue` (
  `attrvalue_id` int(10) unsigned NOT NULL AUTO_INCREMENT COMMENT '属性值id',
  `attrvalue_name` varchar(100) NOT NULL COMMENT '属性值名称',
  `attr_id` int(10) unsigned NOT NULL COMMENT '所属属性id',
  `type_id` int(10) unsigned NOT NULL COMMENT '类型id',
  `attrvalue_sort` tinyint(1) unsigned NOT NULL COMMENT '属性值排序',
  PRIMARY KEY (`attrvalue_id`)
) ENGINE=InnoDB DEFAULT CHARSET=utf8 COMMENT='商品属性值表';


-- -----------------------------
-- Table structure for `ls_bonus`
-- -----------------------------
DROP TABLE IF EXISTS `ls_bonus`;
CREATE TABLE `ls_bonus` (
  `bonus_id` int(11) NOT NULL AUTO_INCREMENT COMMENT '红包自增ID',
  `bonus_type` tinyint(3) unsigned NOT NULL DEFAULT '0' COMMENT '红包类型 1活动红包 2关注红包 3奖品红包',
  `bonus_name` varchar(20) NOT NULL DEFAULT '' COMMENT '红包名称',
  `bonus_blessing` varchar(255) NOT NULL DEFAULT '' COMMENT '红包祝福语',
  `bonus_totalprice` decimal(10,2) NOT NULL COMMENT '总面额',
  `bonus_pricetype` tinyint(1) NOT NULL DEFAULT '0' COMMENT '是否固定金额 1固定金额',
  `bonus_fixedprice` decimal(10,2) NOT NULL COMMENT '固定金额',
  `bonus_randomprice_start` decimal(10,2) NOT NULL COMMENT '金额范围',
  `bonus_randomprice_end` decimal(10,2) NOT NULL COMMENT '金额范围',
  `bonus_receivecount` int(11) NOT NULL DEFAULT '0' COMMENT '领取人数',
  `bonus_receiveprice` decimal(10,2) NOT NULL DEFAULT '0.00' COMMENT '领取金额',
  `bonus_state` tinyint(2) NOT NULL DEFAULT '0' COMMENT '红包状态 1正在进行 2过期 3失效',
  `bonus_begintime` int(11) unsigned NOT NULL DEFAULT '0' COMMENT '开始时间',
  `bonus_endtime` int(11) unsigned NOT NULL DEFAULT '0' COMMENT '结束时间',
  `bonus_remark` varchar(255) NOT NULL DEFAULT '' COMMENT '红包备注',
  PRIMARY KEY (`bonus_id`)
) ENGINE=InnoDB DEFAULT CHARSET=utf8 COMMENT='吸粉红包表';


-- -----------------------------
-- Table structure for `ls_bonusreceive`
-- -----------------------------
DROP TABLE IF EXISTS `ls_bonusreceive`;
CREATE TABLE `ls_bonusreceive` (
  `bonusreceive_id` int(11) NOT NULL AUTO_INCREMENT COMMENT '主键ID',
  `bonus_id` int(11) NOT NULL COMMENT '吸粉红包ID',
  `member_id` int(11) NOT NULL DEFAULT '0' COMMENT '用户ID',
  `member_name` varchar(50) NOT NULL DEFAULT '' COMMENT '会员名',
  `bonusreceive_time` int(11) NOT NULL DEFAULT '0' COMMENT '领取时间',
  `bonusreceive_price` decimal(10,2) NOT NULL COMMENT '领取金额',
  `bonusreceive_transformed` tinyint(1) NOT NULL DEFAULT '0' COMMENT '是否转入预存款',
  PRIMARY KEY (`bonusreceive_id`)
) ENGINE=InnoDB DEFAULT CHARSET=utf8 COMMENT='吸粉红包领取信息表';


-- -----------------------------
-- Table structure for `ls_brand`
-- -----------------------------
DROP TABLE IF EXISTS `ls_brand`;
CREATE TABLE `ls_brand` (
  `brand_id` mediumint(11) NOT NULL AUTO_INCREMENT COMMENT '品牌自增ID',
  `store_id` int(11) unsigned NOT NULL DEFAULT '0' COMMENT '店铺ID',
  `gc_id` int(10) unsigned DEFAULT '0' COMMENT '商品分类id',
  `brand_name` varchar(100) DEFAULT NULL COMMENT '品牌名称',
  `brand_initial` varchar(1) DEFAULT NULL COMMENT '品牌首字母',
  `brand_class` varchar(50) DEFAULT NULL COMMENT '类别名称',
  `brand_pic` varchar(100) DEFAULT NULL COMMENT '品牌图片',
  `brand_sort` tinyint(3) unsigned DEFAULT '255' COMMENT '品牌排序',
  `brand_recommend` tinyint(1) DEFAULT '0' COMMENT '品牌推荐，0为否，1为是',
  `brand_apply` tinyint(1) NOT NULL DEFAULT '1' COMMENT '品牌申请，0为申请中，1为通过，默认为1，申请功能是会员使用',
  `brand_showtype` tinyint(1) NOT NULL DEFAULT '0' COMMENT '品牌展示类型 0表示图片 1表示文字 ',
  PRIMARY KEY (`brand_id`)
) ENGINE=InnoDB AUTO_INCREMENT=11 DEFAULT CHARSET=utf8 COMMENT='品牌表';

-- -----------------------------
-- Records of `ls_brand`
-- -----------------------------
INSERT INTO `ls_brand` VALUES ('1', '0', '0', '测试1', 'C', '', '5d3c18344bb6c.jpg', '0', '1', '1', '0');
INSERT INTO `ls_brand` VALUES ('2', '0', '0', '测试2', 'C', '', '5d3c1841e8213.jpg', '0', '1', '1', '0');
INSERT INTO `ls_brand` VALUES ('3', '0', '0', '测试3', 'C', '', '5d3c185179873.jpg', '0', '1', '1', '0');
INSERT INTO `ls_brand` VALUES ('4', '0', '0', '测试4', 'C', '', '5d3c18604ab12.jpg', '0', '1', '1', '0');
INSERT INTO `ls_brand` VALUES ('5', '0', '0', '测试5', 'C', '', '5d3c1874664eb.jpg', '0', '1', '1', '0');
INSERT INTO `ls_brand` VALUES ('6', '0', '0', '测试6', 'C', '', '5d3c1887c8bb0.jpg', '0', '1', '1', '0');
INSERT INTO `ls_brand` VALUES ('7', '0', '0', '测试7', 'C', '', '5d3c1895e0a2f.jpg', '0', '1', '1', '0');
INSERT INTO `ls_brand` VALUES ('8', '0', '0', '测试8', 'C', '', '5d3c18a6731be.jpg', '0', '1', '1', '0');
INSERT INTO `ls_brand` VALUES ('9', '0', '0', '测试9', 'C', '', '5d3c18b7bc313.jpg', '0', '1', '1', '0');
INSERT INTO `ls_brand` VALUES ('10', '0', '0', '测试10', 'C', '', '5d3c18c491f00.jpg', '0', '1', '1', '0');

-- -----------------------------
-- Table structure for `ls_cart`
-- -----------------------------
DROP TABLE IF EXISTS `ls_cart`;
CREATE TABLE `ls_cart` (
  `cart_id` int(11) NOT NULL AUTO_INCREMENT COMMENT '购物车自增ID',
  `buyer_id` int(11) unsigned NOT NULL DEFAULT '0' COMMENT '买家ID',
  `store_id` int(11) unsigned NOT NULL DEFAULT '0' COMMENT '店铺ID',
  `store_name` varchar(50) NOT NULL DEFAULT '' COMMENT '店铺名称',
  `goods_id` int(11) unsigned NOT NULL DEFAULT '0' COMMENT '商品ID',
  `goods_name` varchar(200) NOT NULL COMMENT '商品名称',
  `goods_price` decimal(10,2) NOT NULL DEFAULT '0.00' COMMENT '商品价格',
  `goods_num` smallint(5) unsigned NOT NULL DEFAULT '1' COMMENT '商品数量',
  `goods_image` varchar(100) DEFAULT NULL COMMENT '商品图片',
  `bl_id` mediumint(8) unsigned NOT NULL DEFAULT '0' COMMENT '组合套装ID',
  PRIMARY KEY (`cart_id`),
  KEY `member_id` (`buyer_id`),
  KEY `store_id` (`store_id`)
) ENGINE=InnoDB AUTO_INCREMENT=159 DEFAULT CHARSET=utf8 COMMENT='购物车数据表';

-- -----------------------------
-- Records of `ls_cart`
-- -----------------------------
INSERT INTO `ls_cart` VALUES ('1', '9', '1', '自营店铺', '128', '荣耀V9 play 标配版 3+32G 全网通4G手机 铂光金 全网通 香槟金 32G', '998.00', '1', '1_2017092120144795113.jpg', '0');
INSERT INTO `ls_cart` VALUES ('6', '16', '1', '自营店铺', '136', '红薯红薯红薯红薯红薯', '10.00', '1', 'alioss_1_2019121117450292048.jpg', '0');
INSERT INTO `ls_cart` VALUES ('7', '16', '1', '自营店铺', '144', '梨子鸭梨梨子新鲜10斤砀山梨皇冠梨香梨翠冠梨当季水果新鲜雪梨 中果', '19.90', '1', 'alioss_1_2019121216501934568.jpg', '0');
INSERT INTO `ls_cart` VALUES ('45', '25', '1', '自营店铺', '136', '红薯红薯红薯红薯红薯', '10.00', '1', 'alioss_1_2019121117450292048.jpg', '0');
INSERT INTO `ls_cart` VALUES ('82', '25', '1', '自营店铺', '138', '桃树苗桃树苗', '5.00', '1', 'alioss_1_2019121118424369048.jpg', '0');
INSERT INTO `ls_cart` VALUES ('95', '15', '1', '自营店铺', '149', '云南红皮黄心土豆新鲜农家自种马铃薯洋山芋5斤小土豆 包邮', '36.00', '1', 'alioss_1_2019121217220212150.jpg', '0');
INSERT INTO `ls_cart` VALUES ('97', '25', '1', '自营店铺', '177', '盱眙龙虾麻辣十三香小龙虾熟食即食大虾香辣味6-8钱3斤口味虾1盒', '188.00', '1', 'alioss_1_2019121600012877602.jpg', '0');
INSERT INTO `ls_cart` VALUES ('102', '17', '1', '自营店铺', '141', '人参人参人参', '100.00', '1', 'alioss_1_2019121213255634668.jpg', '0');
INSERT INTO `ls_cart` VALUES ('105', '17', '2', '水果大全', '176', '绿企 海南芒果青芒10斤一整箱新鲜水果金煌芒果凯特芒果批发包邮5', '49.80', '1', 'alioss_2_2019121314291160951.jpg', '0');

-- -----------------------------
-- Table structure for `ls_channel`
-- -----------------------------
DROP TABLE IF EXISTS `ls_channel`;
CREATE TABLE `ls_channel` (
  `id` int(11) NOT NULL AUTO_INCREMENT,
  `channel_name` varchar(50) COLLATE utf8_unicode_ci DEFAULT NULL COMMENT '渠道名称',
  `channel` varchar(50) COLLATE utf8_unicode_ci DEFAULT NULL COMMENT '渠道标识',
  `description` varchar(500) COLLATE utf8_unicode_ci DEFAULT NULL COMMENT '备注',
  `time` int(11) DEFAULT NULL COMMENT '添加或更新时间',
  PRIMARY KEY (`id`)
) ENGINE=MyISAM AUTO_INCREMENT=4 DEFAULT CHARSET=utf8 COLLATE=utf8_unicode_ci;

-- -----------------------------
-- Records of `ls_channel`
-- -----------------------------
INSERT INTO `ls_channel` VALUES ('1', '官网', '绿色长城', '测试', '1542771427');

-- -----------------------------
-- Table structure for `ls_chatlog`
-- -----------------------------
DROP TABLE IF EXISTS `ls_chatlog`;
CREATE TABLE `ls_chatlog` (
  `m_id` int(10) unsigned NOT NULL AUTO_INCREMENT COMMENT '消息记录自增ID',
  `f_id` int(10) unsigned NOT NULL COMMENT '会员ID',
  `f_name` varchar(50) NOT NULL COMMENT '会员名',
  `f_ip` varchar(15) NOT NULL COMMENT '发自IP',
  `t_id` int(10) unsigned NOT NULL COMMENT '接收会员ID',
  `t_name` varchar(50) NOT NULL COMMENT '接收会员名',
  `t_msg` text COMMENT '消息内容',
  `chatlog_addtime` int(10) unsigned DEFAULT '0' COMMENT '添加时间',
  PRIMARY KEY (`m_id`)
) ENGINE=InnoDB DEFAULT CHARSET=utf8 COMMENT='消息记录表';


-- -----------------------------
-- Table structure for `ls_chatmsg`
-- -----------------------------
DROP TABLE IF EXISTS `ls_chatmsg`;
CREATE TABLE `ls_chatmsg` (
  `m_id` int(10) unsigned NOT NULL AUTO_INCREMENT COMMENT '消息自增ID',
  `f_id` int(10) unsigned NOT NULL COMMENT '会员ID',
  `f_name` varchar(50) NOT NULL COMMENT '会员名',
  `f_ip` varchar(15) NOT NULL COMMENT '发自IP',
  `t_id` int(10) unsigned NOT NULL COMMENT '接收会员ID',
  `t_name` varchar(50) NOT NULL COMMENT '接收会员名',
  `t_msg` text COMMENT '消息内容',
  `r_state` tinyint(1) unsigned DEFAULT '2' COMMENT '状态:1为已读,2为未读,默认为2',
  `chatmsg_addtime` int(10) unsigned DEFAULT '0' COMMENT '添加时间',
  PRIMARY KEY (`m_id`)
) ENGINE=InnoDB DEFAULT CHARSET=utf8 COMMENT='消息表';


-- -----------------------------
-- Table structure for `ls_company`
-- -----------------------------
DROP TABLE IF EXISTS `ls_company`;
CREATE TABLE `ls_company` (
  `company_id` int(11) NOT NULL AUTO_INCREMENT COMMENT '公司id',
  `member_id` int(11) NOT NULL DEFAULT '0' COMMENT '会员id',
  `member_mobile` varchar(11) NOT NULL DEFAULT '0' COMMENT '手机号',
  `company_level` int(11) NOT NULL DEFAULT '0' COMMENT '公司级别（1省级；2市级；3县级；4镇级；5村级）',
  `member_provinceid` int(11) NOT NULL DEFAULT '0' COMMENT '省ID',
  `member_cityid` int(11) NOT NULL DEFAULT '0' COMMENT '市ID',
  `member_areaid` int(11) NOT NULL DEFAULT '0' COMMENT '区/县 ID',
  `member_townid` int(11) NOT NULL DEFAULT '0' COMMENT '镇ID',
  `member_villageid` int(11) DEFAULT '0' COMMENT '村ID',
  `member_areainfo` varchar(255) CHARACTER SET utf8 COLLATE utf8_bin DEFAULT NULL COMMENT '地区内容',
  `company_addtime` int(11) NOT NULL DEFAULT '0' COMMENT '添加时间',
  `is_del` int(11) NOT NULL DEFAULT '0' COMMENT '是否删除 0 未删除  1已删除',
  PRIMARY KEY (`company_id`)
) ENGINE=InnoDB AUTO_INCREMENT=46 DEFAULT CHARSET=utf8 COMMENT='分公司表';

-- -----------------------------
-- Records of `ls_company`
-- -----------------------------
INSERT INTO `ls_company` VALUES ('39', '10', '15210356018', '5', '4', '93', '1400', '45060', '45061', '山西 临汾市 蒲县 红道乡 古坡村', '1575020123', '0');
INSERT INTO `ls_company` VALUES ('40', '9', '15213659841', '4', '4', '93', '1400', '45060', '0', '山西 临汾市 蒲县 红道乡', '1575020372', '0');
INSERT INTO `ls_company` VALUES ('41', '1', '11111111111', '3', '4', '93', '1400', '0', '0', '山西 临汾市 蒲县', '1575020461', '0');
INSERT INTO `ls_company` VALUES ('44', '19', '15236615591', '2', '2', '40', '0', '0', '0', '天津 天津市', '1577613017', '1');
INSERT INTO `ls_company` VALUES ('45', '19', '15236615591', '3', '1', '36', '37', '0', '0', '北京 北京市 东城区', '1577720698', '0');

-- -----------------------------
-- Table structure for `ls_complain`
-- -----------------------------
DROP TABLE IF EXISTS `ls_complain`;
CREATE TABLE `ls_complain` (
  `complain_id` int(11) NOT NULL AUTO_INCREMENT COMMENT '投诉自增ID',
  `order_id` int(11) NOT NULL COMMENT '订单ID',
  `order_goods_id` int(10) unsigned DEFAULT '0' COMMENT '订单商品ID',
  `accuser_id` int(11) NOT NULL COMMENT '原告ID',
  `accuser_name` varchar(50) NOT NULL COMMENT '原告用户名',
  `accused_id` int(11) NOT NULL COMMENT '被告ID',
  `accused_name` varchar(50) NOT NULL COMMENT '被告名称',
  `complain_subject_content` varchar(50) NOT NULL COMMENT '投诉主题',
  `complain_subject_id` int(11) NOT NULL COMMENT '投诉主题id',
  `complain_content` varchar(255) NOT NULL COMMENT '投诉内容',
  `complain_pic1` varchar(100) DEFAULT NULL COMMENT '投诉图片1',
  `complain_pic2` varchar(100) DEFAULT NULL COMMENT '投诉图片2',
  `complain_pic3` varchar(100) DEFAULT NULL COMMENT '投诉图片3',
  `complain_datetime` int(11) DEFAULT NULL COMMENT '投诉时间',
  `complain_handle_datetime` int(11) DEFAULT NULL COMMENT '投诉处理时间',
  `complain_handle_member_id` int(11) DEFAULT NULL COMMENT '投诉处理人ID',
  `appeal_message` varchar(255) DEFAULT NULL COMMENT '申诉内容',
  `appeal_datetime` int(11) DEFAULT NULL COMMENT '申诉时间',
  `appeal_pic1` varchar(100) DEFAULT NULL COMMENT '申诉图片1',
  `appeal_pic2` varchar(100) DEFAULT NULL COMMENT '申诉图片2',
  `appeal_pic3` varchar(100) DEFAULT NULL COMMENT '申诉图片3',
  `final_handle_message` varchar(255) DEFAULT NULL COMMENT '最终处理意见',
  `final_handle_datetime` int(11) DEFAULT NULL COMMENT '最终处理时间',
  `final_handle_member_id` int(11) DEFAULT NULL COMMENT '最终处理人ID',
  `complain_state` tinyint(4) DEFAULT NULL COMMENT '投诉状态 10:新投诉 20:投诉通过转给被投诉人 30:被投诉人已申诉 40:提交仲裁 99:已关闭',
  `complain_active` tinyint(4) DEFAULT '1' COMMENT '投诉是否通过平台审批 1:未通过 2:通过',
  PRIMARY KEY (`complain_id`)
) ENGINE=InnoDB DEFAULT CHARSET=utf8 COMMENT='投诉表';


-- -----------------------------
-- Table structure for `ls_complainsubject`
-- -----------------------------
DROP TABLE IF EXISTS `ls_complainsubject`;
CREATE TABLE `ls_complainsubject` (
  `complainsubject_id` int(11) NOT NULL AUTO_INCREMENT COMMENT '投诉主题id',
  `complainsubject_content` varchar(50) NOT NULL COMMENT '投诉主题',
  `complainsubject_desc` varchar(100) NOT NULL COMMENT '投诉主题描述',
  `complainsubject_state` tinyint(4) NOT NULL COMMENT '投诉主题状态 1:有效 2:失效',
  PRIMARY KEY (`complainsubject_id`)
) ENGINE=InnoDB AUTO_INCREMENT=4 DEFAULT CHARSET=utf8 COMMENT='投诉主题表';

-- -----------------------------
-- Records of `ls_complainsubject`
-- -----------------------------
INSERT INTO `ls_complainsubject` VALUES ('1', '商家不同意退款', '买家申请退款被拒绝。', '2');
INSERT INTO `ls_complainsubject` VALUES ('2', '未收到货', '交易成功，未收到货，钱已经付给商家，可进行维权。', '1');
INSERT INTO `ls_complainsubject` VALUES ('3', '售后保障服务', '交易完成后30天内，在使用商品过程中，发现商品有质量问题或无法正常使用，可进行维权。', '1');

-- -----------------------------
-- Table structure for `ls_complaintalk`
-- -----------------------------
DROP TABLE IF EXISTS `ls_complaintalk`;
CREATE TABLE `ls_complaintalk` (
  `talk_id` int(11) NOT NULL AUTO_INCREMENT COMMENT '投诉对话自增ID',
  `complain_id` int(11) NOT NULL COMMENT '投诉ID',
  `talk_member_id` int(11) NOT NULL COMMENT '发言人ID',
  `talk_member_name` varchar(50) NOT NULL COMMENT '发言人用户名',
  `talk_member_type` varchar(10) NOT NULL COMMENT '发言人类型(1-投诉人/2-被投诉人/3-平台)',
  `talk_content` varchar(255) NOT NULL COMMENT '发言内容',
  `talk_state` tinyint(4) NOT NULL COMMENT '发言状态(1-显示/2-不显示)',
  `talk_admin` int(11) NOT NULL DEFAULT '0' COMMENT '对话管理员，屏蔽对话人的id',
  `talk_datetime` int(11) NOT NULL COMMENT '对话发表时间',
  PRIMARY KEY (`talk_id`)
) ENGINE=InnoDB DEFAULT CHARSET=utf8 COMMENT='投诉对话表';


-- -----------------------------
-- Table structure for `ls_config`
-- -----------------------------
DROP TABLE IF EXISTS `ls_config`;
CREATE TABLE `ls_config` (
  `id` smallint(5) NOT NULL AUTO_INCREMENT,
  `code` varchar(30) NOT NULL,
  `value` text,
  `remark` varchar(100) DEFAULT '解释,备注',
  PRIMARY KEY (`id`)
) ENGINE=InnoDB AUTO_INCREMENT=739 DEFAULT CHARSET=utf8 COMMENT='配置参数表';

-- -----------------------------
-- Records of `ls_config`
-- -----------------------------
INSERT INTO `ls_config` VALUES ('1', 'site_name', '绿色长城', '商城名称');
INSERT INTO `ls_config` VALUES ('2', 'site_phone', '0438-2736666', '商城客服服务电话');
INSERT INTO `ls_config` VALUES ('3', 'site_state', '1', '商城状态');
INSERT INTO `ls_config` VALUES ('4', 'site_logo', 'site_logo.png', '商城logo图');
INSERT INTO `ls_config` VALUES ('5', 'member_logo', 'member_logo.png', '默认会员图');
INSERT INTO `ls_config` VALUES ('6', 'seller_center_logo', 'seller_center_logo.png', '默认卖家中心logo');
INSERT INTO `ls_config` VALUES ('7', 'site_mobile_logo', 'site_mobile_logo.png', '默认商城手机端logo');
INSERT INTO `ls_config` VALUES ('8', 'site_logowx', 'site_logowx.jpg', '微信商城二维码');
INSERT INTO `ls_config` VALUES ('9', 'icp_number', '吉ICP备19005354号', 'ICP备案号');
INSERT INTO `ls_config` VALUES ('10', 'site_tel400', '40002541852', '解释,备注');
INSERT INTO `ls_config` VALUES ('11', 'site_email', '604840631@qq.com', '电子邮件');
INSERT INTO `ls_config` VALUES ('12', 'flow_static_code', 'Copyright © 2019-2020 绿色长城 All rights reserved.', '底部版权信息');
INSERT INTO `ls_config` VALUES ('13', 'closed_reason', '商城暂时关闭', '商城关闭原因');
INSERT INTO `ls_config` VALUES ('14', 'guest_comment', '1', '是否允许游客咨询');
INSERT INTO `ls_config` VALUES ('15', 'captcha_status_login', '1', '会员登录是否需要验证码');
INSERT INTO `ls_config` VALUES ('16', 'captcha_status_register', '1', '会员注册是否验证码');
INSERT INTO `ls_config` VALUES ('17', 'captcha_status_goodsqa', '1', '商品咨询是否验证码');
INSERT INTO `ls_config` VALUES ('19', 'cache_open', '0', '是否开启缓存');
INSERT INTO `ls_config` VALUES ('21', 'default_goods_image', 'default_goods_image.jpg', '默认商品图');
INSERT INTO `ls_config` VALUES ('22', 'default_store_logo', 'default_store_logo.jpg', '默认店铺图');
INSERT INTO `ls_config` VALUES ('23', 'default_store_avatar', 'default_store_avatar.png', '默认店铺图像');
INSERT INTO `ls_config` VALUES ('24', 'default_user_portrait', 'default_user_portrait.gif', '默认会员图像');
INSERT INTO `ls_config` VALUES ('25', 'fixed_suspension_state', '1', '是否开启首次访问悬浮');
INSERT INTO `ls_config` VALUES ('26', 'fixed_suspension_img', 'fixed_suspension_img.png', '首次访问悬浮图像');
INSERT INTO `ls_config` VALUES ('27', 'fixed_suspension_url', '#', '悬浮图像跳转地址');
INSERT INTO `ls_config` VALUES ('31', 'store_joinin_pic', 'a:2:{s:3:\"pic\";a:3:{i:1;s:18:\"store_joinin_1.jpg\";i:2;s:18:\"store_joinin_2.jpg\";i:3;s:18:\"store_joinin_3.jpg\";}s:8:\"show_txt\";s:6:\"测试\";}', '解释,备注');
INSERT INTO `ls_config` VALUES ('40', 'smscf_wj_username', 'LTAI4FrzbN7XKo7QK7joUxmE', '短信平台账号');
INSERT INTO `ls_config` VALUES ('41', 'smscf_wj_key', '4XGCBqau1lpv7JJKdTqQCYs9ujbeTO', '短信平台密钥');
INSERT INTO `ls_config` VALUES ('51', 'email_host', 'smtp.126.com', '邮箱地址');
INSERT INTO `ls_config` VALUES ('52', 'email_port', '25', '邮箱端口');
INSERT INTO `ls_config` VALUES ('53', 'email_addr', '', '邮箱发件人地址');
INSERT INTO `ls_config` VALUES ('54', 'email_id', '', '身份验证用户名');
INSERT INTO `ls_config` VALUES ('55', 'email_pass', '', '用户名密码');
INSERT INTO `ls_config` VALUES ('56', 'email_secure', '', '邮箱发送协议');
INSERT INTO `ls_config` VALUES ('60', 'setup_date', '2019-11-05 10:35:23', '安装时间');
INSERT INTO `ls_config` VALUES ('61', 'upload_type', 'alioss', '图片上传保存方式');
INSERT INTO `ls_config` VALUES ('62', 'alioss_accessid', 'LTAI4FrzbN7XKo7QK7joUxmE', 'accessid');
INSERT INTO `ls_config` VALUES ('63', 'alioss_accesssecret', '4XGCBqau1lpv7JJKdTqQCYs9ujbeTO', 'oss_accesssecret');
INSERT INTO `ls_config` VALUES ('64', 'alioss_bucket', 'bayishop', 'oss_bucket');
INSERT INTO `ls_config` VALUES ('65', 'alioss_endpoint', 'oss.bayi-shop.com', 'oss_endpoint');
INSERT INTO `ls_config` VALUES ('66', 'aliendpoint_type', '1', 'aliendpoint_type');
INSERT INTO `ls_config` VALUES ('70', 'node_site_url', '', '站内IM服务器地址');
INSERT INTO `ls_config` VALUES ('71', 'node_site_use', '0', '是否启用im');
INSERT INTO `ls_config` VALUES ('80', 'flea_site_title', '', '');
INSERT INTO `ls_config` VALUES ('81', 'flea_site_description', '', '');
INSERT INTO `ls_config` VALUES ('82', 'flea_site_keywords', '', '');
INSERT INTO `ls_config` VALUES ('83', 'flea_loginpic', '', '');
INSERT INTO `ls_config` VALUES ('91', 'order_auto_receive_day', '7', '自动确认收货的天数');
INSERT INTO `ls_config` VALUES ('92', 'order_auto_cancel_day', '3', '自动取消订单的天数');
INSERT INTO `ls_config` VALUES ('93', 'code_invalid_refund', '7', '兑换码过期自动退款的天数');
INSERT INTO `ls_config` VALUES ('101', 'qq_isuse', '0', '是否使用QQ互联');
INSERT INTO `ls_config` VALUES ('102', 'qq_appid', '101835291', 'qq互联id');
INSERT INTO `ls_config` VALUES ('103', 'qq_appkey', '53cbaca13ee41103e25cc613d6fb065b', 'qq秘钥');
INSERT INTO `ls_config` VALUES ('111', 'sina_isuse', '0', '是的使用微博登录');
INSERT INTO `ls_config` VALUES ('112', 'sina_wb_akey', '', '新浪id');
INSERT INTO `ls_config` VALUES ('113', 'sina_wb_skey', '', '新浪秘钥');
INSERT INTO `ls_config` VALUES ('121', 'sms_register', '1', '是否手机注册');
INSERT INTO `ls_config` VALUES ('122', 'sms_login', '1', '是否手机登录');
INSERT INTO `ls_config` VALUES ('123', 'sms_password', '1', '是否手机找回密码');
INSERT INTO `ls_config` VALUES ('131', 'weixin_isuse', '0', '是否微信登录');
INSERT INTO `ls_config` VALUES ('132', 'weixin_appid', 'wxb53dbb4718418f8e', '微信appid');
INSERT INTO `ls_config` VALUES ('133', 'weixin_secret', '7ccd48c5643d53081e5114e968ea0b8d', '微信appserite');
INSERT INTO `ls_config` VALUES ('135', 'complain_time_limit', '864000', '商品详情页咨询文字提示');
INSERT INTO `ls_config` VALUES ('136', 'malbum_max_sum', '10', '个人相册数量');
INSERT INTO `ls_config` VALUES ('137', 'hot_search', '红薯,梨,土鸡,苹果', '热门搜索关键字');
INSERT INTO `ls_config` VALUES ('138', 'image_allow_ext', 'gif,jpg,jpeg,bmp,png,swf', '允许后缀');
INSERT INTO `ls_config` VALUES ('139', 'image_max_filesize', '512000', '允许上传最大值');
INSERT INTO `ls_config` VALUES ('140', 'expresscf_kdn_id', '1602146', '快递鸟-用户ID');
INSERT INTO `ls_config` VALUES ('141', 'expresscf_kdn_key', '744e3f4f-d23c-414f-935f-5dbd6fea9c8f', '快递鸟-API key');
INSERT INTO `ls_config` VALUES ('201', 'flea_isuse', '0', '闲置市场');
INSERT INTO `ls_config` VALUES ('202', 'promotion_allow', '1', '商品促销');
INSERT INTO `ls_config` VALUES ('203', 'groupbuy_allow', '0', '抢购');
INSERT INTO `ls_config` VALUES ('204', 'points_isuse', '1', '开启积分机制');
INSERT INTO `ls_config` VALUES ('205', 'pointshop_isuse', '0', '积分中心');
INSERT INTO `ls_config` VALUES ('206', 'pointprod_isuse', '0', '积分兑换');
INSERT INTO `ls_config` VALUES ('207', 'voucher_allow', '0', '代金券');
INSERT INTO `ls_config` VALUES ('208', 'mgdiscount_allow', '1', '会员等级折扣');
INSERT INTO `ls_config` VALUES ('209', 'mgdiscount_price', '1', '会员等级折扣价格');
INSERT INTO `ls_config` VALUES ('230', 'points_reg', '0', '注册赠送积分数');
INSERT INTO `ls_config` VALUES ('231', 'points_login', '0', '登录赠送积分数');
INSERT INTO `ls_config` VALUES ('232', 'points_comments', '0', '评论赠送积分数');
INSERT INTO `ls_config` VALUES ('233', 'points_signin', '10', '会员签到赠送积分');
INSERT INTO `ls_config` VALUES ('234', 'points_invite', '0', '邀请注册积分');
INSERT INTO `ls_config` VALUES ('235', 'points_rebate', '0', '返佣比例');
INSERT INTO `ls_config` VALUES ('236', 'points_orderrate', '1', '消费额与赠送积分比例');
INSERT INTO `ls_config` VALUES ('237', 'points_ordermax', '0', '每单最多赠送积分');
INSERT INTO `ls_config` VALUES ('238', 'points_signin_isuse', '1', '开启签到送积分');
INSERT INTO `ls_config` VALUES ('239', 'points_signin_cycle', '7', '签到持续周期');
INSERT INTO `ls_config` VALUES ('240', 'points_signin_reward', '7', '签到持续周期额外奖励');
INSERT INTO `ls_config` VALUES ('241', 'groupbuy_price', '20', '抢购价格');
INSERT INTO `ls_config` VALUES ('242', 'groupbuy_review_day', '3', '抢购审核期');
INSERT INTO `ls_config` VALUES ('350', 'live_pic1', '', '抢购默认幻灯片');
INSERT INTO `ls_config` VALUES ('351', 'live_link1', '', '抢购幻灯片跳转地址');
INSERT INTO `ls_config` VALUES ('352', 'live_pic2', '', '抢购默认幻灯片');
INSERT INTO `ls_config` VALUES ('353', 'live_link2', '', '抢购幻灯片跳转地址');
INSERT INTO `ls_config` VALUES ('354', 'live_pic3', '', '抢购默认幻灯片');
INSERT INTO `ls_config` VALUES ('355', 'live_link3', '', '抢购幻灯片跳转地址');
INSERT INTO `ls_config` VALUES ('356', 'live_pic4', '', '抢购默认幻灯片');
INSERT INTO `ls_config` VALUES ('357', 'live_link4', '', '抢购幻灯片跳转地址');
INSERT INTO `ls_config` VALUES ('360', 'promotion_xianshi_price', '10', '限时促销价格');
INSERT INTO `ls_config` VALUES ('361', 'promotion_mansong_price', '16', '满送活动价格');
INSERT INTO `ls_config` VALUES ('362', 'promotion_bundling_price', '15', '优惠活动价格');
INSERT INTO `ls_config` VALUES ('363', 'promotion_bundling_sum', '10', '允许活动数量');
INSERT INTO `ls_config` VALUES ('364', 'promotion_bundling_goods_sum', '3', '活动最大商品发布数量');
INSERT INTO `ls_config` VALUES ('365', 'promotion_booth_price', '10', '推荐展位价格');
INSERT INTO `ls_config` VALUES ('366', 'promotion_booth_goods_sum', '10', '允许设置最大推荐商品数量');
INSERT INTO `ls_config` VALUES ('367', 'promotion_voucher_price', '10', '代金券价格');
INSERT INTO `ls_config` VALUES ('368', 'promotion_pintuan_price', '10', '拼团套餐价格');
INSERT INTO `ls_config` VALUES ('369', 'promotion_bargain_price', '10', '砍价套餐价格');
INSERT INTO `ls_config` VALUES ('370', 'voucher_storetimes_limit', '20', '代金券活动数');
INSERT INTO `ls_config` VALUES ('371', 'voucher_buyertimes_limit', '20', '卖家最大领取数');
INSERT INTO `ls_config` VALUES ('380', 'delivery_isuse', '1', '物流自提是否开启');
INSERT INTO `ls_config` VALUES ('390', 'goods_verify', '1', '商品审核');
INSERT INTO `ls_config` VALUES ('401', 'stat_pricerange', 'a:3:{i:0;a:2:{s:1:\"s\";s:1:\"0\";s:1:\"e\";s:2:\"10\";}i:1;a:2:{s:1:\"s\";s:2:\"11\";s:1:\"e\";s:2:\"20\";}i:2;a:2:{s:1:\"s\";s:2:\"21\";s:1:\"e\";s:2:\"30\";}}', '统计商品价格区间');
INSERT INTO `ls_config` VALUES ('402', 'stat_orderpricerange', 'a:2:{i:0;a:2:{s:1:\"s\";s:1:\"0\";s:1:\"e\";s:3:\"100\";}i:1;a:2:{s:1:\"s\";s:3:\"101\";s:1:\"e\";s:3:\"200\";}}', '订单金额区间');
INSERT INTO `ls_config` VALUES ('501', 'expset', 'a:4:{s:9:\"login_exp\";s:3:\"151\";s:11:\"comment_exp\";s:1:\"1\";s:7:\"buy_exp\";s:1:\"1\";s:11:\"buy_exp_max\";s:2:\"50\";}', '解释,备注');
INSERT INTO `ls_config` VALUES ('502', 'exppoints_rule', 'a:4:{s:9:\"exp_login\";i:0;s:12:\"exp_comments\";i:0;s:13:\"exp_orderrate\";i:1;s:12:\"exp_ordermax\";i:0;}', '解释,备注');
INSERT INTO `ls_config` VALUES ('601', 'member_grade', 'a:4:{i:1;a:5:{s:5:\"level\";i:1;s:10:\"level_name\";s:12:\"普通用户\";s:11:\"exppointone\";s:1:\"0\";s:11:\"exppointtwo\";s:1:\"0\";s:9:\"exppoints\";i:0;}i:2;a:5:{s:5:\"level\";i:2;s:10:\"level_name\";s:12:\"银牌用户\";s:11:\"exppointone\";s:1:\"5\";s:11:\"exppointtwo\";s:1:\"0\";s:9:\"exppoints\";i:1000;}i:3;a:5:{s:5:\"level\";i:3;s:10:\"level_name\";s:12:\"金牌用户\";s:11:\"exppointone\";s:2:\"10\";s:11:\"exppointtwo\";s:1:\"0\";s:9:\"exppoints\";i:5000;}i:4;a:5:{s:5:\"level\";i:4;s:10:\"level_name\";s:9:\"VIP用户\";s:11:\"exppointone\";s:2:\"20\";s:11:\"exppointtwo\";s:3:\"2.5\";s:9:\"exppoints\";i:10000;}}', '解释,备注');
INSERT INTO `ls_config` VALUES ('701', 'inviter_back', 'inviter_back.png', '会员推广背景图片');
INSERT INTO `ls_config` VALUES ('702', 'inviter_ratio_1', '0.5', '会员一级推广佣金比例');
INSERT INTO `ls_config` VALUES ('703', 'inviter_ratio_2', '0.3', '会员二级推广佣金比例');
INSERT INTO `ls_config` VALUES ('704', 'inviter_ratio_3', '0.2', '会员三级推广佣金比例');
INSERT INTO `ls_config` VALUES ('705', 'baidu_ak', 'qu7GGLct6CbsGuVdR8dOpbRGFW650t3e', '百度地图AK密钥');
INSERT INTO `ls_config` VALUES ('706', 'inviter_open', '1', '推广开关');
INSERT INTO `ls_config` VALUES ('707', 'inviter_level', '2', '推广级别');
INSERT INTO `ls_config` VALUES ('708', 'inviter_show', '1', '详情页显示推广佣金');
INSERT INTO `ls_config` VALUES ('709', 'inviter_return', '1', '推广员返佣');
INSERT INTO `ls_config` VALUES ('710', 'inviter_view', '0', '推广员审核');
INSERT INTO `ls_config` VALUES ('711', 'inviter_condition', '0', '推广员条件');
INSERT INTO `ls_config` VALUES ('712', 'inviter_condition_amount', '0', '成为推广员的消费门槛');
INSERT INTO `ls_config` VALUES ('713', 'store_bill_cycle', '7', '店铺结算周期（天）');
INSERT INTO `ls_config` VALUES ('714', 'store_withdraw_cycle', '1', '店铺提现周期（天）');
INSERT INTO `ls_config` VALUES ('715', 'store_withdraw_min', '100', '店铺最小提现金额（元）');
INSERT INTO `ls_config` VALUES ('716', 'store_withdraw_max', '10000', '店铺最大提现金额（元）');
INSERT INTO `ls_config` VALUES ('717', 'auto_register', '0', '自动注册');
INSERT INTO `ls_config` VALUES ('718', 'business_licence', '', '营业执照');
INSERT INTO `ls_config` VALUES ('719', 'member_auth', '1', '实名认证');
INSERT INTO `ls_config` VALUES ('720', 'wechat_tm_order_pay', '', '微信模板消息：订单待发货提醒');
INSERT INTO `ls_config` VALUES ('721', 'wechat_tm_order_send', '', '微信模板消息：订单发货通知');
INSERT INTO `ls_config` VALUES ('722', 'wechat_tm_order_refund', '', '微信模板消息：退款审核通知');
INSERT INTO `ls_config` VALUES ('723', 'city_scale', '0.25', '市级分公司比例');
INSERT INTO `ls_config` VALUES ('724', 'county_scale', '0.5', '区/县级分公司比例');
INSERT INTO `ls_config` VALUES ('725', 'town_scale', '2.5', '镇级分公司比例');
INSERT INTO `ls_config` VALUES ('726', 'village_scale', '10', '村级分公司比例');
INSERT INTO `ls_config` VALUES ('727', 'province_scale', '0', '省级分公司比例');
INSERT INTO `ls_config` VALUES ('728', 'release', '5000', '冻结积分达到开始释放为可用积分');
INSERT INTO `ls_config` VALUES ('729', 'release_scale', '6', '冻结积分每天释放比例');
INSERT INTO `ls_config` VALUES ('730', 'commission', '15', '用户提现手续费比例');
INSERT INTO `ls_config` VALUES ('731', 'inviter_code_len', '5', '推荐码长度');
INSERT INTO `ls_config` VALUES ('732', 'way', '2', '用户返给推荐人的方式：1，可用积分；2，冻结积分');
INSERT INTO `ls_config` VALUES ('733', 'companyway', '2', '用户返给子公司的方式：1，可用积分；2，冻结积分');
INSERT INTO `ls_config` VALUES ('734', 'withdraw', '100', '用户可用积分达到多少可提现');
INSERT INTO `ls_config` VALUES ('735', 'inter', '1', '可用积分转为交易码比例');
INSERT INTO `ls_config` VALUES ('736', 'marketmanageaward_probability', '10000', '抽奖比率');
INSERT INTO `ls_config` VALUES ('737', 'point_to_store', '1', '可用积分转为储值卡比例');
INSERT INTO `ls_config` VALUES ('738', 'draw', '0', '是否开启抽奖：0，未开启；1，开启');

-- -----------------------------
-- Table structure for `ls_consult`
-- -----------------------------
DROP TABLE IF EXISTS `ls_consult`;
CREATE TABLE `ls_consult` (
  `consult_id` int(10) unsigned NOT NULL AUTO_INCREMENT COMMENT '咨询自增ID',
  `goods_id` int(11) unsigned DEFAULT '0' COMMENT '商品编号',
  `goods_name` varchar(200) NOT NULL COMMENT '商品名称',
  `member_id` int(11) NOT NULL DEFAULT '0' COMMENT '咨询发布者会员ID 0:游客',
  `member_name` varchar(100) DEFAULT NULL COMMENT '会员名称',
  `store_id` int(11) unsigned NOT NULL DEFAULT '0' COMMENT '店铺ID',
  `store_name` varchar(50) NOT NULL COMMENT '店铺名称',
  `consulttype_id` int(10) unsigned NOT NULL COMMENT '咨询类型',
  `consult_content` varchar(255) DEFAULT NULL COMMENT '咨询内容',
  `consult_addtime` int(10) DEFAULT NULL COMMENT '咨询发布时间',
  `consult_reply` varchar(255) DEFAULT '' COMMENT '咨询回复内容',
  `consult_replytime` int(10) unsigned NOT NULL DEFAULT '0' COMMENT '咨询回复时间',
  `consult_isanonymous` tinyint(1) NOT NULL DEFAULT '0' COMMENT '0表示不匿名 1表示匿名',
  PRIMARY KEY (`consult_id`),
  KEY `goods_id` (`goods_id`),
  KEY `seller_id` (`store_id`)
) ENGINE=InnoDB DEFAULT CHARSET=utf8 COMMENT='产品咨询表';


-- -----------------------------
-- Table structure for `ls_consulttype`
-- -----------------------------
DROP TABLE IF EXISTS `ls_consulttype`;
CREATE TABLE `ls_consulttype` (
  `consulttype_id` int(10) unsigned NOT NULL AUTO_INCREMENT COMMENT '咨询类型ID',
  `consulttype_name` varchar(10) NOT NULL COMMENT '咨询类型名称',
  `consulttype_introduce` text NOT NULL COMMENT '咨询类型详细介绍',
  `consulttype_sort` tinyint(3) unsigned NOT NULL DEFAULT '255' COMMENT '咨询类型排序',
  PRIMARY KEY (`consulttype_id`)
) ENGINE=InnoDB AUTO_INCREMENT=5 DEFAULT CHARSET=utf8 COMMENT='咨询类型表';

-- -----------------------------
-- Records of `ls_consulttype`
-- -----------------------------
INSERT INTO `ls_consulttype` VALUES ('1', '商品咨询', '后台->交易->咨询管理->咨询类型->编辑', '1');
INSERT INTO `ls_consulttype` VALUES ('2', '支付问题', '后台->交易->咨询管理->咨询类型->编辑', '2');
INSERT INTO `ls_consulttype` VALUES ('3', '发票及保修', '后台->交易->咨询管理->咨询类型->编辑', '3');
INSERT INTO `ls_consulttype` VALUES ('4', '促销及赠品', '后台->交易->咨询管理->咨询类型->编辑', '4');

-- -----------------------------
-- Table structure for `ls_cron`
-- -----------------------------
DROP TABLE IF EXISTS `ls_cron`;
CREATE TABLE `ls_cron` (
  `id` int(10) unsigned NOT NULL AUTO_INCREMENT COMMENT '执行自增ID',
  `type` tinyint(3) unsigned DEFAULT NULL COMMENT '任务类型 1商品上架 2根据商品id更新商品促销价格 3优惠套装过期 4推荐展位过期 5抢购开始更新商品促销价格 6抢购过期 7限时折扣过期',
  `exeid` int(10) unsigned NOT NULL DEFAULT '0' COMMENT '关联任务的ID[如商品ID,会员ID]',
  `exetime` int(11) unsigned NOT NULL DEFAULT '0' COMMENT '执行时间',
  PRIMARY KEY (`id`)
) ENGINE=InnoDB DEFAULT CHARSET=utf8 COMMENT='任务队列表';


-- -----------------------------
-- Table structure for `ls_daddress`
-- -----------------------------
DROP TABLE IF EXISTS `ls_daddress`;
CREATE TABLE `ls_daddress` (
  `daddress_id` mediumint(10) unsigned NOT NULL AUTO_INCREMENT COMMENT '发货地址ID',
  `store_id` mediumint(10) unsigned NOT NULL DEFAULT '0' COMMENT '店铺ID',
  `seller_name` varchar(50) NOT NULL DEFAULT '' COMMENT '联系人',
  `city_id` mediumint(9) DEFAULT NULL COMMENT '市级ID',
  `area_id` mediumint(10) unsigned NOT NULL DEFAULT '0' COMMENT '地区ID',
  `area_info` varchar(100) DEFAULT NULL COMMENT '省市县',
  `daddress_detail` varchar(100) NOT NULL COMMENT '发货地址',
  `daddress_telphone` varchar(40) DEFAULT NULL COMMENT '发货电话',
  `daddress_company` varchar(50) NOT NULL COMMENT '发货公司',
  `daddress_isdefault` enum('0','1') NOT NULL DEFAULT '0' COMMENT '是否默认 1:是0:不是',
  PRIMARY KEY (`daddress_id`)
) ENGINE=InnoDB AUTO_INCREMENT=3 DEFAULT CHARSET=utf8 COMMENT='卖家发货地址信息表';

-- -----------------------------
-- Records of `ls_daddress`
-- -----------------------------
INSERT INTO `ls_daddress` VALUES ('1', '2', '阿斯顿', '36', '37', '北京 北京市 东城区', '蔷薇', '18511310658', '', '0');
INSERT INTO `ls_daddress` VALUES ('2', '1', '王某某', '36', '37', '北京 北京市 东城区', '试试', '15236615591', '', '0');

-- -----------------------------
-- Table structure for `ls_deliveryorder`
-- -----------------------------
DROP TABLE IF EXISTS `ls_deliveryorder`;
CREATE TABLE `ls_deliveryorder` (
  `order_id` int(11) NOT NULL COMMENT '订单ID',
  `dlyo_addtime` int(11) DEFAULT '0' COMMENT '订单生成时间',
  `order_sn` varchar(20) DEFAULT NULL COMMENT '订单号',
  `dlyp_id` int(11) DEFAULT NULL COMMENT '自提点ID',
  `shipping_code` varchar(50) DEFAULT NULL COMMENT '物流单号',
  `express_code` varchar(30) DEFAULT NULL COMMENT '快递公司编码',
  `express_name` varchar(30) DEFAULT NULL COMMENT '快递公司名称',
  `reciver_name` varchar(20) DEFAULT NULL COMMENT '收货人',
  `reciver_telphone` varchar(20) DEFAULT NULL COMMENT '收货人电话',
  `reciver_mobphone` varchar(11) DEFAULT NULL COMMENT '收货人手机',
  `dlyo_state` tinyint(3) unsigned NOT NULL DEFAULT '10' COMMENT '订单状态 10:未到站 20:已到站 30:已提取',
  `dlyo_pickup_code` varchar(4) DEFAULT NULL COMMENT '提货码',
  PRIMARY KEY (`order_id`)
) ENGINE=InnoDB DEFAULT CHARSET=utf8 COMMENT='订单自提点表';


-- -----------------------------
-- Table structure for `ls_deliverypoint`
-- -----------------------------
DROP TABLE IF EXISTS `ls_deliverypoint`;
CREATE TABLE `ls_deliverypoint` (
  `dlyp_id` int(10) unsigned NOT NULL AUTO_INCREMENT COMMENT '提货站自增ID',
  `dlyp_name` varchar(50) NOT NULL COMMENT '提货站登录名',
  `dlyp_passwd` varchar(32) NOT NULL COMMENT '提货站登录密码',
  `dlyp_truename` varchar(20) NOT NULL COMMENT '真实姓名',
  `dlyp_mobile` varchar(11) NOT NULL COMMENT '手机号码',
  `dlyp_telephony` varchar(20) NOT NULL COMMENT '座机号码',
  `dlyp_addressname` varchar(20) NOT NULL COMMENT '服务站名称',
  `dlyp_area_2` int(10) unsigned NOT NULL COMMENT '二级地区id',
  `dlyp_area_3` int(10) unsigned NOT NULL COMMENT '三级地区id',
  `dlyp_area_info` varchar(255) NOT NULL COMMENT '提货站地区内容',
  `dlyp_address` varchar(255) NOT NULL COMMENT '提货站详细地址',
  `dlyp_idcard` varchar(18) NOT NULL COMMENT '身份证号码',
  `dlyp_idcardimage` varchar(255) NOT NULL COMMENT '身份证照片',
  `dlyp_addtime` int(10) unsigned NOT NULL COMMENT '提货站添加时间',
  `dlyp_state` tinyint(3) unsigned NOT NULL COMMENT '提货站状态 0关闭，1开启，10等待审核, 20审核失败',
  `dlyp_failreason` varchar(255) DEFAULT NULL COMMENT '失败原因',
  PRIMARY KEY (`dlyp_id`)
) ENGINE=InnoDB DEFAULT CHARSET=utf8 COMMENT='提货站表';


-- -----------------------------
-- Table structure for `ls_document`
-- -----------------------------
DROP TABLE IF EXISTS `ls_document`;
CREATE TABLE `ls_document` (
  `document_id` mediumint(11) NOT NULL AUTO_INCREMENT COMMENT '系统文章自增ID',
  `document_code` varchar(255) NOT NULL COMMENT '调用标识码',
  `document_title` varchar(255) NOT NULL COMMENT '系统文章标题',
  `document_content` text NOT NULL COMMENT '系统文章内容',
  `document_time` int(10) unsigned NOT NULL COMMENT '添加时间/修改时间',
  PRIMARY KEY (`document_id`),
  UNIQUE KEY `document_code` (`document_code`)
) ENGINE=InnoDB AUTO_INCREMENT=6 DEFAULT CHARSET=utf8 COMMENT='系统文章表';

-- -----------------------------
-- Records of `ls_document`
-- -----------------------------
INSERT INTO `ls_document` VALUES ('1', 'agreement', '用户服务协议', '&lt;p&gt;&lt;span style=&quot;font-family: 宋体, SimSun;&quot;&gt;&lt;span style=&quot;color: rgb(102, 102, 102); font-size: 12px; background-color: rgb(255, 255, 255);&quot;&gt;本协议是您与网站所有者（以下简称为&amp;quot;商城&amp;quot;）之间就商城网站服务等相关事宜所订立的契约，请您仔细阅读本注册协议，您点击&amp;quot;同意并继续&amp;quot;按钮后，本协议即构成对双方有约束力的法律文件。&lt;/span&gt;&lt;br/&gt;&lt;br/&gt;&lt;span style=&quot;color: rgb(102, 102, 102); font-size: 12px; background-color: rgb(255, 255, 255);&quot;&gt;第1条 本站服务条款的确认和接纳&lt;/span&gt;&lt;br/&gt;&lt;br/&gt;&lt;span style=&quot;color: rgb(102, 102, 102); font-size: 12px; background-color: rgb(255, 255, 255);&quot;&gt;1.1本站的各项电子服务的所有权和运作权归商城所有。用户同意所有注册协议条款并完成注册程序，才能成为本站的正式用户。用户确认：本协议条款是处理双方权利义务的契约，始终有效，法律另有强制性规定或双方另有特别约定的，依其规定。&lt;/span&gt;&lt;br/&gt;&lt;br/&gt;&lt;span style=&quot;color: rgb(102, 102, 102); font-size: 12px; background-color: rgb(255, 255, 255);&quot;&gt;1.2用户点击同意本协议的，即视为用户确认自己具有享受本站服务、下单购物等相应的权利能力和行为能力，能够独立承担法律责任。&lt;/span&gt;&lt;br/&gt;&lt;br/&gt;&lt;span style=&quot;color: rgb(102, 102, 102); font-size: 12px; background-color: rgb(255, 255, 255);&quot;&gt;1.3如果您在18周岁以下，您只能在父母或监护人的监护参与下才能使用本站。&lt;/span&gt;&lt;br/&gt;&lt;br/&gt;&lt;span style=&quot;color: rgb(102, 102, 102); font-size: 12px; background-color: rgb(255, 255, 255);&quot;&gt;1.4商城保留在中华人民共和国大陆地区法施行之法律允许的范围内独自决定拒绝服务、关闭用户账户、清除或编辑内容或取消订单的权利。&lt;/span&gt;&lt;br/&gt;&lt;br/&gt;&lt;span style=&quot;color: rgb(102, 102, 102); font-size: 12px; background-color: rgb(255, 255, 255);&quot;&gt;第2条 本站服务&lt;/span&gt;&lt;br/&gt;&lt;br/&gt;&lt;span style=&quot;color: rgb(102, 102, 102); font-size: 12px; background-color: rgb(255, 255, 255);&quot;&gt;2.1商城通过互联网依法为用户提供互联网信息等服务，用户在完全同意本协议及本站规定的情况下，方有权使用本站的相关服务。&lt;/span&gt;&lt;br/&gt;&lt;br/&gt;&lt;span style=&quot;color: rgb(102, 102, 102); font-size: 12px; background-color: rgb(255, 255, 255);&quot;&gt;2.2用户必须自行准备如下设备和承担如下开支：（1）上网设备，包括并不限于电脑或者其他上网终端、调制解调器及其他必备的上网装置；（2）上网开支，包括并不限于网络接入费、上网设备租用费、手机流量费等。&lt;/span&gt;&lt;br/&gt;&lt;br/&gt;&lt;span style=&quot;color: rgb(102, 102, 102); font-size: 12px; background-color: rgb(255, 255, 255);&quot;&gt;第3条 用户信息&lt;/span&gt;&lt;br/&gt;&lt;br/&gt;&lt;span style=&quot;color: rgb(102, 102, 102); font-size: 12px; background-color: rgb(255, 255, 255);&quot;&gt;3.1用户应自行诚信向本站提供注册资料，用户同意其提供的注册资料真实、准确、完整、合法有效，用户注册资料如有变动的，应及时更新其注册资料。如果用户提供的注册资料不合法、不真实、不准确、不详尽的，用户需承担因此引起的相应责任及后果，并且商城保留终止用户使用商城各项服务的权利。&lt;/span&gt;&lt;br/&gt;&lt;br/&gt;&lt;span style=&quot;color: rgb(102, 102, 102); font-size: 12px; background-color: rgb(255, 255, 255);&quot;&gt;3.2用户在本站进行浏览、下单购物等活动时，涉及用户真实姓名/名称、通信地址、联系电话、电子邮箱等隐私信息的，本站将予以严格保密，除非得到用户的授权或法律另有规定，本站不会向外界披露用户隐私信息。&lt;/span&gt;&lt;br/&gt;&lt;br/&gt;&lt;span style=&quot;color: rgb(102, 102, 102); font-size: 12px; background-color: rgb(255, 255, 255);&quot;&gt;3.3用户注册成功后，将产生用户名和密码等账户信息，您可以根据本站规定改变您的密码。用户应谨慎合理的保存、使用其用户名和密码。用户若发现任何非法使用用户账号或存在安全漏洞的情况，请立即通知本站并向公安机关报案。&lt;/span&gt;&lt;br/&gt;&lt;br/&gt;&lt;span style=&quot;color: rgb(102, 102, 102); font-size: 12px; background-color: rgb(255, 255, 255);&quot;&gt;3.4用户同意，商城拥有通过邮件、短信电话等形式，向在本站注册、购物用户、收货人发送订单信息、促销活动等告知信息的权利。&lt;/span&gt;&lt;br/&gt;&lt;br/&gt;&lt;span style=&quot;color: rgb(102, 102, 102); font-size: 12px; background-color: rgb(255, 255, 255);&quot;&gt;3.5用户不得将在本站注册获得的账户借给他人使用，否则用户应承担由此产生的全部责任，并与实际使用人承担连带责任。&lt;/span&gt;&lt;br/&gt;&lt;br/&gt;&lt;span style=&quot;color: rgb(102, 102, 102); font-size: 12px; background-color: rgb(255, 255, 255);&quot;&gt;3.6用户同意，商城有权使用用户的注册信息、用户名、密码等信息，登录进入用户的注册账户，进行证据保全，包括但不限于公证、见证等。&lt;/span&gt;&lt;br/&gt;&lt;br/&gt;&lt;span style=&quot;color: rgb(102, 102, 102); font-size: 12px; background-color: rgb(255, 255, 255);&quot;&gt;第4条 用户依法言行义务&lt;/span&gt;&lt;br/&gt;&lt;br/&gt;&lt;span style=&quot;color: rgb(102, 102, 102); font-size: 12px; background-color: rgb(255, 255, 255);&quot;&gt;本协议依据国家相关法律法规规章制定，用户同意严格遵守以下义务：&lt;/span&gt;&lt;br/&gt;&lt;br/&gt;&lt;span style=&quot;color: rgb(102, 102, 102); font-size: 12px; background-color: rgb(255, 255, 255);&quot;&gt;（1）不得传输或发表：煽动抗拒、破坏宪法和法律、行政法规实施的言论，煽动颠覆国家政权，推翻社会主义制度的言论，煽动分裂国家、破坏国家统一的的言论，煽动民族仇恨、民族歧视、破坏民族团结的言论；&lt;/span&gt;&lt;br/&gt;&lt;br/&gt;&lt;span style=&quot;color: rgb(102, 102, 102); font-size: 12px; background-color: rgb(255, 255, 255);&quot;&gt;（2）从中国大陆向境外传输资料信息时必须符合中国有关法规；&lt;/span&gt;&lt;br/&gt;&lt;br/&gt;&lt;span style=&quot;color: rgb(102, 102, 102); font-size: 12px; background-color: rgb(255, 255, 255);&quot;&gt;（3）不得利用本站从事洗钱、窃取商业秘密、窃取个人信息等违法犯罪活动；&lt;/span&gt;&lt;br/&gt;&lt;br/&gt;&lt;span style=&quot;color: rgb(102, 102, 102); font-size: 12px; background-color: rgb(255, 255, 255);&quot;&gt;（4）不得干扰本站的正常运转，不得侵入本站及国家计算机信息系统；&lt;/span&gt;&lt;br/&gt;&lt;br/&gt;&lt;span style=&quot;color: rgb(102, 102, 102); font-size: 12px; background-color: rgb(255, 255, 255);&quot;&gt;（5）不得传输或发表任何违法犯罪的、骚扰性的、中伤他人的、辱骂性的、恐吓性的、伤害性的、庸俗的，淫秽的、不文明的等信息资料；&lt;/span&gt;&lt;br/&gt;&lt;br/&gt;&lt;span style=&quot;color: rgb(102, 102, 102); font-size: 12px; background-color: rgb(255, 255, 255);&quot;&gt;（6）不得传输或发表损害国家社会公共利益和涉及国家安全的信息资料或言论；&lt;/span&gt;&lt;br/&gt;&lt;br/&gt;&lt;span style=&quot;color: rgb(102, 102, 102); font-size: 12px; background-color: rgb(255, 255, 255);&quot;&gt;（7）不得教唆他人从事本条所禁止的行为；&lt;/span&gt;&lt;br/&gt;&lt;br/&gt;&lt;span style=&quot;color: rgb(102, 102, 102); font-size: 12px; background-color: rgb(255, 255, 255);&quot;&gt;（8）不得利用在本站注册的账户进行牟利性经营活动；&lt;/span&gt;&lt;br/&gt;&lt;br/&gt;&lt;span style=&quot;color: rgb(102, 102, 102); font-size: 12px; background-color: rgb(255, 255, 255);&quot;&gt;（9）不得发布任何侵犯他人著作权、商标权等知识产权或合法权利的内容；&lt;/span&gt;&lt;br/&gt;&lt;br/&gt;&lt;span style=&quot;color: rgb(102, 102, 102); font-size: 12px; background-color: rgb(255, 255, 255);&quot;&gt;用户应不时关注并遵守本站不时公布或修改的各类合法规则规定。&lt;/span&gt;&lt;br/&gt;&lt;br/&gt;&lt;span style=&quot;color: rgb(102, 102, 102); font-size: 12px; background-color: rgb(255, 255, 255);&quot;&gt;本站保有删除站内各类不符合法律政策或不真实的信息内容而无须通知用户的权利。&lt;/span&gt;&lt;br/&gt;&lt;br/&gt;&lt;span style=&quot;color: rgb(102, 102, 102); font-size: 12px; background-color: rgb(255, 255, 255);&quot;&gt;若用户未遵守以上规定的，本站有权作出独立判断并采取暂停或关闭用户帐号等措施。用户须对自己在网上的言论和行为承担法律责任。&lt;/span&gt;&lt;br/&gt;&lt;br/&gt;&lt;span style=&quot;color: rgb(102, 102, 102); font-size: 12px; background-color: rgb(255, 255, 255);&quot;&gt;第5条 商品信息&lt;/span&gt;&lt;br/&gt;&lt;br/&gt;&lt;span style=&quot;color: rgb(102, 102, 102); font-size: 12px; background-color: rgb(255, 255, 255);&quot;&gt;本站上的商品价格、数量、是否有货等商品信息随时都有可能发生变动，本站不作特别通知。由于网站上商品信息的数量极其庞大，虽然本站会尽最大努力保证您所浏览商品信息的准确性，但由于众所周知的互联网技术因素等客观原因存在，本站网页显示的信息可能会有一定的滞后性或差错，对此情形您知悉并理解；商城欢迎纠错，并会视情况给予纠错者一定的奖励。&lt;/span&gt;&lt;br/&gt;&lt;br/&gt;&lt;span style=&quot;color: rgb(102, 102, 102); font-size: 12px; background-color: rgb(255, 255, 255);&quot;&gt;为表述便利，商品和服务简称为&amp;quot;商品&amp;quot;或&amp;quot;货物&amp;quot;。&lt;/span&gt;&lt;br/&gt;&lt;br/&gt;&lt;span style=&quot;color: rgb(102, 102, 102); font-size: 12px; background-color: rgb(255, 255, 255);&quot;&gt;第6条 订单&lt;/span&gt;&lt;br/&gt;&lt;br/&gt;&lt;span style=&quot;color: rgb(102, 102, 102); font-size: 12px; background-color: rgb(255, 255, 255);&quot;&gt;6.1在您下订单时，请您仔细确认所购商品的名称、价格、数量、型号、规格、尺寸、联系地址、电话、收货人等信息。收货人与用户本人不一致的，收货人的行为和意思表示视为用户的行为和意思表示，用户应对收货人的行为及意思表示的法律后果承担连带责任。&lt;/span&gt;&lt;br/&gt;&lt;br/&gt;&lt;span style=&quot;color: rgb(102, 102, 102); font-size: 12px; background-color: rgb(255, 255, 255);&quot;&gt;6.2除法律另有强制性规定外，双方约定如下：本站上销售方展示的商品和价格等信息仅仅是交易信息的发布，您下单时须填写您希望购买的商品数量、价款及支付方式、收货人、联系方式、收货地址等内容；系统生成的订单信息是计算机信息系统根据您填写的内容自动生成的数据，仅是您向销售方发出的交易诉求；销售方收到您的订单信息后，只有在销售方将您在订单中订购的商品从仓库实际直接向您发出时（ 以商品出库为标志），方视为您与销售方之间就实际直接向您发出的商品建立了交易关系；如果您在一份订单里订购了多种商品并且销售方只给您发出了部分商品时，您与销售方之间仅就实际直接向您发出的商品建立了交易关系；只有在销售方实际直接向您发出了订单中订购的其他商品时，您和销售方之间就订单中该其他已实际直接向您发出的商品才成立交易关系。您可以随时登录您在本站注册的账户，查询您的订单状态。&lt;/span&gt;&lt;br/&gt;&lt;br/&gt;&lt;span style=&quot;color: rgb(102, 102, 102); font-size: 12px; background-color: rgb(255, 255, 255);&quot;&gt;6.3由于市场变化及各种以合理商业努力难以控制的因素的影响，本站无法保证您提交的订单信息中希望购买的商品都会有货；如您拟购买的商品，发生缺货，您有权取消订单。&lt;/span&gt;&lt;br/&gt;&lt;br/&gt;&lt;span style=&quot;color: rgb(102, 102, 102); font-size: 12px; background-color: rgb(255, 255, 255);&quot;&gt;第7条 配送&lt;/span&gt;&lt;br/&gt;&lt;br/&gt;&lt;span style=&quot;color: rgb(102, 102, 102); font-size: 12px; background-color: rgb(255, 255, 255);&quot;&gt;7.1销售方将会把商品（货物）送到您所指定的收货地址，所有在本站上列出的送货时间为参考时间，参考时间的计算是根据库存状况、正常的处理过程和送货时间、送货地点的基础上估计得出的。&lt;/span&gt;&lt;br/&gt;&lt;br/&gt;&lt;span style=&quot;color: rgb(102, 102, 102); font-size: 12px; background-color: rgb(255, 255, 255);&quot;&gt;7.2因如下情况造成订单延迟或无法配送等，销售方不承担延迟配送的责任：&lt;/span&gt;&lt;br/&gt;&lt;br/&gt;&lt;span style=&quot;color: rgb(102, 102, 102); font-size: 12px; background-color: rgb(255, 255, 255);&quot;&gt;（1）用户提供的信息错误、地址不详细等原因导致的；&lt;/span&gt;&lt;br/&gt;&lt;br/&gt;&lt;span style=&quot;color: rgb(102, 102, 102); font-size: 12px; background-color: rgb(255, 255, 255);&quot;&gt;（2）货物送达后无人签收，导致无法配送或延迟配送的；&lt;/span&gt;&lt;br/&gt;&lt;br/&gt;&lt;span style=&quot;color: rgb(102, 102, 102); font-size: 12px; background-color: rgb(255, 255, 255);&quot;&gt;（3）情势变更因素导致的；&lt;/span&gt;&lt;br/&gt;&lt;br/&gt;&lt;span style=&quot;color: rgb(102, 102, 102); font-size: 12px; background-color: rgb(255, 255, 255);&quot;&gt;（4）不可抗力因素导致的，例如：自然灾害、交通戒严、突发战争等。&lt;/span&gt;&lt;br/&gt;&lt;br/&gt;&lt;span style=&quot;color: rgb(102, 102, 102); font-size: 12px; background-color: rgb(255, 255, 255);&quot;&gt;第8条 所有权及知识产权条款&lt;/span&gt;&lt;br/&gt;&lt;br/&gt;&lt;span style=&quot;color: rgb(102, 102, 102); font-size: 12px; background-color: rgb(255, 255, 255);&quot;&gt;8.1用户一旦接受本协议，即表明该用户主动将其在任何时间段在本站发表的任何形式的信息内容（包括但不限于客户评价、客户咨询、各类话题文章等信息内容）的财产性权利等任何可转让的权利，如著作权财产权（包括并不限于：复制权、发行权、出租权、展览权、表演权、放映权、广播权、信息网络传播权、摄制权、改编权、翻译权、汇编权以及应当由著作权人享有的其他可转让权利），全部独家且不可撤销地转让给商城所有，用户同意商城有权就任何主体侵权而单独提起诉讼。&lt;/span&gt;&lt;br/&gt;&lt;br/&gt;&lt;span style=&quot;color: rgb(102, 102, 102); font-size: 12px; background-color: rgb(255, 255, 255);&quot;&gt;8.2本协议已经构成《中华人民共和国著作权法》第二十五条（条文序号依照2011年版著作权法确定）及相关法律规定的著作财产权等权利转让书面协议，其效力及于用户在商城网站上发布的任何受著作权法保护的作品内容，无论该等内容形成于本协议订立前还是本协议订立后。&lt;/span&gt;&lt;br/&gt;&lt;br/&gt;&lt;span style=&quot;color: rgb(102, 102, 102); font-size: 12px; background-color: rgb(255, 255, 255);&quot;&gt;8.3用户同意并已充分了解本协议的条款，承诺不将已发表于本站的信息，以任何形式发布或授权其它主体以任何方式使用（包括但不限于在各类网站、媒体上使用）。&lt;/span&gt;&lt;br/&gt;&lt;br/&gt;&lt;span style=&quot;color: rgb(102, 102, 102); font-size: 12px; background-color: rgb(255, 255, 255);&quot;&gt;8.4商城是本站的制作者,拥有此网站内容及资源的著作权等合法权利,受国家法律保护,有权不时地对本协议及本站的内容进行修改，并在本站张贴，无须另行通知用户。在法律允许的最大限度范围内，商城对本协议及本站内容拥有解释权。&lt;/span&gt;&lt;br/&gt;&lt;br/&gt;&lt;span style=&quot;color: rgb(102, 102, 102); font-size: 12px; background-color: rgb(255, 255, 255);&quot;&gt;8.5除法律另有强制性规定外，未经商城明确的特别书面许可,任何单位或个人不得以任何方式非法地全部或部分复制、转载、引用、链接、抓取或以其他方式使用本站的信息内容，否则，商城有权追究其法律责任。&lt;/span&gt;&lt;br/&gt;&lt;br/&gt;&lt;span style=&quot;color: rgb(102, 102, 102); font-size: 12px; background-color: rgb(255, 255, 255);&quot;&gt;8.6本站所刊登的资料信息（诸如文字、图表、标识、按钮图标、图像、声音文件片段、数字下载、数据编辑和软件），均是商城或其内容提供者的财产，受中国和国际版权法的保护。本站上所有内容的汇编是商城的排他财产，受中国和国际版权法的保护。本站上所有软件都是商城或其关联公司或其软件供应商的财产，受中国和国际版权法的保护。&lt;/span&gt;&lt;br/&gt;&lt;br/&gt;&lt;span style=&quot;color: rgb(102, 102, 102); font-size: 12px; background-color: rgb(255, 255, 255);&quot;&gt;第9条 责任限制及不承诺担保&lt;/span&gt;&lt;br/&gt;&lt;br/&gt;&lt;span style=&quot;color: rgb(102, 102, 102); font-size: 12px; background-color: rgb(255, 255, 255);&quot;&gt;除非另有明确的书面说明,本站及其所包含的或以其它方式通过本站提供给您的全部信息、内容、材料、产品（包括软件）和服务，均是在&amp;quot;按现状&amp;quot;和&amp;quot;按现有&amp;quot;的基础上提供的。&lt;/span&gt;&lt;br/&gt;&lt;br/&gt;&lt;span style=&quot;color: rgb(102, 102, 102); font-size: 12px; background-color: rgb(255, 255, 255);&quot;&gt;除非另有明确的书面说明,商城不对本站的运营及其包含在本网站上的信息、内容、材料、产品（包括软件）或服务作任何形式的、明示或默示的声明或担保（根据中华人民共和国法律另有规定的以外）。&lt;/span&gt;&lt;br/&gt;&lt;br/&gt;&lt;span style=&quot;color: rgb(102, 102, 102); font-size: 12px; background-color: rgb(255, 255, 255);&quot;&gt;商城不担保本站所包含的或以其它方式通过本站提供给您的全部信息、内容、材料、产品（包括软件）和服务、其服务器或从本站发出的电子信件、信息没有病毒或其他有害成分。&lt;/span&gt;&lt;br/&gt;&lt;br/&gt;&lt;span style=&quot;color: rgb(102, 102, 102); font-size: 12px; background-color: rgb(255, 255, 255);&quot;&gt;如因不可抗力或其它本站无法控制的原因使本站销售系统崩溃或无法正常使用导致网上交易无法完成或丢失有关的信息、记录等，商城会合理地尽力协助处理善后事宜。&lt;/span&gt;&lt;br/&gt;&lt;br/&gt;&lt;span style=&quot;color: rgb(102, 102, 102); font-size: 12px; background-color: rgb(255, 255, 255);&quot;&gt;第10条 协议更新及用户关注义务&lt;/span&gt;&lt;br/&gt;&lt;br/&gt;&lt;span style=&quot;color: rgb(102, 102, 102); font-size: 12px; background-color: rgb(255, 255, 255);&quot;&gt;根据国家法律法规变化及网站运营需要，商城有权对本协议条款不时地进行修改，修改后的协议一旦被张贴在本站上即生效，并代替原来的协议。用户可随时登录查阅最新协议；用户有义务不时关注并阅读最新版的协议及网站公告。如用户不同意更新后的协议，可以且应立即停止接受商城网站依据本协议提供的服务；如用户继续使用本网站提供的服务的，即视为同意更新后的协议。商城建议您在使用本站之前阅读本协议及本站的公告。 如果本协议中任何一条被视为废止、无效或因任何理由不可执行，该条应视为可分的且并不影响任何其余条款的有效性和可执行性。&lt;/span&gt;&lt;br/&gt;&lt;br/&gt;&lt;span style=&quot;color: rgb(102, 102, 102); font-size: 12px; background-color: rgb(255, 255, 255);&quot;&gt;第11条 法律管辖和适用&lt;/span&gt;&lt;br/&gt;&lt;br/&gt;&lt;span style=&quot;color: rgb(102, 102, 102); font-size: 12px; background-color: rgb(255, 255, 255);&quot;&gt;本协议的订立、执行和解释及争议的解决均应适用在中华人民共和国大陆地区适用之有效法律（但不包括其冲突法规则）。 如发生本协议与适用之法律相抵触时，则这些条款将完全按法律规定重新解释，而其它有效条款继续有效。 如缔约方就本协议内容或其执行发生任何争议，双方应尽力友好协商解决；协商不成时，任何一方均可向有管辖权的中华人民共和国大陆地区法院提起诉讼。&lt;/span&gt;&lt;br/&gt;&lt;br/&gt;&lt;span style=&quot;color: rgb(102, 102, 102); font-size: 12px; background-color: rgb(255, 255, 255);&quot;&gt;第12条 其他&lt;/span&gt;&lt;br/&gt;&lt;br/&gt;&lt;span style=&quot;color: rgb(102, 102, 102); font-size: 12px; background-color: rgb(255, 255, 255);&quot;&gt;12.1商城网站所有者是指在政府部门依法许可或备案的商城网站经营主体。&lt;/span&gt;&lt;br/&gt;&lt;br/&gt;&lt;span style=&quot;color: rgb(102, 102, 102); font-size: 12px; background-color: rgb(255, 255, 255);&quot;&gt;12.2商城尊重用户和消费者的合法权利，本协议及本网站上发布的各类规则、声明等其他内容，均是为了更好的、更加便利的为用户和消费者提供服务。本站欢迎用户和社会各界提出意见和建议，商城将虚心接受并适时修改本协议及本站上的各类规则。&lt;/span&gt;&lt;br/&gt;&lt;br/&gt;&lt;span style=&quot;color: rgb(102, 102, 102); font-size: 12px; background-color: rgb(255, 255, 255);&quot;&gt;12.3本协议内容中以黑体、加粗、下划线、斜体等方式显著标识的条款，请用户着重阅读。&lt;/span&gt;&lt;br/&gt;&lt;br/&gt;&lt;span style=&quot;color: rgb(102, 102, 102); font-size: 12px; background-color: rgb(255, 255, 255);&quot;&gt;12.4您点击本协议下方的&amp;quot;同意并继续&amp;quot;按钮即视为您完全接受本协议，在点击之前请您再次确认已知悉并完全理解本协议的全部内容。&lt;/span&gt;&lt;/span&gt;&lt;/p&gt;', '1435672310');
INSERT INTO `ls_document` VALUES ('4', 'open_store', '开店协议', '&lt;h2 style=&quot;padding: 0px; margin: 0px; font-size: 16px; font-weight: normal; color: rgb(51, 51, 51); line-height: 30px;&quot;&gt;&lt;span style=&quot;font-family: 宋体, SimSun; font-size: 12px;&quot;&gt;1.本协议的订立&lt;/span&gt;&lt;/h2&gt;&lt;p class=&quot;cont&quot; style=&quot;padding: 0px; margin-top: 0px; margin-bottom: 0px; line-height: 28px;&quot;&gt;&lt;span style=&quot;font-family: 宋体, SimSun; font-size: 12px;&quot;&gt;在本网站（shop&lt;/span&gt;&lt;span style=&quot;font-family: 宋体, SimSun; font-size: 12px;&quot;&gt;.bayi-shop.com&lt;/span&gt;&lt;span style=&quot;font-family: 宋体, SimSun; font-size: 12px;&quot;&gt;）依据《绿色长城网站用户注册协议》登记注册，且符合本网站 商家入驻标准的用户（以下简称&amp;quot;商 家&amp;quot;），在同意本协议全部条款后，方有资格使用&amp;quot;德尚商城商家在线入驻系统&amp;quot;（以 下简称&amp;quot;入驻系统&amp;quot;）申请入驻。一经商家点击&amp;quot;同意以上协议，下一步&amp;quot;按键， 即意味着商家同意与本网站签订本协议并同意受本协议约束。&lt;/span&gt;&lt;/p&gt;&lt;h2 style=&quot;padding: 0px; margin: 0px; font-size: 16px; font-weight: normal; color: rgb(51, 51, 51); line-height: 30px;&quot;&gt;&lt;span style=&quot;font-family: 宋体, SimSun; font-size: 12px;&quot;&gt;2.入驻系统使用说明&lt;/span&gt;&lt;/h2&gt;&lt;p class=&quot;cont&quot; style=&quot;padding: 0px; margin-top: 0px; margin-bottom: 0px; line-height: 28px;&quot;&gt;&lt;span style=&quot;font-family: 宋体, SimSun; font-size: 12px;&quot;&gt;2.1 商家通过入驻系统提出入驻申请，并按照要求填写商家信息、提供商家资质资料后，由 本网站审核并与有合作意向的商家联系协商合作相关事宜，经双方协商一致线下签订书面《开放平台 供应商合作运营协议》（以下简称&amp;quot;运营协议&amp;quot;），且商家按照&amp;quot;运营协议&amp;quot;约定 支付相应平台使用费及保证金等必要费用后，商家正式入驻本网站。本网站将为入驻商家开通商家后 台系统，商家可通过商家后台系统在本网站运营 自己的入驻店铺。&lt;/span&gt;&lt;/p&gt;&lt;p class=&quot;cont&quot; style=&quot;padding: 0px; margin-top: 0px; margin-bottom: 0px; line-height: 28px;&quot;&gt;&lt;span style=&quot;font-family: 宋体, SimSun; font-size: 12px;&quot;&gt;2.2 商家以及本网站通过入驻系统做出的申请、资料提交及确认等各类沟通，仅为双方合作 的意向以及本网站对商家资格审核的必备程序，除遵守本协议各项约定外，对双方不产生法律约束力 。双方间最终合作事宜及运营规则均以&amp;quot;运营协议&amp;quot;的约定及商家后台系统公示的各项规则 为准。&lt;/span&gt;&lt;/p&gt;&lt;h2 style=&quot;padding: 0px; margin: 0px; font-size: 16px; font-weight: normal; color: rgb(51, 51, 51); line-height: 30px;&quot;&gt;&lt;span style=&quot;font-family: 宋体, SimSun; font-size: 12px;&quot;&gt;3.商家权利义务&lt;/span&gt;&lt;/h2&gt;&lt;p style=&quot;padding: 0px; margin-top: 0px; margin-bottom: 0px; line-height: 28px;&quot;&gt;&lt;span style=&quot;font-family: 宋体, SimSun; font-size: 12px;&quot;&gt;用户使用&amp;quot;德尚商城商家在线入驻系统&amp;quot;前请认真阅读并理解本协议内容，本协议 内容中以加粗方式显著标识的条款，请用户着重阅读、慎重考虑。&lt;/span&gt;&lt;/p&gt;&lt;p&gt;&lt;br/&gt;&lt;/p&gt;', '1576203890');
INSERT INTO `ls_document` VALUES ('5', 'groupbuy', '抢购活动协议', '&lt;p style=&quot;margin-top: 0px; margin-bottom: 0px; padding: 0px; color: rgb(94, 94, 94); font-family: &amp;quot;Microsoft Yahei&amp;quot;, Tahoma, Helvetica, Arial, 宋体, sans-serif, 宋体; font-size: 12px; white-space: normal; background-color: rgb(255, 255, 255);&quot;&gt;&lt;span style=&quot;font-family: 宋体, SimSun;&quot;&gt;在您报名参加绿色长城平台推广活动之前，请您仔细阅读本协议的全部内容。如果您对本协议的条款有疑问，请通过绿色长城客服渠道进行询问，我们将向您解释条款内容。如果您不同意本协议的任何内容，或者无法准确理解绿色长城对条款的解释，请不要点选“接受/同意”，也不要参与绿色长城平台推广活动。&lt;br/&gt;本协议内容包括协议正文及所有随缘客已经发布或将来可能发布的各类规则。所有规则为协议不可分割的一部分，与协议正文具有同等法律效力。以任何方式进入绿色长城网站并使用服务即表示您已充分阅读、理解并同意接受本协议的条款和条件(以下合称“条款”)。&amp;nbsp;绿色长城有权根据业务需要，在不违反国家有关法律法规的前提下修订“条款”，并以网站公告的形式进行公示，不再单独通知您。经修订的“条款”一经在绿色长城网站公布，即产生效力。如您不同意相关修订，请您立即停止使用“服务”。如您继续使用“服务”，则将视为您已接受经修订的“条款”，当您与绿色长城发生争议时，应以最新的“条款”为准。&lt;br/&gt;在本协议中，“绿色长城”指绿色长城平台及其关联公司，“商家”指您，即申请人。&lt;br/&gt;&amp;nbsp; &amp;nbsp; &amp;nbsp; &amp;nbsp;&lt;/span&gt;&lt;/p&gt;&lt;p class=&quot;fontbold&quot; style=&quot;margin-top: 0px; margin-bottom: 0px; padding: 0px; color: rgb(94, 94, 94); font-family: &amp;quot;Microsoft Yahei&amp;quot;, Tahoma, Helvetica, Arial, 宋体, sans-serif, 宋体; font-size: 12px; white-space: normal; background-color: rgb(255, 255, 255);&quot;&gt;&lt;span style=&quot;font-family: 宋体, SimSun;&quot;&gt;&amp;nbsp;&amp;nbsp;&amp;nbsp;&amp;nbsp;&amp;nbsp;&amp;nbsp;&amp;nbsp;1、报名商品&lt;/span&gt;&lt;/p&gt;&lt;p style=&quot;margin-top: 0px; margin-bottom: 0px; padding: 0px; color: rgb(94, 94, 94); font-family: &amp;quot;Microsoft Yahei&amp;quot;, Tahoma, Helvetica, Arial, 宋体, sans-serif, 宋体; font-size: 12px; white-space: normal; background-color: rgb(255, 255, 255);&quot;&gt;&lt;span style=&quot;font-family: 宋体, SimSun;&quot;&gt;&amp;nbsp;&amp;nbsp;&amp;nbsp;&amp;nbsp;&amp;nbsp;&amp;nbsp;&amp;nbsp;商家需按照活动的要求选择自己账号关联店铺内的商品进行报名，请仔细确认填写商品的分类、活动价、库存及包邮、发货信息，针对不符合要求的商品或商家，绿色长城有权利直接拒绝报名申请。&lt;br/&gt;&amp;nbsp; &amp;nbsp; &amp;nbsp; &amp;nbsp;&lt;/span&gt;&lt;/p&gt;&lt;p class=&quot;fontbold&quot; style=&quot;margin-top: 0px; margin-bottom: 0px; padding: 0px; color: rgb(94, 94, 94); font-family: &amp;quot;Microsoft Yahei&amp;quot;, Tahoma, Helvetica, Arial, 宋体, sans-serif, 宋体; font-size: 12px; white-space: normal; background-color: rgb(255, 255, 255);&quot;&gt;&lt;span style=&quot;font-family: 宋体, SimSun;&quot;&gt;&amp;nbsp;&amp;nbsp;&amp;nbsp;&amp;nbsp;&amp;nbsp;&amp;nbsp;&amp;nbsp;2、活动审核&lt;/span&gt;&lt;/p&gt;&lt;p style=&quot;margin-top: 0px; margin-bottom: 0px; padding: 0px; color: rgb(94, 94, 94); font-family: &amp;quot;Microsoft Yahei&amp;quot;, Tahoma, Helvetica, Arial, 宋体, sans-serif, 宋体; font-size: 12px; white-space: normal; background-color: rgb(255, 255, 255);&quot;&gt;&lt;span style=&quot;font-family: 宋体, SimSun;&quot;&gt;&amp;nbsp;&amp;nbsp;&amp;nbsp;&amp;nbsp;&amp;nbsp;&amp;nbsp;&amp;nbsp;2.1、商家提交活动报名后随缘客审核专员会按照提交顺序、活动类型进行审核，整个审核的范围包括但不限于商品质量、价格、历史评价，以及商家信誉等级、当季热销品类、同行业同类型商品的性价比等方面内容。随缘客在商家提交报名申请之日起在20个工作日内给予结果，在此期间您可随时登录报名系统查询审核状态。&lt;br/&gt;&amp;nbsp; &amp;nbsp; &amp;nbsp; &amp;nbsp;&amp;nbsp;&amp;nbsp;&amp;nbsp;&amp;nbsp;&amp;nbsp;&amp;nbsp;2.2、审核通过的，系统会提示您进行相应的下一步操作，请根据系统提示尽快补充相应的资料信息，超时未处理的绿色长城有权取消本次活动审核。&lt;br/&gt;&amp;nbsp; &amp;nbsp; &amp;nbsp; &amp;nbsp;&amp;nbsp;&amp;nbsp;&amp;nbsp;&amp;nbsp;&amp;nbsp;&amp;nbsp;2.3、如果您的活动报名申请被设置为“未通过”，请根据随缘客审核专员的审核留言对活动进行调整、或更换符合要求的其他商品再来报名，经3次未通过后频繁重复提交的，随缘客有权锁定对应的报名信息填报系统，您将无法继续报名。&lt;br/&gt;&amp;nbsp; &amp;nbsp; &amp;nbsp; &amp;nbsp;&lt;/span&gt;&lt;/p&gt;&lt;p class=&quot;fontbold&quot; style=&quot;margin-top: 0px; margin-bottom: 0px; padding: 0px; color: rgb(94, 94, 94); font-family: &amp;quot;Microsoft Yahei&amp;quot;, Tahoma, Helvetica, Arial, 宋体, sans-serif, 宋体; font-size: 12px; white-space: normal; background-color: rgb(255, 255, 255);&quot;&gt;&lt;span style=&quot;font-family: 宋体, SimSun;&quot;&gt;&amp;nbsp;&amp;nbsp;&amp;nbsp;&amp;nbsp;&amp;nbsp;&amp;nbsp;&amp;nbsp;3、审核状态说明&lt;/span&gt;&lt;/p&gt;&lt;p style=&quot;margin-top: 0px; margin-bottom: 0px; padding: 0px; color: rgb(94, 94, 94); font-family: &amp;quot;Microsoft Yahei&amp;quot;, Tahoma, Helvetica, Arial, 宋体, sans-serif, 宋体; font-size: 12px; white-space: normal; background-color: rgb(255, 255, 255);&quot;&gt;&lt;span style=&quot;font-family: 宋体, SimSun;&quot;&gt;&amp;nbsp; &amp;nbsp; &amp;nbsp; &amp;nbsp;绿色长城审核条件非常严格，先后经过7道工序，全部通过后再发布上线，即：初审-复审-洽谈-样品邮寄-样品体验-样品备案-排期-上线。商家应保证其提供的商品不违反法律法规，不侵犯任何第三人的知识产权或其他合法权利。&lt;br/&gt;&amp;nbsp; &amp;nbsp; &amp;nbsp; &amp;nbsp;&amp;nbsp;&amp;nbsp;&amp;nbsp;&amp;nbsp;&amp;nbsp;&amp;nbsp;&amp;nbsp;3.1、招商专员会经过两轮的活动筛选，即初审、复审，确定您的商品是否适合参加本站活动；&lt;br/&gt;&amp;nbsp; &amp;nbsp; &amp;nbsp; &amp;nbsp;&amp;nbsp;&amp;nbsp;&amp;nbsp;&amp;nbsp;&amp;nbsp;&amp;nbsp;&amp;nbsp;3.2、在待洽谈状态时，请主动点击与该活动对应的招商专员QQ与其取得联系（必须是该活动对应的店铺的QQ）；&lt;br/&gt;&amp;nbsp; &amp;nbsp; &amp;nbsp; &amp;nbsp;&amp;nbsp;&amp;nbsp;&amp;nbsp;&amp;nbsp;&amp;nbsp;&amp;nbsp;&amp;nbsp;3.3、在样品邮寄状态时，请寄送活动报名对应商品的样品，将快递（含快递名称、快递单号、寄出时间等）信息填写到系统中，以便招商专员能够第一时间反馈样品接收状态并核对样品信息；&lt;br/&gt;&amp;nbsp; &amp;nbsp; &amp;nbsp; &amp;nbsp;&amp;nbsp;&amp;nbsp;&amp;nbsp;&amp;nbsp;&amp;nbsp;&amp;nbsp;&amp;nbsp;3.4、您确认并同意：绿色长城招商专员在收到样品时，将您的活动状态改为“样品体验”，“样品体验”即绿色长城招商专员仅以普通或非专业人员的知识水平标准评估您寄来样品并结合活动条件和规模确定是否符合您所报名的活动推广条件；无论样品是否符合易购活动推广条件，样品均不予退还，随缘客有权对样品进行任何方式的支配和处理。&lt;br/&gt;&amp;nbsp; &amp;nbsp; &amp;nbsp; &amp;nbsp;&amp;nbsp;&amp;nbsp;&amp;nbsp;&amp;nbsp;&amp;nbsp;&amp;nbsp;&amp;nbsp;3.5、经绿色长城判断符合活动条件的样品，由绿色长城留样备案。您确认并同意在活动期间及活动结束后，如绿色长城发现消费者投诉或经易购抽检的商品质量有争议的，绿色长城有权仅以此样品与争议商品进行比对，您对样品无异议。争议商品与样品是否存在差异以及差异程度以易购主观判断为准。您应保证当次活动所有发货的商品与样品完全一致（包括且不限于商品批次、商品包装、商品分量、同色商品颜色、同规格/尺码商品的规格/尺码及商品材质等各个方面）。&lt;br/&gt;&amp;nbsp; &amp;nbsp; &amp;nbsp; &amp;nbsp;&amp;nbsp;&amp;nbsp;&amp;nbsp;&amp;nbsp;&amp;nbsp;&amp;nbsp;&amp;nbsp;3.6、样品体验符合绿色长城活动条件的，招商专员会将对应的活动进行初步的排期，如果您对排期问题有异议也可以直接联系招商专员进行调整，确认排期后需要您按照绿色长城的指示根据活动商品的活动价、库存销量、技术服务费率和保证金要求进行支付相应的活动保证金和技术服务费。&lt;br/&gt;&amp;nbsp; &amp;nbsp; &amp;nbsp; &amp;nbsp;&amp;nbsp;&amp;nbsp;&amp;nbsp;&amp;nbsp;&amp;nbsp;&amp;nbsp;&amp;nbsp;3.7、您已缴纳活动保证金后，即进入绿色长城排期时间，您的活动将根据系统排期发布上线，您可以登录绿色长城首页查看您的活动详情；商家未按时缴纳保证金导致活动未能按时发布上线的由商家自行承担一切后果；在活动进行中请勿私自修改商品信息或状态，包括但不限于商品标题、图片、SKU信息、价格、库存、邮费设置、宝贝详情信息以及设置商品下架或卖光状态。如商家私自变更商品信息或状态的，随缘客有权将活动商品下架并扣除相应的保证金作为处罚。&lt;br/&gt;&amp;nbsp; &amp;nbsp; &amp;nbsp; &amp;nbsp;&lt;/span&gt;&lt;/p&gt;&lt;p class=&quot;fontbold&quot; style=&quot;margin-top: 0px; margin-bottom: 0px; padding: 0px; color: rgb(94, 94, 94); font-family: &amp;quot;Microsoft Yahei&amp;quot;, Tahoma, Helvetica, Arial, 宋体, sans-serif, 宋体; font-size: 12px; white-space: normal; background-color: rgb(255, 255, 255);&quot;&gt;&lt;span style=&quot;font-family: 宋体, SimSun;&quot;&gt;&amp;nbsp;&amp;nbsp;&amp;nbsp;&amp;nbsp;&amp;nbsp;&amp;nbsp;&amp;nbsp;4、活动保证金&lt;/span&gt;&lt;/p&gt;&lt;p style=&quot;margin-top: 0px; margin-bottom: 0px; padding: 0px; color: rgb(94, 94, 94); font-family: &amp;quot;Microsoft Yahei&amp;quot;, Tahoma, Helvetica, Arial, 宋体, sans-serif, 宋体; font-size: 12px; white-space: normal; background-color: rgb(255, 255, 255);&quot;&gt;&lt;span style=&quot;font-family: 宋体, SimSun;&quot;&gt;&amp;nbsp;&amp;nbsp;&amp;nbsp;&amp;nbsp;&amp;nbsp;&amp;nbsp;&amp;nbsp;商家的具体应缴保证金数额根据绿色长城招商标准及商家的具体情况由绿色长城确定。绿色长城有权根据商家之业务变化及实际履约情况通知商家调整保证金金额，商家应在收到绿色长城通知后的5个自然日内向绿色长城交齐保证金，否则，绿色长城有权中止或解除本协议。有关保证金的具体内容详见&lt;/span&gt;&lt;span style=&quot;font-family: 宋体, SimSun;&quot;&gt;《绿色长城商家保证金协议》&lt;/span&gt;&lt;span style=&quot;font-family: 宋体, SimSun;&quot;&gt;。&lt;br/&gt;&amp;nbsp; &amp;nbsp; &amp;nbsp; &amp;nbsp;&amp;nbsp;&amp;nbsp;&amp;nbsp;&amp;nbsp;&amp;nbsp;&amp;nbsp;4.1、商家在报名参加绿色长城推广活动交纳保证金，保证金主要用于保证商家按照绿色长城的规则进行经营，商家有任何违规行为或违约行为的，绿色长城有权扣除保证金。保证金扣除相关情形具体参见&lt;/span&gt;&lt;span style=&quot;font-family: 宋体, SimSun;&quot;&gt;《绿色长城商家违规/违约处罚条例》&lt;/span&gt;&lt;span style=&quot;font-family: 宋体, SimSun;&quot;&gt;。&lt;br/&gt;&amp;nbsp; &amp;nbsp; &amp;nbsp; &amp;nbsp;&amp;nbsp;&amp;nbsp;&amp;nbsp;&amp;nbsp;&amp;nbsp;&amp;nbsp;4.2、绿色长城招商专员会根据商家报名活动商品的类型、活动数量综合计算该商家需要缴纳的保证金额度，具体标准可参见&lt;/span&gt;&lt;span style=&quot;font-family: 宋体, SimSun;&quot;&gt;《绿色长城商家保证金协议》&lt;/span&gt;&lt;span style=&quot;font-family: 宋体, SimSun;&quot;&gt;。在保证金额度不足的情况下,绿色长城有权要求商家限期补足保证金。商家需在收到易购通知后十（10）个自然日内补足保证金金额。如果没有及时交齐保证金的易购有权中止提供相应的技术推广服务，直至商家交齐保证金。&lt;br/&gt;&amp;nbsp; &amp;nbsp; &amp;nbsp; &amp;nbsp;&amp;nbsp;&amp;nbsp;&amp;nbsp;&amp;nbsp;&amp;nbsp;&amp;nbsp;4.3、由于保证金不充抵服务费用或其他费用，非因商家原因被扣除的，保证金始终存于商家的易购账户中并处于冻结状态，如合作终止且商家无任何违规或违约行为，则保证金仍无息退还商家。因此绿色长城对商家缴纳的保证金不提供收据或发票，敬请谅解。&lt;br/&gt;&amp;nbsp; &amp;nbsp; &amp;nbsp;&amp;nbsp;&amp;nbsp;&amp;nbsp;&amp;nbsp;&amp;nbsp;&amp;nbsp;&amp;nbsp;&lt;span style=&quot;font-family: 宋体, SimSun; color: red;&quot;&gt;4.4、商家在绿色长城网活动期间无任何违规或违约行为的，最后一个活动结束超过17天，且所有交易环节（包括：交易、费用结算、售后处理及买家维权处理）完成，商家可自行申请解冻保证金至商家的易购网账户内。此期间，若绿色长城发现商家存在或可能存在违规或违约行为且在该17天内无法处理完毕的，绿色长城有权将保证金冻结时间延长30天或操作紧急扣除保证金，待商家违规/违约行为处理完毕后视具体情况解冻或退还。但商家有欠款未向易购付清的，保证金仍无法解冻或退还。&lt;/span&gt;&lt;br/&gt;&amp;nbsp; &amp;nbsp; &amp;nbsp;&amp;nbsp;&amp;nbsp;&amp;nbsp;&amp;nbsp;&amp;nbsp;&amp;nbsp;&amp;nbsp;4.5、因资质、商品造假等原因被清退的违规商家，绿色长城将不返还保证金，因违规或违约行为扣除的保证金亦不予返还，如扣除保证金仍不足以弥补因其行为给随缘客及消费用户造成的损失的，违规商家还应承担相应的损失赔偿责任。具体保证金扣取情况参见&lt;/span&gt;&lt;span style=&quot;font-family: 宋体, SimSun;&quot;&gt;《绿色长城商家违规/违约处罚条例》&lt;/span&gt;&lt;span style=&quot;font-family: 宋体, SimSun;&quot;&gt;。&lt;br/&gt;&amp;nbsp; &amp;nbsp; &amp;nbsp;&amp;nbsp;&amp;nbsp;&amp;nbsp;&amp;nbsp;&amp;nbsp;&amp;nbsp;&amp;nbsp;4.6、绿色长城将根据国家经济情况、市场状况及绿色长城经营情况适时适当调整保证金制度及保证金标准。保证金的调整会提前以公告形式在易购网站公布。&lt;br/&gt;&amp;nbsp; &amp;nbsp; &amp;nbsp;&lt;/span&gt;&lt;/p&gt;&lt;p class=&quot;fontbold&quot; style=&quot;margin-top: 0px; margin-bottom: 0px; padding: 0px; color: rgb(94, 94, 94); font-family: &amp;quot;Microsoft Yahei&amp;quot;, Tahoma, Helvetica, Arial, 宋体, sans-serif, 宋体; font-size: 12px; white-space: normal; background-color: rgb(255, 255, 255);&quot;&gt;&lt;span style=&quot;font-family: 宋体, SimSun;&quot;&gt;&amp;nbsp;&amp;nbsp;&amp;nbsp;&amp;nbsp;&amp;nbsp;&amp;nbsp;&amp;nbsp;5、商家账户充值及提现规则&lt;/span&gt;&lt;/p&gt;&lt;p class=&quot;fontbold&quot; style=&quot;margin-top: 0px; margin-bottom: 0px; padding: 0px; color: rgb(94, 94, 94); font-family: &amp;quot;Microsoft Yahei&amp;quot;, Tahoma, Helvetica, Arial, 宋体, sans-serif, 宋体; font-size: 12px; white-space: normal; background-color: rgb(255, 255, 255);&quot;&gt;&lt;span style=&quot;font-family: 宋体, SimSun;&quot;&gt;&amp;nbsp;&amp;nbsp;&amp;nbsp;&amp;nbsp;&amp;nbsp;&amp;nbsp;&amp;nbsp;5.1充值&lt;/span&gt;&lt;/p&gt;&lt;p style=&quot;margin-top: 0px; margin-bottom: 0px; padding: 0px; color: rgb(94, 94, 94); font-family: &amp;quot;Microsoft Yahei&amp;quot;, Tahoma, Helvetica, Arial, 宋体, sans-serif, 宋体; font-size: 12px; white-space: normal; background-color: rgb(255, 255, 255);&quot;&gt;&lt;span style=&quot;font-family: 宋体, SimSun;&quot;&gt;&amp;nbsp;&amp;nbsp;&amp;nbsp;&amp;nbsp;&amp;nbsp;&amp;nbsp;&amp;nbsp;（1）充值须以活动为目的，绿色长城账户仅限充值活动保证金。保证金具体金额根据绿色长城招商标准及商家的具体情况如商家资质、信誉状况、预估销售规模、单月销售额水平、合作次数、历史活动评分、商品类目及商品单价等由绿色长城招商专员在商家提交报名审核时具体确定；&lt;br/&gt;&amp;nbsp; &amp;nbsp;&amp;nbsp;&amp;nbsp;&amp;nbsp;&amp;nbsp;&amp;nbsp;&amp;nbsp;&amp;nbsp;（2）绿色长城确定的与活动相关的充值产生的相应手续费由随缘客承担。商家不得利用随缘客平台向易购账户充入与活动无关的任何费用，否则一经发现，绿色长城有权采取相应措施，包括但不限于冻结账号余额、拒绝提现。因此产生的手续费由商家自行承担，绿色长城已经支付的手续费有权向商家追偿。因此给绿色长城造成的任何损失，商家应承担赔偿责任；&lt;br/&gt;&amp;nbsp; &amp;nbsp;&amp;nbsp;&amp;nbsp;&amp;nbsp;&amp;nbsp;&amp;nbsp;&amp;nbsp;&amp;nbsp;（3）采用信用卡方式充值的，自充值之日起超过90日申请提现的，付款无法原路退回，绿色长城将以转账方式付款到您充值时使用的信用卡账户，转账手续费将在转账时从您的提现金额中即时扣除，手续费费率以银行转账手续费费率为准；&lt;br/&gt;&amp;nbsp; &amp;nbsp;&amp;nbsp;&amp;nbsp;&amp;nbsp;&amp;nbsp;&amp;nbsp;&amp;nbsp;&amp;nbsp;（4）商家在绿色长城平台的一切活动均应遵守国家法律、法规及国家政策，易购绿色长城有理由怀疑商家充入资金来源不合法或存在其他不正当目的的，有权向相关部门举报，并将积极配合有关部门调查；&lt;br/&gt;&amp;nbsp; &amp;nbsp;&amp;nbsp;&amp;nbsp;&amp;nbsp;&amp;nbsp;&amp;nbsp;&amp;nbsp;&amp;nbsp;（5）如商家充值资金来源不合法或存在其他不正当目的，被相关部门查处的，一切责任由商家承担；因此造成绿色长城任何损失的，商家应承担赔偿责任。&lt;br/&gt;&amp;nbsp; &amp;nbsp;&lt;/span&gt;&lt;/p&gt;&lt;p class=&quot;fontbold&quot; style=&quot;margin-top: 0px; margin-bottom: 0px; padding: 0px; color: rgb(94, 94, 94); font-family: &amp;quot;Microsoft Yahei&amp;quot;, Tahoma, Helvetica, Arial, 宋体, sans-serif, 宋体; font-size: 12px; white-space: normal; background-color: rgb(255, 255, 255);&quot;&gt;&lt;span style=&quot;font-family: 宋体, SimSun;&quot;&gt;&amp;nbsp;&amp;nbsp;&amp;nbsp;&amp;nbsp;&amp;nbsp;&amp;nbsp;&amp;nbsp;5.2余额提现&lt;/span&gt;&lt;/p&gt;&lt;p style=&quot;margin-top: 0px; margin-bottom: 0px; padding: 0px; color: rgb(94, 94, 94); font-family: &amp;quot;Microsoft Yahei&amp;quot;, Tahoma, Helvetica, Arial, 宋体, sans-serif, 宋体; font-size: 12px; white-space: normal; background-color: rgb(255, 255, 255);&quot;&gt;&lt;span style=&quot;font-family: 宋体, SimSun;&quot;&gt;&amp;nbsp;&amp;nbsp;&amp;nbsp;&amp;nbsp;&amp;nbsp;&amp;nbsp;&amp;nbsp;（1）活动期间或活动结束后您可对您已充值的绿色长城账户余额办理提现。您申请余额提现时，将一律以原路退回方式付款到您充值时使用的支付账户。采用信用卡方式充值的，自充值之日起超过90日申请提现的，付款无法原路退回，绿色长城将以转账方式付款到您充值时使用的信用卡账户，转账手续费将在转账时从您的提现金额中即时扣除，手续费费率以银行转账手续费费率为准。&lt;br/&gt;&amp;nbsp; &amp;nbsp;&amp;nbsp;&amp;nbsp;&amp;nbsp;&amp;nbsp;&amp;nbsp;&amp;nbsp;&amp;nbsp;（2）系统仅允许一笔处理中的提现申请，如申请提现时仍有上一笔提现未处理完毕的，将无法继续提交提现申请；每个自然月内最多允许成功提现两次；单笔提现金额不得超出账户内余额；&lt;br/&gt;&amp;nbsp; &amp;nbsp; &amp;nbsp;&amp;nbsp;&amp;nbsp;&amp;nbsp;&amp;nbsp;&amp;nbsp;&amp;nbsp;（3）通过支付宝账户申请提现的，因提现产生的相应手续费由商家承担，即：商家提现时将从提现金额中即时扣除小额手续费，具体以支付宝有关手续费的规定比例为准；&lt;br/&gt;&amp;nbsp; &amp;nbsp; &amp;nbsp;&amp;nbsp;&amp;nbsp;&amp;nbsp;&amp;nbsp;&amp;nbsp;&amp;nbsp;（4）为了更好的保护您的账户和资金安全，避免因您的账号信息泄露导致恶意提现或变更，请您务必妥善保管好自己的易购账户信息。如因您个人原因导致账号被盗或余额被提现的，绿色长城不承担任何责任。&lt;br/&gt;&amp;nbsp; &amp;nbsp; &amp;nbsp;&lt;/span&gt;&lt;/p&gt;&lt;p class=&quot;fontbold&quot; style=&quot;margin-top: 0px; margin-bottom: 0px; padding: 0px; color: rgb(94, 94, 94); font-family: &amp;quot;Microsoft Yahei&amp;quot;, Tahoma, Helvetica, Arial, 宋体, sans-serif, 宋体; font-size: 12px; white-space: normal; background-color: rgb(255, 255, 255);&quot;&gt;&lt;span style=&quot;font-family: 宋体, SimSun;&quot;&gt;&amp;nbsp;&amp;nbsp;&amp;nbsp;&amp;nbsp;&amp;nbsp;&amp;nbsp;&amp;nbsp;6、违约责任&lt;/span&gt;&lt;/p&gt;&lt;p style=&quot;margin-top: 0px; margin-bottom: 0px; padding: 0px; color: rgb(94, 94, 94); font-family: &amp;quot;Microsoft Yahei&amp;quot;, Tahoma, Helvetica, Arial, 宋体, sans-serif, 宋体; font-size: 12px; white-space: normal; background-color: rgb(255, 255, 255);&quot;&gt;&lt;span style=&quot;font-family: 宋体, SimSun;&quot;&gt;&amp;nbsp;&amp;nbsp;&amp;nbsp;&amp;nbsp;&amp;nbsp;&amp;nbsp;&amp;nbsp;商家有任何违反本协议条款之行为的，按照&lt;/span&gt;&lt;span style=&quot;font-family: 宋体, SimSun;&quot;&gt;《绿色长城商家违规处罚条例》&lt;/span&gt;&lt;span style=&quot;font-family: 宋体, SimSun;&quot;&gt;的规定扣除相应保证金并（或）进行其他相应的处罚。&lt;br/&gt;&amp;nbsp; &amp;nbsp; &amp;nbsp;&lt;/span&gt;&lt;/p&gt;&lt;p class=&quot;fontbold&quot; style=&quot;margin-top: 0px; margin-bottom: 0px; padding: 0px; color: rgb(94, 94, 94); font-family: &amp;quot;Microsoft Yahei&amp;quot;, Tahoma, Helvetica, Arial, 宋体, sans-serif, 宋体; font-size: 12px; white-space: normal; background-color: rgb(255, 255, 255);&quot;&gt;&lt;span style=&quot;font-family: 宋体, SimSun;&quot;&gt;&amp;nbsp;&amp;nbsp;&amp;nbsp;&amp;nbsp;&amp;nbsp;&amp;nbsp;&amp;nbsp;7、责任免除情形&lt;/span&gt;&lt;/p&gt;&lt;p style=&quot;margin-top: 0px; margin-bottom: 0px; padding: 0px; color: rgb(94, 94, 94); font-family: &amp;quot;Microsoft Yahei&amp;quot;, Tahoma, Helvetica, Arial, 宋体, sans-serif, 宋体; font-size: 12px; white-space: normal; background-color: rgb(255, 255, 255);&quot;&gt;&lt;span style=&quot;font-family: 宋体, SimSun;&quot;&gt;&amp;nbsp;&amp;nbsp;&amp;nbsp;&amp;nbsp;&amp;nbsp;&amp;nbsp;&amp;nbsp;（1）因战争、自然灾害、政府行为、互联网灾难、互联网通讯提供商等导致绿色长城网络平台服务器不能正常运行的；&lt;br/&gt;&amp;nbsp; &amp;nbsp; &amp;nbsp;&amp;nbsp;&amp;nbsp;&amp;nbsp;&amp;nbsp;&amp;nbsp;&amp;nbsp;（2）因绿色长城网站遭遇不法分子攻击或非法劫持导致绿色长城网络平台服务器临时性不能正常运行或绿色长城网站不能正常访问的。&lt;br/&gt;&amp;nbsp; &amp;nbsp; &amp;nbsp;&amp;nbsp;&amp;nbsp;&amp;nbsp;&amp;nbsp;&amp;nbsp;&amp;nbsp;（3）您理解并同意，如遇大型促销活动期间，用户访问量巨大时，网络环境可能存在一定的不稳定性，绿色长城系统平台偶尔出现短时无法访问属正常现象。&lt;br/&gt;&amp;nbsp; &amp;nbsp; &amp;nbsp;&lt;/span&gt;&lt;/p&gt;&lt;p class=&quot;fontbold&quot; style=&quot;margin-top: 0px; margin-bottom: 0px; padding: 0px; color: rgb(94, 94, 94); font-family: &amp;quot;Microsoft Yahei&amp;quot;, Tahoma, Helvetica, Arial, 宋体, sans-serif, 宋体; font-size: 12px; white-space: normal; background-color: rgb(255, 255, 255);&quot;&gt;&lt;span style=&quot;font-family: 宋体, SimSun;&quot;&gt;&amp;nbsp;&amp;nbsp;&amp;nbsp;&amp;nbsp;&amp;nbsp;&amp;nbsp;&amp;nbsp;8、协议效力&lt;/span&gt;&lt;/p&gt;&lt;p style=&quot;margin-top: 0px; margin-bottom: 0px; padding: 0px; color: rgb(94, 94, 94); font-family: &amp;quot;Microsoft Yahei&amp;quot;, Tahoma, Helvetica, Arial, 宋体, sans-serif, 宋体; font-size: 12px; white-space: normal; background-color: rgb(255, 255, 255);&quot;&gt;&lt;span style=&quot;font-family: 宋体, SimSun;&quot;&gt;&amp;nbsp;&amp;nbsp;&amp;nbsp;&amp;nbsp;&amp;nbsp;&amp;nbsp;&amp;nbsp;本协议适用于以任何形式参加绿色长城平台推广活动的所有商家，商家在任何时候参加随缘客活动均受本协议约束，本协议对双方均发生法律效力。&lt;br/&gt;&amp;nbsp; &amp;nbsp; &amp;nbsp;&lt;/span&gt;&lt;/p&gt;&lt;p class=&quot;fontbold&quot; style=&quot;margin-top: 0px; margin-bottom: 0px; padding: 0px; color: rgb(94, 94, 94); font-family: &amp;quot;Microsoft Yahei&amp;quot;, Tahoma, Helvetica, Arial, 宋体, sans-serif, 宋体; font-size: 12px; white-space: normal; background-color: rgb(255, 255, 255);&quot;&gt;&lt;span style=&quot;font-family: 宋体, SimSun;&quot;&gt;&amp;nbsp;&amp;nbsp;&amp;nbsp;&amp;nbsp;&amp;nbsp;&amp;nbsp;&amp;nbsp;9、法律适用及争议解决&lt;/span&gt;&lt;/p&gt;&lt;p style=&quot;margin-top: 0px; margin-bottom: 0px; padding: 0px; color: rgb(94, 94, 94); font-family: &amp;quot;Microsoft Yahei&amp;quot;, Tahoma, Helvetica, Arial, 宋体, sans-serif, 宋体; font-size: 12px; white-space: normal; background-color: rgb(255, 255, 255);&quot;&gt;&lt;span style=&quot;font-family: 宋体, SimSun;&quot;&gt;&amp;nbsp;&amp;nbsp;&amp;nbsp;&amp;nbsp;&amp;nbsp;&amp;nbsp; 本协议的生效、解释、执行、管辖、争议的解决均适用中华人民共和国法律。&lt;/span&gt;&lt;/p&gt;&lt;p&gt;&lt;br/&gt;&lt;/p&gt;', '1576203810');

-- -----------------------------
-- Table structure for `ls_editable_page`
-- -----------------------------
DROP TABLE IF EXISTS `ls_editable_page`;
CREATE TABLE `ls_editable_page` (
  `editable_page_id` int(10) unsigned NOT NULL AUTO_INCREMENT COMMENT '页面类型id',
  `editable_page_name` varchar(60) NOT NULL COMMENT '页面名称',
  `editable_page_path` varchar(60) NOT NULL DEFAULT '' COMMENT 'index/index商场首页store/index店铺首页special/index专题活动页',
  `editable_page_item_id` int(10) unsigned NOT NULL DEFAULT '0' COMMENT '页面项目id',
  `editable_page_client` varchar(10) NOT NULL COMMENT '客户端pc、h5',
  `editable_page_theme` varchar(60) NOT NULL COMMENT '页面主题',
  `editable_page_theme_config` text NOT NULL COMMENT '页面主题配置',
  `editable_page_edit_time` int(10) unsigned NOT NULL COMMENT '页面编辑时间',
  PRIMARY KEY (`editable_page_id`)
) ENGINE=InnoDB AUTO_INCREMENT=4 DEFAULT CHARSET=utf8 COMMENT='可编辑页面表';

-- -----------------------------
-- Records of `ls_editable_page`
-- -----------------------------
INSERT INTO `ls_editable_page` VALUES ('1', '京东大气专题页', 'special/index', '0', 'pc', 'style_1', '{\"back_color\":\"rgb(232,241,246)\"}', '1564123643');
INSERT INTO `ls_editable_page` VALUES ('2', '京东清爽专题页', 'special/index', '0', 'pc', 'style_1', '{\"back_color\":\"rgb(239,239,247)\"}', '1564203449');
INSERT INTO `ls_editable_page` VALUES ('3', '京东灵动专题页', 'special/index', '0', 'h5', 'style_1', '{\"back_color\":\"rgb(246, 246, 246)\"}', '1564122668');

-- -----------------------------
-- Table structure for `ls_editable_page_config`
-- -----------------------------
DROP TABLE IF EXISTS `ls_editable_page_config`;
CREATE TABLE `ls_editable_page_config` (
  `editable_page_config_id` int(10) unsigned NOT NULL AUTO_INCREMENT COMMENT '页面配置id',
  `editable_page_id` int(10) unsigned NOT NULL COMMENT '页面id',
  `editable_page_model_id` int(10) unsigned NOT NULL COMMENT '页面模块id',
  `editable_page_config_sort_order` tinyint(3) unsigned NOT NULL DEFAULT '255' COMMENT '排序',
  `editable_page_config_content` text NOT NULL COMMENT '配置内容',
  PRIMARY KEY (`editable_page_config_id`)
) ENGINE=InnoDB AUTO_INCREMENT=23 DEFAULT CHARSET=utf8 COMMENT='可编辑页面配置表';

-- -----------------------------
-- Records of `ls_editable_page_config`
-- -----------------------------
INSERT INTO `ls_editable_page_config` VALUES ('1', '1', '3', '29', '{\"back_color\":\"unset\",\"margin_top\":\"0\",\"margin_bottom\":\"20px\",\"goods\":[{\"gc_id\":0,\"sort\":\"new\",\"if_fix\":0,\"count\":3,\"goods_id\":[]}]}');
INSERT INTO `ls_editable_page_config` VALUES ('2', '1', '1', '23', '{\"width\":\"100%\",\"height\":\"700px\",\"back_color\":\"unset\",\"margin_top\":\"0\",\"margin_bottom\":\"20px\",\"image\":[{\"count\":2,\"list\":{\"1\":{\"path\":\"\\/uploads\\/home\\/editable_page\\/5d3a7c20a5597.jpg\",\"sort\":\"9\"},\"0\":{\"path\":\"\\/uploads\\/home\\/editable_page\\/5d3a7c1de5082.jpg\",\"sort\":\"9\"}}}],\"link\":[{\"count\":2,\"list\":[]}]}');
INSERT INTO `ls_editable_page_config` VALUES ('3', '1', '2', '29', '{\"width\":\"1200px\",\"height\":\"370px\",\"back_color\":\"unset\",\"margin_top\":\"0\",\"margin_bottom\":\"20px\",\"editor\":[\"&lt;p style=&quot;text-align: center;&quot;&gt;&lt;span style=&quot;font-size: 36px;&quot;&gt;&lt;br\\/&gt;&lt;\\/span&gt;&lt;\\/p&gt;&lt;p style=&quot;text-align: center;&quot;&gt;&lt;span style=&quot;font-size: 36px;&quot;&gt;\\u8d2d\\u673a\\u4eab\\u6743\\u76ca&lt;\\/span&gt;&lt;br\\/&gt;&lt;\\/p&gt;&lt;p style=&quot;text-align: center;&quot;&gt;&lt;span style=&quot;font-size: 36px;&quot;&gt;&lt;br\\/&gt;&lt;\\/span&gt;&lt;\\/p&gt;&lt;p style=&quot;text-align: center;&quot;&gt;&lt;span style=&quot;font-size: 36px;&quot;&gt;&lt;img src=&quot;\\/uploads\\/home\\/editable_page\\/5d3a7f70e10bc.jpg&quot;\\/&gt;&lt;\\/span&gt;&lt;\\/p&gt;\"]}');
INSERT INTO `ls_editable_page_config` VALUES ('5', '1', '4', '29', '{\"back_color\":\"unset\",\"margin_top\":\"0\",\"margin_bottom\":\"20px\",\"image\":[{\"count\":1,\"list\":[{\"path\":\"\\/uploads\\/home\\/editable_page\\/5d3a8aaea1789.jpg\",\"sort\":\"9\"}]}],\"goods\":[{\"gc_id\":0,\"sort\":\"new\",\"if_fix\":0,\"count\":1,\"goods_id\":[]}]}');
INSERT INTO `ls_editable_page_config` VALUES ('6', '1', '5', '29', '{\"back_color\":\"unset\",\"margin_top\":\"0\",\"margin_bottom\":\"20px\",\"goods\":[{\"gc_id\":0,\"sort\":\"new\",\"if_fix\":0,\"count\":4,\"goods_id\":[]}]}');
INSERT INTO `ls_editable_page_config` VALUES ('7', '1', '7', '32', '{\"back_color\":\"unset\",\"margin_top\":\"0\",\"margin_bottom\":\"20px\",\"goods\":[{\"gc_id\":0,\"sort\":\"hot\",\"if_fix\":0,\"count\":1,\"goods_id\":[]}]}');
INSERT INTO `ls_editable_page_config` VALUES ('9', '1', '3', '33', '{\"back_color\":\"unset\",\"margin_top\":\"0\",\"margin_bottom\":\"20px\",\"goods\":[{\"gc_id\":0,\"sort\":\"new\",\"if_fix\":0,\"count\":3,\"goods_id\":[]}]}');
INSERT INTO `ls_editable_page_config` VALUES ('10', '1', '2', '29', '{\"width\":\"1200px\",\"height\":\"60px\",\"back_color\":\"unset\",\"margin_top\":\"50px\",\"margin_bottom\":\"0\",\"editor\":[\"&lt;p style=&quot;text-align: center;&quot;&gt;&lt;span style=&quot;font-size: 36px;&quot;&gt;\\u95ea\\u5145\\u5bb6\\u65cf&lt;\\/span&gt;&lt;\\/p&gt;\"]}');
INSERT INTO `ls_editable_page_config` VALUES ('11', '1', '7', '32', '{\"back_color\":\"unset\",\"margin_top\":\"0\",\"margin_bottom\":\"20px\",\"goods\":[{\"gc_id\":0,\"sort\":\"new\",\"if_fix\":0,\"count\":1,\"goods_id\":[]}]}');
INSERT INTO `ls_editable_page_config` VALUES ('12', '1', '2', '33', '{\"width\":\"1200px\",\"height\":\"500px\",\"back_color\":\"#fff\",\"margin_top\":\"0\",\"margin_bottom\":\"0\",\"editor\":[\"&lt;p&gt;&lt;span style=&quot;font-size: 16px;&quot;&gt;&lt;br\\/&gt;&lt;\\/span&gt;&lt;\\/p&gt;&lt;p&gt;&lt;span style=&quot;font-size: 16px;&quot;&gt;&lt;br\\/&gt;&lt;\\/span&gt;&lt;\\/p&gt;&lt;p&gt;&lt;span style=&quot;font-size: 16px;&quot;&gt;&lt;br\\/&gt;&lt;\\/span&gt;&lt;\\/p&gt;&lt;p&gt;&lt;span style=&quot;font-size: 16px;&quot;&gt;&lt;br\\/&gt;&lt;\\/span&gt;&lt;\\/p&gt;&lt;p&gt;&lt;span style=&quot;font-size: 16px;&quot;&gt;\\u6d3b\\u52a8\\u89c4\\u5219&lt;\\/span&gt;&lt;\\/p&gt;&lt;p&gt;&lt;br\\/&gt;&lt;\\/p&gt;&lt;p&gt;&lt;span style=&quot;font-size: 16px;&quot;&gt;1.\\u4ee5\\u65e7\\u6362\\u65b0&lt;\\/span&gt;&lt;\\/p&gt;&lt;p&gt;&lt;span style=&quot;font-size: 16px;&quot;&gt;7\\u67081\\u65e5-7\\u670831\\u65e5\\u671f\\u95f4\\uff0c\\u7528\\u6237\\u5728\\u6d3b\\u52a8\\u671f\\u95f4\\u8d2d\\u4e70OPPO\\u5b98\\u65b9\\u65d7\\u8230\\u5e97\\u624b\\u673a\\u4ea7\\u54c1\\uff08\\u4e03\\u5929\\u5185\\u65e0\\u9000\\u8d27\\uff09\\uff0c\\u4e14\\u4e8e\\u6d3b\\u52a8\\u671f\\u5185\\u63d0\\u4ea4\\u5e76\\u5b8c\\u6210\\u65e7\\u624b\\u673a\\u56de\\u6536\\u8ba2\\u5355\\uff0c\\u5355\\u7b14\\u56de\\u6536\\u91d1\\u989d\\u6ee14000\\u5143\\u8fd4320\\u5143\\u3001\\u5355\\u7b14\\u56de\\u6536\\u91d1\\u989d\\u6ee12000\\u5143\\u8fd4120\\u5143\\u3002&lt;\\/span&gt;&lt;\\/p&gt;&lt;p&gt;&lt;br\\/&gt;&lt;\\/p&gt;&lt;p&gt;&lt;br\\/&gt;&lt;\\/p&gt;&lt;p&gt;&lt;br\\/&gt;&lt;\\/p&gt;&lt;p&gt;&lt;span style=&quot;font-size: 16px;&quot;&gt;2.\\u6652\\u5355\\u6709\\u5229&lt;\\/span&gt;&lt;\\/p&gt;&lt;p&gt;&lt;span style=&quot;font-size: 16px;&quot;&gt;7\\u67081\\u65e5-7\\u670831\\u65e5\\u671f\\u95f4\\u6210\\u529f\\u8d2d\\u4e70OPPO\\u624b\\u673a\\u7684\\u7528\\u6237\\uff0c\\u5e76\\u4e8e8\\u670815\\u65e5\\u4e4b\\u524d\\u786e\\u8ba4\\u6536\\u8d27\\u4e14\\u53c2\\u4e0e\\u8bc4\\u4ef7\\uff083\\u5f20\\u4ee5\\u4e0a\\u624b\\u673a\\u5b9e\\u7269\\u56fe+25\\u5b57\\u4ee5\\u4e0a\\u4f7f\\u7528\\u4f53\\u9a8c\\uff09\\uff0c\\u53ef\\u83b7\\u8d60\\u817e\\u8baf\\u89c6\\u9891\\u4f1a\\u5458\\u6708\\u5361\\u3002&lt;br\\/&gt;&lt;\\/span&gt;&lt;\\/p&gt;&lt;p&gt;&lt;br\\/&gt;&lt;\\/p&gt;&lt;p&gt;&lt;br\\/&gt;&lt;\\/p&gt;&lt;p&gt;&lt;br\\/&gt;&lt;\\/p&gt;&lt;p&gt;&lt;span style=&quot;font-size: 16px;&quot;&gt;3.\\u63a8\\u8350\\u6709\\u793c&lt;\\/span&gt;&lt;\\/p&gt;&lt;p&gt;&lt;span style=&quot;font-size: 16px;&quot;&gt;\\u8001\\u7528\\u6237\\u4ecb\\u7ecd\\u670b\\u53cb\\u6210\\u529f\\u8d2d\\u673a\\u5373\\u53ef\\u83b7\\u5f97OPPOx\\u91ce\\u517d\\u6d3e\\u5b9a\\u5236\\u793c\\u76d2\\uff0c\\u8be6\\u8be2\\u5ba2\\u670d\\u3002&lt;\\/span&gt;&lt;\\/p&gt;\"]}');
INSERT INTO `ls_editable_page_config` VALUES ('18', '2', '8', '37', '{\"back_color\":\"unset\",\"margin_top\":\"0\",\"margin_bottom\":\"40px\",\"image\":{\"0\":{\"count\":5,\"list\":{\"4\":{\"path\":\"\\/uploads\\/home\\/editable_page\\/5d3bd1592e1a3.gif\",\"sort\":\"9\"},\"3\":{\"path\":\"\\/uploads\\/home\\/editable_page\\/5d3bd1565fde3.gif\",\"sort\":\"9\"},\"2\":{\"path\":\"\\/uploads\\/home\\/editable_page\\/5d3bd1539d1be.gif\",\"sort\":\"9\"},\"1\":{\"path\":\"\\/uploads\\/home\\/editable_page\\/5d3bd15072958.gif\",\"sort\":\"9\"},\"0\":{\"path\":\"\\/uploads\\/home\\/editable_page\\/5d3bd14d7d0a7.gif\",\"sort\":\"9\"}}},\"1\":{\"count\":3,\"list\":{\"2\":{\"path\":\"\\/uploads\\/home\\/editable_page\\/5d3bd20c38e74.jpg\",\"sort\":\"9\"},\"1\":{\"path\":\"\\/uploads\\/home\\/editable_page\\/5d3bd20a2651d.jpg\",\"sort\":\"9\"},\"0\":{\"path\":\"\\/uploads\\/home\\/editable_page\\/5d3bd20841649.jpg\",\"sort\":\"9\"}}},\"4\":{\"count\":1,\"list\":[{\"path\":\"\\/uploads\\/home\\/editable_page\\/5d3bd25f761fd.png\",\"sort\":\"9\"}]}},\"cate\":[{\"gc_id\":0,\"list\":{\"1\":{\"gc_id\":\"1\",\"sort\":\"9\"},\"4\":{\"gc_id\":\"4\",\"sort\":\"9\"},\"8\":{\"gc_id\":\"8\",\"sort\":\"9\"},\"9\":{\"gc_id\":\"9\",\"sort\":\"9\"},\"10\":{\"gc_id\":\"10\",\"sort\":\"9\"},\"11\":{\"sort\":\"9\"},\"12\":{\"sort\":\"9\"},\"15\":{\"sort\":\"9\"},\"16\":{\"sort\":\"9\"},\"468\":{\"sort\":\"9\"}}}],\"link\":{\"1\":{\"count\":3,\"list\":[]},\"3\":{\"count\":3,\"list\":[]},\"4\":{\"count\":1,\"list\":[]}},\"text\":{\"2\":{\"count\":2,\"list\":{\"1\":{\"content\":\"\\u5934\\u6761\",\"sort\":\"9\"},\"0\":{\"content\":\"\\u751f\\u9c9c\",\"sort\":\"9\"}}},\"3\":{\"count\":3,\"list\":{\"2\":{\"content\":\"\\u4e00\\u952e\\u7acb\\u4eab \\u7528\\u5fc3\\u505a\\u987f\\u597d\\u996d\",\"sort\":\"9\"},\"1\":{\"content\":\"0\\u5143\\u8bd5\\u5403 \\u5168\\u65b0\\u4e0a\\u7ebf \\u6293\\u7d27\\u5c1d\\u9c9c\",\"sort\":\"9\"},\"0\":{\"content\":\"\\u7cbe\\u6311\\u7ec6\\u9009100\\u5206\\u8425\\u517b\\u7f8e\\u5473\",\"sort\":\"9\"}}}}}');
INSERT INTO `ls_editable_page_config` VALUES ('20', '2', '9', '43', '{\"back_color\":\"unset\",\"margin_top\":\"0\",\"margin_bottom\":\"40px\",\"image\":[{\"count\":1,\"list\":[{\"path\":\"\\/uploads\\/home\\/editable_page\\/5d3c16f97ba58.png\",\"sort\":\"9\"}]},{\"count\":1,\"list\":[{\"path\":\"\\/uploads\\/home\\/editable_page\\/5d3c17024328f.jpg\",\"sort\":\"9\"}]},{\"count\":1,\"list\":[{\"path\":\"\\/uploads\\/home\\/editable_page\\/5d3c170c8227d.png\",\"sort\":\"9\"}]}],\"cate\":[{\"gc_id\":1,\"list\":{\"321\":{\"gc_id\":\"321\",\"sort\":\"9\"},\"338\":{\"gc_id\":\"338\",\"sort\":\"9\"},\"49\":{\"gc_id\":\"49\",\"sort\":\"9\"},\"48\":{\"gc_id\":\"48\",\"sort\":\"9\"},\"3\":{\"gc_id\":\"3\",\"sort\":\"9\"},\"2\":{\"gc_id\":\"2\",\"sort\":\"9\"}}}],\"link\":{\"1\":{\"count\":1,\"list\":[]},\"2\":{\"count\":1,\"list\":[]}},\"text\":[{\"count\":2,\"list\":{\"1\":{\"content\":\"\\u5e94\\u65f6\\u800c\\u91c7\\uff0c\\u65b0\\u9c9c\\u7279\\u4f9b\",\"sort\":\"9\"},\"0\":{\"content\":\"\\u65b0\\u9c9c\\u6c34\\u679c\",\"sort\":\"9\"}}}],\"goods\":{\"3\":{\"count\":6,\"gc_id\":0,\"sort\":\"new\",\"if_fix\":0,\"goods_id\":[]}},\"brand\":{\"4\":{\"count\":10,\"gc_id\":0,\"if_fix\":0,\"brand_id\":[]}}}');
INSERT INTO `ls_editable_page_config` VALUES ('21', '2', '10', '43', '{\"back_color\":\"unset\",\"margin_top\":\"0\",\"margin_bottom\":\"40px\",\"image\":{\"0\":{\"count\":1,\"list\":[{\"path\":\"\\/uploads\\/home\\/editable_page\\/5d3c1f61a3a52.png\",\"sort\":\"9\"}]},\"1\":{\"count\":1,\"list\":[{\"path\":\"\\/uploads\\/home\\/editable_page\\/5d3c20d295ed8.png\",\"sort\":\"9\"}]},\"5\":{\"count\":1,\"list\":[{\"path\":\"\\/uploads\\/home\\/editable_page\\/5d3c20e36ed8d.png\",\"sort\":\"9\"}]},\"6\":{\"count\":1,\"list\":[{\"path\":\"\\/uploads\\/home\\/editable_page\\/5d3c20ea2911e.png\",\"sort\":\"9\"}]}},\"cate\":{\"0\":{\"gc_id\":4,\"list\":{\"54\":{\"gc_id\":\"54\",\"sort\":\"9\"},\"392\":{\"gc_id\":\"392\",\"sort\":\"9\"},\"51\":{\"gc_id\":\"51\",\"sort\":\"9\"},\"7\":{\"gc_id\":\"7\",\"sort\":\"9\"},\"6\":{\"gc_id\":\"6\",\"sort\":\"9\"},\"5\":{\"gc_id\":\"5\",\"sort\":\"9\"}}},\"5\":{\"gc_id\":10,\"list\":{\"420\":{\"gc_id\":\"420\",\"sort\":\"9\"},\"422\":{\"sort\":\"9\"},\"434\":{\"sort\":\"9\"},\"59\":{\"gc_id\":\"59\",\"sort\":\"9\"},\"58\":{\"gc_id\":\"58\",\"sort\":\"9\"},\"26\":{\"gc_id\":\"26\",\"sort\":\"9\"},\"27\":{\"gc_id\":\"27\",\"sort\":\"9\"},\"25\":{\"gc_id\":\"25\",\"sort\":\"9\"}}}},\"link\":{\"1\":{\"count\":1,\"list\":[]},\"6\":{\"count\":1,\"list\":[]}},\"text\":{\"0\":{\"count\":2,\"list\":{\"1\":{\"content\":\"\\u901f\\u51bb\\u7f8e\\u5473\\uff0c\\u4e50\\u4eab\\u751f\\u6d3b\",\"sort\":\"9\"},\"0\":{\"content\":\"\\u51b7\\u51bb\\u996e\\u54c1\",\"sort\":\"9\"}}},\"5\":{\"count\":2,\"list\":{\"1\":{\"content\":\"\\u6765\\u81ea\\u7530\\u95f4\\uff0c\\u6e05\\u9999\\u72b9\\u5b58\",\"sort\":\"9\"},\"0\":{\"content\":\"\\u65b0\\u9c9c\\u852c\\u83dc\",\"sort\":\"9\"}}}},\"goods\":{\"3\":{\"count\":3,\"gc_id\":0,\"sort\":\"new\",\"if_fix\":0,\"goods_id\":[]},\"7\":{\"count\":3,\"gc_id\":0,\"sort\":\"new\",\"if_fix\":0,\"goods_id\":[]}},\"brand\":{\"4\":{\"count\":5,\"gc_id\":0,\"if_fix\":0,\"brand_id\":[]},\"8\":{\"count\":5,\"gc_id\":0,\"if_fix\":0,\"brand_id\":[]}}}');
INSERT INTO `ls_editable_page_config` VALUES ('22', '2', '11', '43', '{\"back_color\":\"unset\",\"margin_top\":\"0\",\"margin_bottom\":\"40px\",\"image\":[{\"count\":4,\"list\":[{\"path\":\"\\/uploads\\/home\\/editable_page\\/5d3c280be7e0f.gif\",\"sort\":\"1\"},{\"path\":\"\\/uploads\\/home\\/editable_page\\/5d3c280f3fdce.gif\",\"sort\":\"2\"},{\"path\":\"\\/uploads\\/home\\/editable_page\\/5d3c2812c0652.gif\",\"sort\":\"3\"},{\"path\":\"\\/uploads\\/home\\/editable_page\\/5d3c2818e1d7f.gif\",\"sort\":\"4\"},{\"path\":\"\\/uploads\\/home\\/editable_page\\/5d3c37607b932.jpg\",\"sort\":\"9\"}]}],\"goods\":[{\"count\":40,\"gc_id\":1,\"sort\":\"new\",\"if_fix\":0,\"goods_id\":[]},{\"count\":40,\"gc_id\":4,\"sort\":\"new\",\"if_fix\":0,\"goods_id\":[]},{\"count\":40,\"gc_id\":8,\"sort\":\"new\",\"if_fix\":0,\"goods_id\":[]},{\"count\":40,\"gc_id\":1,\"sort\":\"new\",\"if_fix\":0,\"goods_id\":[]}],\"link\":[{\"count\":4}]}');

-- -----------------------------
-- Table structure for `ls_editable_page_model`
-- -----------------------------
DROP TABLE IF EXISTS `ls_editable_page_model`;
CREATE TABLE `ls_editable_page_model` (
  `editable_page_model_id` int(10) unsigned NOT NULL AUTO_INCREMENT COMMENT '页面模块id',
  `editable_page_model_name` varchar(60) NOT NULL COMMENT '页面模块名称',
  `editable_page_model_intro` varchar(255) NOT NULL DEFAULT '' COMMENT '页面模块简介',
  `editable_page_path` text NOT NULL COMMENT 'index/index商场首页store/index店铺首页special/index专题活动页，多个用|分隔，空表示通用',
  `editable_page_theme` text NOT NULL COMMENT '页面主题，多个用|分隔，空表示通用',
  `editable_page_model_client` varchar(10) NOT NULL DEFAULT '' COMMENT '客户端pc、h5，空表示通用',
  `editable_page_model_content` text NOT NULL COMMENT '配置内容',
  PRIMARY KEY (`editable_page_model_id`)
) ENGINE=InnoDB AUTO_INCREMENT=16 DEFAULT CHARSET=utf8 COMMENT='可编辑页面模块表';

-- -----------------------------
-- Records of `ls_editable_page_model`
-- -----------------------------
INSERT INTO `ls_editable_page_model` VALUES ('1', '轮播图', '', '', '', '', '{\"width\":\"100%\",\"height\":\"300px\",\"back_color\":\"unset\",\"margin_top\":\"0\",\"margin_bottom\":\"0\",\"image\":[{\"count\":1,\"list\":[]}],\"link\":[{\"count\":1,\"list\":[]}]}');
INSERT INTO `ls_editable_page_model` VALUES ('2', '富文本', '', '', '', '', '{\"width\":\"1200px\",\"height\":\"300px\",\"back_color\":\"unset\",\"margin_top\":\"0\",\"margin_bottom\":\"0\",\"editor\":[\"\"]}');
INSERT INTO `ls_editable_page_model` VALUES ('3', '三列商品', '', '', '', 'pc', '{\"back_color\":\"unset\",\"margin_top\":\"0\",\"margin_bottom\":\"0\",\"goods\":[{\"gc_id\":0,\"sort\":\"new\",\"if_fix\":0,\"count\":3,\"goods_id\":[]}]}');
INSERT INTO `ls_editable_page_model` VALUES ('4', '一个商品', '大图尺寸1200*450px', '', '', 'pc', '{\"back_color\":\"unset\",\"margin_top\":\"0\",\"margin_bottom\":\"0\",\"image\":[{\"count\":1,\"list\":[]}],\"goods\":[{\"gc_id\":0,\"sort\":\"new\",\"if_fix\":0,\"count\":1,\"goods_id\":[]}]}');
INSERT INTO `ls_editable_page_model` VALUES ('5', '两列商品', '', '', '', 'pc', '{\"back_color\":\"unset\",\"margin_top\":\"0\",\"margin_bottom\":\"0\",\"goods\":[{\"gc_id\":0,\"sort\":\"new\",\"if_fix\":0,\"count\":2,\"goods_id\":[]}]}');
INSERT INTO `ls_editable_page_model` VALUES ('6', '两列商品', '', '', '', 'h5', '{\"back_color\":\"unset\",\"margin_top\":\"0\",\"margin_bottom\":\"0\",\"text\":[{\"count\":1,\"list\":[]}],\"goods\":[{\"gc_id\":0,\"sort\":\"new\",\"if_fix\":0,\"count\":2,\"goods_id\":[]}]}');
INSERT INTO `ls_editable_page_model` VALUES ('7', '一个商品', '', '', '', 'pc', '{\"back_color\":\"unset\",\"margin_top\":\"0\",\"margin_bottom\":\"0\",\"goods\":[{\"gc_id\":0,\"sort\":\"new\",\"if_fix\":0,\"count\":1,\"goods_id\":[]}]}');
INSERT INTO `ls_editable_page_model` VALUES ('8', '商品分类和轮播图', '分类小图标尺寸26*26px，轮播图800*400px，右下广告图188*245px', '', '', 'pc', '{\"back_color\":\"unset\",\"margin_top\":\"0\",\"margin_bottom\":\"0\",\"image\":{\"0\":{\"count\":5,\"list\":[]},\"1\":{\"count\":3,\"list\":[]},\"4\":{\"count\":1,\"list\":[]}},\"cate\":[{\"gc_id\":0,\"list\":[]}],\"link\":{\"1\":{\"count\":3,\"list\":[]},\"3\":{\"count\":3,\"list\":[]},\"4\":{\"count\":1,\"list\":[]}},\"text\":{\"2\":{\"count\":2,\"list\":[]},\"3\":{\"count\":3,\"list\":[]}}}');
INSERT INTO `ls_editable_page_model` VALUES ('9', '分类商品列表', '左侧产品分类背景图尺寸200*300px，中间广告图600*300px，右侧广告图400*300px', '', '', 'pc', '{\"back_color\":\"unset\",\"margin_top\":\"0\",\"margin_bottom\":\"0\",\"image\":[{\"count\":1,\"list\":[]},{\"count\":1,\"list\":[]},{\"count\":1,\"list\":[]}],\"cate\":[{\"gc_id\":0,\"list\":[]}],\"link\":{\"1\":{\"count\":1,\"list\":[]},\"2\":{\"count\":1,\"list\":[]}},\"text\":[{\"count\":2,\"list\":[]}],\"goods\":{\"3\":{\"count\":6,\"gc_id\":0,\"sort\":\"new\",\"if_fix\":0,\"goods_id\":[]}},\"brand\":{\"4\":{\"count\":10,\"gc_id\":0,\"if_fix\":0,\"brand_id\":[]}}}');
INSERT INTO `ls_editable_page_model` VALUES ('10', '两列分类商品列表', '左侧产品分类背景图尺寸200*300px，右侧广告图395*300px', '', '', 'pc', '{\"back_color\":\"unset\",\"margin_top\":\"0\",\"margin_bottom\":\"0\",\"image\":{\"0\":{\"count\":1,\"list\":[]},\"1\":{\"count\":1,\"list\":[]},\"5\":{\"count\":1,\"list\":[]},\"6\":{\"count\":1,\"list\":[]}},\"cate\":{\"0\":{\"gc_id\":0,\"list\":[]},\"5\":{\"gc_id\":0,\"list\":[]}},\"link\":{\"1\":{\"count\":1,\"list\":[]},\"6\":{\"count\":1,\"list\":[]}},\"text\":{\"0\":{\"count\":2,\"list\":[]},\"5\":{\"count\":2,\"list\":[]}},\"goods\":{\"3\":{\"count\":3,\"gc_id\":0,\"sort\":\"new\",\"if_fix\":0,\"goods_id\":[]},\"7\":{\"count\":3,\"gc_id\":0,\"sort\":\"new\",\"if_fix\":0,\"goods_id\":[]}},\"brand\":{\"4\":{\"count\":5,\"gc_id\":0,\"if_fix\":0,\"brand_id\":[]},\"8\":{\"count\":5,\"gc_id\":0,\"if_fix\":0,\"brand_id\":[]}}}');
INSERT INTO `ls_editable_page_model` VALUES ('11', '分类切换商品列表', '分类图标尺寸90*90px，上下结构，上部分为初始状态图标，下部分为活动状态图标', '', '', 'pc', '{\"back_color\":\"unset\",\"margin_top\":\"0\",\"margin_bottom\":\"0\",\"image\":[{\"count\":4,\"list\":[]}],\"goods\":[{\"count\":40,\"gc_id\":0,\"sort\":\"new\",\"if_fix\":0,\"goods_id\":[]},{\"count\":40,\"gc_id\":0,\"sort\":\"new\",\"if_fix\":0,\"goods_id\":[]},{\"count\":40,\"gc_id\":0,\"sort\":\"new\",\"if_fix\":0,\"goods_id\":[]},{\"count\":40,\"gc_id\":0,\"sort\":\"new\",\"if_fix\":0,\"goods_id\":[]}]}');
INSERT INTO `ls_editable_page_model` VALUES ('12', '导航列表', '', '', '', 'h5', '{\"back_color\":\"unset\",\"margin_top\":\"0\",\"margin_bottom\":\"0\",\"image\":[{\"count\":5,\"list\":[]}],\"text\":[{\"count\":5,\"list\":[]}],\"link\":[{\"count\":5,\"list\":[]}]}');
INSERT INTO `ls_editable_page_model` VALUES ('13', '滚动通知', '左侧图片94*44px', '', '', 'h5', '{\"back_color\":\"unset\",\"margin_top\":\"0\",\"margin_bottom\":\"0\",\"image\":[{\"count\":1,\"list\":[]}],\"text\":{\"1\":{\"count\":5,\"list\":[]}},\"link\":{\"1\":{\"count\":5,\"list\":[]}}}');
INSERT INTO `ls_editable_page_model` VALUES ('14', '分类切换图片', '分类图片100*100px，上下结构，上部分为初始状态图标，下部分为活动状态图标。下方广告图尺寸112*154px', '', '', 'h5', '{\"back_color\":\"unset\",\"margin_top\":\"0\",\"margin_bottom\":\"0\",\"image\":[{\"count\":2,\"list\":[]},{\"count\":3,\"list\":[]},{\"count\":3,\"list\":[]}],\"link\":{\"1\":{\"count\":3,\"list\":[]},\"2\":{\"count\":3,\"list\":[]}}}');
INSERT INTO `ls_editable_page_model` VALUES ('15', '商品排行', '', '', '', 'h5', '{\"back_color\":\"unset\",\"margin_top\":\"0\",\"margin_bottom\":\"0\",\"goods\":[{\"count\":10,\"gc_id\":0,\"sort\":\"new\",\"if_fix\":0,\"goods_id\":[]}]}');

-- -----------------------------
-- Table structure for `ls_evaluategoods`
-- -----------------------------
DROP TABLE IF EXISTS `ls_evaluategoods`;
CREATE TABLE `ls_evaluategoods` (
  `geval_id` int(11) NOT NULL AUTO_INCREMENT COMMENT '信誉评价自增ID',
  `geval_orderid` int(11) NOT NULL COMMENT '订单表ID',
  `geval_orderno` varchar(20) NOT NULL COMMENT '订单编号',
  `geval_ordergoodsid` int(11) NOT NULL COMMENT '订单商品表编号',
  `geval_goodsid` int(11) NOT NULL COMMENT '商品表编号',
  `geval_goodsname` varchar(100) NOT NULL COMMENT '商品名称',
  `geval_goodsprice` decimal(10,2) DEFAULT NULL COMMENT '商品价格',
  `geval_goodsimage` varchar(255) DEFAULT NULL COMMENT '商品图片',
  `geval_scores` tinyint(1) NOT NULL COMMENT '1-5分',
  `geval_content` varchar(255) DEFAULT NULL COMMENT '信誉评价内容',
  `geval_isanonymous` tinyint(1) NOT NULL DEFAULT '0' COMMENT '0:不是 1:匿名评价',
  `geval_addtime` int(11) NOT NULL COMMENT '评价时间',
  `geval_storeid` int(11) NOT NULL COMMENT '店铺编号',
  `geval_storename` varchar(100) NOT NULL COMMENT '店铺名称',
  `geval_frommemberid` int(11) NOT NULL COMMENT '评价人编号',
  `geval_frommembername` varchar(100) NOT NULL COMMENT '评价人名称',
  `geval_state` tinyint(1) NOT NULL DEFAULT '0' COMMENT '评价信息的状态 0为正常 1为禁止显示',
  `geval_remark` varchar(255) DEFAULT NULL COMMENT '管理员对评价的处理备注',
  `geval_explain` varchar(255) DEFAULT NULL COMMENT '解释内容',
  `geval_image` varchar(255) DEFAULT NULL COMMENT '晒单图片',
  PRIMARY KEY (`geval_id`)
) ENGINE=InnoDB DEFAULT CHARSET=utf8 COMMENT='信誉评价表';


-- -----------------------------
-- Table structure for `ls_evaluatestore`
-- -----------------------------
DROP TABLE IF EXISTS `ls_evaluatestore`;
CREATE TABLE `ls_evaluatestore` (
  `seval_id` int(11) NOT NULL AUTO_INCREMENT COMMENT '店铺评分自增ID',
  `seval_orderid` int(11) unsigned NOT NULL COMMENT '订单ID',
  `seval_orderno` varchar(100) NOT NULL COMMENT '订单编号',
  `seval_addtime` int(11) unsigned NOT NULL COMMENT '评价时间',
  `seval_storeid` int(11) unsigned NOT NULL COMMENT '店铺ID',
  `seval_storename` varchar(100) NOT NULL COMMENT '店铺名称',
  `seval_memberid` int(11) unsigned NOT NULL COMMENT '买家ID',
  `seval_membername` varchar(100) NOT NULL COMMENT '买家名称',
  `seval_desccredit` tinyint(1) unsigned NOT NULL DEFAULT '5' COMMENT '描述相符评分',
  `seval_servicecredit` tinyint(1) unsigned NOT NULL DEFAULT '5' COMMENT '服务态度评分',
  `seval_deliverycredit` tinyint(1) unsigned NOT NULL DEFAULT '5' COMMENT '发货速度评分',
  PRIMARY KEY (`seval_id`)
) ENGINE=InnoDB DEFAULT CHARSET=utf8 COMMENT='店铺评分表';


-- -----------------------------
-- Table structure for `ls_exppointslog`
-- -----------------------------
DROP TABLE IF EXISTS `ls_exppointslog`;
CREATE TABLE `ls_exppointslog` (
  `explog_id` int(11) NOT NULL AUTO_INCREMENT COMMENT '经验值日志自增ID',
  `explog_memberid` int(11) NOT NULL COMMENT '会员ID',
  `explog_membername` varchar(100) NOT NULL COMMENT '会员名称',
  `explog_points` decimal(11,2) NOT NULL DEFAULT '0.00' COMMENT '经验值负数表示扣除',
  `explog_addtime` int(11) NOT NULL COMMENT '经验值添加时间',
  `explog_desc` varchar(100) NOT NULL COMMENT '经验值操作描述',
  `explog_stage` varchar(50) NOT NULL COMMENT '经验值操作状态',
  PRIMARY KEY (`explog_id`)
) ENGINE=InnoDB DEFAULT CHARSET=utf8 COMMENT='经验值日志表';


-- -----------------------------
-- Table structure for `ls_express`
-- -----------------------------
DROP TABLE IF EXISTS `ls_express`;
CREATE TABLE `ls_express` (
  `express_id` tinyint(1) unsigned NOT NULL AUTO_INCREMENT COMMENT '快递公司自增ID',
  `express_name` varchar(50) NOT NULL COMMENT '快递公司名称',
  `express_state` enum('0','1') NOT NULL DEFAULT '1' COMMENT '快递公司状态',
  `express_code` varchar(50) NOT NULL COMMENT '快递公司编号',
  `express_letter` char(1) NOT NULL COMMENT '快递公司首字母',
  `express_order` enum('1','2') NOT NULL DEFAULT '2' COMMENT '1:常用2:不常用',
  `express_url` varchar(100) NOT NULL COMMENT '快递公司网址',
  `express_zt_state` tinyint(4) DEFAULT '0' COMMENT '是否支持服务站配送0否1是',
  PRIMARY KEY (`express_id`)
) ENGINE=InnoDB AUTO_INCREMENT=48 DEFAULT CHARSET=utf8 COMMENT='快递公司';

-- -----------------------------
-- Records of `ls_express`
-- -----------------------------
INSERT INTO `ls_express` VALUES ('1', '安信达', '0', 'AXD', 'A', '2', 'http://www.anxinda.com', '0');
INSERT INTO `ls_express` VALUES ('2', '包裹平邮', '0', 'YZPY', 'B', '2', 'http://yjcx.chinapost.com.cn', '0');
INSERT INTO `ls_express` VALUES ('3', 'CCES', '0', 'CCES', 'C', '2', 'http://www.cces.com.cn', '0');
INSERT INTO `ls_express` VALUES ('4', '传喜物流', '0', 'CXHY', 'C', '2', 'http://www.cxcod.com', '0');
INSERT INTO `ls_express` VALUES ('5', 'DHL快递', '0', 'DHL', 'D', '2', 'http://www.cn.dhl.com', '0');
INSERT INTO `ls_express` VALUES ('6', '大田物流', '0', 'DTWL', 'D', '2', 'http://www.dtw.com.cn', '0');
INSERT INTO `ls_express` VALUES ('7', '德邦物流', '0', 'DBL', 'D', '2', 'http://www.deppon.com', '0');
INSERT INTO `ls_express` VALUES ('8', 'EMS', '0', 'EMS', 'E', '2', 'http://www.ems.com.cn', '0');
INSERT INTO `ls_express` VALUES ('9', 'EMS国际', '0', 'EMSGJ', 'E', '2', '###', '0');
INSERT INTO `ls_express` VALUES ('10', '飞康达', '0', 'FKD', 'F', '2', 'http://www.fkd.com.cn', '0');
INSERT INTO `ls_express` VALUES ('11', 'FedEx(国际)', '0', 'FKD_GJ', 'F', '2', 'http://fedex.com/cn', '0');
INSERT INTO `ls_express` VALUES ('12', '凡客如风达', '0', 'rufengda', 'F', '2', 'http://www.rufengda.com', '0');
INSERT INTO `ls_express` VALUES ('13', '迦递快递', '0', 'GAI', 'G', '2', 'https://www.trackingmore.com', '0');
INSERT INTO `ls_express` VALUES ('14', '广通', '0', 'GTONG', 'G', '2', 'http://gto315.com', '0');
INSERT INTO `ls_express` VALUES ('15', '共速达', '0', 'GSD', 'G', '2', 'http://www.gongsuda.com/mall/Search.aspx', '0');
INSERT INTO `ls_express` VALUES ('16', '华宇物流', '0', 'HOAU', 'H', '2', 'http://www.hoau.net', '0');
INSERT INTO `ls_express` VALUES ('17', '京东快递', '0', 'JD', 'J', '2', 'http://www.jdwl.com', '0');
INSERT INTO `ls_express` VALUES ('18', '佳吉快运', '0', 'JJKY', 'J', '2', 'http://www.jiaji.com', '0');
INSERT INTO `ls_express` VALUES ('19', '佳怡物流', '0', 'JYWL', 'J', '2', 'http://www.jiayi56.com', '0');
INSERT INTO `ls_express` VALUES ('20', '急先达', '0', 'JXD', 'J', '2', 'http://www.joust.cn', '0');
INSERT INTO `ls_express` VALUES ('21', '快捷速递', '0', 'FAST', 'K', '2', 'http://www.fastexpress.com.cn', '0');
INSERT INTO `ls_express` VALUES ('22', '龙邦快递', '0', 'LB', 'L', '2', 'http://www.lbex.com.cn', '0');
INSERT INTO `ls_express` VALUES ('23', '联邦快递', '0', 'FEDEX', 'L', '2', 'http://cndxp.apac.fedex.com/dxp.html', '0');
INSERT INTO `ls_express` VALUES ('24', '联昊通', '0', 'LHT', 'L', '2', 'http://www.lhtex.com.cn', '0');
INSERT INTO `ls_express` VALUES ('25', '全一快递', '0', 'UAPEX', 'Q', '2', 'http://www.apex100.com', '0');
INSERT INTO `ls_express` VALUES ('26', '全峰快递', '0', 'QFKD', 'Q', '2', 'http://www.qfkd.com.cn', '0');
INSERT INTO `ls_express` VALUES ('27', '全日通', '0', 'QRT', 'Q', '2', 'http://www.at-express.com', '0');
INSERT INTO `ls_express` VALUES ('28', '申通快递', '1', 'STO', 'S', '1', 'http://www.sto.cn', '0');
INSERT INTO `ls_express` VALUES ('29', '顺丰快递', '0', 'SF', 'S', '', 'http://www.sf-express.com', '0');
INSERT INTO `ls_express` VALUES ('30', '速尔快递', '0', 'SURE', 'S', '2', 'http://www.sure56.com', '0');
INSERT INTO `ls_express` VALUES ('31', 'TNT快递', '0', 'TNT', 'T', '2', 'http://www.tnt.com.cn', '0');
INSERT INTO `ls_express` VALUES ('32', '天天快递', '0', 'HHTT', 'T', '2', 'http://www.ttkdex.com', '0');
INSERT INTO `ls_express` VALUES ('33', '天地华宇', '0', 'HOAU', 'T', '2', 'http://www.hoau.net', '0');
INSERT INTO `ls_express` VALUES ('34', 'UPS快递', '0', 'UPS', 'U', '2', 'http://www.ups.com/cn', '0');
INSERT INTO `ls_express` VALUES ('35', 'USPS', '0', 'USPS', 'U', '2', 'http://www.kuaidi100.com/all/usps.shtml', '0');
INSERT INTO `ls_express` VALUES ('36', '迅驰物流', '0', 'XCWL', 'X', '2', 'https://cn.made-in-china.com', '0');
INSERT INTO `ls_express` VALUES ('37', '信丰物流', '0', 'XFEX', 'X', '2', 'http://www.xf-express.com.cn', '0');
INSERT INTO `ls_express` VALUES ('38', '希优特', '0', 'XYT', 'X', '2', 'http://www.hqepay.com', '0');
INSERT INTO `ls_express` VALUES ('39', '新杰物流', '0', 'XJ', 'X', '2', 'http://www.sunjex.com/', '0');
INSERT INTO `ls_express` VALUES ('40', '圆通快递', '1', 'YTO', 'Y', '1', 'http://www.yto.net.cn', '0');
INSERT INTO `ls_express` VALUES ('41', '韵达快递', '0', 'YD', 'Y', '', 'http://www.yundaex.com', '0');
INSERT INTO `ls_express` VALUES ('42', '邮政包裹', '0', 'YZPY', 'Y', '2', 'http://yjcx.chinapost.com.cn', '0');
INSERT INTO `ls_express` VALUES ('43', '优速快递', '0', 'UC', 'Y', '2', 'http://www.uc56.com', '0');
INSERT INTO `ls_express` VALUES ('44', '中通快递', '1', 'ZTO', 'Z', '1', 'http://www.zto.cn', '0');
INSERT INTO `ls_express` VALUES ('45', '中铁快运', '0', 'ZTKY', 'Z', '2', 'http://www.cre.cn', '0');
INSERT INTO `ls_express` VALUES ('46', '宅急送', '0', 'ZJS', 'Z', '2', 'http://www.zjs.com.cn', '0');
INSERT INTO `ls_express` VALUES ('47', '中邮物流', '0', 'ZYWL', 'Z', '2', 'http://www.cnpl.com.cn', '0');

-- -----------------------------
-- Table structure for `ls_favorites`
-- -----------------------------
DROP TABLE IF EXISTS `ls_favorites`;
CREATE TABLE `ls_favorites` (
  `favlog_id` int(10) unsigned NOT NULL AUTO_INCREMENT COMMENT '收藏记录自增ID',
  `member_id` int(10) unsigned NOT NULL COMMENT '会员ID',
  `member_name` varchar(50) NOT NULL COMMENT '会员名',
  `fav_id` int(10) unsigned NOT NULL COMMENT '商品ID或店铺ID',
  `fav_type` char(5) NOT NULL DEFAULT 'goods' COMMENT '类型:goods为商品,store为店铺',
  `fav_time` int(10) unsigned NOT NULL COMMENT '收藏时间',
  `store_id` int(10) unsigned NOT NULL COMMENT '店铺ID',
  `store_name` varchar(20) NOT NULL COMMENT '店铺名称',
  `storeclass_id` int(10) unsigned DEFAULT '0' COMMENT '店铺分类ID',
  `goods_name` varchar(200) DEFAULT NULL COMMENT '商品名称',
  `goods_image` varchar(100) DEFAULT NULL COMMENT '商品图片',
  `gc_id` int(10) unsigned DEFAULT '0' COMMENT '商品分类ID',
  `favlog_price` decimal(10,2) DEFAULT '0.00' COMMENT '商品收藏时价格',
  `favlog_msg` varchar(20) DEFAULT NULL COMMENT '收藏备注',
  PRIMARY KEY (`favlog_id`),
  KEY `member_id` (`member_id`)
) ENGINE=InnoDB DEFAULT CHARSET=utf8 COMMENT='收藏表';


-- -----------------------------
-- Table structure for `ls_flea`
-- -----------------------------
DROP TABLE IF EXISTS `ls_flea`;
CREATE TABLE `ls_flea` (
  `goods_id` int(11) NOT NULL AUTO_INCREMENT COMMENT '闲置自增ID',
  `goods_name` varchar(200) NOT NULL COMMENT '闲置名称',
  `fleaclass_id` int(11) NOT NULL COMMENT '闲置分类ID',
  `fleaclass_name` varchar(200) NOT NULL COMMENT '闲置分类名称',
  `member_id` int(11) NOT NULL COMMENT '店铺ID',
  `member_name` varchar(110) NOT NULL COMMENT '会员名称',
  `goods_image` varchar(100) DEFAULT NULL COMMENT '闲置默认封面图片',
  `goods_tag` varchar(100) NOT NULL COMMENT '闲置标签',
  `goods_price` decimal(10,2) NOT NULL COMMENT '闲置原价',
  `goods_store_price` decimal(10,2) NOT NULL COMMENT '闲置转让价格',
  `goods_show` tinyint(1) NOT NULL COMMENT '闲置上架',
  `goods_click` int(11) NOT NULL DEFAULT '0' COMMENT '闲置浏览数',
  `flea_collect_num` int(11) unsigned NOT NULL DEFAULT '0' COMMENT '闲置物品总收藏次数',
  `goods_commend` tinyint(1) NOT NULL DEFAULT '0' COMMENT '闲置推荐',
  `goods_addtime` varchar(10) NOT NULL COMMENT '闲置添加时间',
  `goods_keywords` varchar(255) NOT NULL COMMENT '闲置关键字',
  `goods_description` varchar(255) NOT NULL COMMENT '闲置描述',
  `goods_body` text NOT NULL COMMENT '商品详细内容',
  `flea_commentnum` int(11) NOT NULL DEFAULT '0' COMMENT '评论次数',
  `flea_salenum` int(11) NOT NULL DEFAULT '0' COMMENT '售出数量',
  `flea_quality` tinyint(4) NOT NULL DEFAULT '0' COMMENT '闲置物品成色，0未选择，9-5九五成新，3是低于五成新',
  `flea_pname` varchar(20) DEFAULT NULL COMMENT '闲置商品联系人',
  `flea_pphone` varchar(20) DEFAULT NULL COMMENT '闲置商品联系人电话',
  `fleaarea_id` int(11) unsigned NOT NULL COMMENT '闲置物品地区id',
  `fleaarea_name` varchar(50) NOT NULL COMMENT '闲置物品地区名称',
  PRIMARY KEY (`goods_id`),
  KEY `goods_name` (`goods_name`,`fleaclass_id`,`member_id`)
) ENGINE=InnoDB DEFAULT CHARSET=utf8 COMMENT='闲置商品';


-- -----------------------------
-- Table structure for `ls_fleaarea`
-- -----------------------------
DROP TABLE IF EXISTS `ls_fleaarea`;
CREATE TABLE `ls_fleaarea` (
  `fleaarea_id` int(11) unsigned NOT NULL AUTO_INCREMENT COMMENT '闲置地区自增ID',
  `fleaarea_name` varchar(50) NOT NULL COMMENT '闲置地区名称',
  `fleaarea_parent_id` int(11) unsigned NOT NULL DEFAULT '0' COMMENT '闲置地区上级地区ID',
  `fleaarea_sort` tinyint(3) unsigned NOT NULL DEFAULT '255' COMMENT '闲置地区排序',
  `fleaarea_deep` tinyint(1) unsigned NOT NULL DEFAULT '1' COMMENT '闲置地区层级',
  `fleaarea_hot` int(11) NOT NULL DEFAULT '0' COMMENT '地区检索热度',
  PRIMARY KEY (`fleaarea_id`)
) ENGINE=InnoDB AUTO_INCREMENT=45056 DEFAULT CHARSET=utf8 COMMENT='闲置地区';

-- -----------------------------
-- Records of `ls_fleaarea`
-- -----------------------------
INSERT INTO `ls_fleaarea` VALUES ('1', '直辖市', '0', '0', '1', '0');
INSERT INTO `ls_fleaarea` VALUES ('3', '河北', '0', '0', '1', '0');
INSERT INTO `ls_fleaarea` VALUES ('4', '山西', '0', '0', '1', '0');
INSERT INTO `ls_fleaarea` VALUES ('5', '内蒙古', '0', '0', '1', '0');
INSERT INTO `ls_fleaarea` VALUES ('6', '辽宁', '0', '0', '1', '0');
INSERT INTO `ls_fleaarea` VALUES ('7', '吉林', '0', '0', '1', '0');
INSERT INTO `ls_fleaarea` VALUES ('8', '黑龙江', '0', '0', '1', '0');
INSERT INTO `ls_fleaarea` VALUES ('10', '江苏', '0', '0', '1', '0');
INSERT INTO `ls_fleaarea` VALUES ('11', '浙江', '0', '0', '1', '0');
INSERT INTO `ls_fleaarea` VALUES ('12', '安徽', '0', '0', '1', '0');
INSERT INTO `ls_fleaarea` VALUES ('13', '福建', '0', '0', '1', '0');
INSERT INTO `ls_fleaarea` VALUES ('14', '江西', '0', '0', '1', '0');
INSERT INTO `ls_fleaarea` VALUES ('15', '山东', '0', '0', '1', '0');
INSERT INTO `ls_fleaarea` VALUES ('16', '河南', '0', '0', '1', '0');
INSERT INTO `ls_fleaarea` VALUES ('17', '湖北', '0', '0', '1', '0');
INSERT INTO `ls_fleaarea` VALUES ('18', '湖南', '0', '0', '1', '0');
INSERT INTO `ls_fleaarea` VALUES ('19', '广东', '0', '0', '1', '0');
INSERT INTO `ls_fleaarea` VALUES ('20', '广西', '0', '0', '1', '0');
INSERT INTO `ls_fleaarea` VALUES ('21', '海南', '0', '0', '1', '0');
INSERT INTO `ls_fleaarea` VALUES ('23', '四川', '0', '0', '1', '0');
INSERT INTO `ls_fleaarea` VALUES ('24', '贵州', '0', '0', '1', '0');
INSERT INTO `ls_fleaarea` VALUES ('25', '云南', '0', '0', '1', '0');
INSERT INTO `ls_fleaarea` VALUES ('26', '西藏', '0', '0', '1', '0');
INSERT INTO `ls_fleaarea` VALUES ('27', '陕西', '0', '0', '1', '0');
INSERT INTO `ls_fleaarea` VALUES ('28', '甘肃', '0', '0', '1', '0');
INSERT INTO `ls_fleaarea` VALUES ('29', '青海', '0', '0', '1', '0');
INSERT INTO `ls_fleaarea` VALUES ('30', '宁夏', '0', '0', '1', '0');
INSERT INTO `ls_fleaarea` VALUES ('31', '新疆', '0', '0', '1', '0');
INSERT INTO `ls_fleaarea` VALUES ('32', '台湾', '0', '0', '1', '0');
INSERT INTO `ls_fleaarea` VALUES ('33', '香港', '0', '0', '1', '0');
INSERT INTO `ls_fleaarea` VALUES ('34', '澳门', '0', '0', '1', '0');
INSERT INTO `ls_fleaarea` VALUES ('35', '海外', '0', '0', '1', '0');
INSERT INTO `ls_fleaarea` VALUES ('36', '北京', '1', '0', '2', '0');
INSERT INTO `ls_fleaarea` VALUES ('37', '东城区', '36', '0', '3', '0');
INSERT INTO `ls_fleaarea` VALUES ('38', '西城区', '36', '0', '3', '0');
INSERT INTO `ls_fleaarea` VALUES ('39', '崇文区', '36', '0', '3', '0');
INSERT INTO `ls_fleaarea` VALUES ('40', '宣武区', '36', '0', '3', '0');
INSERT INTO `ls_fleaarea` VALUES ('41', '朝阳区', '36', '0', '3', '0');
INSERT INTO `ls_fleaarea` VALUES ('42', '丰台区', '36', '0', '3', '0');
INSERT INTO `ls_fleaarea` VALUES ('43', '石景山区', '36', '0', '3', '0');
INSERT INTO `ls_fleaarea` VALUES ('44', '海淀区', '36', '0', '3', '0');
INSERT INTO `ls_fleaarea` VALUES ('45', '门头沟区', '36', '0', '3', '0');
INSERT INTO `ls_fleaarea` VALUES ('46', '房山区', '36', '0', '3', '0');
INSERT INTO `ls_fleaarea` VALUES ('47', '通州区', '36', '0', '3', '0');
INSERT INTO `ls_fleaarea` VALUES ('48', '顺义区', '36', '0', '3', '0');
INSERT INTO `ls_fleaarea` VALUES ('49', '昌平区', '36', '0', '3', '0');
INSERT INTO `ls_fleaarea` VALUES ('50', '大兴区', '36', '0', '3', '0');
INSERT INTO `ls_fleaarea` VALUES ('51', '怀柔区', '36', '0', '3', '0');
INSERT INTO `ls_fleaarea` VALUES ('52', '平谷区', '36', '0', '3', '0');
INSERT INTO `ls_fleaarea` VALUES ('53', '密云县', '36', '0', '3', '0');
INSERT INTO `ls_fleaarea` VALUES ('54', '延庆县', '36', '0', '3', '0');
INSERT INTO `ls_fleaarea` VALUES ('55', '和平区', '45052', '0', '3', '0');
INSERT INTO `ls_fleaarea` VALUES ('56', '河东区', '45052', '0', '3', '0');
INSERT INTO `ls_fleaarea` VALUES ('57', '河西区', '45052', '0', '3', '0');
INSERT INTO `ls_fleaarea` VALUES ('58', '南开区', '45052', '0', '3', '0');
INSERT INTO `ls_fleaarea` VALUES ('59', '河北区', '45052', '0', '3', '0');
INSERT INTO `ls_fleaarea` VALUES ('60', '红桥区', '45052', '0', '3', '0');
INSERT INTO `ls_fleaarea` VALUES ('61', '塘沽区', '45052', '0', '3', '0');
INSERT INTO `ls_fleaarea` VALUES ('62', '汉沽区', '45052', '0', '3', '0');
INSERT INTO `ls_fleaarea` VALUES ('63', '大港区', '45052', '0', '3', '0');
INSERT INTO `ls_fleaarea` VALUES ('64', '东丽区', '45052', '0', '3', '0');
INSERT INTO `ls_fleaarea` VALUES ('65', '西青区', '45052', '0', '3', '0');
INSERT INTO `ls_fleaarea` VALUES ('66', '津南区', '45052', '0', '3', '0');
INSERT INTO `ls_fleaarea` VALUES ('67', '北辰区', '45052', '0', '3', '0');
INSERT INTO `ls_fleaarea` VALUES ('68', '武清区', '45052', '0', '3', '0');
INSERT INTO `ls_fleaarea` VALUES ('69', '宝坻区', '45052', '0', '3', '0');
INSERT INTO `ls_fleaarea` VALUES ('70', '宁河县', '45052', '0', '3', '0');
INSERT INTO `ls_fleaarea` VALUES ('71', '静海县', '45052', '0', '3', '0');
INSERT INTO `ls_fleaarea` VALUES ('72', '蓟县', '45052', '0', '3', '0');
INSERT INTO `ls_fleaarea` VALUES ('73', '石家庄', '3', '0', '2', '0');
INSERT INTO `ls_fleaarea` VALUES ('74', '唐山', '3', '0', '2', '0');
INSERT INTO `ls_fleaarea` VALUES ('75', '秦皇岛', '3', '0', '2', '0');
INSERT INTO `ls_fleaarea` VALUES ('76', '邯郸', '3', '0', '2', '0');
INSERT INTO `ls_fleaarea` VALUES ('77', '邢台', '3', '0', '2', '0');
INSERT INTO `ls_fleaarea` VALUES ('78', '保定', '3', '0', '2', '0');
INSERT INTO `ls_fleaarea` VALUES ('79', '张家口', '3', '0', '2', '0');
INSERT INTO `ls_fleaarea` VALUES ('80', '承德', '3', '0', '2', '0');
INSERT INTO `ls_fleaarea` VALUES ('81', '衡水', '3', '0', '2', '0');
INSERT INTO `ls_fleaarea` VALUES ('82', '廊坊', '3', '0', '2', '0');
INSERT INTO `ls_fleaarea` VALUES ('83', '沧州', '3', '0', '2', '0');
INSERT INTO `ls_fleaarea` VALUES ('84', '太原', '4', '0', '2', '0');
INSERT INTO `ls_fleaarea` VALUES ('85', '大同', '4', '0', '2', '0');
INSERT INTO `ls_fleaarea` VALUES ('86', '阳泉', '4', '0', '2', '0');
INSERT INTO `ls_fleaarea` VALUES ('87', '长治', '4', '0', '2', '0');
INSERT INTO `ls_fleaarea` VALUES ('88', '晋城', '4', '0', '2', '0');
INSERT INTO `ls_fleaarea` VALUES ('89', '朔州', '4', '0', '2', '0');
INSERT INTO `ls_fleaarea` VALUES ('90', '晋中', '4', '0', '2', '0');
INSERT INTO `ls_fleaarea` VALUES ('91', '运城', '4', '0', '2', '0');
INSERT INTO `ls_fleaarea` VALUES ('92', '忻州', '4', '0', '2', '0');
INSERT INTO `ls_fleaarea` VALUES ('93', '临汾', '4', '0', '2', '0');
INSERT INTO `ls_fleaarea` VALUES ('94', '吕梁', '4', '0', '2', '0');
INSERT INTO `ls_fleaarea` VALUES ('95', '呼和浩特', '5', '0', '2', '0');
INSERT INTO `ls_fleaarea` VALUES ('96', '包头', '5', '0', '2', '0');
INSERT INTO `ls_fleaarea` VALUES ('97', '乌海', '5', '0', '2', '0');
INSERT INTO `ls_fleaarea` VALUES ('98', '赤峰', '5', '0', '2', '0');
INSERT INTO `ls_fleaarea` VALUES ('99', '通辽', '5', '0', '2', '0');
INSERT INTO `ls_fleaarea` VALUES ('100', '鄂尔多斯', '5', '0', '2', '0');
INSERT INTO `ls_fleaarea` VALUES ('101', '呼伦贝尔', '5', '0', '2', '0');
INSERT INTO `ls_fleaarea` VALUES ('102', '巴彦淖尔', '5', '0', '2', '0');
INSERT INTO `ls_fleaarea` VALUES ('103', '乌兰察布', '5', '0', '2', '0');
INSERT INTO `ls_fleaarea` VALUES ('104', '兴安盟', '5', '0', '2', '0');
INSERT INTO `ls_fleaarea` VALUES ('106', '阿拉善盟', '5', '0', '2', '0');
INSERT INTO `ls_fleaarea` VALUES ('107', '沈阳', '6', '0', '2', '0');
INSERT INTO `ls_fleaarea` VALUES ('108', '大连', '6', '0', '2', '0');
INSERT INTO `ls_fleaarea` VALUES ('109', '鞍山', '6', '0', '2', '0');
INSERT INTO `ls_fleaarea` VALUES ('110', '抚顺', '6', '0', '2', '0');
INSERT INTO `ls_fleaarea` VALUES ('111', '本溪', '6', '0', '2', '0');
INSERT INTO `ls_fleaarea` VALUES ('112', '丹东', '6', '0', '2', '0');
INSERT INTO `ls_fleaarea` VALUES ('113', '锦州', '6', '0', '2', '0');
INSERT INTO `ls_fleaarea` VALUES ('114', '营口', '6', '0', '2', '0');
INSERT INTO `ls_fleaarea` VALUES ('115', '阜新', '6', '0', '2', '0');
INSERT INTO `ls_fleaarea` VALUES ('116', '辽阳', '6', '0', '2', '0');
INSERT INTO `ls_fleaarea` VALUES ('117', '盘锦', '6', '0', '2', '0');
INSERT INTO `ls_fleaarea` VALUES ('118', '铁岭', '6', '0', '2', '0');
INSERT INTO `ls_fleaarea` VALUES ('119', '朝阳', '6', '0', '2', '0');
INSERT INTO `ls_fleaarea` VALUES ('120', '葫芦岛', '6', '0', '2', '0');
INSERT INTO `ls_fleaarea` VALUES ('121', '长春', '7', '0', '2', '0');
INSERT INTO `ls_fleaarea` VALUES ('122', '吉林', '7', '0', '2', '0');
INSERT INTO `ls_fleaarea` VALUES ('123', '四平', '7', '0', '2', '0');
INSERT INTO `ls_fleaarea` VALUES ('124', '辽源', '7', '0', '2', '0');
INSERT INTO `ls_fleaarea` VALUES ('125', '通化', '7', '0', '2', '0');
INSERT INTO `ls_fleaarea` VALUES ('126', '白山', '7', '0', '2', '0');
INSERT INTO `ls_fleaarea` VALUES ('127', '松原', '7', '0', '2', '0');
INSERT INTO `ls_fleaarea` VALUES ('128', '白城', '7', '0', '2', '0');
INSERT INTO `ls_fleaarea` VALUES ('129', '延边', '7', '0', '2', '0');
INSERT INTO `ls_fleaarea` VALUES ('130', '哈尔滨', '8', '0', '2', '0');
INSERT INTO `ls_fleaarea` VALUES ('131', '齐齐哈尔', '8', '0', '2', '0');
INSERT INTO `ls_fleaarea` VALUES ('132', '鸡西', '8', '0', '2', '0');
INSERT INTO `ls_fleaarea` VALUES ('133', '鹤岗', '8', '0', '2', '0');
INSERT INTO `ls_fleaarea` VALUES ('134', '双鸭山', '8', '0', '2', '0');
INSERT INTO `ls_fleaarea` VALUES ('135', '大庆', '8', '0', '2', '0');
INSERT INTO `ls_fleaarea` VALUES ('136', '伊春', '8', '0', '2', '0');
INSERT INTO `ls_fleaarea` VALUES ('137', '佳木斯', '8', '0', '2', '0');
INSERT INTO `ls_fleaarea` VALUES ('138', '七台河', '8', '0', '2', '0');
INSERT INTO `ls_fleaarea` VALUES ('139', '牡丹江', '8', '0', '2', '0');
INSERT INTO `ls_fleaarea` VALUES ('140', '黑河', '8', '0', '2', '0');
INSERT INTO `ls_fleaarea` VALUES ('141', '绥化', '8', '0', '2', '0');
INSERT INTO `ls_fleaarea` VALUES ('142', '大兴安岭地区', '8', '0', '2', '0');
INSERT INTO `ls_fleaarea` VALUES ('143', '黄浦区', '45054', '0', '3', '0');
INSERT INTO `ls_fleaarea` VALUES ('144', '卢湾区', '45054', '0', '3', '0');
INSERT INTO `ls_fleaarea` VALUES ('145', '徐汇区', '45054', '0', '3', '0');
INSERT INTO `ls_fleaarea` VALUES ('146', '长宁区', '45054', '0', '3', '0');
INSERT INTO `ls_fleaarea` VALUES ('147', '静安区', '45054', '0', '3', '0');
INSERT INTO `ls_fleaarea` VALUES ('148', '普陀区', '45054', '0', '3', '0');
INSERT INTO `ls_fleaarea` VALUES ('149', '闸北区', '45054', '0', '3', '0');
INSERT INTO `ls_fleaarea` VALUES ('150', '虹口区', '45054', '0', '3', '0');
INSERT INTO `ls_fleaarea` VALUES ('151', '杨浦区', '45054', '0', '3', '0');
INSERT INTO `ls_fleaarea` VALUES ('152', '闵行区', '45054', '0', '3', '0');
INSERT INTO `ls_fleaarea` VALUES ('153', '宝山区', '45054', '0', '3', '0');
INSERT INTO `ls_fleaarea` VALUES ('154', '嘉定区', '45054', '0', '3', '0');
INSERT INTO `ls_fleaarea` VALUES ('155', '浦东新区', '45054', '0', '3', '0');
INSERT INTO `ls_fleaarea` VALUES ('156', '金山区', '45054', '0', '3', '0');
INSERT INTO `ls_fleaarea` VALUES ('157', '松江区', '45054', '0', '3', '0');
INSERT INTO `ls_fleaarea` VALUES ('158', '青浦区', '45054', '0', '3', '0');
INSERT INTO `ls_fleaarea` VALUES ('159', '南汇区', '45054', '0', '3', '0');
INSERT INTO `ls_fleaarea` VALUES ('160', '奉贤区', '45054', '0', '3', '0');
INSERT INTO `ls_fleaarea` VALUES ('161', '崇明县', '45054', '0', '3', '0');
INSERT INTO `ls_fleaarea` VALUES ('162', '南京', '10', '0', '2', '0');
INSERT INTO `ls_fleaarea` VALUES ('163', '无锡', '10', '0', '2', '0');
INSERT INTO `ls_fleaarea` VALUES ('164', '徐州', '10', '0', '2', '0');
INSERT INTO `ls_fleaarea` VALUES ('165', '常州', '10', '0', '2', '0');
INSERT INTO `ls_fleaarea` VALUES ('166', '苏州', '10', '0', '2', '0');
INSERT INTO `ls_fleaarea` VALUES ('167', '南通', '10', '0', '2', '0');
INSERT INTO `ls_fleaarea` VALUES ('168', '连云港', '10', '0', '2', '0');
INSERT INTO `ls_fleaarea` VALUES ('169', '淮安', '10', '0', '2', '0');
INSERT INTO `ls_fleaarea` VALUES ('170', '盐城', '10', '0', '2', '0');
INSERT INTO `ls_fleaarea` VALUES ('171', '扬州', '10', '0', '2', '0');
INSERT INTO `ls_fleaarea` VALUES ('172', '镇江', '10', '0', '2', '0');
INSERT INTO `ls_fleaarea` VALUES ('173', '泰州', '10', '0', '2', '0');
INSERT INTO `ls_fleaarea` VALUES ('174', '宿迁', '10', '0', '2', '0');
INSERT INTO `ls_fleaarea` VALUES ('175', '杭州', '11', '0', '2', '0');
INSERT INTO `ls_fleaarea` VALUES ('176', '宁波', '11', '0', '2', '0');
INSERT INTO `ls_fleaarea` VALUES ('177', '温州', '11', '0', '2', '0');
INSERT INTO `ls_fleaarea` VALUES ('178', '嘉兴', '11', '0', '2', '0');
INSERT INTO `ls_fleaarea` VALUES ('179', '湖州', '11', '0', '2', '0');
INSERT INTO `ls_fleaarea` VALUES ('180', '绍兴', '11', '0', '2', '0');
INSERT INTO `ls_fleaarea` VALUES ('181', '舟山', '11', '0', '2', '0');
INSERT INTO `ls_fleaarea` VALUES ('182', '衢州', '11', '0', '2', '0');
INSERT INTO `ls_fleaarea` VALUES ('183', '金华', '11', '0', '2', '0');
INSERT INTO `ls_fleaarea` VALUES ('184', '台州', '11', '0', '2', '0');
INSERT INTO `ls_fleaarea` VALUES ('185', '丽水', '11', '0', '2', '0');
INSERT INTO `ls_fleaarea` VALUES ('186', '合肥', '12', '0', '2', '0');
INSERT INTO `ls_fleaarea` VALUES ('187', '芜湖', '12', '0', '2', '0');
INSERT INTO `ls_fleaarea` VALUES ('188', '蚌埠', '12', '0', '2', '0');
INSERT INTO `ls_fleaarea` VALUES ('189', '淮南', '12', '0', '2', '0');
INSERT INTO `ls_fleaarea` VALUES ('190', '马鞍山', '12', '0', '2', '0');
INSERT INTO `ls_fleaarea` VALUES ('191', '淮北', '12', '0', '2', '0');
INSERT INTO `ls_fleaarea` VALUES ('192', '铜陵', '12', '0', '2', '0');
INSERT INTO `ls_fleaarea` VALUES ('193', '安庆', '12', '0', '2', '0');
INSERT INTO `ls_fleaarea` VALUES ('194', '黄山', '12', '0', '2', '0');
INSERT INTO `ls_fleaarea` VALUES ('195', '滁州', '12', '0', '2', '0');
INSERT INTO `ls_fleaarea` VALUES ('196', '阜阳', '12', '0', '2', '0');
INSERT INTO `ls_fleaarea` VALUES ('197', '宿州', '12', '0', '2', '0');
INSERT INTO `ls_fleaarea` VALUES ('198', '巢湖', '12', '0', '2', '0');
INSERT INTO `ls_fleaarea` VALUES ('199', '六安', '12', '0', '2', '0');
INSERT INTO `ls_fleaarea` VALUES ('200', '亳州', '12', '0', '2', '0');
INSERT INTO `ls_fleaarea` VALUES ('201', '池州', '12', '0', '2', '0');
INSERT INTO `ls_fleaarea` VALUES ('202', '宣城', '12', '0', '2', '0');
INSERT INTO `ls_fleaarea` VALUES ('203', '福州', '13', '0', '2', '0');
INSERT INTO `ls_fleaarea` VALUES ('204', '厦门', '13', '0', '2', '0');
INSERT INTO `ls_fleaarea` VALUES ('205', '莆田', '13', '0', '2', '0');
INSERT INTO `ls_fleaarea` VALUES ('206', '三明', '13', '0', '2', '0');
INSERT INTO `ls_fleaarea` VALUES ('207', '泉州', '13', '0', '2', '0');
INSERT INTO `ls_fleaarea` VALUES ('208', '漳州', '13', '0', '2', '0');
INSERT INTO `ls_fleaarea` VALUES ('209', '南平', '13', '0', '2', '0');
INSERT INTO `ls_fleaarea` VALUES ('210', '龙岩', '13', '0', '2', '0');
INSERT INTO `ls_fleaarea` VALUES ('211', '宁德', '13', '0', '2', '0');
INSERT INTO `ls_fleaarea` VALUES ('212', '南昌', '14', '0', '2', '0');
INSERT INTO `ls_fleaarea` VALUES ('213', '景德镇', '14', '0', '2', '0');
INSERT INTO `ls_fleaarea` VALUES ('214', '萍乡', '14', '0', '2', '0');
INSERT INTO `ls_fleaarea` VALUES ('215', '九江', '14', '0', '2', '0');
INSERT INTO `ls_fleaarea` VALUES ('216', '新余', '14', '0', '2', '0');
INSERT INTO `ls_fleaarea` VALUES ('217', '鹰潭', '14', '0', '2', '0');
INSERT INTO `ls_fleaarea` VALUES ('218', '赣州', '14', '0', '2', '0');
INSERT INTO `ls_fleaarea` VALUES ('219', '吉安', '14', '0', '2', '0');
INSERT INTO `ls_fleaarea` VALUES ('220', '宜春', '14', '0', '2', '0');
INSERT INTO `ls_fleaarea` VALUES ('221', '抚州', '14', '0', '2', '0');
INSERT INTO `ls_fleaarea` VALUES ('222', '上饶', '14', '0', '2', '0');
INSERT INTO `ls_fleaarea` VALUES ('223', '济南', '15', '0', '2', '0');
INSERT INTO `ls_fleaarea` VALUES ('224', '青岛', '15', '0', '2', '0');
INSERT INTO `ls_fleaarea` VALUES ('225', '淄博', '15', '0', '2', '0');
INSERT INTO `ls_fleaarea` VALUES ('226', '枣庄', '15', '0', '2', '0');
INSERT INTO `ls_fleaarea` VALUES ('227', '东营', '15', '0', '2', '0');
INSERT INTO `ls_fleaarea` VALUES ('228', '烟台', '15', '0', '2', '0');
INSERT INTO `ls_fleaarea` VALUES ('229', '潍坊', '15', '0', '2', '0');
INSERT INTO `ls_fleaarea` VALUES ('230', '济宁', '15', '0', '2', '0');
INSERT INTO `ls_fleaarea` VALUES ('231', '泰安', '15', '0', '2', '0');
INSERT INTO `ls_fleaarea` VALUES ('232', '威海', '15', '0', '2', '0');
INSERT INTO `ls_fleaarea` VALUES ('233', '日照', '15', '0', '2', '0');
INSERT INTO `ls_fleaarea` VALUES ('234', '莱芜', '15', '0', '2', '0');
INSERT INTO `ls_fleaarea` VALUES ('235', '临沂', '15', '0', '2', '0');
INSERT INTO `ls_fleaarea` VALUES ('236', '德州', '15', '0', '2', '0');
INSERT INTO `ls_fleaarea` VALUES ('237', '聊城', '15', '0', '2', '0');
INSERT INTO `ls_fleaarea` VALUES ('238', '滨州', '15', '0', '2', '0');
INSERT INTO `ls_fleaarea` VALUES ('239', '菏泽', '15', '0', '2', '0');
INSERT INTO `ls_fleaarea` VALUES ('240', '郑州', '16', '0', '2', '0');
INSERT INTO `ls_fleaarea` VALUES ('241', '开封', '16', '0', '2', '0');
INSERT INTO `ls_fleaarea` VALUES ('242', '洛阳', '16', '0', '2', '0');
INSERT INTO `ls_fleaarea` VALUES ('243', '平顶山', '16', '0', '2', '0');
INSERT INTO `ls_fleaarea` VALUES ('244', '安阳', '16', '0', '2', '0');
INSERT INTO `ls_fleaarea` VALUES ('245', '鹤壁', '16', '0', '2', '0');
INSERT INTO `ls_fleaarea` VALUES ('246', '新乡', '16', '0', '2', '0');
INSERT INTO `ls_fleaarea` VALUES ('247', '焦作', '16', '0', '2', '0');
INSERT INTO `ls_fleaarea` VALUES ('248', '濮阳', '16', '0', '2', '0');
INSERT INTO `ls_fleaarea` VALUES ('249', '许昌', '16', '0', '2', '0');
INSERT INTO `ls_fleaarea` VALUES ('250', '漯河', '16', '0', '2', '0');
INSERT INTO `ls_fleaarea` VALUES ('251', '三门峡', '16', '0', '2', '0');
INSERT INTO `ls_fleaarea` VALUES ('252', '南阳', '16', '0', '2', '0');
INSERT INTO `ls_fleaarea` VALUES ('253', '商丘', '16', '0', '2', '0');
INSERT INTO `ls_fleaarea` VALUES ('254', '信阳', '16', '0', '2', '0');
INSERT INTO `ls_fleaarea` VALUES ('255', '周口', '16', '0', '2', '0');
INSERT INTO `ls_fleaarea` VALUES ('256', '驻马店', '16', '0', '2', '0');
INSERT INTO `ls_fleaarea` VALUES ('257', '济源', '16', '0', '2', '0');
INSERT INTO `ls_fleaarea` VALUES ('258', '武汉', '17', '0', '2', '0');
INSERT INTO `ls_fleaarea` VALUES ('259', '黄石', '17', '0', '2', '0');
INSERT INTO `ls_fleaarea` VALUES ('260', '十堰', '17', '0', '2', '0');
INSERT INTO `ls_fleaarea` VALUES ('261', '宜昌', '17', '0', '2', '0');
INSERT INTO `ls_fleaarea` VALUES ('262', '襄樊', '17', '0', '2', '0');
INSERT INTO `ls_fleaarea` VALUES ('263', '鄂州', '17', '0', '2', '0');
INSERT INTO `ls_fleaarea` VALUES ('264', '荆门', '17', '0', '2', '0');
INSERT INTO `ls_fleaarea` VALUES ('265', '孝感', '17', '0', '2', '0');
INSERT INTO `ls_fleaarea` VALUES ('266', '荆州', '17', '0', '2', '0');
INSERT INTO `ls_fleaarea` VALUES ('267', '黄冈', '17', '0', '2', '0');
INSERT INTO `ls_fleaarea` VALUES ('268', '咸宁', '17', '0', '2', '0');
INSERT INTO `ls_fleaarea` VALUES ('269', '随州', '17', '0', '2', '0');
INSERT INTO `ls_fleaarea` VALUES ('270', '恩施', '17', '0', '2', '0');
INSERT INTO `ls_fleaarea` VALUES ('271', '仙桃', '17', '0', '2', '0');
INSERT INTO `ls_fleaarea` VALUES ('272', '潜江', '17', '0', '2', '0');
INSERT INTO `ls_fleaarea` VALUES ('273', '天门', '17', '0', '2', '0');
INSERT INTO `ls_fleaarea` VALUES ('274', '神农架', '17', '0', '2', '0');
INSERT INTO `ls_fleaarea` VALUES ('275', '长沙', '18', '0', '2', '0');
INSERT INTO `ls_fleaarea` VALUES ('276', '株洲', '18', '0', '2', '0');
INSERT INTO `ls_fleaarea` VALUES ('277', '湘潭', '18', '0', '2', '0');
INSERT INTO `ls_fleaarea` VALUES ('278', '衡阳', '18', '0', '2', '0');
INSERT INTO `ls_fleaarea` VALUES ('279', '邵阳', '18', '0', '2', '0');
INSERT INTO `ls_fleaarea` VALUES ('280', '岳阳', '18', '0', '2', '0');
INSERT INTO `ls_fleaarea` VALUES ('281', '常德', '18', '0', '2', '0');
INSERT INTO `ls_fleaarea` VALUES ('282', '张家界', '18', '0', '2', '0');
INSERT INTO `ls_fleaarea` VALUES ('283', '益阳', '18', '0', '2', '0');
INSERT INTO `ls_fleaarea` VALUES ('284', '郴州', '18', '0', '2', '0');
INSERT INTO `ls_fleaarea` VALUES ('285', '永州', '18', '0', '2', '0');
INSERT INTO `ls_fleaarea` VALUES ('286', '怀化', '18', '0', '2', '0');
INSERT INTO `ls_fleaarea` VALUES ('287', '娄底', '18', '0', '2', '0');
INSERT INTO `ls_fleaarea` VALUES ('288', '湘西', '18', '0', '2', '0');
INSERT INTO `ls_fleaarea` VALUES ('289', '广州', '19', '0', '2', '0');
INSERT INTO `ls_fleaarea` VALUES ('290', '韶关', '19', '0', '2', '0');
INSERT INTO `ls_fleaarea` VALUES ('291', '深圳', '19', '0', '2', '0');
INSERT INTO `ls_fleaarea` VALUES ('292', '珠海', '19', '0', '2', '0');
INSERT INTO `ls_fleaarea` VALUES ('293', '汕头', '19', '0', '2', '0');
INSERT INTO `ls_fleaarea` VALUES ('294', '佛山', '19', '0', '2', '0');
INSERT INTO `ls_fleaarea` VALUES ('295', '江门', '19', '0', '2', '0');
INSERT INTO `ls_fleaarea` VALUES ('296', '湛江', '19', '0', '2', '0');
INSERT INTO `ls_fleaarea` VALUES ('297', '茂名', '19', '0', '2', '0');
INSERT INTO `ls_fleaarea` VALUES ('298', '肇庆', '19', '0', '2', '0');
INSERT INTO `ls_fleaarea` VALUES ('299', '惠州', '19', '0', '2', '0');
INSERT INTO `ls_fleaarea` VALUES ('300', '梅州', '19', '0', '2', '0');
INSERT INTO `ls_fleaarea` VALUES ('301', '汕尾', '19', '0', '2', '0');
INSERT INTO `ls_fleaarea` VALUES ('302', '河源', '19', '0', '2', '0');
INSERT INTO `ls_fleaarea` VALUES ('303', '阳江', '19', '0', '2', '0');
INSERT INTO `ls_fleaarea` VALUES ('304', '清远', '19', '0', '2', '0');
INSERT INTO `ls_fleaarea` VALUES ('305', '东莞', '19', '0', '2', '0');
INSERT INTO `ls_fleaarea` VALUES ('306', '中山', '19', '0', '2', '0');
INSERT INTO `ls_fleaarea` VALUES ('307', '潮州', '19', '0', '2', '0');
INSERT INTO `ls_fleaarea` VALUES ('308', '揭阳', '19', '0', '2', '0');
INSERT INTO `ls_fleaarea` VALUES ('309', '云浮', '19', '0', '2', '0');
INSERT INTO `ls_fleaarea` VALUES ('310', '南宁', '20', '0', '2', '0');
INSERT INTO `ls_fleaarea` VALUES ('311', '柳州', '20', '0', '2', '0');
INSERT INTO `ls_fleaarea` VALUES ('312', '桂林', '20', '0', '2', '0');
INSERT INTO `ls_fleaarea` VALUES ('313', '梧州', '20', '0', '2', '0');
INSERT INTO `ls_fleaarea` VALUES ('314', '北海', '20', '0', '2', '0');
INSERT INTO `ls_fleaarea` VALUES ('315', '防城港', '20', '0', '2', '0');
INSERT INTO `ls_fleaarea` VALUES ('316', '钦州', '20', '0', '2', '0');
INSERT INTO `ls_fleaarea` VALUES ('317', '贵港', '20', '0', '2', '0');
INSERT INTO `ls_fleaarea` VALUES ('318', '玉林', '20', '0', '2', '0');
INSERT INTO `ls_fleaarea` VALUES ('319', '百色', '20', '0', '2', '0');
INSERT INTO `ls_fleaarea` VALUES ('320', '贺州', '20', '0', '2', '0');
INSERT INTO `ls_fleaarea` VALUES ('321', '河池', '20', '0', '2', '0');
INSERT INTO `ls_fleaarea` VALUES ('322', '来宾', '20', '0', '2', '0');
INSERT INTO `ls_fleaarea` VALUES ('323', '崇左', '20', '0', '2', '0');
INSERT INTO `ls_fleaarea` VALUES ('324', '海口', '21', '0', '2', '0');
INSERT INTO `ls_fleaarea` VALUES ('325', '三亚', '21', '0', '2', '0');
INSERT INTO `ls_fleaarea` VALUES ('326', '五指山', '21', '0', '2', '0');
INSERT INTO `ls_fleaarea` VALUES ('327', '琼海', '21', '0', '2', '0');
INSERT INTO `ls_fleaarea` VALUES ('328', '儋州', '21', '0', '2', '0');
INSERT INTO `ls_fleaarea` VALUES ('329', '文昌', '21', '0', '2', '0');
INSERT INTO `ls_fleaarea` VALUES ('330', '万宁', '21', '0', '2', '0');
INSERT INTO `ls_fleaarea` VALUES ('331', '东方', '21', '0', '2', '0');
INSERT INTO `ls_fleaarea` VALUES ('332', '定安县', '21', '0', '2', '0');
INSERT INTO `ls_fleaarea` VALUES ('333', '屯昌县', '21', '0', '2', '0');
INSERT INTO `ls_fleaarea` VALUES ('334', '澄迈县', '21', '0', '2', '0');
INSERT INTO `ls_fleaarea` VALUES ('335', '临高县', '21', '0', '2', '0');
INSERT INTO `ls_fleaarea` VALUES ('336', '白沙', '21', '0', '2', '0');
INSERT INTO `ls_fleaarea` VALUES ('337', '昌江', '21', '0', '2', '0');
INSERT INTO `ls_fleaarea` VALUES ('338', '乐东', '21', '0', '2', '0');
INSERT INTO `ls_fleaarea` VALUES ('339', '陵水', '21', '0', '2', '0');
INSERT INTO `ls_fleaarea` VALUES ('340', '保亭', '21', '0', '2', '0');
INSERT INTO `ls_fleaarea` VALUES ('341', '琼中', '21', '0', '2', '0');
INSERT INTO `ls_fleaarea` VALUES ('342', '西沙群岛', '21', '0', '2', '0');
INSERT INTO `ls_fleaarea` VALUES ('343', '南沙群岛', '21', '0', '2', '0');
INSERT INTO `ls_fleaarea` VALUES ('344', '中沙群岛', '21', '0', '2', '0');
INSERT INTO `ls_fleaarea` VALUES ('345', '万州区', '45053', '0', '3', '0');
INSERT INTO `ls_fleaarea` VALUES ('346', '涪陵区', '45053', '0', '3', '0');
INSERT INTO `ls_fleaarea` VALUES ('347', '渝中区', '45053', '0', '3', '0');
INSERT INTO `ls_fleaarea` VALUES ('348', '大渡口区', '45053', '0', '3', '0');
INSERT INTO `ls_fleaarea` VALUES ('349', '江北区', '45053', '0', '3', '0');
INSERT INTO `ls_fleaarea` VALUES ('350', '沙坪坝区', '45053', '0', '3', '0');
INSERT INTO `ls_fleaarea` VALUES ('351', '九龙坡区', '45053', '0', '3', '0');
INSERT INTO `ls_fleaarea` VALUES ('352', '南岸区', '45053', '0', '3', '0');
INSERT INTO `ls_fleaarea` VALUES ('353', '北碚区', '45053', '0', '3', '0');
INSERT INTO `ls_fleaarea` VALUES ('354', '双桥区', '45053', '0', '3', '0');
INSERT INTO `ls_fleaarea` VALUES ('355', '万盛区', '45053', '0', '3', '0');
INSERT INTO `ls_fleaarea` VALUES ('356', '渝北区', '45053', '0', '3', '0');
INSERT INTO `ls_fleaarea` VALUES ('357', '巴南区', '45053', '0', '3', '0');
INSERT INTO `ls_fleaarea` VALUES ('358', '黔江区', '45053', '0', '3', '0');
INSERT INTO `ls_fleaarea` VALUES ('359', '长寿区', '45053', '0', '3', '0');
INSERT INTO `ls_fleaarea` VALUES ('360', '綦江县', '45053', '0', '3', '0');
INSERT INTO `ls_fleaarea` VALUES ('361', '潼南县', '45053', '0', '3', '0');
INSERT INTO `ls_fleaarea` VALUES ('362', '铜梁县', '45053', '0', '3', '0');
INSERT INTO `ls_fleaarea` VALUES ('363', '大足县', '45053', '0', '3', '0');
INSERT INTO `ls_fleaarea` VALUES ('364', '荣昌县', '45053', '0', '3', '0');
INSERT INTO `ls_fleaarea` VALUES ('365', '璧山县', '45053', '0', '3', '0');
INSERT INTO `ls_fleaarea` VALUES ('366', '梁平县', '45053', '0', '3', '0');
INSERT INTO `ls_fleaarea` VALUES ('367', '城口县', '45053', '0', '3', '0');
INSERT INTO `ls_fleaarea` VALUES ('368', '丰都县', '45053', '0', '3', '0');
INSERT INTO `ls_fleaarea` VALUES ('369', '垫江县', '45053', '0', '3', '0');
INSERT INTO `ls_fleaarea` VALUES ('370', '武隆县', '45053', '0', '3', '0');
INSERT INTO `ls_fleaarea` VALUES ('371', '忠县', '45053', '0', '3', '0');
INSERT INTO `ls_fleaarea` VALUES ('372', '开县', '45053', '0', '3', '0');
INSERT INTO `ls_fleaarea` VALUES ('373', '云阳县', '45053', '0', '3', '0');
INSERT INTO `ls_fleaarea` VALUES ('374', '奉节县', '45053', '0', '3', '0');
INSERT INTO `ls_fleaarea` VALUES ('375', '巫山县', '45053', '0', '3', '0');
INSERT INTO `ls_fleaarea` VALUES ('376', '巫溪县', '45053', '0', '3', '0');
INSERT INTO `ls_fleaarea` VALUES ('377', '石柱', '45053', '0', '3', '0');
INSERT INTO `ls_fleaarea` VALUES ('378', '秀山', '45053', '0', '3', '0');
INSERT INTO `ls_fleaarea` VALUES ('379', '酉阳', '45053', '0', '3', '0');
INSERT INTO `ls_fleaarea` VALUES ('380', '彭水', '45053', '0', '3', '0');
INSERT INTO `ls_fleaarea` VALUES ('381', '江津', '45053', '0', '3', '0');
INSERT INTO `ls_fleaarea` VALUES ('382', '合川', '45053', '0', '3', '0');
INSERT INTO `ls_fleaarea` VALUES ('383', '永川', '45053', '0', '3', '0');
INSERT INTO `ls_fleaarea` VALUES ('384', '南川', '45053', '0', '3', '0');
INSERT INTO `ls_fleaarea` VALUES ('385', '成都', '23', '0', '2', '0');
INSERT INTO `ls_fleaarea` VALUES ('386', '自贡', '23', '0', '2', '0');
INSERT INTO `ls_fleaarea` VALUES ('387', '攀枝花', '23', '0', '2', '0');
INSERT INTO `ls_fleaarea` VALUES ('388', '泸州', '23', '0', '2', '0');
INSERT INTO `ls_fleaarea` VALUES ('389', '德阳', '23', '0', '2', '0');
INSERT INTO `ls_fleaarea` VALUES ('390', '绵阳', '23', '0', '2', '0');
INSERT INTO `ls_fleaarea` VALUES ('391', '广元', '23', '0', '2', '0');
INSERT INTO `ls_fleaarea` VALUES ('392', '遂宁', '23', '0', '2', '0');
INSERT INTO `ls_fleaarea` VALUES ('393', '内江', '23', '0', '2', '0');
INSERT INTO `ls_fleaarea` VALUES ('394', '乐山', '23', '0', '2', '0');
INSERT INTO `ls_fleaarea` VALUES ('395', '南充', '23', '0', '2', '0');
INSERT INTO `ls_fleaarea` VALUES ('396', '眉山', '23', '0', '2', '0');
INSERT INTO `ls_fleaarea` VALUES ('397', '宜宾', '23', '0', '2', '0');
INSERT INTO `ls_fleaarea` VALUES ('398', '广安', '23', '0', '2', '0');
INSERT INTO `ls_fleaarea` VALUES ('399', '达州', '23', '0', '2', '0');
INSERT INTO `ls_fleaarea` VALUES ('400', '雅安', '23', '0', '2', '0');
INSERT INTO `ls_fleaarea` VALUES ('401', '巴中', '23', '0', '2', '0');
INSERT INTO `ls_fleaarea` VALUES ('402', '资阳', '23', '0', '2', '0');
INSERT INTO `ls_fleaarea` VALUES ('403', '阿坝', '23', '0', '2', '0');
INSERT INTO `ls_fleaarea` VALUES ('404', '甘孜', '23', '0', '2', '0');
INSERT INTO `ls_fleaarea` VALUES ('405', '凉山', '23', '0', '2', '0');
INSERT INTO `ls_fleaarea` VALUES ('406', '贵阳', '24', '0', '2', '0');
INSERT INTO `ls_fleaarea` VALUES ('407', '六盘水', '24', '0', '2', '0');
INSERT INTO `ls_fleaarea` VALUES ('408', '遵义', '24', '0', '2', '0');
INSERT INTO `ls_fleaarea` VALUES ('409', '安顺', '24', '0', '2', '0');
INSERT INTO `ls_fleaarea` VALUES ('410', '铜仁地区', '24', '0', '2', '0');
INSERT INTO `ls_fleaarea` VALUES ('412', '毕节地区', '24', '0', '2', '0');
INSERT INTO `ls_fleaarea` VALUES ('415', '昆明', '25', '0', '2', '0');
INSERT INTO `ls_fleaarea` VALUES ('416', '曲靖', '25', '0', '2', '0');
INSERT INTO `ls_fleaarea` VALUES ('417', '玉溪', '25', '0', '2', '0');
INSERT INTO `ls_fleaarea` VALUES ('418', '保山', '25', '0', '2', '0');
INSERT INTO `ls_fleaarea` VALUES ('419', '昭通', '25', '0', '2', '0');
INSERT INTO `ls_fleaarea` VALUES ('420', '丽江', '25', '0', '2', '0');
INSERT INTO `ls_fleaarea` VALUES ('421', '思茅', '25', '0', '2', '0');
INSERT INTO `ls_fleaarea` VALUES ('422', '临沧', '25', '0', '2', '0');
INSERT INTO `ls_fleaarea` VALUES ('423', '楚雄', '25', '0', '2', '0');
INSERT INTO `ls_fleaarea` VALUES ('424', '红河', '25', '0', '2', '0');
INSERT INTO `ls_fleaarea` VALUES ('425', '文山', '25', '0', '2', '0');
INSERT INTO `ls_fleaarea` VALUES ('426', '西双版纳', '25', '0', '2', '0');
INSERT INTO `ls_fleaarea` VALUES ('427', '大理', '25', '0', '2', '0');
INSERT INTO `ls_fleaarea` VALUES ('428', '德宏', '25', '0', '2', '0');
INSERT INTO `ls_fleaarea` VALUES ('429', '怒江', '25', '0', '2', '0');
INSERT INTO `ls_fleaarea` VALUES ('430', '迪庆', '25', '0', '2', '0');
INSERT INTO `ls_fleaarea` VALUES ('431', '拉萨', '26', '0', '2', '0');
INSERT INTO `ls_fleaarea` VALUES ('432', '昌都', '26', '0', '2', '0');
INSERT INTO `ls_fleaarea` VALUES ('433', '山南', '26', '0', '2', '0');
INSERT INTO `ls_fleaarea` VALUES ('434', '日喀则', '26', '0', '2', '0');
INSERT INTO `ls_fleaarea` VALUES ('435', '那曲', '26', '0', '2', '0');
INSERT INTO `ls_fleaarea` VALUES ('436', '阿里', '26', '0', '2', '0');
INSERT INTO `ls_fleaarea` VALUES ('437', '林芝', '26', '0', '2', '0');
INSERT INTO `ls_fleaarea` VALUES ('438', '西安', '27', '0', '2', '0');
INSERT INTO `ls_fleaarea` VALUES ('439', '铜川', '27', '0', '2', '0');
INSERT INTO `ls_fleaarea` VALUES ('440', '宝鸡', '27', '0', '2', '0');
INSERT INTO `ls_fleaarea` VALUES ('441', '咸阳', '27', '0', '2', '0');
INSERT INTO `ls_fleaarea` VALUES ('442', '渭南', '27', '0', '2', '0');
INSERT INTO `ls_fleaarea` VALUES ('443', '延安', '27', '0', '2', '0');
INSERT INTO `ls_fleaarea` VALUES ('444', '汉中', '27', '0', '2', '0');
INSERT INTO `ls_fleaarea` VALUES ('445', '榆林', '27', '0', '2', '0');
INSERT INTO `ls_fleaarea` VALUES ('446', '安康', '27', '0', '2', '0');
INSERT INTO `ls_fleaarea` VALUES ('447', '商洛', '27', '0', '2', '0');
INSERT INTO `ls_fleaarea` VALUES ('448', '兰州', '28', '0', '2', '0');
INSERT INTO `ls_fleaarea` VALUES ('449', '嘉峪关', '28', '0', '2', '0');
INSERT INTO `ls_fleaarea` VALUES ('450', '金昌', '28', '0', '2', '0');
INSERT INTO `ls_fleaarea` VALUES ('451', '白银', '28', '0', '2', '0');
INSERT INTO `ls_fleaarea` VALUES ('452', '天水', '28', '0', '2', '0');
INSERT INTO `ls_fleaarea` VALUES ('453', '武威', '28', '0', '2', '0');
INSERT INTO `ls_fleaarea` VALUES ('454', '张掖', '28', '0', '2', '0');
INSERT INTO `ls_fleaarea` VALUES ('455', '平凉', '28', '0', '2', '0');
INSERT INTO `ls_fleaarea` VALUES ('456', '酒泉', '28', '0', '2', '0');
INSERT INTO `ls_fleaarea` VALUES ('457', '庆阳', '28', '0', '2', '0');
INSERT INTO `ls_fleaarea` VALUES ('458', '定西', '28', '0', '2', '0');
INSERT INTO `ls_fleaarea` VALUES ('459', '陇南', '28', '0', '2', '0');
INSERT INTO `ls_fleaarea` VALUES ('460', '临夏', '28', '0', '2', '0');
INSERT INTO `ls_fleaarea` VALUES ('461', '甘南', '28', '0', '2', '0');
INSERT INTO `ls_fleaarea` VALUES ('462', '西宁', '29', '0', '2', '0');
INSERT INTO `ls_fleaarea` VALUES ('463', '海东', '29', '0', '2', '0');
INSERT INTO `ls_fleaarea` VALUES ('464', '海北', '29', '0', '2', '0');
INSERT INTO `ls_fleaarea` VALUES ('465', '黄南', '29', '0', '2', '0');
INSERT INTO `ls_fleaarea` VALUES ('466', '海南', '29', '0', '2', '0');
INSERT INTO `ls_fleaarea` VALUES ('467', '果洛', '29', '0', '2', '0');
INSERT INTO `ls_fleaarea` VALUES ('468', '玉树', '29', '0', '2', '0');
INSERT INTO `ls_fleaarea` VALUES ('469', '海西', '29', '0', '2', '0');
INSERT INTO `ls_fleaarea` VALUES ('470', '银川', '30', '0', '2', '0');
INSERT INTO `ls_fleaarea` VALUES ('471', '石嘴山', '30', '0', '2', '0');
INSERT INTO `ls_fleaarea` VALUES ('472', '吴忠', '30', '0', '2', '0');
INSERT INTO `ls_fleaarea` VALUES ('473', '固原', '30', '0', '2', '0');
INSERT INTO `ls_fleaarea` VALUES ('474', '中卫', '30', '0', '2', '0');
INSERT INTO `ls_fleaarea` VALUES ('475', '乌鲁木齐', '31', '0', '2', '0');
INSERT INTO `ls_fleaarea` VALUES ('476', '克拉玛依', '31', '0', '2', '0');
INSERT INTO `ls_fleaarea` VALUES ('477', '吐鲁番', '31', '0', '2', '0');
INSERT INTO `ls_fleaarea` VALUES ('478', '哈密', '31', '0', '2', '0');
INSERT INTO `ls_fleaarea` VALUES ('479', '昌吉', '31', '0', '2', '0');
INSERT INTO `ls_fleaarea` VALUES ('480', '博尔塔拉', '31', '0', '2', '0');
INSERT INTO `ls_fleaarea` VALUES ('481', '巴音郭楞', '31', '0', '2', '0');
INSERT INTO `ls_fleaarea` VALUES ('482', '阿克苏', '31', '0', '2', '0');
INSERT INTO `ls_fleaarea` VALUES ('484', '喀什', '31', '0', '2', '0');
INSERT INTO `ls_fleaarea` VALUES ('485', '和田', '31', '0', '2', '0');
INSERT INTO `ls_fleaarea` VALUES ('486', '伊犁', '31', '0', '2', '0');
INSERT INTO `ls_fleaarea` VALUES ('487', '塔城', '31', '0', '2', '0');
INSERT INTO `ls_fleaarea` VALUES ('488', '阿勒泰', '31', '0', '2', '0');
INSERT INTO `ls_fleaarea` VALUES ('489', '石河子', '31', '0', '2', '0');
INSERT INTO `ls_fleaarea` VALUES ('490', '阿拉尔', '31', '0', '2', '0');
INSERT INTO `ls_fleaarea` VALUES ('491', '图木舒克', '31', '0', '2', '0');
INSERT INTO `ls_fleaarea` VALUES ('492', '五家渠', '31', '0', '2', '0');
INSERT INTO `ls_fleaarea` VALUES ('493', '台北', '32', '0', '2', '0');
INSERT INTO `ls_fleaarea` VALUES ('494', '高雄', '32', '0', '2', '0');
INSERT INTO `ls_fleaarea` VALUES ('495', '基隆', '32', '0', '2', '0');
INSERT INTO `ls_fleaarea` VALUES ('496', '台中', '32', '0', '2', '0');
INSERT INTO `ls_fleaarea` VALUES ('497', '台南', '32', '0', '2', '0');
INSERT INTO `ls_fleaarea` VALUES ('498', '新竹', '32', '0', '2', '0');
INSERT INTO `ls_fleaarea` VALUES ('499', '嘉义', '32', '0', '2', '0');
INSERT INTO `ls_fleaarea` VALUES ('500', '台北县', '32', '0', '2', '0');
INSERT INTO `ls_fleaarea` VALUES ('501', '宜兰县', '32', '0', '2', '0');
INSERT INTO `ls_fleaarea` VALUES ('502', '桃园县', '32', '0', '2', '0');
INSERT INTO `ls_fleaarea` VALUES ('503', '新竹县', '32', '0', '2', '0');
INSERT INTO `ls_fleaarea` VALUES ('504', '苗栗县', '32', '0', '2', '0');
INSERT INTO `ls_fleaarea` VALUES ('505', '台中县', '32', '0', '2', '0');
INSERT INTO `ls_fleaarea` VALUES ('506', '彰化县', '32', '0', '2', '0');
INSERT INTO `ls_fleaarea` VALUES ('507', '南投县', '32', '0', '2', '0');
INSERT INTO `ls_fleaarea` VALUES ('508', '云林县', '32', '0', '2', '0');
INSERT INTO `ls_fleaarea` VALUES ('509', '嘉义县', '32', '0', '2', '0');
INSERT INTO `ls_fleaarea` VALUES ('510', '台南县', '32', '0', '2', '0');
INSERT INTO `ls_fleaarea` VALUES ('511', '高雄县', '32', '0', '2', '0');
INSERT INTO `ls_fleaarea` VALUES ('512', '屏东县', '32', '0', '2', '0');
INSERT INTO `ls_fleaarea` VALUES ('513', '澎湖县', '32', '0', '2', '0');
INSERT INTO `ls_fleaarea` VALUES ('514', '台东县', '32', '0', '2', '0');
INSERT INTO `ls_fleaarea` VALUES ('515', '花莲县', '32', '0', '2', '0');
INSERT INTO `ls_fleaarea` VALUES ('516', '中西区', '33', '0', '2', '0');
INSERT INTO `ls_fleaarea` VALUES ('517', '东区', '33', '0', '2', '0');
INSERT INTO `ls_fleaarea` VALUES ('518', '九龙城区', '33', '0', '2', '0');
INSERT INTO `ls_fleaarea` VALUES ('519', '观塘区', '33', '0', '2', '0');
INSERT INTO `ls_fleaarea` VALUES ('520', '南区', '33', '0', '2', '0');
INSERT INTO `ls_fleaarea` VALUES ('521', '深水埗区', '33', '0', '2', '0');
INSERT INTO `ls_fleaarea` VALUES ('522', '黄大仙区', '33', '0', '2', '0');
INSERT INTO `ls_fleaarea` VALUES ('523', '湾仔区', '33', '0', '2', '0');
INSERT INTO `ls_fleaarea` VALUES ('524', '油尖旺区', '33', '0', '2', '0');
INSERT INTO `ls_fleaarea` VALUES ('525', '离岛区', '33', '0', '2', '0');
INSERT INTO `ls_fleaarea` VALUES ('526', '葵青区', '33', '0', '2', '0');
INSERT INTO `ls_fleaarea` VALUES ('527', '北区', '33', '0', '2', '0');
INSERT INTO `ls_fleaarea` VALUES ('528', '西贡区', '33', '0', '2', '0');
INSERT INTO `ls_fleaarea` VALUES ('529', '沙田区', '33', '0', '2', '0');
INSERT INTO `ls_fleaarea` VALUES ('530', '屯门区', '33', '0', '2', '0');
INSERT INTO `ls_fleaarea` VALUES ('531', '大埔区', '33', '0', '2', '0');
INSERT INTO `ls_fleaarea` VALUES ('532', '荃湾区', '33', '0', '2', '0');
INSERT INTO `ls_fleaarea` VALUES ('533', '元朗区', '33', '0', '2', '0');
INSERT INTO `ls_fleaarea` VALUES ('534', '澳门', '34', '0', '2', '0');
INSERT INTO `ls_fleaarea` VALUES ('535', '美国', '45055', '0', '3', '0');
INSERT INTO `ls_fleaarea` VALUES ('536', '加拿大', '45055', '0', '3', '0');
INSERT INTO `ls_fleaarea` VALUES ('537', '澳大利亚', '45055', '0', '3', '0');
INSERT INTO `ls_fleaarea` VALUES ('538', '新西兰', '45055', '0', '3', '0');
INSERT INTO `ls_fleaarea` VALUES ('539', '英国', '45055', '0', '3', '0');
INSERT INTO `ls_fleaarea` VALUES ('540', '法国', '45055', '0', '3', '0');
INSERT INTO `ls_fleaarea` VALUES ('541', '德国', '45055', '0', '3', '0');
INSERT INTO `ls_fleaarea` VALUES ('542', '捷克', '45055', '0', '3', '0');
INSERT INTO `ls_fleaarea` VALUES ('543', '荷兰', '45055', '0', '3', '0');
INSERT INTO `ls_fleaarea` VALUES ('544', '瑞士', '45055', '0', '3', '0');
INSERT INTO `ls_fleaarea` VALUES ('545', '希腊', '45055', '0', '3', '0');
INSERT INTO `ls_fleaarea` VALUES ('546', '挪威', '45055', '0', '3', '0');
INSERT INTO `ls_fleaarea` VALUES ('547', '瑞典', '45055', '0', '3', '0');
INSERT INTO `ls_fleaarea` VALUES ('548', '丹麦', '45055', '0', '3', '0');
INSERT INTO `ls_fleaarea` VALUES ('549', '芬兰', '45055', '0', '3', '0');
INSERT INTO `ls_fleaarea` VALUES ('550', '爱尔兰', '45055', '0', '3', '0');
INSERT INTO `ls_fleaarea` VALUES ('551', '奥地利', '45055', '0', '3', '0');
INSERT INTO `ls_fleaarea` VALUES ('552', '意大利', '45055', '0', '3', '0');
INSERT INTO `ls_fleaarea` VALUES ('553', '乌克兰', '45055', '0', '3', '0');
INSERT INTO `ls_fleaarea` VALUES ('554', '俄罗斯', '45055', '0', '3', '0');
INSERT INTO `ls_fleaarea` VALUES ('555', '西班牙', '45055', '0', '3', '0');
INSERT INTO `ls_fleaarea` VALUES ('556', '韩国', '45055', '0', '3', '0');
INSERT INTO `ls_fleaarea` VALUES ('557', '新加坡', '45055', '0', '3', '0');
INSERT INTO `ls_fleaarea` VALUES ('558', '马来西亚', '45055', '0', '3', '0');
INSERT INTO `ls_fleaarea` VALUES ('559', '印度', '45055', '0', '3', '0');
INSERT INTO `ls_fleaarea` VALUES ('560', '泰国', '45055', '0', '3', '0');
INSERT INTO `ls_fleaarea` VALUES ('561', '日本', '45055', '0', '3', '0');
INSERT INTO `ls_fleaarea` VALUES ('562', '巴西', '45055', '0', '3', '0');
INSERT INTO `ls_fleaarea` VALUES ('563', '阿根廷', '45055', '0', '3', '0');
INSERT INTO `ls_fleaarea` VALUES ('564', '南非', '45055', '0', '3', '0');
INSERT INTO `ls_fleaarea` VALUES ('565', '埃及', '45055', '0', '3', '0');
INSERT INTO `ls_fleaarea` VALUES ('566', '其他', '36', '0', '3', '0');
INSERT INTO `ls_fleaarea` VALUES ('1126', '井陉县', '73', '0', '3', '0');
INSERT INTO `ls_fleaarea` VALUES ('1127', '井陉矿区', '73', '0', '3', '0');
INSERT INTO `ls_fleaarea` VALUES ('1128', '元氏县', '73', '0', '3', '0');
INSERT INTO `ls_fleaarea` VALUES ('1129', '平山县', '73', '0', '3', '0');
INSERT INTO `ls_fleaarea` VALUES ('1130', '新乐', '73', '0', '3', '0');
INSERT INTO `ls_fleaarea` VALUES ('1131', '新华区', '73', '0', '3', '0');
INSERT INTO `ls_fleaarea` VALUES ('1132', '无极县', '73', '0', '3', '0');
INSERT INTO `ls_fleaarea` VALUES ('1133', '晋州', '73', '0', '3', '0');
INSERT INTO `ls_fleaarea` VALUES ('1134', '栾城县', '73', '0', '3', '0');
INSERT INTO `ls_fleaarea` VALUES ('1135', '桥东区', '73', '0', '3', '0');
INSERT INTO `ls_fleaarea` VALUES ('1136', '桥西区', '73', '0', '3', '0');
INSERT INTO `ls_fleaarea` VALUES ('1137', '正定县', '73', '0', '3', '0');
INSERT INTO `ls_fleaarea` VALUES ('1138', '深泽县', '73', '0', '3', '0');
INSERT INTO `ls_fleaarea` VALUES ('1139', '灵寿县', '73', '0', '3', '0');
INSERT INTO `ls_fleaarea` VALUES ('1140', '藁城', '73', '0', '3', '0');
INSERT INTO `ls_fleaarea` VALUES ('1141', '行唐县', '73', '0', '3', '0');
INSERT INTO `ls_fleaarea` VALUES ('1142', '裕华区', '73', '0', '3', '0');
INSERT INTO `ls_fleaarea` VALUES ('1143', '赞皇县', '73', '0', '3', '0');
INSERT INTO `ls_fleaarea` VALUES ('1144', '赵县', '73', '0', '3', '0');
INSERT INTO `ls_fleaarea` VALUES ('1145', '辛集', '73', '0', '3', '0');
INSERT INTO `ls_fleaarea` VALUES ('1146', '长安区', '73', '0', '3', '0');
INSERT INTO `ls_fleaarea` VALUES ('1147', '高邑县', '73', '0', '3', '0');
INSERT INTO `ls_fleaarea` VALUES ('1148', '鹿泉', '73', '0', '3', '0');
INSERT INTO `ls_fleaarea` VALUES ('1149', '丰南区', '74', '0', '3', '0');
INSERT INTO `ls_fleaarea` VALUES ('1150', '丰润区', '74', '0', '3', '0');
INSERT INTO `ls_fleaarea` VALUES ('1151', '乐亭县', '74', '0', '3', '0');
INSERT INTO `ls_fleaarea` VALUES ('1152', '古冶区', '74', '0', '3', '0');
INSERT INTO `ls_fleaarea` VALUES ('1153', '唐海县', '74', '0', '3', '0');
INSERT INTO `ls_fleaarea` VALUES ('1154', '开平区', '74', '0', '3', '0');
INSERT INTO `ls_fleaarea` VALUES ('1155', '滦南县', '74', '0', '3', '0');
INSERT INTO `ls_fleaarea` VALUES ('1156', '滦县', '74', '0', '3', '0');
INSERT INTO `ls_fleaarea` VALUES ('1157', '玉田县', '74', '0', '3', '0');
INSERT INTO `ls_fleaarea` VALUES ('1158', '路北区', '74', '0', '3', '0');
INSERT INTO `ls_fleaarea` VALUES ('1159', '路南区', '74', '0', '3', '0');
INSERT INTO `ls_fleaarea` VALUES ('1160', '迁安', '74', '0', '3', '0');
INSERT INTO `ls_fleaarea` VALUES ('1161', '迁西县', '74', '0', '3', '0');
INSERT INTO `ls_fleaarea` VALUES ('1162', '遵化', '74', '0', '3', '0');
INSERT INTO `ls_fleaarea` VALUES ('1163', '北戴河区', '75', '0', '3', '0');
INSERT INTO `ls_fleaarea` VALUES ('1164', '卢龙县', '75', '0', '3', '0');
INSERT INTO `ls_fleaarea` VALUES ('1165', '山海关区', '75', '0', '3', '0');
INSERT INTO `ls_fleaarea` VALUES ('1166', '抚宁县', '75', '0', '3', '0');
INSERT INTO `ls_fleaarea` VALUES ('1167', '昌黎县', '75', '0', '3', '0');
INSERT INTO `ls_fleaarea` VALUES ('1168', '海港区', '75', '0', '3', '0');
INSERT INTO `ls_fleaarea` VALUES ('1169', '青龙', '75', '0', '3', '0');
INSERT INTO `ls_fleaarea` VALUES ('1170', '丛台区', '76', '0', '3', '0');
INSERT INTO `ls_fleaarea` VALUES ('1171', '临漳县', '76', '0', '3', '0');
INSERT INTO `ls_fleaarea` VALUES ('1172', '复兴区', '76', '0', '3', '0');
INSERT INTO `ls_fleaarea` VALUES ('1173', '大名县', '76', '0', '3', '0');
INSERT INTO `ls_fleaarea` VALUES ('1174', '峰峰矿区', '76', '0', '3', '0');
INSERT INTO `ls_fleaarea` VALUES ('1175', '广平县', '76', '0', '3', '0');
INSERT INTO `ls_fleaarea` VALUES ('1176', '成安县', '76', '0', '3', '0');
INSERT INTO `ls_fleaarea` VALUES ('1177', '曲周县', '76', '0', '3', '0');
INSERT INTO `ls_fleaarea` VALUES ('1178', '武安', '76', '0', '3', '0');
INSERT INTO `ls_fleaarea` VALUES ('1179', '永年县', '76', '0', '3', '0');
INSERT INTO `ls_fleaarea` VALUES ('1180', '涉县', '76', '0', '3', '0');
INSERT INTO `ls_fleaarea` VALUES ('1181', '磁县', '76', '0', '3', '0');
INSERT INTO `ls_fleaarea` VALUES ('1182', '肥乡县', '76', '0', '3', '0');
INSERT INTO `ls_fleaarea` VALUES ('1183', '邯山区', '76', '0', '3', '0');
INSERT INTO `ls_fleaarea` VALUES ('1184', '邯郸县', '76', '0', '3', '0');
INSERT INTO `ls_fleaarea` VALUES ('1185', '邱县', '76', '0', '3', '0');
INSERT INTO `ls_fleaarea` VALUES ('1186', '馆陶县', '76', '0', '3', '0');
INSERT INTO `ls_fleaarea` VALUES ('1187', '魏县', '76', '0', '3', '0');
INSERT INTO `ls_fleaarea` VALUES ('1188', '鸡泽县', '76', '0', '3', '0');
INSERT INTO `ls_fleaarea` VALUES ('1189', '临城县', '77', '0', '3', '0');
INSERT INTO `ls_fleaarea` VALUES ('1190', '临西县', '77', '0', '3', '0');
INSERT INTO `ls_fleaarea` VALUES ('1191', '任县', '77', '0', '3', '0');
INSERT INTO `ls_fleaarea` VALUES ('1192', '内丘县', '77', '0', '3', '0');
INSERT INTO `ls_fleaarea` VALUES ('1193', '南和县', '77', '0', '3', '0');
INSERT INTO `ls_fleaarea` VALUES ('1194', '南宫', '77', '0', '3', '0');
INSERT INTO `ls_fleaarea` VALUES ('1195', '威县', '77', '0', '3', '0');
INSERT INTO `ls_fleaarea` VALUES ('1196', '宁晋县', '77', '0', '3', '0');
INSERT INTO `ls_fleaarea` VALUES ('1197', '巨鹿县', '77', '0', '3', '0');
INSERT INTO `ls_fleaarea` VALUES ('1198', '平乡县', '77', '0', '3', '0');
INSERT INTO `ls_fleaarea` VALUES ('1199', '广宗县', '77', '0', '3', '0');
INSERT INTO `ls_fleaarea` VALUES ('1200', '新河县', '77', '0', '3', '0');
INSERT INTO `ls_fleaarea` VALUES ('1201', '柏乡县', '77', '0', '3', '0');
INSERT INTO `ls_fleaarea` VALUES ('1202', '桥东区', '77', '0', '3', '0');
INSERT INTO `ls_fleaarea` VALUES ('1203', '桥西区', '77', '0', '3', '0');
INSERT INTO `ls_fleaarea` VALUES ('1204', '沙河', '77', '0', '3', '0');
INSERT INTO `ls_fleaarea` VALUES ('1205', '清河县', '77', '0', '3', '0');
INSERT INTO `ls_fleaarea` VALUES ('1206', '邢台县', '77', '0', '3', '0');
INSERT INTO `ls_fleaarea` VALUES ('1207', '隆尧县', '77', '0', '3', '0');
INSERT INTO `ls_fleaarea` VALUES ('1208', '北市区', '78', '0', '3', '0');
INSERT INTO `ls_fleaarea` VALUES ('1209', '南市区', '78', '0', '3', '0');
INSERT INTO `ls_fleaarea` VALUES ('1210', '博野县', '78', '0', '3', '0');
INSERT INTO `ls_fleaarea` VALUES ('1211', '唐县', '78', '0', '3', '0');
INSERT INTO `ls_fleaarea` VALUES ('1212', '安国', '78', '0', '3', '0');
INSERT INTO `ls_fleaarea` VALUES ('1213', '安新县', '78', '0', '3', '0');
INSERT INTO `ls_fleaarea` VALUES ('1214', '定兴县', '78', '0', '3', '0');
INSERT INTO `ls_fleaarea` VALUES ('1215', '定州', '78', '0', '3', '0');
INSERT INTO `ls_fleaarea` VALUES ('1216', '容城县', '78', '0', '3', '0');
INSERT INTO `ls_fleaarea` VALUES ('1217', '徐水县', '78', '0', '3', '0');
INSERT INTO `ls_fleaarea` VALUES ('1218', '新市区', '78', '0', '3', '0');
INSERT INTO `ls_fleaarea` VALUES ('1219', '易县', '78', '0', '3', '0');
INSERT INTO `ls_fleaarea` VALUES ('1220', '曲阳县', '78', '0', '3', '0');
INSERT INTO `ls_fleaarea` VALUES ('1221', '望都县', '78', '0', '3', '0');
INSERT INTO `ls_fleaarea` VALUES ('1222', '涞水县', '78', '0', '3', '0');
INSERT INTO `ls_fleaarea` VALUES ('1223', '涞源县', '78', '0', '3', '0');
INSERT INTO `ls_fleaarea` VALUES ('1224', '涿州', '78', '0', '3', '0');
INSERT INTO `ls_fleaarea` VALUES ('1225', '清苑县', '78', '0', '3', '0');
INSERT INTO `ls_fleaarea` VALUES ('1226', '满城县', '78', '0', '3', '0');
INSERT INTO `ls_fleaarea` VALUES ('1227', '蠡县', '78', '0', '3', '0');
INSERT INTO `ls_fleaarea` VALUES ('1228', '阜平县', '78', '0', '3', '0');
INSERT INTO `ls_fleaarea` VALUES ('1229', '雄县', '78', '0', '3', '0');
INSERT INTO `ls_fleaarea` VALUES ('1230', '顺平县', '78', '0', '3', '0');
INSERT INTO `ls_fleaarea` VALUES ('1231', '高碑店', '78', '0', '3', '0');
INSERT INTO `ls_fleaarea` VALUES ('1232', '高阳县', '78', '0', '3', '0');
INSERT INTO `ls_fleaarea` VALUES ('1233', '万全县', '79', '0', '3', '0');
INSERT INTO `ls_fleaarea` VALUES ('1234', '下花园区', '79', '0', '3', '0');
INSERT INTO `ls_fleaarea` VALUES ('1235', '宣化区', '79', '0', '3', '0');
INSERT INTO `ls_fleaarea` VALUES ('1236', '宣化县', '79', '0', '3', '0');
INSERT INTO `ls_fleaarea` VALUES ('1237', '尚义县', '79', '0', '3', '0');
INSERT INTO `ls_fleaarea` VALUES ('1238', '崇礼县', '79', '0', '3', '0');
INSERT INTO `ls_fleaarea` VALUES ('1239', '康保县', '79', '0', '3', '0');
INSERT INTO `ls_fleaarea` VALUES ('1240', '张北县', '79', '0', '3', '0');
INSERT INTO `ls_fleaarea` VALUES ('1241', '怀安县', '79', '0', '3', '0');
INSERT INTO `ls_fleaarea` VALUES ('1242', '怀来县', '79', '0', '3', '0');
INSERT INTO `ls_fleaarea` VALUES ('1243', '桥东区', '79', '0', '3', '0');
INSERT INTO `ls_fleaarea` VALUES ('1244', '桥西区', '79', '0', '3', '0');
INSERT INTO `ls_fleaarea` VALUES ('1245', '沽源县', '79', '0', '3', '0');
INSERT INTO `ls_fleaarea` VALUES ('1246', '涿鹿县', '79', '0', '3', '0');
INSERT INTO `ls_fleaarea` VALUES ('1247', '蔚县', '79', '0', '3', '0');
INSERT INTO `ls_fleaarea` VALUES ('1248', '赤城县', '79', '0', '3', '0');
INSERT INTO `ls_fleaarea` VALUES ('1249', '阳原县', '79', '0', '3', '0');
INSERT INTO `ls_fleaarea` VALUES ('1250', '丰宁', '80', '0', '3', '0');
INSERT INTO `ls_fleaarea` VALUES ('1251', '兴隆县', '80', '0', '3', '0');
INSERT INTO `ls_fleaarea` VALUES ('1252', '双桥区', '80', '0', '3', '0');
INSERT INTO `ls_fleaarea` VALUES ('1253', '双滦区', '80', '0', '3', '0');
INSERT INTO `ls_fleaarea` VALUES ('1256', '平泉县', '80', '0', '3', '0');
INSERT INTO `ls_fleaarea` VALUES ('1257', '承德县', '80', '0', '3', '0');
INSERT INTO `ls_fleaarea` VALUES ('1258', '滦平县', '80', '0', '3', '0');
INSERT INTO `ls_fleaarea` VALUES ('1259', '隆化县', '80', '0', '3', '0');
INSERT INTO `ls_fleaarea` VALUES ('1261', '冀州', '81', '0', '3', '0');
INSERT INTO `ls_fleaarea` VALUES ('1262', '安平县', '81', '0', '3', '0');
INSERT INTO `ls_fleaarea` VALUES ('1263', '故城县', '81', '0', '3', '0');
INSERT INTO `ls_fleaarea` VALUES ('1264', '景县', '81', '0', '3', '0');
INSERT INTO `ls_fleaarea` VALUES ('1265', '枣强县', '81', '0', '3', '0');
INSERT INTO `ls_fleaarea` VALUES ('1266', '桃城区', '81', '0', '3', '0');
INSERT INTO `ls_fleaarea` VALUES ('1267', '武强县', '81', '0', '3', '0');
INSERT INTO `ls_fleaarea` VALUES ('1268', '武邑县', '81', '0', '3', '0');
INSERT INTO `ls_fleaarea` VALUES ('1269', '深州', '81', '0', '3', '0');
INSERT INTO `ls_fleaarea` VALUES ('1270', '阜城县', '81', '0', '3', '0');
INSERT INTO `ls_fleaarea` VALUES ('1271', '饶阳县', '81', '0', '3', '0');
INSERT INTO `ls_fleaarea` VALUES ('1272', '三河', '82', '0', '3', '0');
INSERT INTO `ls_fleaarea` VALUES ('1273', '固安县', '82', '0', '3', '0');
INSERT INTO `ls_fleaarea` VALUES ('1274', '大厂', '82', '0', '3', '0');
INSERT INTO `ls_fleaarea` VALUES ('1275', '大城县', '82', '0', '3', '0');
INSERT INTO `ls_fleaarea` VALUES ('1276', '安次区', '82', '0', '3', '0');
INSERT INTO `ls_fleaarea` VALUES ('1277', '广阳区', '82', '0', '3', '0');
INSERT INTO `ls_fleaarea` VALUES ('1278', '文安县', '82', '0', '3', '0');
INSERT INTO `ls_fleaarea` VALUES ('1279', '永清县', '82', '0', '3', '0');
INSERT INTO `ls_fleaarea` VALUES ('1280', '霸州', '82', '0', '3', '0');
INSERT INTO `ls_fleaarea` VALUES ('1281', '香河县', '82', '0', '3', '0');
INSERT INTO `ls_fleaarea` VALUES ('1282', '东光县', '83', '0', '3', '0');
INSERT INTO `ls_fleaarea` VALUES ('1283', '任丘', '83', '0', '3', '0');
INSERT INTO `ls_fleaarea` VALUES ('1284', '南皮县', '83', '0', '3', '0');
INSERT INTO `ls_fleaarea` VALUES ('1285', '吴桥县', '83', '0', '3', '0');
INSERT INTO `ls_fleaarea` VALUES ('1287', '新华区', '83', '0', '3', '0');
INSERT INTO `ls_fleaarea` VALUES ('1288', '沧县', '83', '0', '3', '0');
INSERT INTO `ls_fleaarea` VALUES ('1289', '河间', '83', '0', '3', '0');
INSERT INTO `ls_fleaarea` VALUES ('1290', '泊头', '83', '0', '3', '0');
INSERT INTO `ls_fleaarea` VALUES ('1291', '海兴县', '83', '0', '3', '0');
INSERT INTO `ls_fleaarea` VALUES ('1292', '献县', '83', '0', '3', '0');
INSERT INTO `ls_fleaarea` VALUES ('1293', '盐山县', '83', '0', '3', '0');
INSERT INTO `ls_fleaarea` VALUES ('1294', '肃宁县', '83', '0', '3', '0');
INSERT INTO `ls_fleaarea` VALUES ('1295', '运河区', '83', '0', '3', '0');
INSERT INTO `ls_fleaarea` VALUES ('1296', '青县', '83', '0', '3', '0');
INSERT INTO `ls_fleaarea` VALUES ('1297', '黄骅', '83', '0', '3', '0');
INSERT INTO `ls_fleaarea` VALUES ('1298', '万柏林区', '84', '0', '3', '0');
INSERT INTO `ls_fleaarea` VALUES ('1299', '古交', '84', '0', '3', '0');
INSERT INTO `ls_fleaarea` VALUES ('1300', '娄烦县', '84', '0', '3', '0');
INSERT INTO `ls_fleaarea` VALUES ('1301', '小店区', '84', '0', '3', '0');
INSERT INTO `ls_fleaarea` VALUES ('1302', '尖草坪区', '84', '0', '3', '0');
INSERT INTO `ls_fleaarea` VALUES ('1303', '晋源区', '84', '0', '3', '0');
INSERT INTO `ls_fleaarea` VALUES ('1304', '杏花岭区', '84', '0', '3', '0');
INSERT INTO `ls_fleaarea` VALUES ('1305', '清徐县', '84', '0', '3', '0');
INSERT INTO `ls_fleaarea` VALUES ('1306', '迎泽区', '84', '0', '3', '0');
INSERT INTO `ls_fleaarea` VALUES ('1307', '阳曲县', '84', '0', '3', '0');
INSERT INTO `ls_fleaarea` VALUES ('1308', '南郊区', '85', '0', '3', '0');
INSERT INTO `ls_fleaarea` VALUES ('1309', '城区', '85', '0', '3', '0');
INSERT INTO `ls_fleaarea` VALUES ('1310', '大同县', '85', '0', '3', '0');
INSERT INTO `ls_fleaarea` VALUES ('1311', '天镇县', '85', '0', '3', '0');
INSERT INTO `ls_fleaarea` VALUES ('1312', '左云县', '85', '0', '3', '0');
INSERT INTO `ls_fleaarea` VALUES ('1313', '广灵县', '85', '0', '3', '0');
INSERT INTO `ls_fleaarea` VALUES ('1314', '新荣区', '85', '0', '3', '0');
INSERT INTO `ls_fleaarea` VALUES ('1315', '浑源县', '85', '0', '3', '0');
INSERT INTO `ls_fleaarea` VALUES ('1316', '灵丘县', '85', '0', '3', '0');
INSERT INTO `ls_fleaarea` VALUES ('1317', '矿区', '85', '0', '3', '0');
INSERT INTO `ls_fleaarea` VALUES ('1318', '阳高县', '85', '0', '3', '0');
INSERT INTO `ls_fleaarea` VALUES ('1319', '城区', '86', '0', '3', '0');
INSERT INTO `ls_fleaarea` VALUES ('1320', '平定县', '86', '0', '3', '0');
INSERT INTO `ls_fleaarea` VALUES ('1321', '盂县', '86', '0', '3', '0');
INSERT INTO `ls_fleaarea` VALUES ('1322', '矿区', '86', '0', '3', '0');
INSERT INTO `ls_fleaarea` VALUES ('1323', '郊区', '86', '0', '3', '0');
INSERT INTO `ls_fleaarea` VALUES ('1324', '城区', '87', '0', '3', '0');
INSERT INTO `ls_fleaarea` VALUES ('1325', '壶关县', '87', '0', '3', '0');
INSERT INTO `ls_fleaarea` VALUES ('1326', '屯留县', '87', '0', '3', '0');
INSERT INTO `ls_fleaarea` VALUES ('1327', '平顺县', '87', '0', '3', '0');
INSERT INTO `ls_fleaarea` VALUES ('1328', '武乡县', '87', '0', '3', '0');
INSERT INTO `ls_fleaarea` VALUES ('1329', '沁县', '87', '0', '3', '0');
INSERT INTO `ls_fleaarea` VALUES ('1330', '沁源县', '87', '0', '3', '0');
INSERT INTO `ls_fleaarea` VALUES ('1331', '潞城', '87', '0', '3', '0');
INSERT INTO `ls_fleaarea` VALUES ('1332', '襄垣县', '87', '0', '3', '0');
INSERT INTO `ls_fleaarea` VALUES ('1333', '郊区', '87', '0', '3', '0');
INSERT INTO `ls_fleaarea` VALUES ('1334', '长子县', '87', '0', '3', '0');
INSERT INTO `ls_fleaarea` VALUES ('1335', '长治县', '87', '0', '3', '0');
INSERT INTO `ls_fleaarea` VALUES ('1336', '黎城县', '87', '0', '3', '0');
INSERT INTO `ls_fleaarea` VALUES ('1337', '城区', '88', '0', '3', '0');
INSERT INTO `ls_fleaarea` VALUES ('1338', '沁水县', '88', '0', '3', '0');
INSERT INTO `ls_fleaarea` VALUES ('1339', '泽州县', '88', '0', '3', '0');
INSERT INTO `ls_fleaarea` VALUES ('1340', '阳城县', '88', '0', '3', '0');
INSERT INTO `ls_fleaarea` VALUES ('1341', '陵川县', '88', '0', '3', '0');
INSERT INTO `ls_fleaarea` VALUES ('1342', '高平', '88', '0', '3', '0');
INSERT INTO `ls_fleaarea` VALUES ('1343', '右玉县', '89', '0', '3', '0');
INSERT INTO `ls_fleaarea` VALUES ('1344', '山阴县', '89', '0', '3', '0');
INSERT INTO `ls_fleaarea` VALUES ('1345', '平鲁区', '89', '0', '3', '0');
INSERT INTO `ls_fleaarea` VALUES ('1346', '应县', '89', '0', '3', '0');
INSERT INTO `ls_fleaarea` VALUES ('1347', '怀仁县', '89', '0', '3', '0');
INSERT INTO `ls_fleaarea` VALUES ('1348', '朔城区', '89', '0', '3', '0');
INSERT INTO `ls_fleaarea` VALUES ('1349', '介休', '90', '0', '3', '0');
INSERT INTO `ls_fleaarea` VALUES ('1350', '和顺县', '90', '0', '3', '0');
INSERT INTO `ls_fleaarea` VALUES ('1351', '太谷县', '90', '0', '3', '0');
INSERT INTO `ls_fleaarea` VALUES ('1352', '寿阳县', '90', '0', '3', '0');
INSERT INTO `ls_fleaarea` VALUES ('1353', '左权县', '90', '0', '3', '0');
INSERT INTO `ls_fleaarea` VALUES ('1354', '平遥县', '90', '0', '3', '0');
INSERT INTO `ls_fleaarea` VALUES ('1355', '昔阳县', '90', '0', '3', '0');
INSERT INTO `ls_fleaarea` VALUES ('1356', '榆次区', '90', '0', '3', '0');
INSERT INTO `ls_fleaarea` VALUES ('1357', '榆社县', '90', '0', '3', '0');
INSERT INTO `ls_fleaarea` VALUES ('1358', '灵石县', '90', '0', '3', '0');
INSERT INTO `ls_fleaarea` VALUES ('1359', '祁县', '90', '0', '3', '0');
INSERT INTO `ls_fleaarea` VALUES ('1360', '万荣县', '91', '0', '3', '0');
INSERT INTO `ls_fleaarea` VALUES ('1361', '临猗县', '91', '0', '3', '0');
INSERT INTO `ls_fleaarea` VALUES ('1362', '垣曲县', '91', '0', '3', '0');
INSERT INTO `ls_fleaarea` VALUES ('1363', '夏县', '91', '0', '3', '0');
INSERT INTO `ls_fleaarea` VALUES ('1364', '平陆县', '91', '0', '3', '0');
INSERT INTO `ls_fleaarea` VALUES ('1365', '新绛县', '91', '0', '3', '0');
INSERT INTO `ls_fleaarea` VALUES ('1366', '永济', '91', '0', '3', '0');
INSERT INTO `ls_fleaarea` VALUES ('1367', '河津', '91', '0', '3', '0');
INSERT INTO `ls_fleaarea` VALUES ('1368', '盐湖区', '91', '0', '3', '0');
INSERT INTO `ls_fleaarea` VALUES ('1369', '稷山县', '91', '0', '3', '0');
INSERT INTO `ls_fleaarea` VALUES ('1370', '绛县', '91', '0', '3', '0');
INSERT INTO `ls_fleaarea` VALUES ('1371', '芮城县', '91', '0', '3', '0');
INSERT INTO `ls_fleaarea` VALUES ('1372', '闻喜县', '91', '0', '3', '0');
INSERT INTO `ls_fleaarea` VALUES ('1373', '五台县', '92', '0', '3', '0');
INSERT INTO `ls_fleaarea` VALUES ('1374', '五寨县', '92', '0', '3', '0');
INSERT INTO `ls_fleaarea` VALUES ('1375', '代县', '92', '0', '3', '0');
INSERT INTO `ls_fleaarea` VALUES ('1376', '保德县', '92', '0', '3', '0');
INSERT INTO `ls_fleaarea` VALUES ('1377', '偏关县', '92', '0', '3', '0');
INSERT INTO `ls_fleaarea` VALUES ('1378', '原平', '92', '0', '3', '0');
INSERT INTO `ls_fleaarea` VALUES ('1379', '宁武县', '92', '0', '3', '0');
INSERT INTO `ls_fleaarea` VALUES ('1380', '定襄县', '92', '0', '3', '0');
INSERT INTO `ls_fleaarea` VALUES ('1381', '岢岚县', '92', '0', '3', '0');
INSERT INTO `ls_fleaarea` VALUES ('1382', '忻府区', '92', '0', '3', '0');
INSERT INTO `ls_fleaarea` VALUES ('1383', '河曲县', '92', '0', '3', '0');
INSERT INTO `ls_fleaarea` VALUES ('1384', '神池县', '92', '0', '3', '0');
INSERT INTO `ls_fleaarea` VALUES ('1385', '繁峙县', '92', '0', '3', '0');
INSERT INTO `ls_fleaarea` VALUES ('1386', '静乐县', '92', '0', '3', '0');
INSERT INTO `ls_fleaarea` VALUES ('1387', '乡宁县', '93', '0', '3', '0');
INSERT INTO `ls_fleaarea` VALUES ('1388', '侯马', '93', '0', '3', '0');
INSERT INTO `ls_fleaarea` VALUES ('1389', '古县', '93', '0', '3', '0');
INSERT INTO `ls_fleaarea` VALUES ('1390', '吉县', '93', '0', '3', '0');
INSERT INTO `ls_fleaarea` VALUES ('1391', '大宁县', '93', '0', '3', '0');
INSERT INTO `ls_fleaarea` VALUES ('1392', '安泽县', '93', '0', '3', '0');
INSERT INTO `ls_fleaarea` VALUES ('1393', '尧都区', '93', '0', '3', '0');
INSERT INTO `ls_fleaarea` VALUES ('1394', '曲沃县', '93', '0', '3', '0');
INSERT INTO `ls_fleaarea` VALUES ('1395', '永和县', '93', '0', '3', '0');
INSERT INTO `ls_fleaarea` VALUES ('1396', '汾西县', '93', '0', '3', '0');
INSERT INTO `ls_fleaarea` VALUES ('1397', '洪洞县', '93', '0', '3', '0');
INSERT INTO `ls_fleaarea` VALUES ('1398', '浮山县', '93', '0', '3', '0');
INSERT INTO `ls_fleaarea` VALUES ('1399', '翼城县', '93', '0', '3', '0');
INSERT INTO `ls_fleaarea` VALUES ('1400', '蒲县', '93', '0', '3', '0');
INSERT INTO `ls_fleaarea` VALUES ('1401', '襄汾县', '93', '0', '3', '0');
INSERT INTO `ls_fleaarea` VALUES ('1402', '隰县', '93', '0', '3', '0');
INSERT INTO `ls_fleaarea` VALUES ('1403', '霍州', '93', '0', '3', '0');
INSERT INTO `ls_fleaarea` VALUES ('1404', '中阳县', '94', '0', '3', '0');
INSERT INTO `ls_fleaarea` VALUES ('1405', '临县', '94', '0', '3', '0');
INSERT INTO `ls_fleaarea` VALUES ('1406', '交口县', '94', '0', '3', '0');
INSERT INTO `ls_fleaarea` VALUES ('1407', '交城县', '94', '0', '3', '0');
INSERT INTO `ls_fleaarea` VALUES ('1408', '兴县', '94', '0', '3', '0');
INSERT INTO `ls_fleaarea` VALUES ('1409', '孝义', '94', '0', '3', '0');
INSERT INTO `ls_fleaarea` VALUES ('1410', '岚县', '94', '0', '3', '0');
INSERT INTO `ls_fleaarea` VALUES ('1411', '文水县', '94', '0', '3', '0');
INSERT INTO `ls_fleaarea` VALUES ('1412', '方山县', '94', '0', '3', '0');
INSERT INTO `ls_fleaarea` VALUES ('1413', '柳林县', '94', '0', '3', '0');
INSERT INTO `ls_fleaarea` VALUES ('1414', '汾阳', '94', '0', '3', '0');
INSERT INTO `ls_fleaarea` VALUES ('1415', '石楼县', '94', '0', '3', '0');
INSERT INTO `ls_fleaarea` VALUES ('1416', '离石区', '94', '0', '3', '0');
INSERT INTO `ls_fleaarea` VALUES ('1418', '回民区', '95', '0', '3', '0');
INSERT INTO `ls_fleaarea` VALUES ('1420', '托克托县', '95', '0', '3', '0');
INSERT INTO `ls_fleaarea` VALUES ('1421', '新城区', '95', '0', '3', '0');
INSERT INTO `ls_fleaarea` VALUES ('1422', '武川县', '95', '0', '3', '0');
INSERT INTO `ls_fleaarea` VALUES ('1423', '清水河县', '95', '0', '3', '0');
INSERT INTO `ls_fleaarea` VALUES ('1424', '玉泉区', '95', '0', '3', '0');
INSERT INTO `ls_fleaarea` VALUES ('1425', '赛罕区', '95', '0', '3', '0');
INSERT INTO `ls_fleaarea` VALUES ('1426', '东河区', '96', '0', '3', '0');
INSERT INTO `ls_fleaarea` VALUES ('1427', '九原区', '96', '0', '3', '0');
INSERT INTO `ls_fleaarea` VALUES ('1428', '固阳县', '96', '0', '3', '0');
INSERT INTO `ls_fleaarea` VALUES ('1430', '昆都仑区', '96', '0', '3', '0');
INSERT INTO `ls_fleaarea` VALUES ('1431', '白云矿区', '96', '0', '3', '0');
INSERT INTO `ls_fleaarea` VALUES ('1432', '石拐区', '96', '0', '3', '0');
INSERT INTO `ls_fleaarea` VALUES ('1434', '青山区', '96', '0', '3', '0');
INSERT INTO `ls_fleaarea` VALUES ('1435', '乌达区', '97', '0', '3', '0');
INSERT INTO `ls_fleaarea` VALUES ('1436', '海勃湾区', '97', '0', '3', '0');
INSERT INTO `ls_fleaarea` VALUES ('1437', '海南区', '97', '0', '3', '0');
INSERT INTO `ls_fleaarea` VALUES ('1438', '元宝山区', '98', '0', '3', '0');
INSERT INTO `ls_fleaarea` VALUES ('1440', '喀喇沁旗', '98', '0', '3', '0');
INSERT INTO `ls_fleaarea` VALUES ('1441', '宁城县', '98', '0', '3', '0');
INSERT INTO `ls_fleaarea` VALUES ('1442', '巴林右旗', '98', '0', '3', '0');
INSERT INTO `ls_fleaarea` VALUES ('1443', '巴林左旗', '98', '0', '3', '0');
INSERT INTO `ls_fleaarea` VALUES ('1444', '敖汉旗', '98', '0', '3', '0');
INSERT INTO `ls_fleaarea` VALUES ('1445', '松山区', '98', '0', '3', '0');
INSERT INTO `ls_fleaarea` VALUES ('1446', '林西县', '98', '0', '3', '0');
INSERT INTO `ls_fleaarea` VALUES ('1447', '红山区', '98', '0', '3', '0');
INSERT INTO `ls_fleaarea` VALUES ('1448', '翁牛特旗', '98', '0', '3', '0');
INSERT INTO `ls_fleaarea` VALUES ('1450', '奈曼旗', '99', '0', '3', '0');
INSERT INTO `ls_fleaarea` VALUES ('1451', '库伦旗', '99', '0', '3', '0');
INSERT INTO `ls_fleaarea` VALUES ('1452', '开鲁县', '99', '0', '3', '0');
INSERT INTO `ls_fleaarea` VALUES ('1453', '扎鲁特旗', '99', '0', '3', '0');
INSERT INTO `ls_fleaarea` VALUES ('1454', '科尔沁区', '99', '0', '3', '0');
INSERT INTO `ls_fleaarea` VALUES ('1457', '霍林郭勒', '99', '0', '3', '0');
INSERT INTO `ls_fleaarea` VALUES ('1458', '东胜区', '100', '0', '3', '0');
INSERT INTO `ls_fleaarea` VALUES ('1459', '乌审旗', '100', '0', '3', '0');
INSERT INTO `ls_fleaarea` VALUES ('1461', '准格尔旗', '100', '0', '3', '0');
INSERT INTO `ls_fleaarea` VALUES ('1462', '杭锦旗', '100', '0', '3', '0');
INSERT INTO `ls_fleaarea` VALUES ('1463', '达拉特旗', '100', '0', '3', '0');
INSERT INTO `ls_fleaarea` VALUES ('1464', '鄂东胜区', '100', '0', '3', '0');
INSERT INTO `ls_fleaarea` VALUES ('1466', '鄂托克旗', '100', '0', '3', '0');
INSERT INTO `ls_fleaarea` VALUES ('1467', '扎兰屯', '101', '0', '3', '0');
INSERT INTO `ls_fleaarea` VALUES ('1470', '根河', '101', '0', '3', '0');
INSERT INTO `ls_fleaarea` VALUES ('1471', '海拉尔区', '101', '0', '3', '0');
INSERT INTO `ls_fleaarea` VALUES ('1472', '满洲里', '101', '0', '3', '0');
INSERT INTO `ls_fleaarea` VALUES ('1473', '牙克石', '101', '0', '3', '0');
INSERT INTO `ls_fleaarea` VALUES ('1477', '阿荣旗', '101', '0', '3', '0');
INSERT INTO `ls_fleaarea` VALUES ('1479', '额尔古纳', '101', '0', '3', '0');
INSERT INTO `ls_fleaarea` VALUES ('1480', '临河区', '102', '0', '3', '0');
INSERT INTO `ls_fleaarea` VALUES ('1484', '五原县', '102', '0', '3', '0');
INSERT INTO `ls_fleaarea` VALUES ('1485', '杭锦后旗', '102', '0', '3', '0');
INSERT INTO `ls_fleaarea` VALUES ('1486', '磴口县', '102', '0', '3', '0');
INSERT INTO `ls_fleaarea` VALUES ('1487', '丰镇', '103', '0', '3', '0');
INSERT INTO `ls_fleaarea` VALUES ('1488', '兴和县', '103', '0', '3', '0');
INSERT INTO `ls_fleaarea` VALUES ('1489', '凉城县', '103', '0', '3', '0');
INSERT INTO `ls_fleaarea` VALUES ('1490', '化德县', '103', '0', '3', '0');
INSERT INTO `ls_fleaarea` VALUES ('1491', '卓资县', '103', '0', '3', '0');
INSERT INTO `ls_fleaarea` VALUES ('1492', '商都县', '103', '0', '3', '0');
INSERT INTO `ls_fleaarea` VALUES ('1502', '突泉县', '104', '0', '3', '0');
INSERT INTO `ls_fleaarea` VALUES ('1503', '阿尔山', '104', '0', '3', '0');
INSERT INTO `ls_fleaarea` VALUES ('1505', '二连浩特', '105', '0', '3', '0');
INSERT INTO `ls_fleaarea` VALUES ('1506', '多伦县', '105', '0', '3', '0');
INSERT INTO `ls_fleaarea` VALUES ('1519', '东陵区', '107', '0', '3', '0');
INSERT INTO `ls_fleaarea` VALUES ('1520', '于洪区', '107', '0', '3', '0');
INSERT INTO `ls_fleaarea` VALUES ('1521', '和平区', '107', '0', '3', '0');
INSERT INTO `ls_fleaarea` VALUES ('1522', '大东区', '107', '0', '3', '0');
INSERT INTO `ls_fleaarea` VALUES ('1523', '康平县', '107', '0', '3', '0');
INSERT INTO `ls_fleaarea` VALUES ('1524', '新民', '107', '0', '3', '0');
INSERT INTO `ls_fleaarea` VALUES ('1525', '沈北新区', '107', '0', '3', '0');
INSERT INTO `ls_fleaarea` VALUES ('1526', '沈河区', '107', '0', '3', '0');
INSERT INTO `ls_fleaarea` VALUES ('1527', '法库县', '107', '0', '3', '0');
INSERT INTO `ls_fleaarea` VALUES ('1528', '皇姑区', '107', '0', '3', '0');
INSERT INTO `ls_fleaarea` VALUES ('1529', '苏家屯区', '107', '0', '3', '0');
INSERT INTO `ls_fleaarea` VALUES ('1530', '辽中县', '107', '0', '3', '0');
INSERT INTO `ls_fleaarea` VALUES ('1531', '铁西区', '107', '0', '3', '0');
INSERT INTO `ls_fleaarea` VALUES ('1532', '中山区', '108', '0', '3', '0');
INSERT INTO `ls_fleaarea` VALUES ('1533', '庄河', '108', '0', '3', '0');
INSERT INTO `ls_fleaarea` VALUES ('1534', '旅顺口区', '108', '0', '3', '0');
INSERT INTO `ls_fleaarea` VALUES ('1535', '普兰店', '108', '0', '3', '0');
INSERT INTO `ls_fleaarea` VALUES ('1536', '沙河口区', '108', '0', '3', '0');
INSERT INTO `ls_fleaarea` VALUES ('1537', '瓦房店', '108', '0', '3', '0');
INSERT INTO `ls_fleaarea` VALUES ('1538', '甘井子区', '108', '0', '3', '0');
INSERT INTO `ls_fleaarea` VALUES ('1539', '西岗区', '108', '0', '3', '0');
INSERT INTO `ls_fleaarea` VALUES ('1540', '金州区', '108', '0', '3', '0');
INSERT INTO `ls_fleaarea` VALUES ('1541', '长海县', '108', '0', '3', '0');
INSERT INTO `ls_fleaarea` VALUES ('1542', '千山区', '109', '0', '3', '0');
INSERT INTO `ls_fleaarea` VALUES ('1543', '台安县', '109', '0', '3', '0');
INSERT INTO `ls_fleaarea` VALUES ('1545', '海城', '109', '0', '3', '0');
INSERT INTO `ls_fleaarea` VALUES ('1546', '立山区', '109', '0', '3', '0');
INSERT INTO `ls_fleaarea` VALUES ('1547', '铁东区', '109', '0', '3', '0');
INSERT INTO `ls_fleaarea` VALUES ('1548', '铁西区', '109', '0', '3', '0');
INSERT INTO `ls_fleaarea` VALUES ('1549', '东洲区', '110', '0', '3', '0');
INSERT INTO `ls_fleaarea` VALUES ('1550', '抚顺县', '110', '0', '3', '0');
INSERT INTO `ls_fleaarea` VALUES ('1552', '新抚区', '110', '0', '3', '0');
INSERT INTO `ls_fleaarea` VALUES ('1553', '望花区', '110', '0', '3', '0');
INSERT INTO `ls_fleaarea` VALUES ('1555', '顺城区', '110', '0', '3', '0');
INSERT INTO `ls_fleaarea` VALUES ('1556', '南芬区', '111', '0', '3', '0');
INSERT INTO `ls_fleaarea` VALUES ('1557', '平山区', '111', '0', '3', '0');
INSERT INTO `ls_fleaarea` VALUES ('1558', '明山区', '111', '0', '3', '0');
INSERT INTO `ls_fleaarea` VALUES ('1561', '溪湖区', '111', '0', '3', '0');
INSERT INTO `ls_fleaarea` VALUES ('1562', '东港', '112', '0', '3', '0');
INSERT INTO `ls_fleaarea` VALUES ('1563', '元宝区', '112', '0', '3', '0');
INSERT INTO `ls_fleaarea` VALUES ('1564', '凤城', '112', '0', '3', '0');
INSERT INTO `ls_fleaarea` VALUES ('1566', '振兴区', '112', '0', '3', '0');
INSERT INTO `ls_fleaarea` VALUES ('1567', '振安区', '112', '0', '3', '0');
INSERT INTO `ls_fleaarea` VALUES ('1568', '义县', '113', '0', '3', '0');
INSERT INTO `ls_fleaarea` VALUES ('1569', '凌河区', '113', '0', '3', '0');
INSERT INTO `ls_fleaarea` VALUES ('1570', '凌海', '113', '0', '3', '0');
INSERT INTO `ls_fleaarea` VALUES ('1571', '北镇', '113', '0', '3', '0');
INSERT INTO `ls_fleaarea` VALUES ('1572', '古塔区', '113', '0', '3', '0');
INSERT INTO `ls_fleaarea` VALUES ('1573', '太和区', '113', '0', '3', '0');
INSERT INTO `ls_fleaarea` VALUES ('1574', '黑山县', '113', '0', '3', '0');
INSERT INTO `ls_fleaarea` VALUES ('1575', '大石桥', '114', '0', '3', '0');
INSERT INTO `ls_fleaarea` VALUES ('1576', '盖州', '114', '0', '3', '0');
INSERT INTO `ls_fleaarea` VALUES ('1577', '站前区', '114', '0', '3', '0');
INSERT INTO `ls_fleaarea` VALUES ('1578', '老边区', '114', '0', '3', '0');
INSERT INTO `ls_fleaarea` VALUES ('1579', '西市区', '114', '0', '3', '0');
INSERT INTO `ls_fleaarea` VALUES ('1580', '鲅鱼圈区', '114', '0', '3', '0');
INSERT INTO `ls_fleaarea` VALUES ('1581', '太平区', '115', '0', '3', '0');
INSERT INTO `ls_fleaarea` VALUES ('1582', '彰武县', '115', '0', '3', '0');
INSERT INTO `ls_fleaarea` VALUES ('1583', '新邱区', '115', '0', '3', '0');
INSERT INTO `ls_fleaarea` VALUES ('1584', '海州区', '115', '0', '3', '0');
INSERT INTO `ls_fleaarea` VALUES ('1585', '清河门区', '115', '0', '3', '0');
INSERT INTO `ls_fleaarea` VALUES ('1586', '细河区', '115', '0', '3', '0');
INSERT INTO `ls_fleaarea` VALUES ('1588', '太子河区', '116', '0', '3', '0');
INSERT INTO `ls_fleaarea` VALUES ('1589', '宏伟区', '116', '0', '3', '0');
INSERT INTO `ls_fleaarea` VALUES ('1590', '弓长岭区', '116', '0', '3', '0');
INSERT INTO `ls_fleaarea` VALUES ('1591', '文圣区', '116', '0', '3', '0');
INSERT INTO `ls_fleaarea` VALUES ('1592', '灯塔', '116', '0', '3', '0');
INSERT INTO `ls_fleaarea` VALUES ('1593', '白塔区', '116', '0', '3', '0');
INSERT INTO `ls_fleaarea` VALUES ('1594', '辽阳县', '116', '0', '3', '0');
INSERT INTO `ls_fleaarea` VALUES ('1595', '兴隆台区', '117', '0', '3', '0');
INSERT INTO `ls_fleaarea` VALUES ('1596', '双台子区', '117', '0', '3', '0');
INSERT INTO `ls_fleaarea` VALUES ('1597', '大洼县', '117', '0', '3', '0');
INSERT INTO `ls_fleaarea` VALUES ('1598', '盘山县', '117', '0', '3', '0');
INSERT INTO `ls_fleaarea` VALUES ('1599', '开原', '118', '0', '3', '0');
INSERT INTO `ls_fleaarea` VALUES ('1600', '昌图县', '118', '0', '3', '0');
INSERT INTO `ls_fleaarea` VALUES ('1601', '清河区', '118', '0', '3', '0');
INSERT INTO `ls_fleaarea` VALUES ('1602', '西丰县', '118', '0', '3', '0');
INSERT INTO `ls_fleaarea` VALUES ('1603', '调兵山', '118', '0', '3', '0');
INSERT INTO `ls_fleaarea` VALUES ('1604', '铁岭县', '118', '0', '3', '0');
INSERT INTO `ls_fleaarea` VALUES ('1605', '银州区', '118', '0', '3', '0');
INSERT INTO `ls_fleaarea` VALUES ('1606', '凌源', '119', '0', '3', '0');
INSERT INTO `ls_fleaarea` VALUES ('1607', '北票', '119', '0', '3', '0');
INSERT INTO `ls_fleaarea` VALUES ('1608', '双塔区', '119', '0', '3', '0');
INSERT INTO `ls_fleaarea` VALUES ('1610', '建平县', '119', '0', '3', '0');
INSERT INTO `ls_fleaarea` VALUES ('1611', '朝阳县', '119', '0', '3', '0');
INSERT INTO `ls_fleaarea` VALUES ('1612', '龙城区', '119', '0', '3', '0');
INSERT INTO `ls_fleaarea` VALUES ('1613', '兴城', '120', '0', '3', '0');
INSERT INTO `ls_fleaarea` VALUES ('1614', '南票区', '120', '0', '3', '0');
INSERT INTO `ls_fleaarea` VALUES ('1615', '建昌县', '120', '0', '3', '0');
INSERT INTO `ls_fleaarea` VALUES ('1616', '绥中县', '120', '0', '3', '0');
INSERT INTO `ls_fleaarea` VALUES ('1617', '连山区', '120', '0', '3', '0');
INSERT INTO `ls_fleaarea` VALUES ('1618', '龙港区', '120', '0', '3', '0');
INSERT INTO `ls_fleaarea` VALUES ('1619', '九台', '121', '0', '3', '0');
INSERT INTO `ls_fleaarea` VALUES ('1620', '二道区', '121', '0', '3', '0');
INSERT INTO `ls_fleaarea` VALUES ('1621', '农安县', '121', '0', '3', '0');
INSERT INTO `ls_fleaarea` VALUES ('1622', '南关区', '121', '0', '3', '0');
INSERT INTO `ls_fleaarea` VALUES ('1623', '双阳区', '121', '0', '3', '0');
INSERT INTO `ls_fleaarea` VALUES ('1624', '宽城区', '121', '0', '3', '0');
INSERT INTO `ls_fleaarea` VALUES ('1625', '德惠', '121', '0', '3', '0');
INSERT INTO `ls_fleaarea` VALUES ('1626', '朝阳区', '121', '0', '3', '0');
INSERT INTO `ls_fleaarea` VALUES ('1627', '榆树', '121', '0', '3', '0');
INSERT INTO `ls_fleaarea` VALUES ('1628', '绿园区', '121', '0', '3', '0');
INSERT INTO `ls_fleaarea` VALUES ('1629', '丰满区', '122', '0', '3', '0');
INSERT INTO `ls_fleaarea` VALUES ('1630', '昌邑区', '122', '0', '3', '0');
INSERT INTO `ls_fleaarea` VALUES ('1631', '桦甸', '122', '0', '3', '0');
INSERT INTO `ls_fleaarea` VALUES ('1632', '永吉县', '122', '0', '3', '0');
INSERT INTO `ls_fleaarea` VALUES ('1633', '磐石', '122', '0', '3', '0');
INSERT INTO `ls_fleaarea` VALUES ('1634', '舒兰', '122', '0', '3', '0');
INSERT INTO `ls_fleaarea` VALUES ('1635', '船营区', '122', '0', '3', '0');
INSERT INTO `ls_fleaarea` VALUES ('1636', '蛟河', '122', '0', '3', '0');
INSERT INTO `ls_fleaarea` VALUES ('1637', '龙潭区', '122', '0', '3', '0');
INSERT INTO `ls_fleaarea` VALUES ('1639', '公主岭', '123', '0', '3', '0');
INSERT INTO `ls_fleaarea` VALUES ('1640', '双辽', '123', '0', '3', '0');
INSERT INTO `ls_fleaarea` VALUES ('1641', '梨树县', '123', '0', '3', '0');
INSERT INTO `ls_fleaarea` VALUES ('1642', '铁东区', '123', '0', '3', '0');
INSERT INTO `ls_fleaarea` VALUES ('1643', '铁西区', '123', '0', '3', '0');
INSERT INTO `ls_fleaarea` VALUES ('1644', '东丰县', '124', '0', '3', '0');
INSERT INTO `ls_fleaarea` VALUES ('1645', '东辽县', '124', '0', '3', '0');
INSERT INTO `ls_fleaarea` VALUES ('1646', '西安区', '124', '0', '3', '0');
INSERT INTO `ls_fleaarea` VALUES ('1647', '龙山区', '124', '0', '3', '0');
INSERT INTO `ls_fleaarea` VALUES ('1648', '东昌区', '125', '0', '3', '0');
INSERT INTO `ls_fleaarea` VALUES ('1649', '二道江区', '125', '0', '3', '0');
INSERT INTO `ls_fleaarea` VALUES ('1650', '柳河县', '125', '0', '3', '0');
INSERT INTO `ls_fleaarea` VALUES ('1651', '梅河口', '125', '0', '3', '0');
INSERT INTO `ls_fleaarea` VALUES ('1652', '辉南县', '125', '0', '3', '0');
INSERT INTO `ls_fleaarea` VALUES ('1653', '通化县', '125', '0', '3', '0');
INSERT INTO `ls_fleaarea` VALUES ('1654', '集安', '125', '0', '3', '0');
INSERT INTO `ls_fleaarea` VALUES ('1655', '临江', '126', '0', '3', '0');
INSERT INTO `ls_fleaarea` VALUES ('1656', '八道江区', '126', '0', '3', '0');
INSERT INTO `ls_fleaarea` VALUES ('1657', '抚松县', '126', '0', '3', '0');
INSERT INTO `ls_fleaarea` VALUES ('1658', '江源区', '126', '0', '3', '0');
INSERT INTO `ls_fleaarea` VALUES ('1660', '靖宇县', '126', '0', '3', '0');
INSERT INTO `ls_fleaarea` VALUES ('1661', '干安县', '127', '0', '3', '0');
INSERT INTO `ls_fleaarea` VALUES ('1663', '宁江区', '127', '0', '3', '0');
INSERT INTO `ls_fleaarea` VALUES ('1664', '扶余县', '127', '0', '3', '0');
INSERT INTO `ls_fleaarea` VALUES ('1665', '长岭县', '127', '0', '3', '0');
INSERT INTO `ls_fleaarea` VALUES ('1666', '大安', '128', '0', '3', '0');
INSERT INTO `ls_fleaarea` VALUES ('1667', '洮北区', '128', '0', '3', '0');
INSERT INTO `ls_fleaarea` VALUES ('1668', '洮南', '128', '0', '3', '0');
INSERT INTO `ls_fleaarea` VALUES ('1669', '通榆县', '128', '0', '3', '0');
INSERT INTO `ls_fleaarea` VALUES ('1670', '镇赉县', '128', '0', '3', '0');
INSERT INTO `ls_fleaarea` VALUES ('1671', '和龙', '129', '0', '3', '0');
INSERT INTO `ls_fleaarea` VALUES ('1672', '图们', '129', '0', '3', '0');
INSERT INTO `ls_fleaarea` VALUES ('1673', '安图县', '129', '0', '3', '0');
INSERT INTO `ls_fleaarea` VALUES ('1674', '延吉', '129', '0', '3', '0');
INSERT INTO `ls_fleaarea` VALUES ('1675', '敦化', '129', '0', '3', '0');
INSERT INTO `ls_fleaarea` VALUES ('1676', '汪清县', '129', '0', '3', '0');
INSERT INTO `ls_fleaarea` VALUES ('1677', '珲春', '129', '0', '3', '0');
INSERT INTO `ls_fleaarea` VALUES ('1678', '龙井', '129', '0', '3', '0');
INSERT INTO `ls_fleaarea` VALUES ('1679', '五常', '130', '0', '3', '0');
INSERT INTO `ls_fleaarea` VALUES ('1680', '依兰县', '130', '0', '3', '0');
INSERT INTO `ls_fleaarea` VALUES ('1681', '南岗区', '130', '0', '3', '0');
INSERT INTO `ls_fleaarea` VALUES ('1682', '双城', '130', '0', '3', '0');
INSERT INTO `ls_fleaarea` VALUES ('1683', '呼兰区', '130', '0', '3', '0');
INSERT INTO `ls_fleaarea` VALUES ('1684', '哈尔滨市道里区', '130', '0', '3', '0');
INSERT INTO `ls_fleaarea` VALUES ('1685', '宾县', '130', '0', '3', '0');
INSERT INTO `ls_fleaarea` VALUES ('1686', '尚志', '130', '0', '3', '0');
INSERT INTO `ls_fleaarea` VALUES ('1687', '巴彦县', '130', '0', '3', '0');
INSERT INTO `ls_fleaarea` VALUES ('1688', '平房区', '130', '0', '3', '0');
INSERT INTO `ls_fleaarea` VALUES ('1689', '延寿县', '130', '0', '3', '0');
INSERT INTO `ls_fleaarea` VALUES ('1690', '方正县', '130', '0', '3', '0');
INSERT INTO `ls_fleaarea` VALUES ('1691', '木兰县', '130', '0', '3', '0');
INSERT INTO `ls_fleaarea` VALUES ('1692', '松北区', '130', '0', '3', '0');
INSERT INTO `ls_fleaarea` VALUES ('1693', '通河县', '130', '0', '3', '0');
INSERT INTO `ls_fleaarea` VALUES ('1694', '道外区', '130', '0', '3', '0');
INSERT INTO `ls_fleaarea` VALUES ('1695', '阿城区', '130', '0', '3', '0');
INSERT INTO `ls_fleaarea` VALUES ('1696', '香坊区', '130', '0', '3', '0');
INSERT INTO `ls_fleaarea` VALUES ('1697', '依安县', '131', '0', '3', '0');
INSERT INTO `ls_fleaarea` VALUES ('1698', '克东县', '131', '0', '3', '0');
INSERT INTO `ls_fleaarea` VALUES ('1699', '克山县', '131', '0', '3', '0');
INSERT INTO `ls_fleaarea` VALUES ('1700', '富拉尔基', '131', '0', '3', '0');
INSERT INTO `ls_fleaarea` VALUES ('1701', '富裕县', '131', '0', '3', '0');
INSERT INTO `ls_fleaarea` VALUES ('1702', '建华区', '131', '0', '3', '0');
INSERT INTO `ls_fleaarea` VALUES ('1703', '拜泉县', '131', '0', '3', '0');
INSERT INTO `ls_fleaarea` VALUES ('1704', '昂昂溪区', '131', '0', '3', '0');
INSERT INTO `ls_fleaarea` VALUES ('1706', '泰来县', '131', '0', '3', '0');
INSERT INTO `ls_fleaarea` VALUES ('1707', '甘南县', '131', '0', '3', '0');
INSERT INTO `ls_fleaarea` VALUES ('1708', '碾子山区', '131', '0', '3', '0');
INSERT INTO `ls_fleaarea` VALUES ('1709', '讷河', '131', '0', '3', '0');
INSERT INTO `ls_fleaarea` VALUES ('1710', '铁锋区', '131', '0', '3', '0');
INSERT INTO `ls_fleaarea` VALUES ('1711', '龙江县', '131', '0', '3', '0');
INSERT INTO `ls_fleaarea` VALUES ('1712', '龙沙区', '131', '0', '3', '0');
INSERT INTO `ls_fleaarea` VALUES ('1713', '城子河区', '132', '0', '3', '0');
INSERT INTO `ls_fleaarea` VALUES ('1714', '密山', '132', '0', '3', '0');
INSERT INTO `ls_fleaarea` VALUES ('1715', '恒山区', '132', '0', '3', '0');
INSERT INTO `ls_fleaarea` VALUES ('1716', '梨树区', '132', '0', '3', '0');
INSERT INTO `ls_fleaarea` VALUES ('1717', '滴道区', '132', '0', '3', '0');
INSERT INTO `ls_fleaarea` VALUES ('1718', '虎林', '132', '0', '3', '0');
INSERT INTO `ls_fleaarea` VALUES ('1719', '鸡东县', '132', '0', '3', '0');
INSERT INTO `ls_fleaarea` VALUES ('1720', '鸡冠区', '132', '0', '3', '0');
INSERT INTO `ls_fleaarea` VALUES ('1721', '麻山区', '132', '0', '3', '0');
INSERT INTO `ls_fleaarea` VALUES ('1722', '东山区', '133', '0', '3', '0');
INSERT INTO `ls_fleaarea` VALUES ('1723', '兴安区', '133', '0', '3', '0');
INSERT INTO `ls_fleaarea` VALUES ('1724', '兴山区', '133', '0', '3', '0');
INSERT INTO `ls_fleaarea` VALUES ('1725', '南山区', '133', '0', '3', '0');
INSERT INTO `ls_fleaarea` VALUES ('1726', '向阳区', '133', '0', '3', '0');
INSERT INTO `ls_fleaarea` VALUES ('1727', '工农区', '133', '0', '3', '0');
INSERT INTO `ls_fleaarea` VALUES ('1728', '绥滨县', '133', '0', '3', '0');
INSERT INTO `ls_fleaarea` VALUES ('1729', '萝北县', '133', '0', '3', '0');
INSERT INTO `ls_fleaarea` VALUES ('1730', '友谊县', '134', '0', '3', '0');
INSERT INTO `ls_fleaarea` VALUES ('1731', '四方台区', '134', '0', '3', '0');
INSERT INTO `ls_fleaarea` VALUES ('1732', '宝山区', '134', '0', '3', '0');
INSERT INTO `ls_fleaarea` VALUES ('1733', '宝清县', '134', '0', '3', '0');
INSERT INTO `ls_fleaarea` VALUES ('1734', '尖山区', '134', '0', '3', '0');
INSERT INTO `ls_fleaarea` VALUES ('1735', '岭东区', '134', '0', '3', '0');
INSERT INTO `ls_fleaarea` VALUES ('1736', '集贤县', '134', '0', '3', '0');
INSERT INTO `ls_fleaarea` VALUES ('1737', '饶河县', '134', '0', '3', '0');
INSERT INTO `ls_fleaarea` VALUES ('1738', '大同区', '135', '0', '3', '0');
INSERT INTO `ls_fleaarea` VALUES ('1740', '林甸县', '135', '0', '3', '0');
INSERT INTO `ls_fleaarea` VALUES ('1741', '红岗区', '135', '0', '3', '0');
INSERT INTO `ls_fleaarea` VALUES ('1742', '肇州县', '135', '0', '3', '0');
INSERT INTO `ls_fleaarea` VALUES ('1743', '肇源县', '135', '0', '3', '0');
INSERT INTO `ls_fleaarea` VALUES ('1744', '胡路区', '135', '0', '3', '0');
INSERT INTO `ls_fleaarea` VALUES ('1745', '萨尔图区', '135', '0', '3', '0');
INSERT INTO `ls_fleaarea` VALUES ('1746', '龙凤区', '135', '0', '3', '0');
INSERT INTO `ls_fleaarea` VALUES ('1747', '上甘岭区', '136', '0', '3', '0');
INSERT INTO `ls_fleaarea` VALUES ('1748', '乌伊岭区', '136', '0', '3', '0');
INSERT INTO `ls_fleaarea` VALUES ('1749', '乌马河区', '136', '0', '3', '0');
INSERT INTO `ls_fleaarea` VALUES ('1750', '五营区', '136', '0', '3', '0');
INSERT INTO `ls_fleaarea` VALUES ('1751', '伊春区', '136', '0', '3', '0');
INSERT INTO `ls_fleaarea` VALUES ('1752', '南岔区', '136', '0', '3', '0');
INSERT INTO `ls_fleaarea` VALUES ('1753', '友好区', '136', '0', '3', '0');
INSERT INTO `ls_fleaarea` VALUES ('1754', '嘉荫县', '136', '0', '3', '0');
INSERT INTO `ls_fleaarea` VALUES ('1755', '带岭区', '136', '0', '3', '0');
INSERT INTO `ls_fleaarea` VALUES ('1756', '新青区', '136', '0', '3', '0');
INSERT INTO `ls_fleaarea` VALUES ('1757', '汤旺河区', '136', '0', '3', '0');
INSERT INTO `ls_fleaarea` VALUES ('1758', '红星区', '136', '0', '3', '0');
INSERT INTO `ls_fleaarea` VALUES ('1759', '美溪区', '136', '0', '3', '0');
INSERT INTO `ls_fleaarea` VALUES ('1760', '翠峦区', '136', '0', '3', '0');
INSERT INTO `ls_fleaarea` VALUES ('1761', '西林区', '136', '0', '3', '0');
INSERT INTO `ls_fleaarea` VALUES ('1762', '金山屯区', '136', '0', '3', '0');
INSERT INTO `ls_fleaarea` VALUES ('1763', '铁力', '136', '0', '3', '0');
INSERT INTO `ls_fleaarea` VALUES ('1764', '东风区', '137', '0', '3', '0');
INSERT INTO `ls_fleaarea` VALUES ('1765', '前进区', '137', '0', '3', '0');
INSERT INTO `ls_fleaarea` VALUES ('1766', '同江', '137', '0', '3', '0');
INSERT INTO `ls_fleaarea` VALUES ('1767', '向阳区', '137', '0', '3', '0');
INSERT INTO `ls_fleaarea` VALUES ('1768', '富锦', '137', '0', '3', '0');
INSERT INTO `ls_fleaarea` VALUES ('1769', '抚远县', '137', '0', '3', '0');
INSERT INTO `ls_fleaarea` VALUES ('1770', '桦南县', '137', '0', '3', '0');
INSERT INTO `ls_fleaarea` VALUES ('1771', '桦川县', '137', '0', '3', '0');
INSERT INTO `ls_fleaarea` VALUES ('1772', '汤原县', '137', '0', '3', '0');
INSERT INTO `ls_fleaarea` VALUES ('1773', '郊区', '137', '0', '3', '0');
INSERT INTO `ls_fleaarea` VALUES ('1774', '勃利县', '138', '0', '3', '0');
INSERT INTO `ls_fleaarea` VALUES ('1775', '新兴区', '138', '0', '3', '0');
INSERT INTO `ls_fleaarea` VALUES ('1776', '桃山区', '138', '0', '3', '0');
INSERT INTO `ls_fleaarea` VALUES ('1777', '茄子河区', '138', '0', '3', '0');
INSERT INTO `ls_fleaarea` VALUES ('1778', '东宁县', '139', '0', '3', '0');
INSERT INTO `ls_fleaarea` VALUES ('1779', '东安区', '139', '0', '3', '0');
INSERT INTO `ls_fleaarea` VALUES ('1780', '宁安', '139', '0', '3', '0');
INSERT INTO `ls_fleaarea` VALUES ('1781', '林口县', '139', '0', '3', '0');
INSERT INTO `ls_fleaarea` VALUES ('1782', '海林', '139', '0', '3', '0');
INSERT INTO `ls_fleaarea` VALUES ('1783', '爱民区', '139', '0', '3', '0');
INSERT INTO `ls_fleaarea` VALUES ('1784', '穆棱', '139', '0', '3', '0');
INSERT INTO `ls_fleaarea` VALUES ('1785', '绥芬河', '139', '0', '3', '0');
INSERT INTO `ls_fleaarea` VALUES ('1786', '西安区', '139', '0', '3', '0');
INSERT INTO `ls_fleaarea` VALUES ('1787', '阳明区', '139', '0', '3', '0');
INSERT INTO `ls_fleaarea` VALUES ('1788', '五大连池', '140', '0', '3', '0');
INSERT INTO `ls_fleaarea` VALUES ('1789', '北安', '140', '0', '3', '0');
INSERT INTO `ls_fleaarea` VALUES ('1790', '嫩江县', '140', '0', '3', '0');
INSERT INTO `ls_fleaarea` VALUES ('1791', '孙吴县', '140', '0', '3', '0');
INSERT INTO `ls_fleaarea` VALUES ('1792', '爱辉区', '140', '0', '3', '0');
INSERT INTO `ls_fleaarea` VALUES ('1793', '车逊克县', '140', '0', '3', '0');
INSERT INTO `ls_fleaarea` VALUES ('1794', '逊克县', '140', '0', '3', '0');
INSERT INTO `ls_fleaarea` VALUES ('1795', '兰西县', '141', '0', '3', '0');
INSERT INTO `ls_fleaarea` VALUES ('1796', '安达', '141', '0', '3', '0');
INSERT INTO `ls_fleaarea` VALUES ('1797', '庆安县', '141', '0', '3', '0');
INSERT INTO `ls_fleaarea` VALUES ('1798', '明水县', '141', '0', '3', '0');
INSERT INTO `ls_fleaarea` VALUES ('1799', '望奎县', '141', '0', '3', '0');
INSERT INTO `ls_fleaarea` VALUES ('1800', '海伦', '141', '0', '3', '0');
INSERT INTO `ls_fleaarea` VALUES ('1802', '绥棱县', '141', '0', '3', '0');
INSERT INTO `ls_fleaarea` VALUES ('1803', '肇东', '141', '0', '3', '0');
INSERT INTO `ls_fleaarea` VALUES ('1804', '青冈县', '141', '0', '3', '0');
INSERT INTO `ls_fleaarea` VALUES ('1805', '呼玛县', '142', '0', '3', '0');
INSERT INTO `ls_fleaarea` VALUES ('1806', '塔河县', '142', '0', '3', '0');
INSERT INTO `ls_fleaarea` VALUES ('1811', '漠河县', '142', '0', '3', '0');
INSERT INTO `ls_fleaarea` VALUES ('2027', '下关区', '162', '0', '3', '0');
INSERT INTO `ls_fleaarea` VALUES ('2028', '六合区', '162', '0', '3', '0');
INSERT INTO `ls_fleaarea` VALUES ('2029', '建邺区', '162', '0', '3', '0');
INSERT INTO `ls_fleaarea` VALUES ('2030', '栖霞区', '162', '0', '3', '0');
INSERT INTO `ls_fleaarea` VALUES ('2031', '江宁区', '162', '0', '3', '0');
INSERT INTO `ls_fleaarea` VALUES ('2032', '浦口区', '162', '0', '3', '0');
INSERT INTO `ls_fleaarea` VALUES ('2033', '溧水县', '162', '0', '3', '0');
INSERT INTO `ls_fleaarea` VALUES ('2034', '玄武区', '162', '0', '3', '0');
INSERT INTO `ls_fleaarea` VALUES ('2035', '白下区', '162', '0', '3', '0');
INSERT INTO `ls_fleaarea` VALUES ('2036', '秦淮区', '162', '0', '3', '0');
INSERT INTO `ls_fleaarea` VALUES ('2037', '雨花台区', '162', '0', '3', '0');
INSERT INTO `ls_fleaarea` VALUES ('2038', '高淳县', '162', '0', '3', '0');
INSERT INTO `ls_fleaarea` VALUES ('2039', '鼓楼区', '162', '0', '3', '0');
INSERT INTO `ls_fleaarea` VALUES ('2040', '北塘区', '163', '0', '3', '0');
INSERT INTO `ls_fleaarea` VALUES ('2041', '南长区', '163', '0', '3', '0');
INSERT INTO `ls_fleaarea` VALUES ('2042', '宜兴', '163', '0', '3', '0');
INSERT INTO `ls_fleaarea` VALUES ('2043', '崇安区', '163', '0', '3', '0');
INSERT INTO `ls_fleaarea` VALUES ('2044', '惠山区', '163', '0', '3', '0');
INSERT INTO `ls_fleaarea` VALUES ('2045', '江阴', '163', '0', '3', '0');
INSERT INTO `ls_fleaarea` VALUES ('2046', '滨湖区', '163', '0', '3', '0');
INSERT INTO `ls_fleaarea` VALUES ('2047', '锡山区', '163', '0', '3', '0');
INSERT INTO `ls_fleaarea` VALUES ('2048', '丰县', '164', '0', '3', '0');
INSERT INTO `ls_fleaarea` VALUES ('2049', '九里区', '164', '0', '3', '0');
INSERT INTO `ls_fleaarea` VALUES ('2050', '云龙区', '164', '0', '3', '0');
INSERT INTO `ls_fleaarea` VALUES ('2051', '新沂', '164', '0', '3', '0');
INSERT INTO `ls_fleaarea` VALUES ('2052', '沛县', '164', '0', '3', '0');
INSERT INTO `ls_fleaarea` VALUES ('2053', '泉山区', '164', '0', '3', '0');
INSERT INTO `ls_fleaarea` VALUES ('2054', '睢宁县', '164', '0', '3', '0');
INSERT INTO `ls_fleaarea` VALUES ('2055', '贾汪区', '164', '0', '3', '0');
INSERT INTO `ls_fleaarea` VALUES ('2056', '邳州', '164', '0', '3', '0');
INSERT INTO `ls_fleaarea` VALUES ('2057', '铜山县', '164', '0', '3', '0');
INSERT INTO `ls_fleaarea` VALUES ('2058', '鼓楼区', '164', '0', '3', '0');
INSERT INTO `ls_fleaarea` VALUES ('2059', '天宁区', '165', '0', '3', '0');
INSERT INTO `ls_fleaarea` VALUES ('2060', '戚墅堰区', '165', '0', '3', '0');
INSERT INTO `ls_fleaarea` VALUES ('2061', '新北区', '165', '0', '3', '0');
INSERT INTO `ls_fleaarea` VALUES ('2062', '武进区', '165', '0', '3', '0');
INSERT INTO `ls_fleaarea` VALUES ('2063', '溧阳', '165', '0', '3', '0');
INSERT INTO `ls_fleaarea` VALUES ('2064', '金坛', '165', '0', '3', '0');
INSERT INTO `ls_fleaarea` VALUES ('2065', '钟楼区', '165', '0', '3', '0');
INSERT INTO `ls_fleaarea` VALUES ('2066', '吴中区', '166', '0', '3', '0');
INSERT INTO `ls_fleaarea` VALUES ('2067', '吴江', '166', '0', '3', '0');
INSERT INTO `ls_fleaarea` VALUES ('2068', '太仓', '166', '0', '3', '0');
INSERT INTO `ls_fleaarea` VALUES ('2069', '常熟', '166', '0', '3', '0');
INSERT INTO `ls_fleaarea` VALUES ('2070', '平江区', '166', '0', '3', '0');
INSERT INTO `ls_fleaarea` VALUES ('2071', '张家港', '166', '0', '3', '0');
INSERT INTO `ls_fleaarea` VALUES ('2072', '昆山', '166', '0', '3', '0');
INSERT INTO `ls_fleaarea` VALUES ('2073', '沧浪区', '166', '0', '3', '0');
INSERT INTO `ls_fleaarea` VALUES ('2074', '相城区', '166', '0', '3', '0');
INSERT INTO `ls_fleaarea` VALUES ('2075', '苏州工业园区', '166', '0', '3', '0');
INSERT INTO `ls_fleaarea` VALUES ('2076', '虎丘区', '166', '0', '3', '0');
INSERT INTO `ls_fleaarea` VALUES ('2077', '金阊区', '166', '0', '3', '0');
INSERT INTO `ls_fleaarea` VALUES ('2078', '启东', '167', '0', '3', '0');
INSERT INTO `ls_fleaarea` VALUES ('2079', '如东县', '167', '0', '3', '0');
INSERT INTO `ls_fleaarea` VALUES ('2080', '如皋', '167', '0', '3', '0');
INSERT INTO `ls_fleaarea` VALUES ('2081', '崇川区', '167', '0', '3', '0');
INSERT INTO `ls_fleaarea` VALUES ('2082', '海安县', '167', '0', '3', '0');
INSERT INTO `ls_fleaarea` VALUES ('2083', '海门', '167', '0', '3', '0');
INSERT INTO `ls_fleaarea` VALUES ('2084', '港闸区', '167', '0', '3', '0');
INSERT INTO `ls_fleaarea` VALUES ('2085', '通州', '167', '0', '3', '0');
INSERT INTO `ls_fleaarea` VALUES ('2086', '东海县', '168', '0', '3', '0');
INSERT INTO `ls_fleaarea` VALUES ('2087', '新浦区', '168', '0', '3', '0');
INSERT INTO `ls_fleaarea` VALUES ('2088', '海州区', '168', '0', '3', '0');
INSERT INTO `ls_fleaarea` VALUES ('2089', '灌云县', '168', '0', '3', '0');
INSERT INTO `ls_fleaarea` VALUES ('2090', '灌南县', '168', '0', '3', '0');
INSERT INTO `ls_fleaarea` VALUES ('2091', '赣榆县', '168', '0', '3', '0');
INSERT INTO `ls_fleaarea` VALUES ('2092', '连云区', '168', '0', '3', '0');
INSERT INTO `ls_fleaarea` VALUES ('2093', '楚州区', '169', '0', '3', '0');
INSERT INTO `ls_fleaarea` VALUES ('2094', '洪泽县', '169', '0', '3', '0');
INSERT INTO `ls_fleaarea` VALUES ('2095', '涟水县', '169', '0', '3', '0');
INSERT INTO `ls_fleaarea` VALUES ('2096', '淮阴区', '169', '0', '3', '0');
INSERT INTO `ls_fleaarea` VALUES ('2097', '清河区', '169', '0', '3', '0');
INSERT INTO `ls_fleaarea` VALUES ('2098', '清浦区', '169', '0', '3', '0');
INSERT INTO `ls_fleaarea` VALUES ('2099', '盱眙县', '169', '0', '3', '0');
INSERT INTO `ls_fleaarea` VALUES ('2100', '金湖县', '169', '0', '3', '0');
INSERT INTO `ls_fleaarea` VALUES ('2101', '东台', '170', '0', '3', '0');
INSERT INTO `ls_fleaarea` VALUES ('2102', '亭湖区', '170', '0', '3', '0');
INSERT INTO `ls_fleaarea` VALUES ('2103', '响水县', '170', '0', '3', '0');
INSERT INTO `ls_fleaarea` VALUES ('2104', '大丰', '170', '0', '3', '0');
INSERT INTO `ls_fleaarea` VALUES ('2105', '射阳县', '170', '0', '3', '0');
INSERT INTO `ls_fleaarea` VALUES ('2106', '建湖县', '170', '0', '3', '0');
INSERT INTO `ls_fleaarea` VALUES ('2107', '滨海县', '170', '0', '3', '0');
INSERT INTO `ls_fleaarea` VALUES ('2108', '盐都区', '170', '0', '3', '0');
INSERT INTO `ls_fleaarea` VALUES ('2109', '阜宁县', '170', '0', '3', '0');
INSERT INTO `ls_fleaarea` VALUES ('2110', '仪征', '171', '0', '3', '0');
INSERT INTO `ls_fleaarea` VALUES ('2111', '宝应县', '171', '0', '3', '0');
INSERT INTO `ls_fleaarea` VALUES ('2112', '广陵区', '171', '0', '3', '0');
INSERT INTO `ls_fleaarea` VALUES ('2113', '江都', '171', '0', '3', '0');
INSERT INTO `ls_fleaarea` VALUES ('2114', '维扬区', '171', '0', '3', '0');
INSERT INTO `ls_fleaarea` VALUES ('2115', '邗江区', '171', '0', '3', '0');
INSERT INTO `ls_fleaarea` VALUES ('2116', '高邮', '171', '0', '3', '0');
INSERT INTO `ls_fleaarea` VALUES ('2117', '丹徒区', '172', '0', '3', '0');
INSERT INTO `ls_fleaarea` VALUES ('2118', '丹阳', '172', '0', '3', '0');
INSERT INTO `ls_fleaarea` VALUES ('2119', '京口区', '172', '0', '3', '0');
INSERT INTO `ls_fleaarea` VALUES ('2120', '句容', '172', '0', '3', '0');
INSERT INTO `ls_fleaarea` VALUES ('2121', '扬中', '172', '0', '3', '0');
INSERT INTO `ls_fleaarea` VALUES ('2122', '润州区', '172', '0', '3', '0');
INSERT INTO `ls_fleaarea` VALUES ('2123', '兴化', '173', '0', '3', '0');
INSERT INTO `ls_fleaarea` VALUES ('2124', '姜堰', '173', '0', '3', '0');
INSERT INTO `ls_fleaarea` VALUES ('2125', '泰兴', '173', '0', '3', '0');
INSERT INTO `ls_fleaarea` VALUES ('2126', '海陵区', '173', '0', '3', '0');
INSERT INTO `ls_fleaarea` VALUES ('2127', '靖江', '173', '0', '3', '0');
INSERT INTO `ls_fleaarea` VALUES ('2128', '高港区', '173', '0', '3', '0');
INSERT INTO `ls_fleaarea` VALUES ('2129', '宿城区', '174', '0', '3', '0');
INSERT INTO `ls_fleaarea` VALUES ('2130', '宿豫区', '174', '0', '3', '0');
INSERT INTO `ls_fleaarea` VALUES ('2131', '沭阳县', '174', '0', '3', '0');
INSERT INTO `ls_fleaarea` VALUES ('2132', '泗洪县', '174', '0', '3', '0');
INSERT INTO `ls_fleaarea` VALUES ('2133', '泗阳县', '174', '0', '3', '0');
INSERT INTO `ls_fleaarea` VALUES ('2134', '上城区', '175', '0', '3', '0');
INSERT INTO `ls_fleaarea` VALUES ('2135', '下城区', '175', '0', '3', '0');
INSERT INTO `ls_fleaarea` VALUES ('2136', '临安', '175', '0', '3', '0');
INSERT INTO `ls_fleaarea` VALUES ('2137', '余杭区', '175', '0', '3', '0');
INSERT INTO `ls_fleaarea` VALUES ('2138', '富阳', '175', '0', '3', '0');
INSERT INTO `ls_fleaarea` VALUES ('2139', '建德', '175', '0', '3', '0');
INSERT INTO `ls_fleaarea` VALUES ('2140', '拱墅区', '175', '0', '3', '0');
INSERT INTO `ls_fleaarea` VALUES ('2141', '桐庐县', '175', '0', '3', '0');
INSERT INTO `ls_fleaarea` VALUES ('2142', '江干区', '175', '0', '3', '0');
INSERT INTO `ls_fleaarea` VALUES ('2143', '淳安县', '175', '0', '3', '0');
INSERT INTO `ls_fleaarea` VALUES ('2144', '滨江区', '175', '0', '3', '0');
INSERT INTO `ls_fleaarea` VALUES ('2145', '萧山区', '175', '0', '3', '0');
INSERT INTO `ls_fleaarea` VALUES ('2146', '西湖区', '175', '0', '3', '0');
INSERT INTO `ls_fleaarea` VALUES ('2147', '余姚', '176', '0', '3', '0');
INSERT INTO `ls_fleaarea` VALUES ('2148', '北仑区', '176', '0', '3', '0');
INSERT INTO `ls_fleaarea` VALUES ('2149', '奉化', '176', '0', '3', '0');
INSERT INTO `ls_fleaarea` VALUES ('2150', '宁海县', '176', '0', '3', '0');
INSERT INTO `ls_fleaarea` VALUES ('2151', '慈溪', '176', '0', '3', '0');
INSERT INTO `ls_fleaarea` VALUES ('2152', '江东区', '176', '0', '3', '0');
INSERT INTO `ls_fleaarea` VALUES ('2153', '江北区', '176', '0', '3', '0');
INSERT INTO `ls_fleaarea` VALUES ('2154', '海曙区', '176', '0', '3', '0');
INSERT INTO `ls_fleaarea` VALUES ('2155', '象山县', '176', '0', '3', '0');
INSERT INTO `ls_fleaarea` VALUES ('2156', '鄞州区', '176', '0', '3', '0');
INSERT INTO `ls_fleaarea` VALUES ('2157', '镇海区', '176', '0', '3', '0');
INSERT INTO `ls_fleaarea` VALUES ('2158', '乐清', '177', '0', '3', '0');
INSERT INTO `ls_fleaarea` VALUES ('2159', '平阳县', '177', '0', '3', '0');
INSERT INTO `ls_fleaarea` VALUES ('2160', '文成县', '177', '0', '3', '0');
INSERT INTO `ls_fleaarea` VALUES ('2161', '永嘉县', '177', '0', '3', '0');
INSERT INTO `ls_fleaarea` VALUES ('2162', '泰顺县', '177', '0', '3', '0');
INSERT INTO `ls_fleaarea` VALUES ('2163', '洞头县', '177', '0', '3', '0');
INSERT INTO `ls_fleaarea` VALUES ('2164', '瑞安', '177', '0', '3', '0');
INSERT INTO `ls_fleaarea` VALUES ('2165', '瓯海区', '177', '0', '3', '0');
INSERT INTO `ls_fleaarea` VALUES ('2166', '苍南县', '177', '0', '3', '0');
INSERT INTO `ls_fleaarea` VALUES ('2167', '鹿城区', '177', '0', '3', '0');
INSERT INTO `ls_fleaarea` VALUES ('2168', '龙湾区', '177', '0', '3', '0');
INSERT INTO `ls_fleaarea` VALUES ('2169', '南湖区', '178', '0', '3', '0');
INSERT INTO `ls_fleaarea` VALUES ('2170', '嘉善县', '178', '0', '3', '0');
INSERT INTO `ls_fleaarea` VALUES ('2171', '平湖', '178', '0', '3', '0');
INSERT INTO `ls_fleaarea` VALUES ('2172', '桐乡', '178', '0', '3', '0');
INSERT INTO `ls_fleaarea` VALUES ('2173', '海宁', '178', '0', '3', '0');
INSERT INTO `ls_fleaarea` VALUES ('2174', '海盐县', '178', '0', '3', '0');
INSERT INTO `ls_fleaarea` VALUES ('2175', '秀洲区', '178', '0', '3', '0');
INSERT INTO `ls_fleaarea` VALUES ('2176', '南浔区', '179', '0', '3', '0');
INSERT INTO `ls_fleaarea` VALUES ('2177', '吴兴区', '179', '0', '3', '0');
INSERT INTO `ls_fleaarea` VALUES ('2178', '安吉县', '179', '0', '3', '0');
INSERT INTO `ls_fleaarea` VALUES ('2179', '德清县', '179', '0', '3', '0');
INSERT INTO `ls_fleaarea` VALUES ('2180', '长兴县', '179', '0', '3', '0');
INSERT INTO `ls_fleaarea` VALUES ('2181', '上虞', '180', '0', '3', '0');
INSERT INTO `ls_fleaarea` VALUES ('2182', '嵊州', '180', '0', '3', '0');
INSERT INTO `ls_fleaarea` VALUES ('2183', '新昌县', '180', '0', '3', '0');
INSERT INTO `ls_fleaarea` VALUES ('2184', '绍兴县', '180', '0', '3', '0');
INSERT INTO `ls_fleaarea` VALUES ('2185', '诸暨', '180', '0', '3', '0');
INSERT INTO `ls_fleaarea` VALUES ('2186', '越城区', '180', '0', '3', '0');
INSERT INTO `ls_fleaarea` VALUES ('2187', '定海区', '181', '0', '3', '0');
INSERT INTO `ls_fleaarea` VALUES ('2188', '岱山县', '181', '0', '3', '0');
INSERT INTO `ls_fleaarea` VALUES ('2189', '嵊泗县', '181', '0', '3', '0');
INSERT INTO `ls_fleaarea` VALUES ('2190', '普陀区', '181', '0', '3', '0');
INSERT INTO `ls_fleaarea` VALUES ('2191', '常山县', '182', '0', '3', '0');
INSERT INTO `ls_fleaarea` VALUES ('2192', '开化县', '182', '0', '3', '0');
INSERT INTO `ls_fleaarea` VALUES ('2193', '柯城区', '182', '0', '3', '0');
INSERT INTO `ls_fleaarea` VALUES ('2194', '江山', '182', '0', '3', '0');
INSERT INTO `ls_fleaarea` VALUES ('2195', '衢江区', '182', '0', '3', '0');
INSERT INTO `ls_fleaarea` VALUES ('2196', '龙游县', '182', '0', '3', '0');
INSERT INTO `ls_fleaarea` VALUES ('2197', '东阳', '183', '0', '3', '0');
INSERT INTO `ls_fleaarea` VALUES ('2198', '义乌', '183', '0', '3', '0');
INSERT INTO `ls_fleaarea` VALUES ('2199', '兰溪', '183', '0', '3', '0');
INSERT INTO `ls_fleaarea` VALUES ('2200', '婺城区', '183', '0', '3', '0');
INSERT INTO `ls_fleaarea` VALUES ('2201', '武义县', '183', '0', '3', '0');
INSERT INTO `ls_fleaarea` VALUES ('2202', '永康', '183', '0', '3', '0');
INSERT INTO `ls_fleaarea` VALUES ('2203', '浦江县', '183', '0', '3', '0');
INSERT INTO `ls_fleaarea` VALUES ('2204', '磐安县', '183', '0', '3', '0');
INSERT INTO `ls_fleaarea` VALUES ('2205', '金东区', '183', '0', '3', '0');
INSERT INTO `ls_fleaarea` VALUES ('2206', '三门县', '184', '0', '3', '0');
INSERT INTO `ls_fleaarea` VALUES ('2207', '临海', '184', '0', '3', '0');
INSERT INTO `ls_fleaarea` VALUES ('2208', '仙居县', '184', '0', '3', '0');
INSERT INTO `ls_fleaarea` VALUES ('2209', '天台县', '184', '0', '3', '0');
INSERT INTO `ls_fleaarea` VALUES ('2210', '椒江区', '184', '0', '3', '0');
INSERT INTO `ls_fleaarea` VALUES ('2211', '温岭', '184', '0', '3', '0');
INSERT INTO `ls_fleaarea` VALUES ('2212', '玉环县', '184', '0', '3', '0');
INSERT INTO `ls_fleaarea` VALUES ('2213', '路桥区', '184', '0', '3', '0');
INSERT INTO `ls_fleaarea` VALUES ('2214', '黄岩区', '184', '0', '3', '0');
INSERT INTO `ls_fleaarea` VALUES ('2215', '云和县', '185', '0', '3', '0');
INSERT INTO `ls_fleaarea` VALUES ('2216', '庆元县', '185', '0', '3', '0');
INSERT INTO `ls_fleaarea` VALUES ('2217', '景宁', '185', '0', '3', '0');
INSERT INTO `ls_fleaarea` VALUES ('2218', '松阳县', '185', '0', '3', '0');
INSERT INTO `ls_fleaarea` VALUES ('2219', '缙云县', '185', '0', '3', '0');
INSERT INTO `ls_fleaarea` VALUES ('2220', '莲都区', '185', '0', '3', '0');
INSERT INTO `ls_fleaarea` VALUES ('2221', '遂昌县', '185', '0', '3', '0');
INSERT INTO `ls_fleaarea` VALUES ('2222', '青田县', '185', '0', '3', '0');
INSERT INTO `ls_fleaarea` VALUES ('2223', '龙泉', '185', '0', '3', '0');
INSERT INTO `ls_fleaarea` VALUES ('2224', '包河区', '186', '0', '3', '0');
INSERT INTO `ls_fleaarea` VALUES ('2225', '庐阳区', '186', '0', '3', '0');
INSERT INTO `ls_fleaarea` VALUES ('2226', '瑶海区', '186', '0', '3', '0');
INSERT INTO `ls_fleaarea` VALUES ('2227', '肥东县', '186', '0', '3', '0');
INSERT INTO `ls_fleaarea` VALUES ('2228', '肥西县', '186', '0', '3', '0');
INSERT INTO `ls_fleaarea` VALUES ('2229', '蜀山区', '186', '0', '3', '0');
INSERT INTO `ls_fleaarea` VALUES ('2230', '长丰县', '186', '0', '3', '0');
INSERT INTO `ls_fleaarea` VALUES ('2231', '三山区', '187', '0', '3', '0');
INSERT INTO `ls_fleaarea` VALUES ('2232', '南陵县', '187', '0', '3', '0');
INSERT INTO `ls_fleaarea` VALUES ('2233', '弋江区', '187', '0', '3', '0');
INSERT INTO `ls_fleaarea` VALUES ('2234', '繁昌县', '187', '0', '3', '0');
INSERT INTO `ls_fleaarea` VALUES ('2235', '芜湖县', '187', '0', '3', '0');
INSERT INTO `ls_fleaarea` VALUES ('2236', '镜湖区', '187', '0', '3', '0');
INSERT INTO `ls_fleaarea` VALUES ('2237', '鸠江区', '187', '0', '3', '0');
INSERT INTO `ls_fleaarea` VALUES ('2238', '五河县', '188', '0', '3', '0');
INSERT INTO `ls_fleaarea` VALUES ('2239', '固镇县', '188', '0', '3', '0');
INSERT INTO `ls_fleaarea` VALUES ('2240', '怀远县', '188', '0', '3', '0');
INSERT INTO `ls_fleaarea` VALUES ('2241', '淮上区', '188', '0', '3', '0');
INSERT INTO `ls_fleaarea` VALUES ('2242', '禹会区', '188', '0', '3', '0');
INSERT INTO `ls_fleaarea` VALUES ('2243', '蚌山区', '188', '0', '3', '0');
INSERT INTO `ls_fleaarea` VALUES ('2244', '龙子湖区', '188', '0', '3', '0');
INSERT INTO `ls_fleaarea` VALUES ('2245', '八公山区', '189', '0', '3', '0');
INSERT INTO `ls_fleaarea` VALUES ('2246', '凤台县', '189', '0', '3', '0');
INSERT INTO `ls_fleaarea` VALUES ('2247', '大通区', '189', '0', '3', '0');
INSERT INTO `ls_fleaarea` VALUES ('2248', '潘集区', '189', '0', '3', '0');
INSERT INTO `ls_fleaarea` VALUES ('2249', '田家庵区', '189', '0', '3', '0');
INSERT INTO `ls_fleaarea` VALUES ('2250', '谢家集区', '189', '0', '3', '0');
INSERT INTO `ls_fleaarea` VALUES ('2251', '当涂县', '190', '0', '3', '0');
INSERT INTO `ls_fleaarea` VALUES ('2252', '花山区', '190', '0', '3', '0');
INSERT INTO `ls_fleaarea` VALUES ('2253', '金家庄区', '190', '0', '3', '0');
INSERT INTO `ls_fleaarea` VALUES ('2254', '雨山区', '190', '0', '3', '0');
INSERT INTO `ls_fleaarea` VALUES ('2255', '杜集区', '191', '0', '3', '0');
INSERT INTO `ls_fleaarea` VALUES ('2256', '濉溪县', '191', '0', '3', '0');
INSERT INTO `ls_fleaarea` VALUES ('2257', '烈山区', '191', '0', '3', '0');
INSERT INTO `ls_fleaarea` VALUES ('2258', '相山区', '191', '0', '3', '0');
INSERT INTO `ls_fleaarea` VALUES ('2259', '狮子山区', '192', '0', '3', '0');
INSERT INTO `ls_fleaarea` VALUES ('2260', '郊区', '192', '0', '3', '0');
INSERT INTO `ls_fleaarea` VALUES ('2261', '铜官山区', '192', '0', '3', '0');
INSERT INTO `ls_fleaarea` VALUES ('2262', '铜陵县', '192', '0', '3', '0');
INSERT INTO `ls_fleaarea` VALUES ('2263', '大观区', '193', '0', '3', '0');
INSERT INTO `ls_fleaarea` VALUES ('2264', '太湖县', '193', '0', '3', '0');
INSERT INTO `ls_fleaarea` VALUES ('2265', '宜秀区', '193', '0', '3', '0');
INSERT INTO `ls_fleaarea` VALUES ('2266', '宿松县', '193', '0', '3', '0');
INSERT INTO `ls_fleaarea` VALUES ('2267', '岳西县', '193', '0', '3', '0');
INSERT INTO `ls_fleaarea` VALUES ('2268', '怀宁县', '193', '0', '3', '0');
INSERT INTO `ls_fleaarea` VALUES ('2269', '望江县', '193', '0', '3', '0');
INSERT INTO `ls_fleaarea` VALUES ('2270', '枞阳县', '193', '0', '3', '0');
INSERT INTO `ls_fleaarea` VALUES ('2271', '桐城', '193', '0', '3', '0');
INSERT INTO `ls_fleaarea` VALUES ('2272', '潜山县', '193', '0', '3', '0');
INSERT INTO `ls_fleaarea` VALUES ('2273', '迎江区', '193', '0', '3', '0');
INSERT INTO `ls_fleaarea` VALUES ('2274', '休宁县', '194', '0', '3', '0');
INSERT INTO `ls_fleaarea` VALUES ('2275', '屯溪区', '194', '0', '3', '0');
INSERT INTO `ls_fleaarea` VALUES ('2276', '徽州区', '194', '0', '3', '0');
INSERT INTO `ls_fleaarea` VALUES ('2277', '歙县', '194', '0', '3', '0');
INSERT INTO `ls_fleaarea` VALUES ('2278', '祁门县', '194', '0', '3', '0');
INSERT INTO `ls_fleaarea` VALUES ('2279', '黄山区', '194', '0', '3', '0');
INSERT INTO `ls_fleaarea` VALUES ('2280', '黟县', '194', '0', '3', '0');
INSERT INTO `ls_fleaarea` VALUES ('2281', '全椒县', '195', '0', '3', '0');
INSERT INTO `ls_fleaarea` VALUES ('2282', '凤阳县', '195', '0', '3', '0');
INSERT INTO `ls_fleaarea` VALUES ('2283', '南谯区', '195', '0', '3', '0');
INSERT INTO `ls_fleaarea` VALUES ('2284', '天长', '195', '0', '3', '0');
INSERT INTO `ls_fleaarea` VALUES ('2285', '定远县', '195', '0', '3', '0');
INSERT INTO `ls_fleaarea` VALUES ('2286', '明光', '195', '0', '3', '0');
INSERT INTO `ls_fleaarea` VALUES ('2287', '来安县', '195', '0', '3', '0');
INSERT INTO `ls_fleaarea` VALUES ('2288', '琅玡区', '195', '0', '3', '0');
INSERT INTO `ls_fleaarea` VALUES ('2289', '临泉县', '196', '0', '3', '0');
INSERT INTO `ls_fleaarea` VALUES ('2290', '太和县', '196', '0', '3', '0');
INSERT INTO `ls_fleaarea` VALUES ('2291', '界首', '196', '0', '3', '0');
INSERT INTO `ls_fleaarea` VALUES ('2292', '阜南县', '196', '0', '3', '0');
INSERT INTO `ls_fleaarea` VALUES ('2293', '颍东区', '196', '0', '3', '0');
INSERT INTO `ls_fleaarea` VALUES ('2294', '颍州区', '196', '0', '3', '0');
INSERT INTO `ls_fleaarea` VALUES ('2295', '颍泉区', '196', '0', '3', '0');
INSERT INTO `ls_fleaarea` VALUES ('2296', '颖上县', '196', '0', '3', '0');
INSERT INTO `ls_fleaarea` VALUES ('2297', '埇桥区', '197', '0', '3', '0');
INSERT INTO `ls_fleaarea` VALUES ('2298', '泗县辖', '197', '0', '3', '0');
INSERT INTO `ls_fleaarea` VALUES ('2299', '灵璧县', '197', '0', '3', '0');
INSERT INTO `ls_fleaarea` VALUES ('2300', '砀山县', '197', '0', '3', '0');
INSERT INTO `ls_fleaarea` VALUES ('2301', '萧县', '197', '0', '3', '0');
INSERT INTO `ls_fleaarea` VALUES ('2302', '含山县', '198', '0', '3', '0');
INSERT INTO `ls_fleaarea` VALUES ('2303', '和县', '198', '0', '3', '0');
INSERT INTO `ls_fleaarea` VALUES ('2304', '居巢区', '198', '0', '3', '0');
INSERT INTO `ls_fleaarea` VALUES ('2305', '庐江县', '198', '0', '3', '0');
INSERT INTO `ls_fleaarea` VALUES ('2306', '无为县', '198', '0', '3', '0');
INSERT INTO `ls_fleaarea` VALUES ('2307', '寿县', '199', '0', '3', '0');
INSERT INTO `ls_fleaarea` VALUES ('2308', '舒城县', '199', '0', '3', '0');
INSERT INTO `ls_fleaarea` VALUES ('2309', '裕安区', '199', '0', '3', '0');
INSERT INTO `ls_fleaarea` VALUES ('2310', '金安区', '199', '0', '3', '0');
INSERT INTO `ls_fleaarea` VALUES ('2311', '金寨县', '199', '0', '3', '0');
INSERT INTO `ls_fleaarea` VALUES ('2312', '霍山县', '199', '0', '3', '0');
INSERT INTO `ls_fleaarea` VALUES ('2313', '霍邱县', '199', '0', '3', '0');
INSERT INTO `ls_fleaarea` VALUES ('2314', '利辛县', '200', '0', '3', '0');
INSERT INTO `ls_fleaarea` VALUES ('2315', '涡阳县', '200', '0', '3', '0');
INSERT INTO `ls_fleaarea` VALUES ('2316', '蒙城县', '200', '0', '3', '0');
INSERT INTO `ls_fleaarea` VALUES ('2317', '谯城区', '200', '0', '3', '0');
INSERT INTO `ls_fleaarea` VALUES ('2318', '东至县', '201', '0', '3', '0');
INSERT INTO `ls_fleaarea` VALUES ('2319', '石台县', '201', '0', '3', '0');
INSERT INTO `ls_fleaarea` VALUES ('2320', '贵池区', '201', '0', '3', '0');
INSERT INTO `ls_fleaarea` VALUES ('2321', '青阳县', '201', '0', '3', '0');
INSERT INTO `ls_fleaarea` VALUES ('2322', '宁国', '202', '0', '3', '0');
INSERT INTO `ls_fleaarea` VALUES ('2323', '宣州区', '202', '0', '3', '0');
INSERT INTO `ls_fleaarea` VALUES ('2324', '广德县', '202', '0', '3', '0');
INSERT INTO `ls_fleaarea` VALUES ('2325', '旌德县', '202', '0', '3', '0');
INSERT INTO `ls_fleaarea` VALUES ('2326', '泾县', '202', '0', '3', '0');
INSERT INTO `ls_fleaarea` VALUES ('2327', '绩溪县', '202', '0', '3', '0');
INSERT INTO `ls_fleaarea` VALUES ('2328', '郎溪县', '202', '0', '3', '0');
INSERT INTO `ls_fleaarea` VALUES ('2329', '仓山区', '203', '0', '3', '0');
INSERT INTO `ls_fleaarea` VALUES ('2330', '台江区', '203', '0', '3', '0');
INSERT INTO `ls_fleaarea` VALUES ('2331', '平潭县', '203', '0', '3', '0');
INSERT INTO `ls_fleaarea` VALUES ('2332', '晋安区', '203', '0', '3', '0');
INSERT INTO `ls_fleaarea` VALUES ('2333', '永泰县', '203', '0', '3', '0');
INSERT INTO `ls_fleaarea` VALUES ('2334', '福清', '203', '0', '3', '0');
INSERT INTO `ls_fleaarea` VALUES ('2335', '罗源县', '203', '0', '3', '0');
INSERT INTO `ls_fleaarea` VALUES ('2336', '连江县', '203', '0', '3', '0');
INSERT INTO `ls_fleaarea` VALUES ('2337', '长乐', '203', '0', '3', '0');
INSERT INTO `ls_fleaarea` VALUES ('2338', '闽侯县', '203', '0', '3', '0');
INSERT INTO `ls_fleaarea` VALUES ('2339', '闽清县', '203', '0', '3', '0');
INSERT INTO `ls_fleaarea` VALUES ('2340', '马尾区', '203', '0', '3', '0');
INSERT INTO `ls_fleaarea` VALUES ('2341', '鼓楼区', '203', '0', '3', '0');
INSERT INTO `ls_fleaarea` VALUES ('2342', '同安区', '204', '0', '3', '0');
INSERT INTO `ls_fleaarea` VALUES ('2343', '思明区', '204', '0', '3', '0');
INSERT INTO `ls_fleaarea` VALUES ('2344', '海沧区', '204', '0', '3', '0');
INSERT INTO `ls_fleaarea` VALUES ('2345', '湖里区', '204', '0', '3', '0');
INSERT INTO `ls_fleaarea` VALUES ('2346', '翔安区', '204', '0', '3', '0');
INSERT INTO `ls_fleaarea` VALUES ('2347', '集美区', '204', '0', '3', '0');
INSERT INTO `ls_fleaarea` VALUES ('2348', '仙游县', '205', '0', '3', '0');
INSERT INTO `ls_fleaarea` VALUES ('2349', '城厢区', '205', '0', '3', '0');
INSERT INTO `ls_fleaarea` VALUES ('2350', '涵江区', '205', '0', '3', '0');
INSERT INTO `ls_fleaarea` VALUES ('2351', '秀屿区', '205', '0', '3', '0');
INSERT INTO `ls_fleaarea` VALUES ('2352', '荔城区', '205', '0', '3', '0');
INSERT INTO `ls_fleaarea` VALUES ('2353', '三元区', '206', '0', '3', '0');
INSERT INTO `ls_fleaarea` VALUES ('2354', '大田县', '206', '0', '3', '0');
INSERT INTO `ls_fleaarea` VALUES ('2355', '宁化县', '206', '0', '3', '0');
INSERT INTO `ls_fleaarea` VALUES ('2356', '将乐县', '206', '0', '3', '0');
INSERT INTO `ls_fleaarea` VALUES ('2357', '尤溪县', '206', '0', '3', '0');
INSERT INTO `ls_fleaarea` VALUES ('2358', '建宁县', '206', '0', '3', '0');
INSERT INTO `ls_fleaarea` VALUES ('2359', '明溪县', '206', '0', '3', '0');
INSERT INTO `ls_fleaarea` VALUES ('2360', '梅列区', '206', '0', '3', '0');
INSERT INTO `ls_fleaarea` VALUES ('2361', '永安', '206', '0', '3', '0');
INSERT INTO `ls_fleaarea` VALUES ('2362', '沙县', '206', '0', '3', '0');
INSERT INTO `ls_fleaarea` VALUES ('2363', '泰宁县', '206', '0', '3', '0');
INSERT INTO `ls_fleaarea` VALUES ('2364', '清流县', '206', '0', '3', '0');
INSERT INTO `ls_fleaarea` VALUES ('2365', '丰泽区', '207', '0', '3', '0');
INSERT INTO `ls_fleaarea` VALUES ('2366', '南安', '207', '0', '3', '0');
INSERT INTO `ls_fleaarea` VALUES ('2367', '安溪县', '207', '0', '3', '0');
INSERT INTO `ls_fleaarea` VALUES ('2368', '德化县', '207', '0', '3', '0');
INSERT INTO `ls_fleaarea` VALUES ('2369', '惠安县', '207', '0', '3', '0');
INSERT INTO `ls_fleaarea` VALUES ('2370', '晋江', '207', '0', '3', '0');
INSERT INTO `ls_fleaarea` VALUES ('2371', '永春县', '207', '0', '3', '0');
INSERT INTO `ls_fleaarea` VALUES ('2372', '泉港区', '207', '0', '3', '0');
INSERT INTO `ls_fleaarea` VALUES ('2373', '洛江区', '207', '0', '3', '0');
INSERT INTO `ls_fleaarea` VALUES ('2374', '石狮', '207', '0', '3', '0');
INSERT INTO `ls_fleaarea` VALUES ('2375', '金门县', '207', '0', '3', '0');
INSERT INTO `ls_fleaarea` VALUES ('2376', '鲤城区', '207', '0', '3', '0');
INSERT INTO `ls_fleaarea` VALUES ('2377', '东山县', '208', '0', '3', '0');
INSERT INTO `ls_fleaarea` VALUES ('2378', '云霄县', '208', '0', '3', '0');
INSERT INTO `ls_fleaarea` VALUES ('2379', '华安县', '208', '0', '3', '0');
INSERT INTO `ls_fleaarea` VALUES ('2380', '南靖县', '208', '0', '3', '0');
INSERT INTO `ls_fleaarea` VALUES ('2381', '平和县', '208', '0', '3', '0');
INSERT INTO `ls_fleaarea` VALUES ('2382', '漳浦县', '208', '0', '3', '0');
INSERT INTO `ls_fleaarea` VALUES ('2383', '芗城区', '208', '0', '3', '0');
INSERT INTO `ls_fleaarea` VALUES ('2384', '诏安县', '208', '0', '3', '0');
INSERT INTO `ls_fleaarea` VALUES ('2385', '长泰县', '208', '0', '3', '0');
INSERT INTO `ls_fleaarea` VALUES ('2386', '龙文区', '208', '0', '3', '0');
INSERT INTO `ls_fleaarea` VALUES ('2387', '龙海', '208', '0', '3', '0');
INSERT INTO `ls_fleaarea` VALUES ('2388', '光泽县', '209', '0', '3', '0');
INSERT INTO `ls_fleaarea` VALUES ('2389', '延平区', '209', '0', '3', '0');
INSERT INTO `ls_fleaarea` VALUES ('2390', '建瓯', '209', '0', '3', '0');
INSERT INTO `ls_fleaarea` VALUES ('2391', '建阳', '209', '0', '3', '0');
INSERT INTO `ls_fleaarea` VALUES ('2392', '政和县', '209', '0', '3', '0');
INSERT INTO `ls_fleaarea` VALUES ('2393', '松溪县', '209', '0', '3', '0');
INSERT INTO `ls_fleaarea` VALUES ('2394', '武夷山', '209', '0', '3', '0');
INSERT INTO `ls_fleaarea` VALUES ('2395', '浦城县', '209', '0', '3', '0');
INSERT INTO `ls_fleaarea` VALUES ('2396', '邵武', '209', '0', '3', '0');
INSERT INTO `ls_fleaarea` VALUES ('2397', '顺昌县', '209', '0', '3', '0');
INSERT INTO `ls_fleaarea` VALUES ('2398', '上杭县', '210', '0', '3', '0');
INSERT INTO `ls_fleaarea` VALUES ('2399', '新罗区', '210', '0', '3', '0');
INSERT INTO `ls_fleaarea` VALUES ('2400', '武平县', '210', '0', '3', '0');
INSERT INTO `ls_fleaarea` VALUES ('2401', '永定县', '210', '0', '3', '0');
INSERT INTO `ls_fleaarea` VALUES ('2402', '漳平', '210', '0', '3', '0');
INSERT INTO `ls_fleaarea` VALUES ('2403', '连城县', '210', '0', '3', '0');
INSERT INTO `ls_fleaarea` VALUES ('2404', '长汀县', '210', '0', '3', '0');
INSERT INTO `ls_fleaarea` VALUES ('2405', '古田县', '211', '0', '3', '0');
INSERT INTO `ls_fleaarea` VALUES ('2406', '周宁县', '211', '0', '3', '0');
INSERT INTO `ls_fleaarea` VALUES ('2407', '寿宁县', '211', '0', '3', '0');
INSERT INTO `ls_fleaarea` VALUES ('2408', '屏南县', '211', '0', '3', '0');
INSERT INTO `ls_fleaarea` VALUES ('2409', '柘荣县', '211', '0', '3', '0');
INSERT INTO `ls_fleaarea` VALUES ('2410', '福安', '211', '0', '3', '0');
INSERT INTO `ls_fleaarea` VALUES ('2411', '福鼎', '211', '0', '3', '0');
INSERT INTO `ls_fleaarea` VALUES ('2412', '蕉城区', '211', '0', '3', '0');
INSERT INTO `ls_fleaarea` VALUES ('2413', '霞浦县', '211', '0', '3', '0');
INSERT INTO `ls_fleaarea` VALUES ('2414', '东湖区', '212', '0', '3', '0');
INSERT INTO `ls_fleaarea` VALUES ('2415', '南昌县', '212', '0', '3', '0');
INSERT INTO `ls_fleaarea` VALUES ('2416', '安义县', '212', '0', '3', '0');
INSERT INTO `ls_fleaarea` VALUES ('2417', '新建县', '212', '0', '3', '0');
INSERT INTO `ls_fleaarea` VALUES ('2418', '湾里区', '212', '0', '3', '0');
INSERT INTO `ls_fleaarea` VALUES ('2419', '西湖区', '212', '0', '3', '0');
INSERT INTO `ls_fleaarea` VALUES ('2420', '进贤县', '212', '0', '3', '0');
INSERT INTO `ls_fleaarea` VALUES ('2421', '青云谱区', '212', '0', '3', '0');
INSERT INTO `ls_fleaarea` VALUES ('2422', '青山湖区', '212', '0', '3', '0');
INSERT INTO `ls_fleaarea` VALUES ('2423', '乐平', '213', '0', '3', '0');
INSERT INTO `ls_fleaarea` VALUES ('2424', '昌江区', '213', '0', '3', '0');
INSERT INTO `ls_fleaarea` VALUES ('2425', '浮梁县', '213', '0', '3', '0');
INSERT INTO `ls_fleaarea` VALUES ('2426', '珠山区', '213', '0', '3', '0');
INSERT INTO `ls_fleaarea` VALUES ('2427', '上栗县', '214', '0', '3', '0');
INSERT INTO `ls_fleaarea` VALUES ('2428', '安源区', '214', '0', '3', '0');
INSERT INTO `ls_fleaarea` VALUES ('2429', '湘东区', '214', '0', '3', '0');
INSERT INTO `ls_fleaarea` VALUES ('2430', '芦溪县', '214', '0', '3', '0');
INSERT INTO `ls_fleaarea` VALUES ('2431', '莲花县', '214', '0', '3', '0');
INSERT INTO `ls_fleaarea` VALUES ('2432', '九江县', '215', '0', '3', '0');
INSERT INTO `ls_fleaarea` VALUES ('2433', '修水县', '215', '0', '3', '0');
INSERT INTO `ls_fleaarea` VALUES ('2434', '庐山区', '215', '0', '3', '0');
INSERT INTO `ls_fleaarea` VALUES ('2435', '彭泽县', '215', '0', '3', '0');
INSERT INTO `ls_fleaarea` VALUES ('2436', '德安县', '215', '0', '3', '0');
INSERT INTO `ls_fleaarea` VALUES ('2437', '星子县', '215', '0', '3', '0');
INSERT INTO `ls_fleaarea` VALUES ('2438', '武宁县', '215', '0', '3', '0');
INSERT INTO `ls_fleaarea` VALUES ('2439', '永修县', '215', '0', '3', '0');
INSERT INTO `ls_fleaarea` VALUES ('2440', '浔阳区', '215', '0', '3', '0');
INSERT INTO `ls_fleaarea` VALUES ('2441', '湖口县', '215', '0', '3', '0');
INSERT INTO `ls_fleaarea` VALUES ('2442', '瑞昌', '215', '0', '3', '0');
INSERT INTO `ls_fleaarea` VALUES ('2443', '都昌县', '215', '0', '3', '0');
INSERT INTO `ls_fleaarea` VALUES ('2444', '分宜县', '216', '0', '3', '0');
INSERT INTO `ls_fleaarea` VALUES ('2445', '渝水区', '216', '0', '3', '0');
INSERT INTO `ls_fleaarea` VALUES ('2446', '余江县', '217', '0', '3', '0');
INSERT INTO `ls_fleaarea` VALUES ('2447', '月湖区', '217', '0', '3', '0');
INSERT INTO `ls_fleaarea` VALUES ('2448', '贵溪', '217', '0', '3', '0');
INSERT INTO `ls_fleaarea` VALUES ('2449', '上犹县', '218', '0', '3', '0');
INSERT INTO `ls_fleaarea` VALUES ('2450', '于都县', '218', '0', '3', '0');
INSERT INTO `ls_fleaarea` VALUES ('2451', '会昌县', '218', '0', '3', '0');
INSERT INTO `ls_fleaarea` VALUES ('2452', '信丰县', '218', '0', '3', '0');
INSERT INTO `ls_fleaarea` VALUES ('2453', '全南县', '218', '0', '3', '0');
INSERT INTO `ls_fleaarea` VALUES ('2454', '兴国县', '218', '0', '3', '0');
INSERT INTO `ls_fleaarea` VALUES ('2455', '南康', '218', '0', '3', '0');
INSERT INTO `ls_fleaarea` VALUES ('2456', '大余县', '218', '0', '3', '0');
INSERT INTO `ls_fleaarea` VALUES ('2457', '宁都县', '218', '0', '3', '0');
INSERT INTO `ls_fleaarea` VALUES ('2458', '安远县', '218', '0', '3', '0');
INSERT INTO `ls_fleaarea` VALUES ('2459', '定南县', '218', '0', '3', '0');
INSERT INTO `ls_fleaarea` VALUES ('2460', '寻乌县', '218', '0', '3', '0');
INSERT INTO `ls_fleaarea` VALUES ('2461', '崇义县', '218', '0', '3', '0');
INSERT INTO `ls_fleaarea` VALUES ('2462', '瑞金', '218', '0', '3', '0');
INSERT INTO `ls_fleaarea` VALUES ('2463', '石城县', '218', '0', '3', '0');
INSERT INTO `ls_fleaarea` VALUES ('2464', '章贡区', '218', '0', '3', '0');
INSERT INTO `ls_fleaarea` VALUES ('2465', '赣县', '218', '0', '3', '0');
INSERT INTO `ls_fleaarea` VALUES ('2466', '龙南县', '218', '0', '3', '0');
INSERT INTO `ls_fleaarea` VALUES ('2467', '万安县', '219', '0', '3', '0');
INSERT INTO `ls_fleaarea` VALUES ('2468', '井冈山', '219', '0', '3', '0');
INSERT INTO `ls_fleaarea` VALUES ('2469', '吉安县', '219', '0', '3', '0');
INSERT INTO `ls_fleaarea` VALUES ('2470', '吉州区', '219', '0', '3', '0');
INSERT INTO `ls_fleaarea` VALUES ('2471', '吉水县', '219', '0', '3', '0');
INSERT INTO `ls_fleaarea` VALUES ('2472', '安福县', '219', '0', '3', '0');
INSERT INTO `ls_fleaarea` VALUES ('2473', '峡江县', '219', '0', '3', '0');
INSERT INTO `ls_fleaarea` VALUES ('2474', '新干县', '219', '0', '3', '0');
INSERT INTO `ls_fleaarea` VALUES ('2475', '永丰县', '219', '0', '3', '0');
INSERT INTO `ls_fleaarea` VALUES ('2476', '永新县', '219', '0', '3', '0');
INSERT INTO `ls_fleaarea` VALUES ('2477', '泰和县', '219', '0', '3', '0');
INSERT INTO `ls_fleaarea` VALUES ('2478', '遂川县', '219', '0', '3', '0');
INSERT INTO `ls_fleaarea` VALUES ('2479', '青原区', '219', '0', '3', '0');
INSERT INTO `ls_fleaarea` VALUES ('2480', '万载县', '220', '0', '3', '0');
INSERT INTO `ls_fleaarea` VALUES ('2481', '上高县', '220', '0', '3', '0');
INSERT INTO `ls_fleaarea` VALUES ('2482', '丰城', '220', '0', '3', '0');
INSERT INTO `ls_fleaarea` VALUES ('2483', '奉新县', '220', '0', '3', '0');
INSERT INTO `ls_fleaarea` VALUES ('2484', '宜丰县', '220', '0', '3', '0');
INSERT INTO `ls_fleaarea` VALUES ('2485', '樟树', '220', '0', '3', '0');
INSERT INTO `ls_fleaarea` VALUES ('2486', '袁州区', '220', '0', '3', '0');
INSERT INTO `ls_fleaarea` VALUES ('2487', '铜鼓县', '220', '0', '3', '0');
INSERT INTO `ls_fleaarea` VALUES ('2488', '靖安县', '220', '0', '3', '0');
INSERT INTO `ls_fleaarea` VALUES ('2489', '高安', '220', '0', '3', '0');
INSERT INTO `ls_fleaarea` VALUES ('2490', '东乡县', '221', '0', '3', '0');
INSERT INTO `ls_fleaarea` VALUES ('2491', '临川区', '221', '0', '3', '0');
INSERT INTO `ls_fleaarea` VALUES ('2492', '乐安县', '221', '0', '3', '0');
INSERT INTO `ls_fleaarea` VALUES ('2493', '南丰县', '221', '0', '3', '0');
INSERT INTO `ls_fleaarea` VALUES ('2494', '南城县', '221', '0', '3', '0');
INSERT INTO `ls_fleaarea` VALUES ('2495', '宜黄县', '221', '0', '3', '0');
INSERT INTO `ls_fleaarea` VALUES ('2496', '崇仁县', '221', '0', '3', '0');
INSERT INTO `ls_fleaarea` VALUES ('2497', '广昌县', '221', '0', '3', '0');
INSERT INTO `ls_fleaarea` VALUES ('2498', '资溪县', '221', '0', '3', '0');
INSERT INTO `ls_fleaarea` VALUES ('2499', '金溪县', '221', '0', '3', '0');
INSERT INTO `ls_fleaarea` VALUES ('2500', '黎川县', '221', '0', '3', '0');
INSERT INTO `ls_fleaarea` VALUES ('2501', '万年县', '222', '0', '3', '0');
INSERT INTO `ls_fleaarea` VALUES ('2502', '上饶县', '222', '0', '3', '0');
INSERT INTO `ls_fleaarea` VALUES ('2503', '余干县', '222', '0', '3', '0');
INSERT INTO `ls_fleaarea` VALUES ('2504', '信州区', '222', '0', '3', '0');
INSERT INTO `ls_fleaarea` VALUES ('2505', '婺源县', '222', '0', '3', '0');
INSERT INTO `ls_fleaarea` VALUES ('2506', '广丰县', '222', '0', '3', '0');
INSERT INTO `ls_fleaarea` VALUES ('2507', '弋阳县', '222', '0', '3', '0');
INSERT INTO `ls_fleaarea` VALUES ('2508', '德兴', '222', '0', '3', '0');
INSERT INTO `ls_fleaarea` VALUES ('2509', '横峰县', '222', '0', '3', '0');
INSERT INTO `ls_fleaarea` VALUES ('2510', '玉山县', '222', '0', '3', '0');
INSERT INTO `ls_fleaarea` VALUES ('2511', '鄱阳县', '222', '0', '3', '0');
INSERT INTO `ls_fleaarea` VALUES ('2512', '铅山县', '222', '0', '3', '0');
INSERT INTO `ls_fleaarea` VALUES ('2513', '历下区', '223', '0', '3', '0');
INSERT INTO `ls_fleaarea` VALUES ('2514', '历城区', '223', '0', '3', '0');
INSERT INTO `ls_fleaarea` VALUES ('2515', '商河县', '223', '0', '3', '0');
INSERT INTO `ls_fleaarea` VALUES ('2516', '天桥区', '223', '0', '3', '0');
INSERT INTO `ls_fleaarea` VALUES ('2517', '市中区', '223', '0', '3', '0');
INSERT INTO `ls_fleaarea` VALUES ('2518', '平阴县', '223', '0', '3', '0');
INSERT INTO `ls_fleaarea` VALUES ('2519', '槐荫区', '223', '0', '3', '0');
INSERT INTO `ls_fleaarea` VALUES ('2520', '济阳县', '223', '0', '3', '0');
INSERT INTO `ls_fleaarea` VALUES ('2521', '章丘', '223', '0', '3', '0');
INSERT INTO `ls_fleaarea` VALUES ('2522', '长清区', '223', '0', '3', '0');
INSERT INTO `ls_fleaarea` VALUES ('2523', '即墨', '224', '0', '3', '0');
INSERT INTO `ls_fleaarea` VALUES ('2524', '四方区', '224', '0', '3', '0');
INSERT INTO `ls_fleaarea` VALUES ('2525', '城阳区', '224', '0', '3', '0');
INSERT INTO `ls_fleaarea` VALUES ('2526', '崂山区', '224', '0', '3', '0');
INSERT INTO `ls_fleaarea` VALUES ('2527', '市北区', '224', '0', '3', '0');
INSERT INTO `ls_fleaarea` VALUES ('2528', '市南区', '224', '0', '3', '0');
INSERT INTO `ls_fleaarea` VALUES ('2529', '平度', '224', '0', '3', '0');
INSERT INTO `ls_fleaarea` VALUES ('2530', '李沧区', '224', '0', '3', '0');
INSERT INTO `ls_fleaarea` VALUES ('2531', '胶南', '224', '0', '3', '0');
INSERT INTO `ls_fleaarea` VALUES ('2532', '胶州', '224', '0', '3', '0');
INSERT INTO `ls_fleaarea` VALUES ('2533', '莱西', '224', '0', '3', '0');
INSERT INTO `ls_fleaarea` VALUES ('2534', '黄岛区', '224', '0', '3', '0');
INSERT INTO `ls_fleaarea` VALUES ('2535', '临淄区', '225', '0', '3', '0');
INSERT INTO `ls_fleaarea` VALUES ('2536', '博山区', '225', '0', '3', '0');
INSERT INTO `ls_fleaarea` VALUES ('2537', '周村区', '225', '0', '3', '0');
INSERT INTO `ls_fleaarea` VALUES ('2538', '张店区', '225', '0', '3', '0');
INSERT INTO `ls_fleaarea` VALUES ('2539', '桓台县', '225', '0', '3', '0');
INSERT INTO `ls_fleaarea` VALUES ('2540', '沂源县', '225', '0', '3', '0');
INSERT INTO `ls_fleaarea` VALUES ('2541', '淄川区', '225', '0', '3', '0');
INSERT INTO `ls_fleaarea` VALUES ('2542', '高青县', '225', '0', '3', '0');
INSERT INTO `ls_fleaarea` VALUES ('2543', '台儿庄区', '226', '0', '3', '0');
INSERT INTO `ls_fleaarea` VALUES ('2544', '山亭区', '226', '0', '3', '0');
INSERT INTO `ls_fleaarea` VALUES ('2545', '峄城区', '226', '0', '3', '0');
INSERT INTO `ls_fleaarea` VALUES ('2546', '市中区', '226', '0', '3', '0');
INSERT INTO `ls_fleaarea` VALUES ('2547', '滕州', '226', '0', '3', '0');
INSERT INTO `ls_fleaarea` VALUES ('2548', '薛城区', '226', '0', '3', '0');
INSERT INTO `ls_fleaarea` VALUES ('2549', '东营区', '227', '0', '3', '0');
INSERT INTO `ls_fleaarea` VALUES ('2550', '利津县', '227', '0', '3', '0');
INSERT INTO `ls_fleaarea` VALUES ('2551', '垦利县', '227', '0', '3', '0');
INSERT INTO `ls_fleaarea` VALUES ('2552', '广饶县', '227', '0', '3', '0');
INSERT INTO `ls_fleaarea` VALUES ('2553', '河口区', '227', '0', '3', '0');
INSERT INTO `ls_fleaarea` VALUES ('2554', '招远', '228', '0', '3', '0');
INSERT INTO `ls_fleaarea` VALUES ('2555', '栖霞', '228', '0', '3', '0');
INSERT INTO `ls_fleaarea` VALUES ('2556', '海阳', '228', '0', '3', '0');
INSERT INTO `ls_fleaarea` VALUES ('2557', '牟平区', '228', '0', '3', '0');
INSERT INTO `ls_fleaarea` VALUES ('2558', '福山区', '228', '0', '3', '0');
INSERT INTO `ls_fleaarea` VALUES ('2559', '芝罘区', '228', '0', '3', '0');
INSERT INTO `ls_fleaarea` VALUES ('2560', '莱山区', '228', '0', '3', '0');
INSERT INTO `ls_fleaarea` VALUES ('2561', '莱州', '228', '0', '3', '0');
INSERT INTO `ls_fleaarea` VALUES ('2562', '莱阳', '228', '0', '3', '0');
INSERT INTO `ls_fleaarea` VALUES ('2563', '蓬莱', '228', '0', '3', '0');
INSERT INTO `ls_fleaarea` VALUES ('2564', '长岛县', '228', '0', '3', '0');
INSERT INTO `ls_fleaarea` VALUES ('2565', '龙口', '228', '0', '3', '0');
INSERT INTO `ls_fleaarea` VALUES ('2566', '临朐县', '229', '0', '3', '0');
INSERT INTO `ls_fleaarea` VALUES ('2567', '坊子区', '229', '0', '3', '0');
INSERT INTO `ls_fleaarea` VALUES ('2568', '奎文区', '229', '0', '3', '0');
INSERT INTO `ls_fleaarea` VALUES ('2569', '安丘', '229', '0', '3', '0');
INSERT INTO `ls_fleaarea` VALUES ('2570', '寒亭区', '229', '0', '3', '0');
INSERT INTO `ls_fleaarea` VALUES ('2571', '寿光', '229', '0', '3', '0');
INSERT INTO `ls_fleaarea` VALUES ('2572', '昌乐县', '229', '0', '3', '0');
INSERT INTO `ls_fleaarea` VALUES ('2573', '昌邑', '229', '0', '3', '0');
INSERT INTO `ls_fleaarea` VALUES ('2574', '潍城区', '229', '0', '3', '0');
INSERT INTO `ls_fleaarea` VALUES ('2575', '诸城', '229', '0', '3', '0');
INSERT INTO `ls_fleaarea` VALUES ('2576', '青州', '229', '0', '3', '0');
INSERT INTO `ls_fleaarea` VALUES ('2577', '高密', '229', '0', '3', '0');
INSERT INTO `ls_fleaarea` VALUES ('2578', '任城区', '230', '0', '3', '0');
INSERT INTO `ls_fleaarea` VALUES ('2579', '兖州', '230', '0', '3', '0');
INSERT INTO `ls_fleaarea` VALUES ('2580', '嘉祥县', '230', '0', '3', '0');
INSERT INTO `ls_fleaarea` VALUES ('2581', '市中区', '230', '0', '3', '0');
INSERT INTO `ls_fleaarea` VALUES ('2582', '微山县', '230', '0', '3', '0');
INSERT INTO `ls_fleaarea` VALUES ('2583', '曲阜', '230', '0', '3', '0');
INSERT INTO `ls_fleaarea` VALUES ('2584', '梁山县', '230', '0', '3', '0');
INSERT INTO `ls_fleaarea` VALUES ('2585', '汶上县', '230', '0', '3', '0');
INSERT INTO `ls_fleaarea` VALUES ('2586', '泗水县', '230', '0', '3', '0');
INSERT INTO `ls_fleaarea` VALUES ('2587', '邹城', '230', '0', '3', '0');
INSERT INTO `ls_fleaarea` VALUES ('2588', '金乡县', '230', '0', '3', '0');
INSERT INTO `ls_fleaarea` VALUES ('2589', '鱼台县', '230', '0', '3', '0');
INSERT INTO `ls_fleaarea` VALUES ('2590', '东平县', '231', '0', '3', '0');
INSERT INTO `ls_fleaarea` VALUES ('2591', '宁阳县', '231', '0', '3', '0');
INSERT INTO `ls_fleaarea` VALUES ('2592', '岱岳区', '231', '0', '3', '0');
INSERT INTO `ls_fleaarea` VALUES ('2593', '新泰', '231', '0', '3', '0');
INSERT INTO `ls_fleaarea` VALUES ('2594', '泰山区', '231', '0', '3', '0');
INSERT INTO `ls_fleaarea` VALUES ('2595', '肥城', '231', '0', '3', '0');
INSERT INTO `ls_fleaarea` VALUES ('2596', '乳山', '232', '0', '3', '0');
INSERT INTO `ls_fleaarea` VALUES ('2597', '文登', '232', '0', '3', '0');
INSERT INTO `ls_fleaarea` VALUES ('2598', '环翠区', '232', '0', '3', '0');
INSERT INTO `ls_fleaarea` VALUES ('2599', '荣成', '232', '0', '3', '0');
INSERT INTO `ls_fleaarea` VALUES ('2600', '东港区', '233', '0', '3', '0');
INSERT INTO `ls_fleaarea` VALUES ('2601', '五莲县', '233', '0', '3', '0');
INSERT INTO `ls_fleaarea` VALUES ('2602', '岚山区', '233', '0', '3', '0');
INSERT INTO `ls_fleaarea` VALUES ('2603', '莒县', '233', '0', '3', '0');
INSERT INTO `ls_fleaarea` VALUES ('2604', '莱城区', '234', '0', '3', '0');
INSERT INTO `ls_fleaarea` VALUES ('2605', '钢城区', '234', '0', '3', '0');
INSERT INTO `ls_fleaarea` VALUES ('2606', '临沭县', '235', '0', '3', '0');
INSERT INTO `ls_fleaarea` VALUES ('2607', '兰山区', '235', '0', '3', '0');
INSERT INTO `ls_fleaarea` VALUES ('2608', '平邑县', '235', '0', '3', '0');
INSERT INTO `ls_fleaarea` VALUES ('2609', '沂南县', '235', '0', '3', '0');
INSERT INTO `ls_fleaarea` VALUES ('2610', '沂水县', '235', '0', '3', '0');
INSERT INTO `ls_fleaarea` VALUES ('2611', '河东区', '235', '0', '3', '0');
INSERT INTO `ls_fleaarea` VALUES ('2612', '罗庄区', '235', '0', '3', '0');
INSERT INTO `ls_fleaarea` VALUES ('2613', '苍山县', '235', '0', '3', '0');
INSERT INTO `ls_fleaarea` VALUES ('2614', '莒南县', '235', '0', '3', '0');
INSERT INTO `ls_fleaarea` VALUES ('2615', '蒙阴县', '235', '0', '3', '0');
INSERT INTO `ls_fleaarea` VALUES ('2616', '费县', '235', '0', '3', '0');
INSERT INTO `ls_fleaarea` VALUES ('2617', '郯城县', '235', '0', '3', '0');
INSERT INTO `ls_fleaarea` VALUES ('2618', '临邑县', '236', '0', '3', '0');
INSERT INTO `ls_fleaarea` VALUES ('2619', '乐陵', '236', '0', '3', '0');
INSERT INTO `ls_fleaarea` VALUES ('2620', '夏津县', '236', '0', '3', '0');
INSERT INTO `ls_fleaarea` VALUES ('2621', '宁津县', '236', '0', '3', '0');
INSERT INTO `ls_fleaarea` VALUES ('2622', '平原县', '236', '0', '3', '0');
INSERT INTO `ls_fleaarea` VALUES ('2623', '庆云县', '236', '0', '3', '0');
INSERT INTO `ls_fleaarea` VALUES ('2624', '德城区', '236', '0', '3', '0');
INSERT INTO `ls_fleaarea` VALUES ('2625', '武城县', '236', '0', '3', '0');
INSERT INTO `ls_fleaarea` VALUES ('2626', '禹城', '236', '0', '3', '0');
INSERT INTO `ls_fleaarea` VALUES ('2627', '陵县', '236', '0', '3', '0');
INSERT INTO `ls_fleaarea` VALUES ('2628', '齐河县', '236', '0', '3', '0');
INSERT INTO `ls_fleaarea` VALUES ('2629', '东昌府区', '237', '0', '3', '0');
INSERT INTO `ls_fleaarea` VALUES ('2630', '东阿县', '237', '0', '3', '0');
INSERT INTO `ls_fleaarea` VALUES ('2631', '临清', '237', '0', '3', '0');
INSERT INTO `ls_fleaarea` VALUES ('2632', '冠县', '237', '0', '3', '0');
INSERT INTO `ls_fleaarea` VALUES ('2633', '茌平县', '237', '0', '3', '0');
INSERT INTO `ls_fleaarea` VALUES ('2634', '莘县', '237', '0', '3', '0');
INSERT INTO `ls_fleaarea` VALUES ('2635', '阳谷县', '237', '0', '3', '0');
INSERT INTO `ls_fleaarea` VALUES ('2636', '高唐县', '237', '0', '3', '0');
INSERT INTO `ls_fleaarea` VALUES ('2637', '博兴县', '238', '0', '3', '0');
INSERT INTO `ls_fleaarea` VALUES ('2638', '惠民县', '238', '0', '3', '0');
INSERT INTO `ls_fleaarea` VALUES ('2639', '无棣县', '238', '0', '3', '0');
INSERT INTO `ls_fleaarea` VALUES ('2640', '沾化县', '238', '0', '3', '0');
INSERT INTO `ls_fleaarea` VALUES ('2641', '滨城区', '238', '0', '3', '0');
INSERT INTO `ls_fleaarea` VALUES ('2642', '邹平县', '238', '0', '3', '0');
INSERT INTO `ls_fleaarea` VALUES ('2643', '阳信县', '238', '0', '3', '0');
INSERT INTO `ls_fleaarea` VALUES ('2644', '东明县', '239', '0', '3', '0');
INSERT INTO `ls_fleaarea` VALUES ('2645', '单县', '239', '0', '3', '0');
INSERT INTO `ls_fleaarea` VALUES ('2646', '定陶县', '239', '0', '3', '0');
INSERT INTO `ls_fleaarea` VALUES ('2647', '巨野县', '239', '0', '3', '0');
INSERT INTO `ls_fleaarea` VALUES ('2648', '成武县', '239', '0', '3', '0');
INSERT INTO `ls_fleaarea` VALUES ('2649', '曹县', '239', '0', '3', '0');
INSERT INTO `ls_fleaarea` VALUES ('2650', '牡丹区', '239', '0', '3', '0');
INSERT INTO `ls_fleaarea` VALUES ('2651', '郓城县', '239', '0', '3', '0');
INSERT INTO `ls_fleaarea` VALUES ('2652', '鄄城县', '239', '0', '3', '0');
INSERT INTO `ls_fleaarea` VALUES ('2653', '上街区', '240', '0', '3', '0');
INSERT INTO `ls_fleaarea` VALUES ('2654', '中原区', '240', '0', '3', '0');
INSERT INTO `ls_fleaarea` VALUES ('2655', '中牟县', '240', '0', '3', '0');
INSERT INTO `ls_fleaarea` VALUES ('2656', '二七区', '240', '0', '3', '0');
INSERT INTO `ls_fleaarea` VALUES ('2657', '巩义', '240', '0', '3', '0');
INSERT INTO `ls_fleaarea` VALUES ('2658', '惠济区', '240', '0', '3', '0');
INSERT INTO `ls_fleaarea` VALUES ('2659', '新密', '240', '0', '3', '0');
INSERT INTO `ls_fleaarea` VALUES ('2660', '新郑', '240', '0', '3', '0');
INSERT INTO `ls_fleaarea` VALUES ('2661', '登封', '240', '0', '3', '0');
INSERT INTO `ls_fleaarea` VALUES ('2662', '管城', '240', '0', '3', '0');
INSERT INTO `ls_fleaarea` VALUES ('2663', '荥阳', '240', '0', '3', '0');
INSERT INTO `ls_fleaarea` VALUES ('2664', '金水区', '240', '0', '3', '0');
INSERT INTO `ls_fleaarea` VALUES ('2665', '兰考县', '241', '0', '3', '0');
INSERT INTO `ls_fleaarea` VALUES ('2666', '尉氏县', '241', '0', '3', '0');
INSERT INTO `ls_fleaarea` VALUES ('2667', '开封县', '241', '0', '3', '0');
INSERT INTO `ls_fleaarea` VALUES ('2668', '杞县', '241', '0', '3', '0');
INSERT INTO `ls_fleaarea` VALUES ('2669', '禹王台区', '241', '0', '3', '0');
INSERT INTO `ls_fleaarea` VALUES ('2670', '通许县', '241', '0', '3', '0');
INSERT INTO `ls_fleaarea` VALUES ('2671', '金明区', '241', '0', '3', '0');
INSERT INTO `ls_fleaarea` VALUES ('2672', '顺河', '241', '0', '3', '0');
INSERT INTO `ls_fleaarea` VALUES ('2673', '鼓楼区', '241', '0', '3', '0');
INSERT INTO `ls_fleaarea` VALUES ('2674', '龙亭区', '241', '0', '3', '0');
INSERT INTO `ls_fleaarea` VALUES ('2675', '伊川县', '242', '0', '3', '0');
INSERT INTO `ls_fleaarea` VALUES ('2676', '偃师', '242', '0', '3', '0');
INSERT INTO `ls_fleaarea` VALUES ('2677', '吉利区', '242', '0', '3', '0');
INSERT INTO `ls_fleaarea` VALUES ('2678', '孟津县', '242', '0', '3', '0');
INSERT INTO `ls_fleaarea` VALUES ('2679', '宜阳县', '242', '0', '3', '0');
INSERT INTO `ls_fleaarea` VALUES ('2680', '嵩县', '242', '0', '3', '0');
INSERT INTO `ls_fleaarea` VALUES ('2681', '新安县', '242', '0', '3', '0');
INSERT INTO `ls_fleaarea` VALUES ('2682', '栾川县', '242', '0', '3', '0');
INSERT INTO `ls_fleaarea` VALUES ('2683', '汝阳县', '242', '0', '3', '0');
INSERT INTO `ls_fleaarea` VALUES ('2684', '洛宁县', '242', '0', '3', '0');
INSERT INTO `ls_fleaarea` VALUES ('2685', '洛龙区', '242', '0', '3', '0');
INSERT INTO `ls_fleaarea` VALUES ('2686', '涧西区', '242', '0', '3', '0');
INSERT INTO `ls_fleaarea` VALUES ('2687', '瀍河', '242', '0', '3', '0');
INSERT INTO `ls_fleaarea` VALUES ('2688', '老城区', '242', '0', '3', '0');
INSERT INTO `ls_fleaarea` VALUES ('2689', '西工区', '242', '0', '3', '0');
INSERT INTO `ls_fleaarea` VALUES ('2690', '卫东区', '243', '0', '3', '0');
INSERT INTO `ls_fleaarea` VALUES ('2691', '叶县', '243', '0', '3', '0');
INSERT INTO `ls_fleaarea` VALUES ('2692', '宝丰县', '243', '0', '3', '0');
INSERT INTO `ls_fleaarea` VALUES ('2693', '新华区', '243', '0', '3', '0');
INSERT INTO `ls_fleaarea` VALUES ('2694', '汝州', '243', '0', '3', '0');
INSERT INTO `ls_fleaarea` VALUES ('2695', '湛河区', '243', '0', '3', '0');
INSERT INTO `ls_fleaarea` VALUES ('2696', '石龙区', '243', '0', '3', '0');
INSERT INTO `ls_fleaarea` VALUES ('2697', '舞钢', '243', '0', '3', '0');
INSERT INTO `ls_fleaarea` VALUES ('2698', '郏县', '243', '0', '3', '0');
INSERT INTO `ls_fleaarea` VALUES ('2699', '鲁山县', '243', '0', '3', '0');
INSERT INTO `ls_fleaarea` VALUES ('2700', '内黄县', '244', '0', '3', '0');
INSERT INTO `ls_fleaarea` VALUES ('2701', '北关区', '244', '0', '3', '0');
INSERT INTO `ls_fleaarea` VALUES ('2702', '安阳县', '244', '0', '3', '0');
INSERT INTO `ls_fleaarea` VALUES ('2703', '文峰区', '244', '0', '3', '0');
INSERT INTO `ls_fleaarea` VALUES ('2704', '林州', '244', '0', '3', '0');
INSERT INTO `ls_fleaarea` VALUES ('2705', '殷都区', '244', '0', '3', '0');
INSERT INTO `ls_fleaarea` VALUES ('2706', '汤阴县', '244', '0', '3', '0');
INSERT INTO `ls_fleaarea` VALUES ('2707', '滑县', '244', '0', '3', '0');
INSERT INTO `ls_fleaarea` VALUES ('2708', '龙安区', '244', '0', '3', '0');
INSERT INTO `ls_fleaarea` VALUES ('2709', '山城区', '245', '0', '3', '0');
INSERT INTO `ls_fleaarea` VALUES ('2710', '浚县', '245', '0', '3', '0');
INSERT INTO `ls_fleaarea` VALUES ('2711', '淇县', '245', '0', '3', '0');
INSERT INTO `ls_fleaarea` VALUES ('2712', '淇滨区', '245', '0', '3', '0');
INSERT INTO `ls_fleaarea` VALUES ('2713', '鹤山区', '245', '0', '3', '0');
INSERT INTO `ls_fleaarea` VALUES ('2714', '凤泉区', '246', '0', '3', '0');
INSERT INTO `ls_fleaarea` VALUES ('2715', '卫滨区', '246', '0', '3', '0');
INSERT INTO `ls_fleaarea` VALUES ('2716', '卫辉', '246', '0', '3', '0');
INSERT INTO `ls_fleaarea` VALUES ('2717', '原阳县', '246', '0', '3', '0');
INSERT INTO `ls_fleaarea` VALUES ('2718', '封丘县', '246', '0', '3', '0');
INSERT INTO `ls_fleaarea` VALUES ('2719', '延津县', '246', '0', '3', '0');
INSERT INTO `ls_fleaarea` VALUES ('2720', '新乡县', '246', '0', '3', '0');
INSERT INTO `ls_fleaarea` VALUES ('2721', '牧野区', '246', '0', '3', '0');
INSERT INTO `ls_fleaarea` VALUES ('2722', '红旗区', '246', '0', '3', '0');
INSERT INTO `ls_fleaarea` VALUES ('2723', '获嘉县', '246', '0', '3', '0');
INSERT INTO `ls_fleaarea` VALUES ('2724', '辉县', '246', '0', '3', '0');
INSERT INTO `ls_fleaarea` VALUES ('2725', '长垣县', '246', '0', '3', '0');
INSERT INTO `ls_fleaarea` VALUES ('2726', '中站区', '247', '0', '3', '0');
INSERT INTO `ls_fleaarea` VALUES ('2727', '修武县', '247', '0', '3', '0');
INSERT INTO `ls_fleaarea` VALUES ('2728', '博爱县', '247', '0', '3', '0');
INSERT INTO `ls_fleaarea` VALUES ('2729', '孟州', '247', '0', '3', '0');
INSERT INTO `ls_fleaarea` VALUES ('2730', '山阳区', '247', '0', '3', '0');
INSERT INTO `ls_fleaarea` VALUES ('2731', '武陟县', '247', '0', '3', '0');
INSERT INTO `ls_fleaarea` VALUES ('2732', '沁阳', '247', '0', '3', '0');
INSERT INTO `ls_fleaarea` VALUES ('2733', '温县', '247', '0', '3', '0');
INSERT INTO `ls_fleaarea` VALUES ('2734', '解放区', '247', '0', '3', '0');
INSERT INTO `ls_fleaarea` VALUES ('2735', '马村区', '247', '0', '3', '0');
INSERT INTO `ls_fleaarea` VALUES ('2736', '华龙区', '248', '0', '3', '0');
INSERT INTO `ls_fleaarea` VALUES ('2737', '南乐县', '248', '0', '3', '0');
INSERT INTO `ls_fleaarea` VALUES ('2738', '台前县', '248', '0', '3', '0');
INSERT INTO `ls_fleaarea` VALUES ('2739', '清丰县', '248', '0', '3', '0');
INSERT INTO `ls_fleaarea` VALUES ('2740', '濮阳县', '248', '0', '3', '0');
INSERT INTO `ls_fleaarea` VALUES ('2741', '范县', '248', '0', '3', '0');
INSERT INTO `ls_fleaarea` VALUES ('2742', '禹州', '249', '0', '3', '0');
INSERT INTO `ls_fleaarea` VALUES ('2743', '襄城县', '249', '0', '3', '0');
INSERT INTO `ls_fleaarea` VALUES ('2744', '许昌县', '249', '0', '3', '0');
INSERT INTO `ls_fleaarea` VALUES ('2745', '鄢陵县', '249', '0', '3', '0');
INSERT INTO `ls_fleaarea` VALUES ('2746', '长葛', '249', '0', '3', '0');
INSERT INTO `ls_fleaarea` VALUES ('2747', '魏都区', '249', '0', '3', '0');
INSERT INTO `ls_fleaarea` VALUES ('2748', '临颍县', '250', '0', '3', '0');
INSERT INTO `ls_fleaarea` VALUES ('2749', '召陵区', '250', '0', '3', '0');
INSERT INTO `ls_fleaarea` VALUES ('2750', '源汇区', '250', '0', '3', '0');
INSERT INTO `ls_fleaarea` VALUES ('2751', '舞阳县', '250', '0', '3', '0');
INSERT INTO `ls_fleaarea` VALUES ('2752', '郾城区', '250', '0', '3', '0');
INSERT INTO `ls_fleaarea` VALUES ('2753', '义马', '251', '0', '3', '0');
INSERT INTO `ls_fleaarea` VALUES ('2754', '卢氏县', '251', '0', '3', '0');
INSERT INTO `ls_fleaarea` VALUES ('2755', '渑池县', '251', '0', '3', '0');
INSERT INTO `ls_fleaarea` VALUES ('2756', '湖滨区', '251', '0', '3', '0');
INSERT INTO `ls_fleaarea` VALUES ('2757', '灵宝', '251', '0', '3', '0');
INSERT INTO `ls_fleaarea` VALUES ('2758', '陕县', '251', '0', '3', '0');
INSERT INTO `ls_fleaarea` VALUES ('2759', '内乡县', '252', '0', '3', '0');
INSERT INTO `ls_fleaarea` VALUES ('2760', '南召县', '252', '0', '3', '0');
INSERT INTO `ls_fleaarea` VALUES ('2761', '卧龙区', '252', '0', '3', '0');
INSERT INTO `ls_fleaarea` VALUES ('2762', '唐河县', '252', '0', '3', '0');
INSERT INTO `ls_fleaarea` VALUES ('2763', '宛城区', '252', '0', '3', '0');
INSERT INTO `ls_fleaarea` VALUES ('2764', '新野县', '252', '0', '3', '0');
INSERT INTO `ls_fleaarea` VALUES ('2765', '方城县', '252', '0', '3', '0');
INSERT INTO `ls_fleaarea` VALUES ('2766', '桐柏县', '252', '0', '3', '0');
INSERT INTO `ls_fleaarea` VALUES ('2767', '淅川县', '252', '0', '3', '0');
INSERT INTO `ls_fleaarea` VALUES ('2768', '社旗县', '252', '0', '3', '0');
INSERT INTO `ls_fleaarea` VALUES ('2769', '西峡县', '252', '0', '3', '0');
INSERT INTO `ls_fleaarea` VALUES ('2770', '邓州', '252', '0', '3', '0');
INSERT INTO `ls_fleaarea` VALUES ('2771', '镇平县', '252', '0', '3', '0');
INSERT INTO `ls_fleaarea` VALUES ('2772', '夏邑县', '253', '0', '3', '0');
INSERT INTO `ls_fleaarea` VALUES ('2773', '宁陵县', '253', '0', '3', '0');
INSERT INTO `ls_fleaarea` VALUES ('2774', '柘城县', '253', '0', '3', '0');
INSERT INTO `ls_fleaarea` VALUES ('2775', '民权县', '253', '0', '3', '0');
INSERT INTO `ls_fleaarea` VALUES ('2776', '永城', '253', '0', '3', '0');
INSERT INTO `ls_fleaarea` VALUES ('2777', '睢县', '253', '0', '3', '0');
INSERT INTO `ls_fleaarea` VALUES ('2778', '睢阳区', '253', '0', '3', '0');
INSERT INTO `ls_fleaarea` VALUES ('2779', '粱园区', '253', '0', '3', '0');
INSERT INTO `ls_fleaarea` VALUES ('2780', '虞城县', '253', '0', '3', '0');
INSERT INTO `ls_fleaarea` VALUES ('2781', '光山县', '254', '0', '3', '0');
INSERT INTO `ls_fleaarea` VALUES ('2782', '商城县', '254', '0', '3', '0');
INSERT INTO `ls_fleaarea` VALUES ('2783', '固始县', '254', '0', '3', '0');
INSERT INTO `ls_fleaarea` VALUES ('2784', '平桥区', '254', '0', '3', '0');
INSERT INTO `ls_fleaarea` VALUES ('2785', '息县', '254', '0', '3', '0');
INSERT INTO `ls_fleaarea` VALUES ('2786', '新县', '254', '0', '3', '0');
INSERT INTO `ls_fleaarea` VALUES ('2787', '浉河区', '254', '0', '3', '0');
INSERT INTO `ls_fleaarea` VALUES ('2788', '淮滨县', '254', '0', '3', '0');
INSERT INTO `ls_fleaarea` VALUES ('2789', '潢川县', '254', '0', '3', '0');
INSERT INTO `ls_fleaarea` VALUES ('2790', '罗山县', '254', '0', '3', '0');
INSERT INTO `ls_fleaarea` VALUES ('2791', '商水县', '255', '0', '3', '0');
INSERT INTO `ls_fleaarea` VALUES ('2792', '太康县', '255', '0', '3', '0');
INSERT INTO `ls_fleaarea` VALUES ('2793', '川汇区', '255', '0', '3', '0');
INSERT INTO `ls_fleaarea` VALUES ('2794', '扶沟县', '255', '0', '3', '0');
INSERT INTO `ls_fleaarea` VALUES ('2795', '沈丘县', '255', '0', '3', '0');
INSERT INTO `ls_fleaarea` VALUES ('2796', '淮阳县', '255', '0', '3', '0');
INSERT INTO `ls_fleaarea` VALUES ('2797', '西华县', '255', '0', '3', '0');
INSERT INTO `ls_fleaarea` VALUES ('2798', '郸城县', '255', '0', '3', '0');
INSERT INTO `ls_fleaarea` VALUES ('2799', '项城', '255', '0', '3', '0');
INSERT INTO `ls_fleaarea` VALUES ('2800', '鹿邑县', '255', '0', '3', '0');
INSERT INTO `ls_fleaarea` VALUES ('2801', '上蔡县', '256', '0', '3', '0');
INSERT INTO `ls_fleaarea` VALUES ('2802', '平舆县', '256', '0', '3', '0');
INSERT INTO `ls_fleaarea` VALUES ('2803', '新蔡县', '256', '0', '3', '0');
INSERT INTO `ls_fleaarea` VALUES ('2804', '正阳县', '256', '0', '3', '0');
INSERT INTO `ls_fleaarea` VALUES ('2805', '汝南县', '256', '0', '3', '0');
INSERT INTO `ls_fleaarea` VALUES ('2806', '泌阳县', '256', '0', '3', '0');
INSERT INTO `ls_fleaarea` VALUES ('2807', '确山县', '256', '0', '3', '0');
INSERT INTO `ls_fleaarea` VALUES ('2808', '西平县', '256', '0', '3', '0');
INSERT INTO `ls_fleaarea` VALUES ('2809', '遂平县', '256', '0', '3', '0');
INSERT INTO `ls_fleaarea` VALUES ('2810', '驿城区', '256', '0', '3', '0');
INSERT INTO `ls_fleaarea` VALUES ('2811', '济源', '257', '0', '3', '0');
INSERT INTO `ls_fleaarea` VALUES ('2812', '东西湖区', '258', '0', '3', '0');
INSERT INTO `ls_fleaarea` VALUES ('2813', '新洲区', '258', '0', '3', '0');
INSERT INTO `ls_fleaarea` VALUES ('2814', '武昌区', '258', '0', '3', '0');
INSERT INTO `ls_fleaarea` VALUES ('2815', '汉南区', '258', '0', '3', '0');
INSERT INTO `ls_fleaarea` VALUES ('2816', '汉阳区', '258', '0', '3', '0');
INSERT INTO `ls_fleaarea` VALUES ('2817', '江夏区', '258', '0', '3', '0');
INSERT INTO `ls_fleaarea` VALUES ('2818', '江岸区', '258', '0', '3', '0');
INSERT INTO `ls_fleaarea` VALUES ('2819', '江汉区', '258', '0', '3', '0');
INSERT INTO `ls_fleaarea` VALUES ('2820', '洪山区', '258', '0', '3', '0');
INSERT INTO `ls_fleaarea` VALUES ('2821', '硚口区', '258', '0', '3', '0');
INSERT INTO `ls_fleaarea` VALUES ('2822', '蔡甸区', '258', '0', '3', '0');
INSERT INTO `ls_fleaarea` VALUES ('2823', '青山区', '258', '0', '3', '0');
INSERT INTO `ls_fleaarea` VALUES ('2824', '黄陂区', '258', '0', '3', '0');
INSERT INTO `ls_fleaarea` VALUES ('2825', '下陆区', '259', '0', '3', '0');
INSERT INTO `ls_fleaarea` VALUES ('2826', '大冶', '259', '0', '3', '0');
INSERT INTO `ls_fleaarea` VALUES ('2827', '西塞山区', '259', '0', '3', '0');
INSERT INTO `ls_fleaarea` VALUES ('2828', '铁山区', '259', '0', '3', '0');
INSERT INTO `ls_fleaarea` VALUES ('2829', '阳新县', '259', '0', '3', '0');
INSERT INTO `ls_fleaarea` VALUES ('2830', '黄石港区', '259', '0', '3', '0');
INSERT INTO `ls_fleaarea` VALUES ('2831', '丹江口', '260', '0', '3', '0');
INSERT INTO `ls_fleaarea` VALUES ('2832', '张湾区', '260', '0', '3', '0');
INSERT INTO `ls_fleaarea` VALUES ('2833', '房县', '260', '0', '3', '0');
INSERT INTO `ls_fleaarea` VALUES ('2834', '竹山县', '260', '0', '3', '0');
INSERT INTO `ls_fleaarea` VALUES ('2835', '竹溪县', '260', '0', '3', '0');
INSERT INTO `ls_fleaarea` VALUES ('2836', '茅箭区', '260', '0', '3', '0');
INSERT INTO `ls_fleaarea` VALUES ('2837', '郧县', '260', '0', '3', '0');
INSERT INTO `ls_fleaarea` VALUES ('2838', '郧西县', '260', '0', '3', '0');
INSERT INTO `ls_fleaarea` VALUES ('2840', '伍家岗区', '261', '0', '3', '0');
INSERT INTO `ls_fleaarea` VALUES ('2841', '兴山县', '261', '0', '3', '0');
INSERT INTO `ls_fleaarea` VALUES ('2842', '夷陵区', '261', '0', '3', '0');
INSERT INTO `ls_fleaarea` VALUES ('2843', '宜都', '261', '0', '3', '0');
INSERT INTO `ls_fleaarea` VALUES ('2844', '当阳', '261', '0', '3', '0');
INSERT INTO `ls_fleaarea` VALUES ('2845', '枝江', '261', '0', '3', '0');
INSERT INTO `ls_fleaarea` VALUES ('2846', '点军区', '261', '0', '3', '0');
INSERT INTO `ls_fleaarea` VALUES ('2847', '秭归县', '261', '0', '3', '0');
INSERT INTO `ls_fleaarea` VALUES ('2848', '虢亭区', '261', '0', '3', '0');
INSERT INTO `ls_fleaarea` VALUES ('2849', '西陵区', '261', '0', '3', '0');
INSERT INTO `ls_fleaarea` VALUES ('2850', '远安县', '261', '0', '3', '0');
INSERT INTO `ls_fleaarea` VALUES ('2852', '保康县', '262', '0', '3', '0');
INSERT INTO `ls_fleaarea` VALUES ('2853', '南漳县', '262', '0', '3', '0');
INSERT INTO `ls_fleaarea` VALUES ('2854', '宜城', '262', '0', '3', '0');
INSERT INTO `ls_fleaarea` VALUES ('2855', '枣阳', '262', '0', '3', '0');
INSERT INTO `ls_fleaarea` VALUES ('2856', '樊城区', '262', '0', '3', '0');
INSERT INTO `ls_fleaarea` VALUES ('2857', '老河口', '262', '0', '3', '0');
INSERT INTO `ls_fleaarea` VALUES ('2858', '襄城区', '262', '0', '3', '0');
INSERT INTO `ls_fleaarea` VALUES ('2859', '襄阳区', '262', '0', '3', '0');
INSERT INTO `ls_fleaarea` VALUES ('2860', '谷城县', '262', '0', '3', '0');
INSERT INTO `ls_fleaarea` VALUES ('2861', '华容区', '263', '0', '3', '0');
INSERT INTO `ls_fleaarea` VALUES ('2862', '粱子湖', '263', '0', '3', '0');
INSERT INTO `ls_fleaarea` VALUES ('2863', '鄂城区', '263', '0', '3', '0');
INSERT INTO `ls_fleaarea` VALUES ('2864', '东宝区', '264', '0', '3', '0');
INSERT INTO `ls_fleaarea` VALUES ('2865', '京山县', '264', '0', '3', '0');
INSERT INTO `ls_fleaarea` VALUES ('2866', '掇刀区', '264', '0', '3', '0');
INSERT INTO `ls_fleaarea` VALUES ('2867', '沙洋县', '264', '0', '3', '0');
INSERT INTO `ls_fleaarea` VALUES ('2868', '钟祥', '264', '0', '3', '0');
INSERT INTO `ls_fleaarea` VALUES ('2869', '云梦县', '265', '0', '3', '0');
INSERT INTO `ls_fleaarea` VALUES ('2870', '大悟县', '265', '0', '3', '0');
INSERT INTO `ls_fleaarea` VALUES ('2871', '孝南区', '265', '0', '3', '0');
INSERT INTO `ls_fleaarea` VALUES ('2872', '孝昌县', '265', '0', '3', '0');
INSERT INTO `ls_fleaarea` VALUES ('2873', '安陆', '265', '0', '3', '0');
INSERT INTO `ls_fleaarea` VALUES ('2874', '应城', '265', '0', '3', '0');
INSERT INTO `ls_fleaarea` VALUES ('2875', '汉川', '265', '0', '3', '0');
INSERT INTO `ls_fleaarea` VALUES ('2876', '公安县', '266', '0', '3', '0');
INSERT INTO `ls_fleaarea` VALUES ('2877', '松滋', '266', '0', '3', '0');
INSERT INTO `ls_fleaarea` VALUES ('2878', '江陵县', '266', '0', '3', '0');
INSERT INTO `ls_fleaarea` VALUES ('2879', '沙市区', '266', '0', '3', '0');
INSERT INTO `ls_fleaarea` VALUES ('2880', '洪湖', '266', '0', '3', '0');
INSERT INTO `ls_fleaarea` VALUES ('2881', '监利县', '266', '0', '3', '0');
INSERT INTO `ls_fleaarea` VALUES ('2882', '石首', '266', '0', '3', '0');
INSERT INTO `ls_fleaarea` VALUES ('2883', '荆州区', '266', '0', '3', '0');
INSERT INTO `ls_fleaarea` VALUES ('2884', '团风县', '267', '0', '3', '0');
INSERT INTO `ls_fleaarea` VALUES ('2885', '武穴', '267', '0', '3', '0');
INSERT INTO `ls_fleaarea` VALUES ('2886', '浠水县', '267', '0', '3', '0');
INSERT INTO `ls_fleaarea` VALUES ('2887', '红安县', '267', '0', '3', '0');
INSERT INTO `ls_fleaarea` VALUES ('2888', '罗田县', '267', '0', '3', '0');
INSERT INTO `ls_fleaarea` VALUES ('2889', '英山县', '267', '0', '3', '0');
INSERT INTO `ls_fleaarea` VALUES ('2890', '蕲春县', '267', '0', '3', '0');
INSERT INTO `ls_fleaarea` VALUES ('2891', '麻城', '267', '0', '3', '0');
INSERT INTO `ls_fleaarea` VALUES ('2892', '黄州区', '267', '0', '3', '0');
INSERT INTO `ls_fleaarea` VALUES ('2893', '黄梅县', '267', '0', '3', '0');
INSERT INTO `ls_fleaarea` VALUES ('2894', '咸安区', '268', '0', '3', '0');
INSERT INTO `ls_fleaarea` VALUES ('2895', '嘉鱼县', '268', '0', '3', '0');
INSERT INTO `ls_fleaarea` VALUES ('2896', '崇阳县', '268', '0', '3', '0');
INSERT INTO `ls_fleaarea` VALUES ('2897', '赤壁', '268', '0', '3', '0');
INSERT INTO `ls_fleaarea` VALUES ('2898', '通城县', '268', '0', '3', '0');
INSERT INTO `ls_fleaarea` VALUES ('2899', '通山县', '268', '0', '3', '0');
INSERT INTO `ls_fleaarea` VALUES ('2900', '广水', '269', '0', '3', '0');
INSERT INTO `ls_fleaarea` VALUES ('2901', '曾都区', '269', '0', '3', '0');
INSERT INTO `ls_fleaarea` VALUES ('2902', '利川', '270', '0', '3', '0');
INSERT INTO `ls_fleaarea` VALUES ('2903', '咸丰县', '270', '0', '3', '0');
INSERT INTO `ls_fleaarea` VALUES ('2904', '宣恩县', '270', '0', '3', '0');
INSERT INTO `ls_fleaarea` VALUES ('2905', '巴东县', '270', '0', '3', '0');
INSERT INTO `ls_fleaarea` VALUES ('2906', '建始县', '270', '0', '3', '0');
INSERT INTO `ls_fleaarea` VALUES ('2907', '恩施', '270', '0', '3', '0');
INSERT INTO `ls_fleaarea` VALUES ('2908', '来凤县', '270', '0', '3', '0');
INSERT INTO `ls_fleaarea` VALUES ('2909', '鹤峰县', '270', '0', '3', '0');
INSERT INTO `ls_fleaarea` VALUES ('2910', '仙桃', '271', '0', '3', '0');
INSERT INTO `ls_fleaarea` VALUES ('2911', '潜江', '272', '0', '3', '0');
INSERT INTO `ls_fleaarea` VALUES ('2912', '天门', '273', '0', '3', '0');
INSERT INTO `ls_fleaarea` VALUES ('2914', '天心区', '275', '0', '3', '0');
INSERT INTO `ls_fleaarea` VALUES ('2915', '宁乡县', '275', '0', '3', '0');
INSERT INTO `ls_fleaarea` VALUES ('2916', '岳麓区', '275', '0', '3', '0');
INSERT INTO `ls_fleaarea` VALUES ('2917', '开福区', '275', '0', '3', '0');
INSERT INTO `ls_fleaarea` VALUES ('2918', '望城县', '275', '0', '3', '0');
INSERT INTO `ls_fleaarea` VALUES ('2919', '浏阳', '275', '0', '3', '0');
INSERT INTO `ls_fleaarea` VALUES ('2920', '芙蓉区', '275', '0', '3', '0');
INSERT INTO `ls_fleaarea` VALUES ('2921', '长沙县', '275', '0', '3', '0');
INSERT INTO `ls_fleaarea` VALUES ('2922', '雨花区', '275', '0', '3', '0');
INSERT INTO `ls_fleaarea` VALUES ('2923', '天元区', '276', '0', '3', '0');
INSERT INTO `ls_fleaarea` VALUES ('2924', '攸县', '276', '0', '3', '0');
INSERT INTO `ls_fleaarea` VALUES ('2925', '株洲县', '276', '0', '3', '0');
INSERT INTO `ls_fleaarea` VALUES ('2926', '炎陵县', '276', '0', '3', '0');
INSERT INTO `ls_fleaarea` VALUES ('2927', '石峰区', '276', '0', '3', '0');
INSERT INTO `ls_fleaarea` VALUES ('2928', '芦淞区', '276', '0', '3', '0');
INSERT INTO `ls_fleaarea` VALUES ('2929', '茶陵县', '276', '0', '3', '0');
INSERT INTO `ls_fleaarea` VALUES ('2930', '荷塘区', '276', '0', '3', '0');
INSERT INTO `ls_fleaarea` VALUES ('2931', '醴陵', '276', '0', '3', '0');
INSERT INTO `ls_fleaarea` VALUES ('2932', '岳塘区', '277', '0', '3', '0');
INSERT INTO `ls_fleaarea` VALUES ('2933', '湘乡', '277', '0', '3', '0');
INSERT INTO `ls_fleaarea` VALUES ('2934', '湘潭县', '277', '0', '3', '0');
INSERT INTO `ls_fleaarea` VALUES ('2935', '雨湖区', '277', '0', '3', '0');
INSERT INTO `ls_fleaarea` VALUES ('2936', '韶山', '277', '0', '3', '0');
INSERT INTO `ls_fleaarea` VALUES ('2937', '南岳区', '278', '0', '3', '0');
INSERT INTO `ls_fleaarea` VALUES ('2938', '常宁', '278', '0', '3', '0');
INSERT INTO `ls_fleaarea` VALUES ('2939', '珠晖区', '278', '0', '3', '0');
INSERT INTO `ls_fleaarea` VALUES ('2940', '石鼓区', '278', '0', '3', '0');
INSERT INTO `ls_fleaarea` VALUES ('2941', '祁东县', '278', '0', '3', '0');
INSERT INTO `ls_fleaarea` VALUES ('2942', '耒阳', '278', '0', '3', '0');
INSERT INTO `ls_fleaarea` VALUES ('2943', '蒸湘区', '278', '0', '3', '0');
INSERT INTO `ls_fleaarea` VALUES ('2944', '衡东县', '278', '0', '3', '0');
INSERT INTO `ls_fleaarea` VALUES ('2945', '衡南县', '278', '0', '3', '0');
INSERT INTO `ls_fleaarea` VALUES ('2946', '衡山县', '278', '0', '3', '0');
INSERT INTO `ls_fleaarea` VALUES ('2947', '衡阳县', '278', '0', '3', '0');
INSERT INTO `ls_fleaarea` VALUES ('2948', '雁峰区', '278', '0', '3', '0');
INSERT INTO `ls_fleaarea` VALUES ('2949', '北塔区', '279', '0', '3', '0');
INSERT INTO `ls_fleaarea` VALUES ('2950', '双清区', '279', '0', '3', '0');
INSERT INTO `ls_fleaarea` VALUES ('2952', '大祥区', '279', '0', '3', '0');
INSERT INTO `ls_fleaarea` VALUES ('2953', '新宁县', '279', '0', '3', '0');
INSERT INTO `ls_fleaarea` VALUES ('2954', '新邵县', '279', '0', '3', '0');
INSERT INTO `ls_fleaarea` VALUES ('2955', '武冈', '279', '0', '3', '0');
INSERT INTO `ls_fleaarea` VALUES ('2956', '洞口县', '279', '0', '3', '0');
INSERT INTO `ls_fleaarea` VALUES ('2957', '绥宁县', '279', '0', '3', '0');
INSERT INTO `ls_fleaarea` VALUES ('2958', '邵东县', '279', '0', '3', '0');
INSERT INTO `ls_fleaarea` VALUES ('2959', '邵阳县', '279', '0', '3', '0');
INSERT INTO `ls_fleaarea` VALUES ('2960', '隆回县', '279', '0', '3', '0');
INSERT INTO `ls_fleaarea` VALUES ('2961', '临湘', '280', '0', '3', '0');
INSERT INTO `ls_fleaarea` VALUES ('2962', '云溪区', '280', '0', '3', '0');
INSERT INTO `ls_fleaarea` VALUES ('2963', '华容县', '280', '0', '3', '0');
INSERT INTO `ls_fleaarea` VALUES ('2964', '君山区', '280', '0', '3', '0');
INSERT INTO `ls_fleaarea` VALUES ('2965', '岳阳县', '280', '0', '3', '0');
INSERT INTO `ls_fleaarea` VALUES ('2966', '岳阳楼区', '280', '0', '3', '0');
INSERT INTO `ls_fleaarea` VALUES ('2967', '平江县', '280', '0', '3', '0');
INSERT INTO `ls_fleaarea` VALUES ('2968', '汨罗', '280', '0', '3', '0');
INSERT INTO `ls_fleaarea` VALUES ('2969', '湘阴县', '280', '0', '3', '0');
INSERT INTO `ls_fleaarea` VALUES ('2970', '临澧县', '281', '0', '3', '0');
INSERT INTO `ls_fleaarea` VALUES ('2971', '安乡县', '281', '0', '3', '0');
INSERT INTO `ls_fleaarea` VALUES ('2972', '桃源县', '281', '0', '3', '0');
INSERT INTO `ls_fleaarea` VALUES ('2973', '武陵区', '281', '0', '3', '0');
INSERT INTO `ls_fleaarea` VALUES ('2974', '汉寿县', '281', '0', '3', '0');
INSERT INTO `ls_fleaarea` VALUES ('2975', '津市', '281', '0', '3', '0');
INSERT INTO `ls_fleaarea` VALUES ('2976', '澧县', '281', '0', '3', '0');
INSERT INTO `ls_fleaarea` VALUES ('2977', '石门县', '281', '0', '3', '0');
INSERT INTO `ls_fleaarea` VALUES ('2978', '鼎城区', '281', '0', '3', '0');
INSERT INTO `ls_fleaarea` VALUES ('2979', '慈利县', '282', '0', '3', '0');
INSERT INTO `ls_fleaarea` VALUES ('2980', '桑植县', '282', '0', '3', '0');
INSERT INTO `ls_fleaarea` VALUES ('2981', '武陵源区', '282', '0', '3', '0');
INSERT INTO `ls_fleaarea` VALUES ('2982', '永定区', '282', '0', '3', '0');
INSERT INTO `ls_fleaarea` VALUES ('2983', '南县', '283', '0', '3', '0');
INSERT INTO `ls_fleaarea` VALUES ('2984', '安化县', '283', '0', '3', '0');
INSERT INTO `ls_fleaarea` VALUES ('2985', '桃江县', '283', '0', '3', '0');
INSERT INTO `ls_fleaarea` VALUES ('2986', '沅江', '283', '0', '3', '0');
INSERT INTO `ls_fleaarea` VALUES ('2987', '资阳区', '283', '0', '3', '0');
INSERT INTO `ls_fleaarea` VALUES ('2988', '赫山区', '283', '0', '3', '0');
INSERT INTO `ls_fleaarea` VALUES ('2989', '临武县', '284', '0', '3', '0');
INSERT INTO `ls_fleaarea` VALUES ('2990', '北湖区', '284', '0', '3', '0');
INSERT INTO `ls_fleaarea` VALUES ('2991', '嘉禾县', '284', '0', '3', '0');
INSERT INTO `ls_fleaarea` VALUES ('2992', '安仁县', '284', '0', '3', '0');
INSERT INTO `ls_fleaarea` VALUES ('2993', '宜章县', '284', '0', '3', '0');
INSERT INTO `ls_fleaarea` VALUES ('2994', '桂东县', '284', '0', '3', '0');
INSERT INTO `ls_fleaarea` VALUES ('2995', '桂阳县', '284', '0', '3', '0');
INSERT INTO `ls_fleaarea` VALUES ('2996', '永兴县', '284', '0', '3', '0');
INSERT INTO `ls_fleaarea` VALUES ('2997', '汝城县', '284', '0', '3', '0');
INSERT INTO `ls_fleaarea` VALUES ('2998', '苏仙区', '284', '0', '3', '0');
INSERT INTO `ls_fleaarea` VALUES ('2999', '资兴', '284', '0', '3', '0');
INSERT INTO `ls_fleaarea` VALUES ('3000', '东安县', '285', '0', '3', '0');
INSERT INTO `ls_fleaarea` VALUES ('3001', '冷水滩区', '285', '0', '3', '0');
INSERT INTO `ls_fleaarea` VALUES ('3002', '双牌县', '285', '0', '3', '0');
INSERT INTO `ls_fleaarea` VALUES ('3003', '宁远县', '285', '0', '3', '0');
INSERT INTO `ls_fleaarea` VALUES ('3004', '新田县', '285', '0', '3', '0');
INSERT INTO `ls_fleaarea` VALUES ('3006', '江永县', '285', '0', '3', '0');
INSERT INTO `ls_fleaarea` VALUES ('3007', '祁阳县', '285', '0', '3', '0');
INSERT INTO `ls_fleaarea` VALUES ('3008', '蓝山县', '285', '0', '3', '0');
INSERT INTO `ls_fleaarea` VALUES ('3009', '道县', '285', '0', '3', '0');
INSERT INTO `ls_fleaarea` VALUES ('3010', '零陵区', '285', '0', '3', '0');
INSERT INTO `ls_fleaarea` VALUES ('3011', '中方县', '286', '0', '3', '0');
INSERT INTO `ls_fleaarea` VALUES ('3012', '会同县', '286', '0', '3', '0');
INSERT INTO `ls_fleaarea` VALUES ('3014', '沅陵县', '286', '0', '3', '0');
INSERT INTO `ls_fleaarea` VALUES ('3016', '溆浦县', '286', '0', '3', '0');
INSERT INTO `ls_fleaarea` VALUES ('3021', '鹤城区', '286', '0', '3', '0');
INSERT INTO `ls_fleaarea` VALUES ('3023', '冷水江', '287', '0', '3', '0');
INSERT INTO `ls_fleaarea` VALUES ('3024', '双峰县', '287', '0', '3', '0');
INSERT INTO `ls_fleaarea` VALUES ('3025', '娄星区', '287', '0', '3', '0');
INSERT INTO `ls_fleaarea` VALUES ('3026', '新化县', '287', '0', '3', '0');
INSERT INTO `ls_fleaarea` VALUES ('3027', '涟源', '287', '0', '3', '0');
INSERT INTO `ls_fleaarea` VALUES ('3028', '保靖县', '288', '0', '3', '0');
INSERT INTO `ls_fleaarea` VALUES ('3029', '凤凰县', '288', '0', '3', '0');
INSERT INTO `ls_fleaarea` VALUES ('3030', '古丈县', '288', '0', '3', '0');
INSERT INTO `ls_fleaarea` VALUES ('3031', '吉首', '288', '0', '3', '0');
INSERT INTO `ls_fleaarea` VALUES ('3032', '永顺县', '288', '0', '3', '0');
INSERT INTO `ls_fleaarea` VALUES ('3033', '泸溪县', '288', '0', '3', '0');
INSERT INTO `ls_fleaarea` VALUES ('3034', '花垣县', '288', '0', '3', '0');
INSERT INTO `ls_fleaarea` VALUES ('3035', '龙山县', '288', '0', '3', '0');
INSERT INTO `ls_fleaarea` VALUES ('3036', '萝岗区', '289', '0', '3', '0');
INSERT INTO `ls_fleaarea` VALUES ('3037', '南沙区', '289', '0', '3', '0');
INSERT INTO `ls_fleaarea` VALUES ('3038', '从化', '289', '0', '3', '0');
INSERT INTO `ls_fleaarea` VALUES ('3039', '增城', '289', '0', '3', '0');
INSERT INTO `ls_fleaarea` VALUES ('3040', '天河区', '289', '0', '3', '0');
INSERT INTO `ls_fleaarea` VALUES ('3041', '海珠区', '289', '0', '3', '0');
INSERT INTO `ls_fleaarea` VALUES ('3042', '番禺区', '289', '0', '3', '0');
INSERT INTO `ls_fleaarea` VALUES ('3043', '白云区', '289', '0', '3', '0');
INSERT INTO `ls_fleaarea` VALUES ('3044', '花都区', '289', '0', '3', '0');
INSERT INTO `ls_fleaarea` VALUES ('3045', '荔湾区', '289', '0', '3', '0');
INSERT INTO `ls_fleaarea` VALUES ('3046', '越秀区', '289', '0', '3', '0');
INSERT INTO `ls_fleaarea` VALUES ('3047', '黄埔区', '289', '0', '3', '0');
INSERT INTO `ls_fleaarea` VALUES ('3048', '乐昌', '290', '0', '3', '0');
INSERT INTO `ls_fleaarea` VALUES ('3050', '仁化县', '290', '0', '3', '0');
INSERT INTO `ls_fleaarea` VALUES ('3051', '南雄', '290', '0', '3', '0');
INSERT INTO `ls_fleaarea` VALUES ('3052', '始兴县', '290', '0', '3', '0');
INSERT INTO `ls_fleaarea` VALUES ('3053', '新丰县', '290', '0', '3', '0');
INSERT INTO `ls_fleaarea` VALUES ('3054', '曲江区', '290', '0', '3', '0');
INSERT INTO `ls_fleaarea` VALUES ('3055', '武江区', '290', '0', '3', '0');
INSERT INTO `ls_fleaarea` VALUES ('3056', '浈江区', '290', '0', '3', '0');
INSERT INTO `ls_fleaarea` VALUES ('3057', '翁源县', '290', '0', '3', '0');
INSERT INTO `ls_fleaarea` VALUES ('3058', '南山区', '291', '0', '3', '0');
INSERT INTO `ls_fleaarea` VALUES ('3059', '宝安区', '291', '0', '3', '0');
INSERT INTO `ls_fleaarea` VALUES ('3060', '盐田区', '291', '0', '3', '0');
INSERT INTO `ls_fleaarea` VALUES ('3061', '福田区', '291', '0', '3', '0');
INSERT INTO `ls_fleaarea` VALUES ('3062', '罗湖区', '291', '0', '3', '0');
INSERT INTO `ls_fleaarea` VALUES ('3063', '龙岗区', '291', '0', '3', '0');
INSERT INTO `ls_fleaarea` VALUES ('3064', '斗门区', '292', '0', '3', '0');
INSERT INTO `ls_fleaarea` VALUES ('3065', '金湾区', '292', '0', '3', '0');
INSERT INTO `ls_fleaarea` VALUES ('3066', '香洲区', '292', '0', '3', '0');
INSERT INTO `ls_fleaarea` VALUES ('3067', '南澳县', '293', '0', '3', '0');
INSERT INTO `ls_fleaarea` VALUES ('3068', '潮南区', '293', '0', '3', '0');
INSERT INTO `ls_fleaarea` VALUES ('3069', '潮阳区', '293', '0', '3', '0');
INSERT INTO `ls_fleaarea` VALUES ('3070', '澄海区', '293', '0', '3', '0');
INSERT INTO `ls_fleaarea` VALUES ('3071', '濠江区', '293', '0', '3', '0');
INSERT INTO `ls_fleaarea` VALUES ('3072', '金平区', '293', '0', '3', '0');
INSERT INTO `ls_fleaarea` VALUES ('3073', '龙湖区', '293', '0', '3', '0');
INSERT INTO `ls_fleaarea` VALUES ('3074', '三水区', '294', '0', '3', '0');
INSERT INTO `ls_fleaarea` VALUES ('3075', '南海区', '294', '0', '3', '0');
INSERT INTO `ls_fleaarea` VALUES ('3076', '禅城区', '294', '0', '3', '0');
INSERT INTO `ls_fleaarea` VALUES ('3077', '顺德区', '294', '0', '3', '0');
INSERT INTO `ls_fleaarea` VALUES ('3078', '高明区', '294', '0', '3', '0');
INSERT INTO `ls_fleaarea` VALUES ('3079', '台山', '295', '0', '3', '0');
INSERT INTO `ls_fleaarea` VALUES ('3080', '开平', '295', '0', '3', '0');
INSERT INTO `ls_fleaarea` VALUES ('3081', '恩平', '295', '0', '3', '0');
INSERT INTO `ls_fleaarea` VALUES ('3082', '新会区', '295', '0', '3', '0');
INSERT INTO `ls_fleaarea` VALUES ('3083', '江海区', '295', '0', '3', '0');
INSERT INTO `ls_fleaarea` VALUES ('3084', '蓬江区', '295', '0', '3', '0');
INSERT INTO `ls_fleaarea` VALUES ('3085', '鹤山', '295', '0', '3', '0');
INSERT INTO `ls_fleaarea` VALUES ('3086', '吴川', '296', '0', '3', '0');
INSERT INTO `ls_fleaarea` VALUES ('3087', '坡头区', '296', '0', '3', '0');
INSERT INTO `ls_fleaarea` VALUES ('3088', '廉江', '296', '0', '3', '0');
INSERT INTO `ls_fleaarea` VALUES ('3089', '徐闻县', '296', '0', '3', '0');
INSERT INTO `ls_fleaarea` VALUES ('3090', '赤坎区', '296', '0', '3', '0');
INSERT INTO `ls_fleaarea` VALUES ('3091', '遂溪县', '296', '0', '3', '0');
INSERT INTO `ls_fleaarea` VALUES ('3092', '雷州', '296', '0', '3', '0');
INSERT INTO `ls_fleaarea` VALUES ('3093', '霞山区', '296', '0', '3', '0');
INSERT INTO `ls_fleaarea` VALUES ('3094', '麻章区', '296', '0', '3', '0');
INSERT INTO `ls_fleaarea` VALUES ('3095', '信宜', '297', '0', '3', '0');
INSERT INTO `ls_fleaarea` VALUES ('3096', '化州', '297', '0', '3', '0');
INSERT INTO `ls_fleaarea` VALUES ('3097', '电白县', '297', '0', '3', '0');
INSERT INTO `ls_fleaarea` VALUES ('3098', '茂南区', '297', '0', '3', '0');
INSERT INTO `ls_fleaarea` VALUES ('3099', '茂港区', '297', '0', '3', '0');
INSERT INTO `ls_fleaarea` VALUES ('3100', '高州', '297', '0', '3', '0');
INSERT INTO `ls_fleaarea` VALUES ('3101', '四会', '298', '0', '3', '0');
INSERT INTO `ls_fleaarea` VALUES ('3102', '封开县', '298', '0', '3', '0');
INSERT INTO `ls_fleaarea` VALUES ('3103', '广宁县', '298', '0', '3', '0');
INSERT INTO `ls_fleaarea` VALUES ('3104', '德庆县', '298', '0', '3', '0');
INSERT INTO `ls_fleaarea` VALUES ('3105', '怀集县', '298', '0', '3', '0');
INSERT INTO `ls_fleaarea` VALUES ('3106', '端州区', '298', '0', '3', '0');
INSERT INTO `ls_fleaarea` VALUES ('3107', '高要', '298', '0', '3', '0');
INSERT INTO `ls_fleaarea` VALUES ('3108', '鼎湖区', '298', '0', '3', '0');
INSERT INTO `ls_fleaarea` VALUES ('3109', '博罗县', '299', '0', '3', '0');
INSERT INTO `ls_fleaarea` VALUES ('3110', '惠东县', '299', '0', '3', '0');
INSERT INTO `ls_fleaarea` VALUES ('3111', '惠城区', '299', '0', '3', '0');
INSERT INTO `ls_fleaarea` VALUES ('3112', '惠阳区', '299', '0', '3', '0');
INSERT INTO `ls_fleaarea` VALUES ('3113', '龙门县', '299', '0', '3', '0');
INSERT INTO `ls_fleaarea` VALUES ('3114', '丰顺县', '300', '0', '3', '0');
INSERT INTO `ls_fleaarea` VALUES ('3115', '五华县', '300', '0', '3', '0');
INSERT INTO `ls_fleaarea` VALUES ('3116', '兴宁', '300', '0', '3', '0');
INSERT INTO `ls_fleaarea` VALUES ('3117', '大埔县', '300', '0', '3', '0');
INSERT INTO `ls_fleaarea` VALUES ('3118', '平远县', '300', '0', '3', '0');
INSERT INTO `ls_fleaarea` VALUES ('3119', '梅县', '300', '0', '3', '0');
INSERT INTO `ls_fleaarea` VALUES ('3120', '梅江区', '300', '0', '3', '0');
INSERT INTO `ls_fleaarea` VALUES ('3121', '蕉岭县', '300', '0', '3', '0');
INSERT INTO `ls_fleaarea` VALUES ('3122', '城区', '301', '0', '3', '0');
INSERT INTO `ls_fleaarea` VALUES ('3123', '海丰县', '301', '0', '3', '0');
INSERT INTO `ls_fleaarea` VALUES ('3124', '陆丰', '301', '0', '3', '0');
INSERT INTO `ls_fleaarea` VALUES ('3125', '陆河县', '301', '0', '3', '0');
INSERT INTO `ls_fleaarea` VALUES ('3126', '东源县', '302', '0', '3', '0');
INSERT INTO `ls_fleaarea` VALUES ('3127', '和平县', '302', '0', '3', '0');
INSERT INTO `ls_fleaarea` VALUES ('3128', '源城区', '302', '0', '3', '0');
INSERT INTO `ls_fleaarea` VALUES ('3129', '紫金县', '302', '0', '3', '0');
INSERT INTO `ls_fleaarea` VALUES ('3130', '连平县', '302', '0', '3', '0');
INSERT INTO `ls_fleaarea` VALUES ('3131', '龙川县', '302', '0', '3', '0');
INSERT INTO `ls_fleaarea` VALUES ('3132', '江城区', '303', '0', '3', '0');
INSERT INTO `ls_fleaarea` VALUES ('3133', '阳东县', '303', '0', '3', '0');
INSERT INTO `ls_fleaarea` VALUES ('3134', '阳春', '303', '0', '3', '0');
INSERT INTO `ls_fleaarea` VALUES ('3135', '阳西县', '303', '0', '3', '0');
INSERT INTO `ls_fleaarea` VALUES ('3136', '佛冈县', '304', '0', '3', '0');
INSERT INTO `ls_fleaarea` VALUES ('3137', '清城区', '304', '0', '3', '0');
INSERT INTO `ls_fleaarea` VALUES ('3138', '清新县', '304', '0', '3', '0');
INSERT INTO `ls_fleaarea` VALUES ('3139', '英德', '304', '0', '3', '0');
INSERT INTO `ls_fleaarea` VALUES ('3142', '连州', '304', '0', '3', '0');
INSERT INTO `ls_fleaarea` VALUES ('3143', '阳山县', '304', '0', '3', '0');
INSERT INTO `ls_fleaarea` VALUES ('3144', '东莞', '305', '0', '3', '0');
INSERT INTO `ls_fleaarea` VALUES ('3145', '中山', '306', '0', '3', '0');
INSERT INTO `ls_fleaarea` VALUES ('3146', '湘桥区', '307', '0', '3', '0');
INSERT INTO `ls_fleaarea` VALUES ('3147', '潮安县', '307', '0', '3', '0');
INSERT INTO `ls_fleaarea` VALUES ('3148', '饶平县', '307', '0', '3', '0');
INSERT INTO `ls_fleaarea` VALUES ('3149', '惠来县', '308', '0', '3', '0');
INSERT INTO `ls_fleaarea` VALUES ('3150', '揭东县', '308', '0', '3', '0');
INSERT INTO `ls_fleaarea` VALUES ('3151', '揭西县', '308', '0', '3', '0');
INSERT INTO `ls_fleaarea` VALUES ('3152', '普宁', '308', '0', '3', '0');
INSERT INTO `ls_fleaarea` VALUES ('3153', '榕城区', '308', '0', '3', '0');
INSERT INTO `ls_fleaarea` VALUES ('3154', '云城区', '309', '0', '3', '0');
INSERT INTO `ls_fleaarea` VALUES ('3155', '云安县', '309', '0', '3', '0');
INSERT INTO `ls_fleaarea` VALUES ('3156', '新兴县', '309', '0', '3', '0');
INSERT INTO `ls_fleaarea` VALUES ('3157', '罗定', '309', '0', '3', '0');
INSERT INTO `ls_fleaarea` VALUES ('3158', '郁南县', '309', '0', '3', '0');
INSERT INTO `ls_fleaarea` VALUES ('3159', '上林县', '310', '0', '3', '0');
INSERT INTO `ls_fleaarea` VALUES ('3160', '兴宁区', '310', '0', '3', '0');
INSERT INTO `ls_fleaarea` VALUES ('3161', '宾阳县', '310', '0', '3', '0');
INSERT INTO `ls_fleaarea` VALUES ('3162', '横县', '310', '0', '3', '0');
INSERT INTO `ls_fleaarea` VALUES ('3163', '武鸣县', '310', '0', '3', '0');
INSERT INTO `ls_fleaarea` VALUES ('3164', '江南区', '310', '0', '3', '0');
INSERT INTO `ls_fleaarea` VALUES ('3165', '良庆区', '310', '0', '3', '0');
INSERT INTO `ls_fleaarea` VALUES ('3166', '西乡塘区', '310', '0', '3', '0');
INSERT INTO `ls_fleaarea` VALUES ('3167', '邕宁区', '310', '0', '3', '0');
INSERT INTO `ls_fleaarea` VALUES ('3168', '隆安县', '310', '0', '3', '0');
INSERT INTO `ls_fleaarea` VALUES ('3169', '青秀区', '310', '0', '3', '0');
INSERT INTO `ls_fleaarea` VALUES ('3170', '马山县', '310', '0', '3', '0');
INSERT INTO `ls_fleaarea` VALUES ('3171', '三江', '311', '0', '3', '0');
INSERT INTO `ls_fleaarea` VALUES ('3172', '城中区', '311', '0', '3', '0');
INSERT INTO `ls_fleaarea` VALUES ('3173', '柳北区', '311', '0', '3', '0');
INSERT INTO `ls_fleaarea` VALUES ('3174', '柳南区', '311', '0', '3', '0');
INSERT INTO `ls_fleaarea` VALUES ('3175', '柳城县', '311', '0', '3', '0');
INSERT INTO `ls_fleaarea` VALUES ('3176', '柳江县', '311', '0', '3', '0');
INSERT INTO `ls_fleaarea` VALUES ('3177', '融安县', '311', '0', '3', '0');
INSERT INTO `ls_fleaarea` VALUES ('3178', '融水', '311', '0', '3', '0');
INSERT INTO `ls_fleaarea` VALUES ('3179', '鱼峰区', '311', '0', '3', '0');
INSERT INTO `ls_fleaarea` VALUES ('3180', '鹿寨县', '311', '0', '3', '0');
INSERT INTO `ls_fleaarea` VALUES ('3181', '七星区', '312', '0', '3', '0');
INSERT INTO `ls_fleaarea` VALUES ('3182', '临桂县', '312', '0', '3', '0');
INSERT INTO `ls_fleaarea` VALUES ('3183', '全州县', '312', '0', '3', '0');
INSERT INTO `ls_fleaarea` VALUES ('3184', '兴安县', '312', '0', '3', '0');
INSERT INTO `ls_fleaarea` VALUES ('3185', '叠彩区', '312', '0', '3', '0');
INSERT INTO `ls_fleaarea` VALUES ('3186', '平乐县', '312', '0', '3', '0');
INSERT INTO `ls_fleaarea` VALUES ('3187', '恭城', '312', '0', '3', '0');
INSERT INTO `ls_fleaarea` VALUES ('3188', '永福县', '312', '0', '3', '0');
INSERT INTO `ls_fleaarea` VALUES ('3189', '灌阳县', '312', '0', '3', '0');
INSERT INTO `ls_fleaarea` VALUES ('3190', '灵川县', '312', '0', '3', '0');
INSERT INTO `ls_fleaarea` VALUES ('3191', '秀峰区', '312', '0', '3', '0');
INSERT INTO `ls_fleaarea` VALUES ('3192', '荔浦县', '312', '0', '3', '0');
INSERT INTO `ls_fleaarea` VALUES ('3193', '象山区', '312', '0', '3', '0');
INSERT INTO `ls_fleaarea` VALUES ('3194', '资源县', '312', '0', '3', '0');
INSERT INTO `ls_fleaarea` VALUES ('3195', '阳朔县', '312', '0', '3', '0');
INSERT INTO `ls_fleaarea` VALUES ('3196', '雁山区', '312', '0', '3', '0');
INSERT INTO `ls_fleaarea` VALUES ('3197', '龙胜', '312', '0', '3', '0');
INSERT INTO `ls_fleaarea` VALUES ('3198', '万秀区', '313', '0', '3', '0');
INSERT INTO `ls_fleaarea` VALUES ('3199', '岑溪', '313', '0', '3', '0');
INSERT INTO `ls_fleaarea` VALUES ('3200', '苍梧县', '313', '0', '3', '0');
INSERT INTO `ls_fleaarea` VALUES ('3201', '蒙山县', '313', '0', '3', '0');
INSERT INTO `ls_fleaarea` VALUES ('3202', '藤县', '313', '0', '3', '0');
INSERT INTO `ls_fleaarea` VALUES ('3203', '蝶山区', '313', '0', '3', '0');
INSERT INTO `ls_fleaarea` VALUES ('3204', '长洲区', '313', '0', '3', '0');
INSERT INTO `ls_fleaarea` VALUES ('3205', '合浦县', '314', '0', '3', '0');
INSERT INTO `ls_fleaarea` VALUES ('3206', '海城区', '314', '0', '3', '0');
INSERT INTO `ls_fleaarea` VALUES ('3207', '铁山港区', '314', '0', '3', '0');
INSERT INTO `ls_fleaarea` VALUES ('3208', '银海区', '314', '0', '3', '0');
INSERT INTO `ls_fleaarea` VALUES ('3209', '上思县', '315', '0', '3', '0');
INSERT INTO `ls_fleaarea` VALUES ('3210', '东兴', '315', '0', '3', '0');
INSERT INTO `ls_fleaarea` VALUES ('3211', '港口区', '315', '0', '3', '0');
INSERT INTO `ls_fleaarea` VALUES ('3212', '防城区', '315', '0', '3', '0');
INSERT INTO `ls_fleaarea` VALUES ('3213', '浦北县', '316', '0', '3', '0');
INSERT INTO `ls_fleaarea` VALUES ('3214', '灵山县', '316', '0', '3', '0');
INSERT INTO `ls_fleaarea` VALUES ('3215', '钦北区', '316', '0', '3', '0');
INSERT INTO `ls_fleaarea` VALUES ('3216', '钦南区', '316', '0', '3', '0');
INSERT INTO `ls_fleaarea` VALUES ('3217', '平南县', '317', '0', '3', '0');
INSERT INTO `ls_fleaarea` VALUES ('3218', '桂平', '317', '0', '3', '0');
INSERT INTO `ls_fleaarea` VALUES ('3219', '港北区', '317', '0', '3', '0');
INSERT INTO `ls_fleaarea` VALUES ('3220', '港南区', '317', '0', '3', '0');
INSERT INTO `ls_fleaarea` VALUES ('3221', '覃塘区', '317', '0', '3', '0');
INSERT INTO `ls_fleaarea` VALUES ('3222', '兴业县', '318', '0', '3', '0');
INSERT INTO `ls_fleaarea` VALUES ('3223', '北流', '318', '0', '3', '0');
INSERT INTO `ls_fleaarea` VALUES ('3224', '博白县', '318', '0', '3', '0');
INSERT INTO `ls_fleaarea` VALUES ('3225', '容县', '318', '0', '3', '0');
INSERT INTO `ls_fleaarea` VALUES ('3226', '玉州区', '318', '0', '3', '0');
INSERT INTO `ls_fleaarea` VALUES ('3227', '陆川县', '318', '0', '3', '0');
INSERT INTO `ls_fleaarea` VALUES ('3228', '乐业县', '319', '0', '3', '0');
INSERT INTO `ls_fleaarea` VALUES ('3229', '凌云县', '319', '0', '3', '0');
INSERT INTO `ls_fleaarea` VALUES ('3230', '右江区', '319', '0', '3', '0');
INSERT INTO `ls_fleaarea` VALUES ('3231', '平果县', '319', '0', '3', '0');
INSERT INTO `ls_fleaarea` VALUES ('3232', '德保县', '319', '0', '3', '0');
INSERT INTO `ls_fleaarea` VALUES ('3233', '田东县', '319', '0', '3', '0');
INSERT INTO `ls_fleaarea` VALUES ('3234', '田林县', '319', '0', '3', '0');
INSERT INTO `ls_fleaarea` VALUES ('3235', '田阳县', '319', '0', '3', '0');
INSERT INTO `ls_fleaarea` VALUES ('3236', '西林县', '319', '0', '3', '0');
INSERT INTO `ls_fleaarea` VALUES ('3237', '那坡县', '319', '0', '3', '0');
INSERT INTO `ls_fleaarea` VALUES ('3239', '靖西县', '319', '0', '3', '0');
INSERT INTO `ls_fleaarea` VALUES ('3240', '八步区', '320', '0', '3', '0');
INSERT INTO `ls_fleaarea` VALUES ('3242', '昭平县', '320', '0', '3', '0');
INSERT INTO `ls_fleaarea` VALUES ('3243', '钟山县', '320', '0', '3', '0');
INSERT INTO `ls_fleaarea` VALUES ('3244', '东兰县', '321', '0', '3', '0');
INSERT INTO `ls_fleaarea` VALUES ('3245', '凤山县', '321', '0', '3', '0');
INSERT INTO `ls_fleaarea` VALUES ('3246', '南丹县', '321', '0', '3', '0');
INSERT INTO `ls_fleaarea` VALUES ('3248', '天峨县', '321', '0', '3', '0');
INSERT INTO `ls_fleaarea` VALUES ('3249', '宜州', '321', '0', '3', '0');
INSERT INTO `ls_fleaarea` VALUES ('3254', '金城江区', '321', '0', '3', '0');
INSERT INTO `ls_fleaarea` VALUES ('3255', '兴宾区', '322', '0', '3', '0');
INSERT INTO `ls_fleaarea` VALUES ('3256', '合山', '322', '0', '3', '0');
INSERT INTO `ls_fleaarea` VALUES ('3257', '忻城县', '322', '0', '3', '0');
INSERT INTO `ls_fleaarea` VALUES ('3258', '武宣县', '322', '0', '3', '0');
INSERT INTO `ls_fleaarea` VALUES ('3259', '象州县', '322', '0', '3', '0');
INSERT INTO `ls_fleaarea` VALUES ('3260', '金秀', '322', '0', '3', '0');
INSERT INTO `ls_fleaarea` VALUES ('3261', '凭祥', '323', '0', '3', '0');
INSERT INTO `ls_fleaarea` VALUES ('3262', '大新县', '323', '0', '3', '0');
INSERT INTO `ls_fleaarea` VALUES ('3263', '天等县', '323', '0', '3', '0');
INSERT INTO `ls_fleaarea` VALUES ('3264', '宁明县', '323', '0', '3', '0');
INSERT INTO `ls_fleaarea` VALUES ('3265', '扶绥县', '323', '0', '3', '0');
INSERT INTO `ls_fleaarea` VALUES ('3266', '江州区', '323', '0', '3', '0');
INSERT INTO `ls_fleaarea` VALUES ('3267', '龙州县', '323', '0', '3', '0');
INSERT INTO `ls_fleaarea` VALUES ('3268', '琼山区', '324', '0', '3', '0');
INSERT INTO `ls_fleaarea` VALUES ('3269', '秀英区', '324', '0', '3', '0');
INSERT INTO `ls_fleaarea` VALUES ('3270', '美兰区', '324', '0', '3', '0');
INSERT INTO `ls_fleaarea` VALUES ('3271', '龙华区', '324', '0', '3', '0');
INSERT INTO `ls_fleaarea` VALUES ('3272', '三亚', '325', '0', '3', '0');
INSERT INTO `ls_fleaarea` VALUES ('3273', '五指山', '326', '0', '3', '0');
INSERT INTO `ls_fleaarea` VALUES ('3274', '琼海', '327', '0', '3', '0');
INSERT INTO `ls_fleaarea` VALUES ('3275', '儋州', '328', '0', '3', '0');
INSERT INTO `ls_fleaarea` VALUES ('3276', '文昌', '329', '0', '3', '0');
INSERT INTO `ls_fleaarea` VALUES ('3277', '万宁', '330', '0', '3', '0');
INSERT INTO `ls_fleaarea` VALUES ('3278', '东方', '331', '0', '3', '0');
INSERT INTO `ls_fleaarea` VALUES ('3279', '定安县', '332', '0', '3', '0');
INSERT INTO `ls_fleaarea` VALUES ('3280', '屯昌县', '333', '0', '3', '0');
INSERT INTO `ls_fleaarea` VALUES ('3281', '澄迈县', '334', '0', '3', '0');
INSERT INTO `ls_fleaarea` VALUES ('3282', '临高县', '335', '0', '3', '0');
INSERT INTO `ls_fleaarea` VALUES ('4209', '双流县', '385', '0', '3', '0');
INSERT INTO `ls_fleaarea` VALUES ('4210', '大邑县', '385', '0', '3', '0');
INSERT INTO `ls_fleaarea` VALUES ('4211', '崇州', '385', '0', '3', '0');
INSERT INTO `ls_fleaarea` VALUES ('4212', '彭州', '385', '0', '3', '0');
INSERT INTO `ls_fleaarea` VALUES ('4213', '成华区', '385', '0', '3', '0');
INSERT INTO `ls_fleaarea` VALUES ('4214', '新津县', '385', '0', '3', '0');
INSERT INTO `ls_fleaarea` VALUES ('4215', '新都区', '385', '0', '3', '0');
INSERT INTO `ls_fleaarea` VALUES ('4216', '武侯区', '385', '0', '3', '0');
INSERT INTO `ls_fleaarea` VALUES ('4217', '温江区', '385', '0', '3', '0');
INSERT INTO `ls_fleaarea` VALUES ('4218', '蒲江县', '385', '0', '3', '0');
INSERT INTO `ls_fleaarea` VALUES ('4219', '邛崃', '385', '0', '3', '0');
INSERT INTO `ls_fleaarea` VALUES ('4220', '郫县', '385', '0', '3', '0');
INSERT INTO `ls_fleaarea` VALUES ('4221', '都江堰', '385', '0', '3', '0');
INSERT INTO `ls_fleaarea` VALUES ('4222', '金堂县', '385', '0', '3', '0');
INSERT INTO `ls_fleaarea` VALUES ('4223', '金牛区', '385', '0', '3', '0');
INSERT INTO `ls_fleaarea` VALUES ('4224', '锦江区', '385', '0', '3', '0');
INSERT INTO `ls_fleaarea` VALUES ('4225', '青白江区', '385', '0', '3', '0');
INSERT INTO `ls_fleaarea` VALUES ('4226', '青羊区', '385', '0', '3', '0');
INSERT INTO `ls_fleaarea` VALUES ('4227', '龙泉驿区', '385', '0', '3', '0');
INSERT INTO `ls_fleaarea` VALUES ('4228', '大安区', '386', '0', '3', '0');
INSERT INTO `ls_fleaarea` VALUES ('4229', '富顺县', '386', '0', '3', '0');
INSERT INTO `ls_fleaarea` VALUES ('4230', '沿滩区', '386', '0', '3', '0');
INSERT INTO `ls_fleaarea` VALUES ('4231', '自流井区', '386', '0', '3', '0');
INSERT INTO `ls_fleaarea` VALUES ('4232', '荣县', '386', '0', '3', '0');
INSERT INTO `ls_fleaarea` VALUES ('4233', '贡井区', '386', '0', '3', '0');
INSERT INTO `ls_fleaarea` VALUES ('4234', '东区', '387', '0', '3', '0');
INSERT INTO `ls_fleaarea` VALUES ('4235', '仁和区', '387', '0', '3', '0');
INSERT INTO `ls_fleaarea` VALUES ('4236', '盐边县', '387', '0', '3', '0');
INSERT INTO `ls_fleaarea` VALUES ('4237', '米易县', '387', '0', '3', '0');
INSERT INTO `ls_fleaarea` VALUES ('4238', '西区', '387', '0', '3', '0');
INSERT INTO `ls_fleaarea` VALUES ('4239', '叙永县', '388', '0', '3', '0');
INSERT INTO `ls_fleaarea` VALUES ('4240', '古蔺县', '388', '0', '3', '0');
INSERT INTO `ls_fleaarea` VALUES ('4241', '合江县', '388', '0', '3', '0');
INSERT INTO `ls_fleaarea` VALUES ('4242', '江阳区', '388', '0', '3', '0');
INSERT INTO `ls_fleaarea` VALUES ('4243', '泸县', '388', '0', '3', '0');
INSERT INTO `ls_fleaarea` VALUES ('4244', '纳溪区', '388', '0', '3', '0');
INSERT INTO `ls_fleaarea` VALUES ('4245', '龙马潭区', '388', '0', '3', '0');
INSERT INTO `ls_fleaarea` VALUES ('4246', '中江县', '389', '0', '3', '0');
INSERT INTO `ls_fleaarea` VALUES ('4247', '什邡', '389', '0', '3', '0');
INSERT INTO `ls_fleaarea` VALUES ('4248', '广汉', '389', '0', '3', '0');
INSERT INTO `ls_fleaarea` VALUES ('4249', '旌阳区', '389', '0', '3', '0');
INSERT INTO `ls_fleaarea` VALUES ('4250', '绵竹', '389', '0', '3', '0');
INSERT INTO `ls_fleaarea` VALUES ('4251', '罗江县', '389', '0', '3', '0');
INSERT INTO `ls_fleaarea` VALUES ('4252', '三台县', '390', '0', '3', '0');
INSERT INTO `ls_fleaarea` VALUES ('4253', '北川', '390', '0', '3', '0');
INSERT INTO `ls_fleaarea` VALUES ('4254', '安县', '390', '0', '3', '0');
INSERT INTO `ls_fleaarea` VALUES ('4255', '平武县', '390', '0', '3', '0');
INSERT INTO `ls_fleaarea` VALUES ('4256', '梓潼县', '390', '0', '3', '0');
INSERT INTO `ls_fleaarea` VALUES ('4257', '江油', '390', '0', '3', '0');
INSERT INTO `ls_fleaarea` VALUES ('4258', '涪城区', '390', '0', '3', '0');
INSERT INTO `ls_fleaarea` VALUES ('4259', '游仙区', '390', '0', '3', '0');
INSERT INTO `ls_fleaarea` VALUES ('4260', '盐亭县', '390', '0', '3', '0');
INSERT INTO `ls_fleaarea` VALUES ('4261', '元坝区', '391', '0', '3', '0');
INSERT INTO `ls_fleaarea` VALUES ('4262', '利州区', '391', '0', '3', '0');
INSERT INTO `ls_fleaarea` VALUES ('4263', '剑阁县', '391', '0', '3', '0');
INSERT INTO `ls_fleaarea` VALUES ('4264', '旺苍县', '391', '0', '3', '0');
INSERT INTO `ls_fleaarea` VALUES ('4265', '朝天区', '391', '0', '3', '0');
INSERT INTO `ls_fleaarea` VALUES ('4266', '苍溪县', '391', '0', '3', '0');
INSERT INTO `ls_fleaarea` VALUES ('4267', '青川县', '391', '0', '3', '0');
INSERT INTO `ls_fleaarea` VALUES ('4268', '大英县', '392', '0', '3', '0');
INSERT INTO `ls_fleaarea` VALUES ('4269', '安居区', '392', '0', '3', '0');
INSERT INTO `ls_fleaarea` VALUES ('4270', '射洪县', '392', '0', '3', '0');
INSERT INTO `ls_fleaarea` VALUES ('4271', '船山区', '392', '0', '3', '0');
INSERT INTO `ls_fleaarea` VALUES ('4272', '蓬溪县', '392', '0', '3', '0');
INSERT INTO `ls_fleaarea` VALUES ('4273', '东兴区', '393', '0', '3', '0');
INSERT INTO `ls_fleaarea` VALUES ('4274', '威远县', '393', '0', '3', '0');
INSERT INTO `ls_fleaarea` VALUES ('4275', '市中区', '393', '0', '3', '0');
INSERT INTO `ls_fleaarea` VALUES ('4276', '资中县', '393', '0', '3', '0');
INSERT INTO `ls_fleaarea` VALUES ('4277', '隆昌县', '393', '0', '3', '0');
INSERT INTO `ls_fleaarea` VALUES ('4278', '五通桥区', '394', '0', '3', '0');
INSERT INTO `ls_fleaarea` VALUES ('4279', '井研县', '394', '0', '3', '0');
INSERT INTO `ls_fleaarea` VALUES ('4280', '夹江县', '394', '0', '3', '0');
INSERT INTO `ls_fleaarea` VALUES ('4281', '峨眉山', '394', '0', '3', '0');
INSERT INTO `ls_fleaarea` VALUES ('4282', '峨边', '394', '0', '3', '0');
INSERT INTO `ls_fleaarea` VALUES ('4283', '市中区', '394', '0', '3', '0');
INSERT INTO `ls_fleaarea` VALUES ('4284', '沐川县', '394', '0', '3', '0');
INSERT INTO `ls_fleaarea` VALUES ('4285', '沙湾区', '394', '0', '3', '0');
INSERT INTO `ls_fleaarea` VALUES ('4286', '犍为县', '394', '0', '3', '0');
INSERT INTO `ls_fleaarea` VALUES ('4287', '金口河区', '394', '0', '3', '0');
INSERT INTO `ls_fleaarea` VALUES ('4288', '马边', '394', '0', '3', '0');
INSERT INTO `ls_fleaarea` VALUES ('4289', '仪陇县', '395', '0', '3', '0');
INSERT INTO `ls_fleaarea` VALUES ('4290', '嘉陵区', '395', '0', '3', '0');
INSERT INTO `ls_fleaarea` VALUES ('4291', '南部县', '395', '0', '3', '0');
INSERT INTO `ls_fleaarea` VALUES ('4292', '嘉陵区', '395', '0', '3', '0');
INSERT INTO `ls_fleaarea` VALUES ('4293', '营山县', '395', '0', '3', '0');
INSERT INTO `ls_fleaarea` VALUES ('4294', '蓬安县', '395', '0', '3', '0');
INSERT INTO `ls_fleaarea` VALUES ('4295', '西充县', '395', '0', '3', '0');
INSERT INTO `ls_fleaarea` VALUES ('4296', '阆中', '395', '0', '3', '0');
INSERT INTO `ls_fleaarea` VALUES ('4297', '顺庆区', '395', '0', '3', '0');
INSERT INTO `ls_fleaarea` VALUES ('4298', '高坪区', '395', '0', '3', '0');
INSERT INTO `ls_fleaarea` VALUES ('4299', '东坡区', '396', '0', '3', '0');
INSERT INTO `ls_fleaarea` VALUES ('4300', '丹棱县', '396', '0', '3', '0');
INSERT INTO `ls_fleaarea` VALUES ('4301', '仁寿县', '396', '0', '3', '0');
INSERT INTO `ls_fleaarea` VALUES ('4302', '彭山县', '396', '0', '3', '0');
INSERT INTO `ls_fleaarea` VALUES ('4303', '洪雅县', '396', '0', '3', '0');
INSERT INTO `ls_fleaarea` VALUES ('4304', '青神县', '396', '0', '3', '0');
INSERT INTO `ls_fleaarea` VALUES ('4305', '兴文县', '397', '0', '3', '0');
INSERT INTO `ls_fleaarea` VALUES ('4306', '南溪县', '397', '0', '3', '0');
INSERT INTO `ls_fleaarea` VALUES ('4307', '宜宾县', '397', '0', '3', '0');
INSERT INTO `ls_fleaarea` VALUES ('4308', '屏山县', '397', '0', '3', '0');
INSERT INTO `ls_fleaarea` VALUES ('4309', '江安县', '397', '0', '3', '0');
INSERT INTO `ls_fleaarea` VALUES ('4310', '珙县', '397', '0', '3', '0');
INSERT INTO `ls_fleaarea` VALUES ('4311', '筠连县', '397', '0', '3', '0');
INSERT INTO `ls_fleaarea` VALUES ('4312', '翠屏区', '397', '0', '3', '0');
INSERT INTO `ls_fleaarea` VALUES ('4313', '长宁县', '397', '0', '3', '0');
INSERT INTO `ls_fleaarea` VALUES ('4314', '高县', '397', '0', '3', '0');
INSERT INTO `ls_fleaarea` VALUES ('4315', '华蓥', '398', '0', '3', '0');
INSERT INTO `ls_fleaarea` VALUES ('4316', '岳池县', '398', '0', '3', '0');
INSERT INTO `ls_fleaarea` VALUES ('4317', '广安区', '398', '0', '3', '0');
INSERT INTO `ls_fleaarea` VALUES ('4318', '武胜县', '398', '0', '3', '0');
INSERT INTO `ls_fleaarea` VALUES ('4319', '邻水县', '398', '0', '3', '0');
INSERT INTO `ls_fleaarea` VALUES ('4320', '万源', '399', '0', '3', '0');
INSERT INTO `ls_fleaarea` VALUES ('4321', '大竹县', '399', '0', '3', '0');
INSERT INTO `ls_fleaarea` VALUES ('4322', '宣汉县', '399', '0', '3', '0');
INSERT INTO `ls_fleaarea` VALUES ('4323', '开江县', '399', '0', '3', '0');
INSERT INTO `ls_fleaarea` VALUES ('4324', '渠县', '399', '0', '3', '0');
INSERT INTO `ls_fleaarea` VALUES ('4325', '达县', '399', '0', '3', '0');
INSERT INTO `ls_fleaarea` VALUES ('4326', '通川区', '399', '0', '3', '0');
INSERT INTO `ls_fleaarea` VALUES ('4327', '名山县', '400', '0', '3', '0');
INSERT INTO `ls_fleaarea` VALUES ('4328', '天全县', '400', '0', '3', '0');
INSERT INTO `ls_fleaarea` VALUES ('4329', '宝兴县', '400', '0', '3', '0');
INSERT INTO `ls_fleaarea` VALUES ('4330', '汉源县', '400', '0', '3', '0');
INSERT INTO `ls_fleaarea` VALUES ('4331', '石棉县', '400', '0', '3', '0');
INSERT INTO `ls_fleaarea` VALUES ('4332', '芦山县', '400', '0', '3', '0');
INSERT INTO `ls_fleaarea` VALUES ('4333', '荥经县', '400', '0', '3', '0');
INSERT INTO `ls_fleaarea` VALUES ('4334', '雨城区', '400', '0', '3', '0');
INSERT INTO `ls_fleaarea` VALUES ('4335', '南江县', '401', '0', '3', '0');
INSERT INTO `ls_fleaarea` VALUES ('4336', '巴州区', '401', '0', '3', '0');
INSERT INTO `ls_fleaarea` VALUES ('4337', '平昌县', '401', '0', '3', '0');
INSERT INTO `ls_fleaarea` VALUES ('4338', '通江县', '401', '0', '3', '0');
INSERT INTO `ls_fleaarea` VALUES ('4339', '乐至县', '402', '0', '3', '0');
INSERT INTO `ls_fleaarea` VALUES ('4340', '安岳县', '402', '0', '3', '0');
INSERT INTO `ls_fleaarea` VALUES ('4341', '简阳', '402', '0', '3', '0');
INSERT INTO `ls_fleaarea` VALUES ('4342', '雁江区', '402', '0', '3', '0');
INSERT INTO `ls_fleaarea` VALUES ('4343', '九寨沟县', '403', '0', '3', '0');
INSERT INTO `ls_fleaarea` VALUES ('4344', '壤塘县', '403', '0', '3', '0');
INSERT INTO `ls_fleaarea` VALUES ('4345', '小金县', '403', '0', '3', '0');
INSERT INTO `ls_fleaarea` VALUES ('4346', '松潘县', '403', '0', '3', '0');
INSERT INTO `ls_fleaarea` VALUES ('4347', '汶川县', '403', '0', '3', '0');
INSERT INTO `ls_fleaarea` VALUES ('4348', '理县', '403', '0', '3', '0');
INSERT INTO `ls_fleaarea` VALUES ('4349', '红原县', '403', '0', '3', '0');
INSERT INTO `ls_fleaarea` VALUES ('4350', '若尔盖县', '403', '0', '3', '0');
INSERT INTO `ls_fleaarea` VALUES ('4351', '茂县', '403', '0', '3', '0');
INSERT INTO `ls_fleaarea` VALUES ('4352', '金川县', '403', '0', '3', '0');
INSERT INTO `ls_fleaarea` VALUES ('4353', '阿坝县', '403', '0', '3', '0');
INSERT INTO `ls_fleaarea` VALUES ('4354', '马尔康县', '403', '0', '3', '0');
INSERT INTO `ls_fleaarea` VALUES ('4355', '黑水县', '403', '0', '3', '0');
INSERT INTO `ls_fleaarea` VALUES ('4356', '丹巴县', '404', '0', '3', '0');
INSERT INTO `ls_fleaarea` VALUES ('4357', '乡城县', '404', '0', '3', '0');
INSERT INTO `ls_fleaarea` VALUES ('4358', '巴塘县', '404', '0', '3', '0');
INSERT INTO `ls_fleaarea` VALUES ('4359', '康定县', '404', '0', '3', '0');
INSERT INTO `ls_fleaarea` VALUES ('4360', '得荣县', '404', '0', '3', '0');
INSERT INTO `ls_fleaarea` VALUES ('4361', '德格县', '404', '0', '3', '0');
INSERT INTO `ls_fleaarea` VALUES ('4362', '新龙县', '404', '0', '3', '0');
INSERT INTO `ls_fleaarea` VALUES ('4363', '泸定县', '404', '0', '3', '0');
INSERT INTO `ls_fleaarea` VALUES ('4364', '炉霍县', '404', '0', '3', '0');
INSERT INTO `ls_fleaarea` VALUES ('4365', '理塘县', '404', '0', '3', '0');
INSERT INTO `ls_fleaarea` VALUES ('4366', '甘孜县', '404', '0', '3', '0');
INSERT INTO `ls_fleaarea` VALUES ('4367', '白玉县', '404', '0', '3', '0');
INSERT INTO `ls_fleaarea` VALUES ('4368', '石渠县', '404', '0', '3', '0');
INSERT INTO `ls_fleaarea` VALUES ('4369', '稻城县', '404', '0', '3', '0');
INSERT INTO `ls_fleaarea` VALUES ('4370', '色达县', '404', '0', '3', '0');
INSERT INTO `ls_fleaarea` VALUES ('4371', '道孚县', '404', '0', '3', '0');
INSERT INTO `ls_fleaarea` VALUES ('4372', '雅江县', '404', '0', '3', '0');
INSERT INTO `ls_fleaarea` VALUES ('4373', '会东县', '405', '0', '3', '0');
INSERT INTO `ls_fleaarea` VALUES ('4374', '会理县', '405', '0', '3', '0');
INSERT INTO `ls_fleaarea` VALUES ('4375', '冕宁县', '405', '0', '3', '0');
INSERT INTO `ls_fleaarea` VALUES ('4376', '喜德县', '405', '0', '3', '0');
INSERT INTO `ls_fleaarea` VALUES ('4377', '宁南县', '405', '0', '3', '0');
INSERT INTO `ls_fleaarea` VALUES ('4378', '布拖县', '405', '0', '3', '0');
INSERT INTO `ls_fleaarea` VALUES ('4379', '德昌县', '405', '0', '3', '0');
INSERT INTO `ls_fleaarea` VALUES ('4380', '昭觉县', '405', '0', '3', '0');
INSERT INTO `ls_fleaarea` VALUES ('4381', '普格县', '405', '0', '3', '0');
INSERT INTO `ls_fleaarea` VALUES ('4382', '木里', '405', '0', '3', '0');
INSERT INTO `ls_fleaarea` VALUES ('4383', '甘洛县', '405', '0', '3', '0');
INSERT INTO `ls_fleaarea` VALUES ('4384', '盐源县', '405', '0', '3', '0');
INSERT INTO `ls_fleaarea` VALUES ('4385', '美姑县', '405', '0', '3', '0');
INSERT INTO `ls_fleaarea` VALUES ('4386', '西昌', '405', '0', '3', '0');
INSERT INTO `ls_fleaarea` VALUES ('4387', '越西县', '405', '0', '3', '0');
INSERT INTO `ls_fleaarea` VALUES ('4388', '金阳县', '405', '0', '3', '0');
INSERT INTO `ls_fleaarea` VALUES ('4389', '雷波县', '405', '0', '3', '0');
INSERT INTO `ls_fleaarea` VALUES ('4390', '乌当区', '406', '0', '3', '0');
INSERT INTO `ls_fleaarea` VALUES ('4391', '云岩区', '406', '0', '3', '0');
INSERT INTO `ls_fleaarea` VALUES ('4392', '修文县', '406', '0', '3', '0');
INSERT INTO `ls_fleaarea` VALUES ('4393', '南明区', '406', '0', '3', '0');
INSERT INTO `ls_fleaarea` VALUES ('4394', '小河区', '406', '0', '3', '0');
INSERT INTO `ls_fleaarea` VALUES ('4395', '开阳县', '406', '0', '3', '0');
INSERT INTO `ls_fleaarea` VALUES ('4396', '息烽县', '406', '0', '3', '0');
INSERT INTO `ls_fleaarea` VALUES ('4397', '清镇', '406', '0', '3', '0');
INSERT INTO `ls_fleaarea` VALUES ('4398', '白云区', '406', '0', '3', '0');
INSERT INTO `ls_fleaarea` VALUES ('4399', '花溪区', '406', '0', '3', '0');
INSERT INTO `ls_fleaarea` VALUES ('4400', '六枝特区', '407', '0', '3', '0');
INSERT INTO `ls_fleaarea` VALUES ('4401', '水城县', '407', '0', '3', '0');
INSERT INTO `ls_fleaarea` VALUES ('4402', '盘县', '407', '0', '3', '0');
INSERT INTO `ls_fleaarea` VALUES ('4403', '钟山区', '407', '0', '3', '0');
INSERT INTO `ls_fleaarea` VALUES ('4404', '习水县', '408', '0', '3', '0');
INSERT INTO `ls_fleaarea` VALUES ('4405', '仁怀', '408', '0', '3', '0');
INSERT INTO `ls_fleaarea` VALUES ('4406', '余庆县', '408', '0', '3', '0');
INSERT INTO `ls_fleaarea` VALUES ('4407', '凤冈县', '408', '0', '3', '0');
INSERT INTO `ls_fleaarea` VALUES ('4409', '桐梓县', '408', '0', '3', '0');
INSERT INTO `ls_fleaarea` VALUES ('4410', '正安县', '408', '0', '3', '0');
INSERT INTO `ls_fleaarea` VALUES ('4411', '汇川区', '408', '0', '3', '0');
INSERT INTO `ls_fleaarea` VALUES ('4412', '湄潭县', '408', '0', '3', '0');
INSERT INTO `ls_fleaarea` VALUES ('4413', '红花岗区', '408', '0', '3', '0');
INSERT INTO `ls_fleaarea` VALUES ('4414', '绥阳县', '408', '0', '3', '0');
INSERT INTO `ls_fleaarea` VALUES ('4415', '赤水', '408', '0', '3', '0');
INSERT INTO `ls_fleaarea` VALUES ('4417', '遵义县', '408', '0', '3', '0');
INSERT INTO `ls_fleaarea` VALUES ('4419', '平坝县', '409', '0', '3', '0');
INSERT INTO `ls_fleaarea` VALUES ('4420', '普定县', '409', '0', '3', '0');
INSERT INTO `ls_fleaarea` VALUES ('4422', '西秀区', '409', '0', '3', '0');
INSERT INTO `ls_fleaarea` VALUES ('4424', '万山特区', '410', '0', '3', '0');
INSERT INTO `ls_fleaarea` VALUES ('4426', '德江县', '410', '0', '3', '0');
INSERT INTO `ls_fleaarea` VALUES ('4427', '思南县', '410', '0', '3', '0');
INSERT INTO `ls_fleaarea` VALUES ('4432', '石阡县', '410', '0', '3', '0');
INSERT INTO `ls_fleaarea` VALUES ('4433', '铜仁', '410', '0', '3', '0');
INSERT INTO `ls_fleaarea` VALUES ('4434', '兴义', '411', '0', '3', '0');
INSERT INTO `ls_fleaarea` VALUES ('4435', '兴仁县', '411', '0', '3', '0');
INSERT INTO `ls_fleaarea` VALUES ('4436', '册亨县', '411', '0', '3', '0');
INSERT INTO `ls_fleaarea` VALUES ('4437', '安龙县', '411', '0', '3', '0');
INSERT INTO `ls_fleaarea` VALUES ('4438', '普安县', '411', '0', '3', '0');
INSERT INTO `ls_fleaarea` VALUES ('4439', '晴隆县', '411', '0', '3', '0');
INSERT INTO `ls_fleaarea` VALUES ('4440', '望谟县', '411', '0', '3', '0');
INSERT INTO `ls_fleaarea` VALUES ('4441', '贞丰县', '411', '0', '3', '0');
INSERT INTO `ls_fleaarea` VALUES ('4442', '大方县', '412', '0', '3', '0');
INSERT INTO `ls_fleaarea` VALUES ('4444', '毕节', '412', '0', '3', '0');
INSERT INTO `ls_fleaarea` VALUES ('4445', '纳雍县', '412', '0', '3', '0');
INSERT INTO `ls_fleaarea` VALUES ('4446', '织金县', '412', '0', '3', '0');
INSERT INTO `ls_fleaarea` VALUES ('4447', '赫章县', '412', '0', '3', '0');
INSERT INTO `ls_fleaarea` VALUES ('4448', '金沙县', '412', '0', '3', '0');
INSERT INTO `ls_fleaarea` VALUES ('4449', '黔西县', '412', '0', '3', '0');
INSERT INTO `ls_fleaarea` VALUES ('4450', '三穗县', '413', '0', '3', '0');
INSERT INTO `ls_fleaarea` VALUES ('4451', '丹寨县', '413', '0', '3', '0');
INSERT INTO `ls_fleaarea` VALUES ('4452', '从江县', '413', '0', '3', '0');
INSERT INTO `ls_fleaarea` VALUES ('4453', '凯里', '413', '0', '3', '0');
INSERT INTO `ls_fleaarea` VALUES ('4454', '剑河县', '413', '0', '3', '0');
INSERT INTO `ls_fleaarea` VALUES ('4455', '台江县', '413', '0', '3', '0');
INSERT INTO `ls_fleaarea` VALUES ('4456', '天柱县', '413', '0', '3', '0');
INSERT INTO `ls_fleaarea` VALUES ('4457', '岑巩县', '413', '0', '3', '0');
INSERT INTO `ls_fleaarea` VALUES ('4458', '施秉县', '413', '0', '3', '0');
INSERT INTO `ls_fleaarea` VALUES ('4459', '榕江县', '413', '0', '3', '0');
INSERT INTO `ls_fleaarea` VALUES ('4460', '锦屏县', '413', '0', '3', '0');
INSERT INTO `ls_fleaarea` VALUES ('4461', '镇远县', '413', '0', '3', '0');
INSERT INTO `ls_fleaarea` VALUES ('4462', '雷山县', '413', '0', '3', '0');
INSERT INTO `ls_fleaarea` VALUES ('4463', '麻江县', '413', '0', '3', '0');
INSERT INTO `ls_fleaarea` VALUES ('4464', '黄平县', '413', '0', '3', '0');
INSERT INTO `ls_fleaarea` VALUES ('4465', '黎平县', '413', '0', '3', '0');
INSERT INTO `ls_fleaarea` VALUES ('4467', '平塘县', '414', '0', '3', '0');
INSERT INTO `ls_fleaarea` VALUES ('4468', '惠水县', '414', '0', '3', '0');
INSERT INTO `ls_fleaarea` VALUES ('4469', '独山县', '414', '0', '3', '0');
INSERT INTO `ls_fleaarea` VALUES ('4470', '瓮安县', '414', '0', '3', '0');
INSERT INTO `ls_fleaarea` VALUES ('4471', '福泉', '414', '0', '3', '0');
INSERT INTO `ls_fleaarea` VALUES ('4472', '罗甸县', '414', '0', '3', '0');
INSERT INTO `ls_fleaarea` VALUES ('4473', '荔波县', '414', '0', '3', '0');
INSERT INTO `ls_fleaarea` VALUES ('4474', '贵定县', '414', '0', '3', '0');
INSERT INTO `ls_fleaarea` VALUES ('4475', '都匀', '414', '0', '3', '0');
INSERT INTO `ls_fleaarea` VALUES ('4476', '长顺县', '414', '0', '3', '0');
INSERT INTO `ls_fleaarea` VALUES ('4477', '龙里县', '414', '0', '3', '0');
INSERT INTO `ls_fleaarea` VALUES ('4478', '东川区', '415', '0', '3', '0');
INSERT INTO `ls_fleaarea` VALUES ('4479', '五华区', '415', '0', '3', '0');
INSERT INTO `ls_fleaarea` VALUES ('4480', '呈贡县', '415', '0', '3', '0');
INSERT INTO `ls_fleaarea` VALUES ('4481', '安宁', '415', '0', '3', '0');
INSERT INTO `ls_fleaarea` VALUES ('4482', '官渡区', '415', '0', '3', '0');
INSERT INTO `ls_fleaarea` VALUES ('4483', '宜良县', '415', '0', '3', '0');
INSERT INTO `ls_fleaarea` VALUES ('4484', '富民县', '415', '0', '3', '0');
INSERT INTO `ls_fleaarea` VALUES ('4486', '嵩明县', '415', '0', '3', '0');
INSERT INTO `ls_fleaarea` VALUES ('4487', '晋宁县', '415', '0', '3', '0');
INSERT INTO `ls_fleaarea` VALUES ('4488', '盘龙区', '415', '0', '3', '0');
INSERT INTO `ls_fleaarea` VALUES ('4491', '西山区', '415', '0', '3', '0');
INSERT INTO `ls_fleaarea` VALUES ('4492', '会泽县', '416', '0', '3', '0');
INSERT INTO `ls_fleaarea` VALUES ('4493', '宣威', '416', '0', '3', '0');
INSERT INTO `ls_fleaarea` VALUES ('4494', '富源县', '416', '0', '3', '0');
INSERT INTO `ls_fleaarea` VALUES ('4495', '师宗县', '416', '0', '3', '0');
INSERT INTO `ls_fleaarea` VALUES ('4496', '沾益县', '416', '0', '3', '0');
INSERT INTO `ls_fleaarea` VALUES ('4497', '罗平县', '416', '0', '3', '0');
INSERT INTO `ls_fleaarea` VALUES ('4498', '陆良县', '416', '0', '3', '0');
INSERT INTO `ls_fleaarea` VALUES ('4499', '马龙县', '416', '0', '3', '0');
INSERT INTO `ls_fleaarea` VALUES ('4500', '麒麟区', '416', '0', '3', '0');
INSERT INTO `ls_fleaarea` VALUES ('4502', '华宁县', '417', '0', '3', '0');
INSERT INTO `ls_fleaarea` VALUES ('4505', '易门县', '417', '0', '3', '0');
INSERT INTO `ls_fleaarea` VALUES ('4506', '江川县', '417', '0', '3', '0');
INSERT INTO `ls_fleaarea` VALUES ('4507', '澄江县', '417', '0', '3', '0');
INSERT INTO `ls_fleaarea` VALUES ('4508', '红塔区', '417', '0', '3', '0');
INSERT INTO `ls_fleaarea` VALUES ('4509', '通海县', '417', '0', '3', '0');
INSERT INTO `ls_fleaarea` VALUES ('4510', '施甸县', '418', '0', '3', '0');
INSERT INTO `ls_fleaarea` VALUES ('4511', '昌宁县', '418', '0', '3', '0');
INSERT INTO `ls_fleaarea` VALUES ('4512', '腾冲县', '418', '0', '3', '0');
INSERT INTO `ls_fleaarea` VALUES ('4513', '隆阳区', '418', '0', '3', '0');
INSERT INTO `ls_fleaarea` VALUES ('4514', '龙陵县', '418', '0', '3', '0');
INSERT INTO `ls_fleaarea` VALUES ('4515', '大关县', '419', '0', '3', '0');
INSERT INTO `ls_fleaarea` VALUES ('4516', '威信县', '419', '0', '3', '0');
INSERT INTO `ls_fleaarea` VALUES ('4517', '巧家县', '419', '0', '3', '0');
INSERT INTO `ls_fleaarea` VALUES ('4518', '彝良县', '419', '0', '3', '0');
INSERT INTO `ls_fleaarea` VALUES ('4519', '昭阳区', '419', '0', '3', '0');
INSERT INTO `ls_fleaarea` VALUES ('4520', '水富县', '419', '0', '3', '0');
INSERT INTO `ls_fleaarea` VALUES ('4521', '永善县', '419', '0', '3', '0');
INSERT INTO `ls_fleaarea` VALUES ('4522', '盐津县', '419', '0', '3', '0');
INSERT INTO `ls_fleaarea` VALUES ('4523', '绥江县', '419', '0', '3', '0');
INSERT INTO `ls_fleaarea` VALUES ('4524', '镇雄县', '419', '0', '3', '0');
INSERT INTO `ls_fleaarea` VALUES ('4525', '鲁甸县', '419', '0', '3', '0');
INSERT INTO `ls_fleaarea` VALUES ('4526', '华坪县', '420', '0', '3', '0');
INSERT INTO `ls_fleaarea` VALUES ('4527', '古城区', '420', '0', '3', '0');
INSERT INTO `ls_fleaarea` VALUES ('4528', '宁蒗', '420', '0', '3', '0');
INSERT INTO `ls_fleaarea` VALUES ('4529', '永胜县', '420', '0', '3', '0');
INSERT INTO `ls_fleaarea` VALUES ('4530', '玉龙', '420', '0', '3', '0');
INSERT INTO `ls_fleaarea` VALUES ('4531', '临翔区', '422', '0', '3', '0');
INSERT INTO `ls_fleaarea` VALUES ('4532', '云县', '422', '0', '3', '0');
INSERT INTO `ls_fleaarea` VALUES ('4533', '凤庆县', '422', '0', '3', '0');
INSERT INTO `ls_fleaarea` VALUES ('4534', '双江', '422', '0', '3', '0');
INSERT INTO `ls_fleaarea` VALUES ('4535', '永德县', '422', '0', '3', '0');
INSERT INTO `ls_fleaarea` VALUES ('4536', '沧源', '422', '0', '3', '0');
INSERT INTO `ls_fleaarea` VALUES ('4537', '耿马', '422', '0', '3', '0');
INSERT INTO `ls_fleaarea` VALUES ('4538', '镇康县', '422', '0', '3', '0');
INSERT INTO `ls_fleaarea` VALUES ('4539', '元谋县', '423', '0', '3', '0');
INSERT INTO `ls_fleaarea` VALUES ('4540', '南华县', '423', '0', '3', '0');
INSERT INTO `ls_fleaarea` VALUES ('4541', '双柏县', '423', '0', '3', '0');
INSERT INTO `ls_fleaarea` VALUES ('4542', '大姚县', '423', '0', '3', '0');
INSERT INTO `ls_fleaarea` VALUES ('4543', '姚安县', '423', '0', '3', '0');
INSERT INTO `ls_fleaarea` VALUES ('4544', '楚雄', '423', '0', '3', '0');
INSERT INTO `ls_fleaarea` VALUES ('4545', '武定县', '423', '0', '3', '0');
INSERT INTO `ls_fleaarea` VALUES ('4546', '永仁县', '423', '0', '3', '0');
INSERT INTO `ls_fleaarea` VALUES ('4547', '牟定县', '423', '0', '3', '0');
INSERT INTO `ls_fleaarea` VALUES ('4548', '禄丰县', '423', '0', '3', '0');
INSERT INTO `ls_fleaarea` VALUES ('4549', '个旧', '424', '0', '3', '0');
INSERT INTO `ls_fleaarea` VALUES ('4550', '元阳县', '424', '0', '3', '0');
INSERT INTO `ls_fleaarea` VALUES ('4551', '屏边', '424', '0', '3', '0');
INSERT INTO `ls_fleaarea` VALUES ('4552', '建水县', '424', '0', '3', '0');
INSERT INTO `ls_fleaarea` VALUES ('4553', '开远', '424', '0', '3', '0');
INSERT INTO `ls_fleaarea` VALUES ('4554', '弥勒县', '424', '0', '3', '0');
INSERT INTO `ls_fleaarea` VALUES ('4555', '河口', '424', '0', '3', '0');
INSERT INTO `ls_fleaarea` VALUES ('4556', '泸西县', '424', '0', '3', '0');
INSERT INTO `ls_fleaarea` VALUES ('4557', '石屏县', '424', '0', '3', '0');
INSERT INTO `ls_fleaarea` VALUES ('4558', '红河县', '424', '0', '3', '0');
INSERT INTO `ls_fleaarea` VALUES ('4559', '绿春县', '424', '0', '3', '0');
INSERT INTO `ls_fleaarea` VALUES ('4560', '蒙自县', '424', '0', '3', '0');
INSERT INTO `ls_fleaarea` VALUES ('4561', '金平', '424', '0', '3', '0');
INSERT INTO `ls_fleaarea` VALUES ('4562', '丘北县', '425', '0', '3', '0');
INSERT INTO `ls_fleaarea` VALUES ('4563', '富宁县', '425', '0', '3', '0');
INSERT INTO `ls_fleaarea` VALUES ('4564', '广南县', '425', '0', '3', '0');
INSERT INTO `ls_fleaarea` VALUES ('4565', '文山县', '425', '0', '3', '0');
INSERT INTO `ls_fleaarea` VALUES ('4566', '砚山县', '425', '0', '3', '0');
INSERT INTO `ls_fleaarea` VALUES ('4567', '西畴县', '425', '0', '3', '0');
INSERT INTO `ls_fleaarea` VALUES ('4568', '马关县', '425', '0', '3', '0');
INSERT INTO `ls_fleaarea` VALUES ('4569', '麻栗坡县', '425', '0', '3', '0');
INSERT INTO `ls_fleaarea` VALUES ('4570', '勐海县', '426', '0', '3', '0');
INSERT INTO `ls_fleaarea` VALUES ('4571', '勐腊县', '426', '0', '3', '0');
INSERT INTO `ls_fleaarea` VALUES ('4572', '景洪', '426', '0', '3', '0');
INSERT INTO `ls_fleaarea` VALUES ('4573', '云龙县', '427', '0', '3', '0');
INSERT INTO `ls_fleaarea` VALUES ('4574', '剑川县', '427', '0', '3', '0');
INSERT INTO `ls_fleaarea` VALUES ('4575', '南涧', '427', '0', '3', '0');
INSERT INTO `ls_fleaarea` VALUES ('4576', '大理', '427', '0', '3', '0');
INSERT INTO `ls_fleaarea` VALUES ('4577', '宾川县', '427', '0', '3', '0');
INSERT INTO `ls_fleaarea` VALUES ('4578', '巍山', '427', '0', '3', '0');
INSERT INTO `ls_fleaarea` VALUES ('4579', '弥渡县', '427', '0', '3', '0');
INSERT INTO `ls_fleaarea` VALUES ('4580', '永平县', '427', '0', '3', '0');
INSERT INTO `ls_fleaarea` VALUES ('4581', '洱源县', '427', '0', '3', '0');
INSERT INTO `ls_fleaarea` VALUES ('4582', '漾濞', '427', '0', '3', '0');
INSERT INTO `ls_fleaarea` VALUES ('4583', '祥云县', '427', '0', '3', '0');
INSERT INTO `ls_fleaarea` VALUES ('4584', '鹤庆县', '427', '0', '3', '0');
INSERT INTO `ls_fleaarea` VALUES ('4585', '梁河县', '428', '0', '3', '0');
INSERT INTO `ls_fleaarea` VALUES ('4586', '潞西', '428', '0', '3', '0');
INSERT INTO `ls_fleaarea` VALUES ('4587', '瑞丽', '428', '0', '3', '0');
INSERT INTO `ls_fleaarea` VALUES ('4588', '盈江县', '428', '0', '3', '0');
INSERT INTO `ls_fleaarea` VALUES ('4589', '陇川县', '428', '0', '3', '0');
INSERT INTO `ls_fleaarea` VALUES ('4590', '德钦县', '430', '0', '3', '0');
INSERT INTO `ls_fleaarea` VALUES ('4591', '维西傈', '430', '0', '3', '0');
INSERT INTO `ls_fleaarea` VALUES ('4592', '香格里拉', '430', '0', '3', '0');
INSERT INTO `ls_fleaarea` VALUES ('4593', '城关区', '431', '0', '3', '0');
INSERT INTO `ls_fleaarea` VALUES ('4594', '堆龙德庆', '431', '0', '3', '0');
INSERT INTO `ls_fleaarea` VALUES ('4595', '墨竹工卡', '431', '0', '3', '0');
INSERT INTO `ls_fleaarea` VALUES ('4596', '尼木县', '431', '0', '3', '0');
INSERT INTO `ls_fleaarea` VALUES ('4597', '当雄县', '431', '0', '3', '0');
INSERT INTO `ls_fleaarea` VALUES ('4598', '曲水县', '431', '0', '3', '0');
INSERT INTO `ls_fleaarea` VALUES ('4599', '林周县', '431', '0', '3', '0');
INSERT INTO `ls_fleaarea` VALUES ('4600', '达孜县', '431', '0', '3', '0');
INSERT INTO `ls_fleaarea` VALUES ('4601', '丁青县', '432', '0', '3', '0');
INSERT INTO `ls_fleaarea` VALUES ('4602', '八宿县', '432', '0', '3', '0');
INSERT INTO `ls_fleaarea` VALUES ('4603', '察雅县', '432', '0', '3', '0');
INSERT INTO `ls_fleaarea` VALUES ('4604', '左贡县', '432', '0', '3', '0');
INSERT INTO `ls_fleaarea` VALUES ('4605', '昌都县', '432', '0', '3', '0');
INSERT INTO `ls_fleaarea` VALUES ('4606', '江达县', '432', '0', '3', '0');
INSERT INTO `ls_fleaarea` VALUES ('4607', '洛隆县', '432', '0', '3', '0');
INSERT INTO `ls_fleaarea` VALUES ('4608', '类乌齐县', '432', '0', '3', '0');
INSERT INTO `ls_fleaarea` VALUES ('4609', '芒康县', '432', '0', '3', '0');
INSERT INTO `ls_fleaarea` VALUES ('4610', '贡觉县', '432', '0', '3', '0');
INSERT INTO `ls_fleaarea` VALUES ('4611', '边坝县', '432', '0', '3', '0');
INSERT INTO `ls_fleaarea` VALUES ('4612', '乃东县', '433', '0', '3', '0');
INSERT INTO `ls_fleaarea` VALUES ('4613', '加查县', '433', '0', '3', '0');
INSERT INTO `ls_fleaarea` VALUES ('4614', '扎囊县', '433', '0', '3', '0');
INSERT INTO `ls_fleaarea` VALUES ('4615', '措美县', '433', '0', '3', '0');
INSERT INTO `ls_fleaarea` VALUES ('4616', '曲松县', '433', '0', '3', '0');
INSERT INTO `ls_fleaarea` VALUES ('4617', '桑日县', '433', '0', '3', '0');
INSERT INTO `ls_fleaarea` VALUES ('4618', '洛扎县', '433', '0', '3', '0');
INSERT INTO `ls_fleaarea` VALUES ('4619', '浪卡子县', '433', '0', '3', '0');
INSERT INTO `ls_fleaarea` VALUES ('4620', '琼结县', '433', '0', '3', '0');
INSERT INTO `ls_fleaarea` VALUES ('4621', '贡嘎县', '433', '0', '3', '0');
INSERT INTO `ls_fleaarea` VALUES ('4622', '错那县', '433', '0', '3', '0');
INSERT INTO `ls_fleaarea` VALUES ('4623', '隆子县', '433', '0', '3', '0');
INSERT INTO `ls_fleaarea` VALUES ('4624', '亚东县', '434', '0', '3', '0');
INSERT INTO `ls_fleaarea` VALUES ('4625', '仁布县', '434', '0', '3', '0');
INSERT INTO `ls_fleaarea` VALUES ('4626', '仲巴县', '434', '0', '3', '0');
INSERT INTO `ls_fleaarea` VALUES ('4627', '南木林县', '434', '0', '3', '0');
INSERT INTO `ls_fleaarea` VALUES ('4628', '吉隆县', '434', '0', '3', '0');
INSERT INTO `ls_fleaarea` VALUES ('4629', '定日县', '434', '0', '3', '0');
INSERT INTO `ls_fleaarea` VALUES ('4630', '定结县', '434', '0', '3', '0');
INSERT INTO `ls_fleaarea` VALUES ('4631', '岗巴县', '434', '0', '3', '0');
INSERT INTO `ls_fleaarea` VALUES ('4632', '康马县', '434', '0', '3', '0');
INSERT INTO `ls_fleaarea` VALUES ('4633', '拉孜县', '434', '0', '3', '0');
INSERT INTO `ls_fleaarea` VALUES ('4634', '日喀则', '434', '0', '3', '0');
INSERT INTO `ls_fleaarea` VALUES ('4635', '昂仁县', '434', '0', '3', '0');
INSERT INTO `ls_fleaarea` VALUES ('4636', '江孜县', '434', '0', '3', '0');
INSERT INTO `ls_fleaarea` VALUES ('4637', '白朗县', '434', '0', '3', '0');
INSERT INTO `ls_fleaarea` VALUES ('4638', '聂拉木县', '434', '0', '3', '0');
INSERT INTO `ls_fleaarea` VALUES ('4639', '萨嘎县', '434', '0', '3', '0');
INSERT INTO `ls_fleaarea` VALUES ('4640', '萨迦县', '434', '0', '3', '0');
INSERT INTO `ls_fleaarea` VALUES ('4641', '谢通门县', '434', '0', '3', '0');
INSERT INTO `ls_fleaarea` VALUES ('4642', '嘉黎县', '435', '0', '3', '0');
INSERT INTO `ls_fleaarea` VALUES ('4643', '安多县', '435', '0', '3', '0');
INSERT INTO `ls_fleaarea` VALUES ('4644', '尼玛县', '435', '0', '3', '0');
INSERT INTO `ls_fleaarea` VALUES ('4645', '巴青县', '435', '0', '3', '0');
INSERT INTO `ls_fleaarea` VALUES ('4646', '比如县', '435', '0', '3', '0');
INSERT INTO `ls_fleaarea` VALUES ('4647', '班戈县', '435', '0', '3', '0');
INSERT INTO `ls_fleaarea` VALUES ('4648', '申扎县', '435', '0', '3', '0');
INSERT INTO `ls_fleaarea` VALUES ('4649', '索县', '435', '0', '3', '0');
INSERT INTO `ls_fleaarea` VALUES ('4650', '聂荣县', '435', '0', '3', '0');
INSERT INTO `ls_fleaarea` VALUES ('4651', '那曲县', '435', '0', '3', '0');
INSERT INTO `ls_fleaarea` VALUES ('4652', '噶尔县', '436', '0', '3', '0');
INSERT INTO `ls_fleaarea` VALUES ('4653', '措勤县', '436', '0', '3', '0');
INSERT INTO `ls_fleaarea` VALUES ('4654', '改则县', '436', '0', '3', '0');
INSERT INTO `ls_fleaarea` VALUES ('4655', '日土县', '436', '0', '3', '0');
INSERT INTO `ls_fleaarea` VALUES ('4656', '普兰县', '436', '0', '3', '0');
INSERT INTO `ls_fleaarea` VALUES ('4657', '札达县', '436', '0', '3', '0');
INSERT INTO `ls_fleaarea` VALUES ('4658', '革吉县', '436', '0', '3', '0');
INSERT INTO `ls_fleaarea` VALUES ('4659', '墨脱县', '437', '0', '3', '0');
INSERT INTO `ls_fleaarea` VALUES ('4660', '察隅县', '437', '0', '3', '0');
INSERT INTO `ls_fleaarea` VALUES ('4661', '工布江达', '437', '0', '3', '0');
INSERT INTO `ls_fleaarea` VALUES ('4662', '朗县', '437', '0', '3', '0');
INSERT INTO `ls_fleaarea` VALUES ('4663', '林芝县', '437', '0', '3', '0');
INSERT INTO `ls_fleaarea` VALUES ('4664', '波密县', '437', '0', '3', '0');
INSERT INTO `ls_fleaarea` VALUES ('4665', '米林县', '437', '0', '3', '0');
INSERT INTO `ls_fleaarea` VALUES ('4666', '临潼区', '438', '0', '3', '0');
INSERT INTO `ls_fleaarea` VALUES ('4667', '周至县', '438', '0', '3', '0');
INSERT INTO `ls_fleaarea` VALUES ('4668', '户县', '438', '0', '3', '0');
INSERT INTO `ls_fleaarea` VALUES ('4669', '新城区', '438', '0', '3', '0');
INSERT INTO `ls_fleaarea` VALUES ('4670', '未央区', '438', '0', '3', '0');
INSERT INTO `ls_fleaarea` VALUES ('4671', '灞桥区', '438', '0', '3', '0');
INSERT INTO `ls_fleaarea` VALUES ('4672', '碑林区', '438', '0', '3', '0');
INSERT INTO `ls_fleaarea` VALUES ('4673', '莲湖区', '438', '0', '3', '0');
INSERT INTO `ls_fleaarea` VALUES ('4674', '蓝田县', '438', '0', '3', '0');
INSERT INTO `ls_fleaarea` VALUES ('4675', '长安区', '438', '0', '3', '0');
INSERT INTO `ls_fleaarea` VALUES ('4676', '阎良区', '438', '0', '3', '0');
INSERT INTO `ls_fleaarea` VALUES ('4677', '雁塔区', '438', '0', '3', '0');
INSERT INTO `ls_fleaarea` VALUES ('4678', '高陵县', '438', '0', '3', '0');
INSERT INTO `ls_fleaarea` VALUES ('4679', '印台区', '439', '0', '3', '0');
INSERT INTO `ls_fleaarea` VALUES ('4680', '宜君县', '439', '0', '3', '0');
INSERT INTO `ls_fleaarea` VALUES ('4681', '王益区', '439', '0', '3', '0');
INSERT INTO `ls_fleaarea` VALUES ('4682', '耀州区', '439', '0', '3', '0');
INSERT INTO `ls_fleaarea` VALUES ('4683', '凤县', '440', '0', '3', '0');
INSERT INTO `ls_fleaarea` VALUES ('4684', '凤翔县', '440', '0', '3', '0');
INSERT INTO `ls_fleaarea` VALUES ('4685', '千阳县', '440', '0', '3', '0');
INSERT INTO `ls_fleaarea` VALUES ('4686', '太白县', '440', '0', '3', '0');
INSERT INTO `ls_fleaarea` VALUES ('4687', '岐山县', '440', '0', '3', '0');
INSERT INTO `ls_fleaarea` VALUES ('4688', '扶风县', '440', '0', '3', '0');
INSERT INTO `ls_fleaarea` VALUES ('4689', '渭滨区', '440', '0', '3', '0');
INSERT INTO `ls_fleaarea` VALUES ('4690', '眉县', '440', '0', '3', '0');
INSERT INTO `ls_fleaarea` VALUES ('4691', '金台区', '440', '0', '3', '0');
INSERT INTO `ls_fleaarea` VALUES ('4692', '陇县', '440', '0', '3', '0');
INSERT INTO `ls_fleaarea` VALUES ('4693', '陈仓区', '440', '0', '3', '0');
INSERT INTO `ls_fleaarea` VALUES ('4694', '麟游县', '440', '0', '3', '0');
INSERT INTO `ls_fleaarea` VALUES ('4695', '三原县', '441', '0', '3', '0');
INSERT INTO `ls_fleaarea` VALUES ('4696', '干县', '441', '0', '3', '0');
INSERT INTO `ls_fleaarea` VALUES ('4697', '兴平', '441', '0', '3', '0');
INSERT INTO `ls_fleaarea` VALUES ('4698', '彬县', '441', '0', '3', '0');
INSERT INTO `ls_fleaarea` VALUES ('4699', '旬邑县', '441', '0', '3', '0');
INSERT INTO `ls_fleaarea` VALUES ('4700', '杨陵区', '441', '0', '3', '0');
INSERT INTO `ls_fleaarea` VALUES ('4701', '武功县', '441', '0', '3', '0');
INSERT INTO `ls_fleaarea` VALUES ('4702', '永寿县', '441', '0', '3', '0');
INSERT INTO `ls_fleaarea` VALUES ('4703', '泾阳县', '441', '0', '3', '0');
INSERT INTO `ls_fleaarea` VALUES ('4704', '淳化县', '441', '0', '3', '0');
INSERT INTO `ls_fleaarea` VALUES ('4705', '渭城区', '441', '0', '3', '0');
INSERT INTO `ls_fleaarea` VALUES ('4706', '礼泉县', '441', '0', '3', '0');
INSERT INTO `ls_fleaarea` VALUES ('4707', '秦都区', '441', '0', '3', '0');
INSERT INTO `ls_fleaarea` VALUES ('4708', '长武县', '441', '0', '3', '0');
INSERT INTO `ls_fleaarea` VALUES ('4709', '临渭区', '442', '0', '3', '0');
INSERT INTO `ls_fleaarea` VALUES ('4710', '华县', '442', '0', '3', '0');
INSERT INTO `ls_fleaarea` VALUES ('4711', '华阴', '442', '0', '3', '0');
INSERT INTO `ls_fleaarea` VALUES ('4712', '合阳县', '442', '0', '3', '0');
INSERT INTO `ls_fleaarea` VALUES ('4713', '大荔县', '442', '0', '3', '0');
INSERT INTO `ls_fleaarea` VALUES ('4714', '富平县', '442', '0', '3', '0');
INSERT INTO `ls_fleaarea` VALUES ('4715', '潼关县', '442', '0', '3', '0');
INSERT INTO `ls_fleaarea` VALUES ('4716', '澄城县', '442', '0', '3', '0');
INSERT INTO `ls_fleaarea` VALUES ('4717', '白水县', '442', '0', '3', '0');
INSERT INTO `ls_fleaarea` VALUES ('4718', '蒲城县', '442', '0', '3', '0');
INSERT INTO `ls_fleaarea` VALUES ('4719', '韩城', '442', '0', '3', '0');
INSERT INTO `ls_fleaarea` VALUES ('4720', '吴起县', '443', '0', '3', '0');
INSERT INTO `ls_fleaarea` VALUES ('4721', '子长县', '443', '0', '3', '0');
INSERT INTO `ls_fleaarea` VALUES ('4722', '安塞县', '443', '0', '3', '0');
INSERT INTO `ls_fleaarea` VALUES ('4723', '宜川县', '443', '0', '3', '0');
INSERT INTO `ls_fleaarea` VALUES ('4724', '宝塔区', '443', '0', '3', '0');
INSERT INTO `ls_fleaarea` VALUES ('4725', '富县', '443', '0', '3', '0');
INSERT INTO `ls_fleaarea` VALUES ('4726', '延川县', '443', '0', '3', '0');
INSERT INTO `ls_fleaarea` VALUES ('4727', '延长县', '443', '0', '3', '0');
INSERT INTO `ls_fleaarea` VALUES ('4728', '志丹县', '443', '0', '3', '0');
INSERT INTO `ls_fleaarea` VALUES ('4729', '洛川县', '443', '0', '3', '0');
INSERT INTO `ls_fleaarea` VALUES ('4730', '甘泉县', '443', '0', '3', '0');
INSERT INTO `ls_fleaarea` VALUES ('4731', '黄陵县', '443', '0', '3', '0');
INSERT INTO `ls_fleaarea` VALUES ('4732', '黄龙县', '443', '0', '3', '0');
INSERT INTO `ls_fleaarea` VALUES ('4733', '佛坪县', '444', '0', '3', '0');
INSERT INTO `ls_fleaarea` VALUES ('4734', '勉县', '444', '0', '3', '0');
INSERT INTO `ls_fleaarea` VALUES ('4735', '南郑县', '444', '0', '3', '0');
INSERT INTO `ls_fleaarea` VALUES ('4736', '城固县', '444', '0', '3', '0');
INSERT INTO `ls_fleaarea` VALUES ('4737', '宁强县', '444', '0', '3', '0');
INSERT INTO `ls_fleaarea` VALUES ('4738', '汉台区', '444', '0', '3', '0');
INSERT INTO `ls_fleaarea` VALUES ('4739', '洋县', '444', '0', '3', '0');
INSERT INTO `ls_fleaarea` VALUES ('4740', '留坝县', '444', '0', '3', '0');
INSERT INTO `ls_fleaarea` VALUES ('4741', '略阳县', '444', '0', '3', '0');
INSERT INTO `ls_fleaarea` VALUES ('4742', '西乡县', '444', '0', '3', '0');
INSERT INTO `ls_fleaarea` VALUES ('4743', '镇巴县', '444', '0', '3', '0');
INSERT INTO `ls_fleaarea` VALUES ('4744', '佳县', '445', '0', '3', '0');
INSERT INTO `ls_fleaarea` VALUES ('4745', '吴堡县', '445', '0', '3', '0');
INSERT INTO `ls_fleaarea` VALUES ('4746', '子洲县', '445', '0', '3', '0');
INSERT INTO `ls_fleaarea` VALUES ('4747', '定边县', '445', '0', '3', '0');
INSERT INTO `ls_fleaarea` VALUES ('4748', '府谷县', '445', '0', '3', '0');
INSERT INTO `ls_fleaarea` VALUES ('4749', '榆阳', '445', '0', '3', '0');
INSERT INTO `ls_fleaarea` VALUES ('4750', '横山县', '445', '0', '3', '0');
INSERT INTO `ls_fleaarea` VALUES ('4751', '清涧县', '445', '0', '3', '0');
INSERT INTO `ls_fleaarea` VALUES ('4752', '神木县', '445', '0', '3', '0');
INSERT INTO `ls_fleaarea` VALUES ('4753', '米脂县', '445', '0', '3', '0');
INSERT INTO `ls_fleaarea` VALUES ('4754', '绥德县', '445', '0', '3', '0');
INSERT INTO `ls_fleaarea` VALUES ('4755', '靖边县', '445', '0', '3', '0');
INSERT INTO `ls_fleaarea` VALUES ('4756', '宁陕县', '446', '0', '3', '0');
INSERT INTO `ls_fleaarea` VALUES ('4757', '岚皋县', '446', '0', '3', '0');
INSERT INTO `ls_fleaarea` VALUES ('4758', '平利县', '446', '0', '3', '0');
INSERT INTO `ls_fleaarea` VALUES ('4759', '旬阳县', '446', '0', '3', '0');
INSERT INTO `ls_fleaarea` VALUES ('4760', '汉滨区', '446', '0', '3', '0');
INSERT INTO `ls_fleaarea` VALUES ('4761', '汉阴县', '446', '0', '3', '0');
INSERT INTO `ls_fleaarea` VALUES ('4762', '白河县', '446', '0', '3', '0');
INSERT INTO `ls_fleaarea` VALUES ('4763', '石泉县', '446', '0', '3', '0');
INSERT INTO `ls_fleaarea` VALUES ('4764', '紫阳县', '446', '0', '3', '0');
INSERT INTO `ls_fleaarea` VALUES ('4765', '镇坪县', '446', '0', '3', '0');
INSERT INTO `ls_fleaarea` VALUES ('4766', '丹凤县', '447', '0', '3', '0');
INSERT INTO `ls_fleaarea` VALUES ('4767', '商南县', '447', '0', '3', '0');
INSERT INTO `ls_fleaarea` VALUES ('4768', '商州区', '447', '0', '3', '0');
INSERT INTO `ls_fleaarea` VALUES ('4769', '山阳县', '447', '0', '3', '0');
INSERT INTO `ls_fleaarea` VALUES ('4770', '柞水县', '447', '0', '3', '0');
INSERT INTO `ls_fleaarea` VALUES ('4771', '洛南县', '447', '0', '3', '0');
INSERT INTO `ls_fleaarea` VALUES ('4772', '镇安县', '447', '0', '3', '0');
INSERT INTO `ls_fleaarea` VALUES ('4773', '七里河区', '448', '0', '3', '0');
INSERT INTO `ls_fleaarea` VALUES ('4774', '城关区', '448', '0', '3', '0');
INSERT INTO `ls_fleaarea` VALUES ('4775', '安宁区', '448', '0', '3', '0');
INSERT INTO `ls_fleaarea` VALUES ('4776', '榆中县', '448', '0', '3', '0');
INSERT INTO `ls_fleaarea` VALUES ('4777', '永登县', '448', '0', '3', '0');
INSERT INTO `ls_fleaarea` VALUES ('4778', '皋兰县', '448', '0', '3', '0');
INSERT INTO `ls_fleaarea` VALUES ('4779', '红古区', '448', '0', '3', '0');
INSERT INTO `ls_fleaarea` VALUES ('4780', '西固区', '448', '0', '3', '0');
INSERT INTO `ls_fleaarea` VALUES ('4781', '嘉峪关', '449', '0', '3', '0');
INSERT INTO `ls_fleaarea` VALUES ('4782', '永昌县', '450', '0', '3', '0');
INSERT INTO `ls_fleaarea` VALUES ('4783', '金川区', '450', '0', '3', '0');
INSERT INTO `ls_fleaarea` VALUES ('4784', '会宁县', '451', '0', '3', '0');
INSERT INTO `ls_fleaarea` VALUES ('4785', '平川区', '451', '0', '3', '0');
INSERT INTO `ls_fleaarea` VALUES ('4786', '景泰县', '451', '0', '3', '0');
INSERT INTO `ls_fleaarea` VALUES ('4787', '白银区', '451', '0', '3', '0');
INSERT INTO `ls_fleaarea` VALUES ('4788', '靖远县', '451', '0', '3', '0');
INSERT INTO `ls_fleaarea` VALUES ('4789', '张家川', '452', '0', '3', '0');
INSERT INTO `ls_fleaarea` VALUES ('4790', '武山县', '452', '0', '3', '0');
INSERT INTO `ls_fleaarea` VALUES ('4791', '清水县', '452', '0', '3', '0');
INSERT INTO `ls_fleaarea` VALUES ('4792', '甘谷县', '452', '0', '3', '0');
INSERT INTO `ls_fleaarea` VALUES ('4793', '秦安县', '452', '0', '3', '0');
INSERT INTO `ls_fleaarea` VALUES ('4794', '秦州区', '452', '0', '3', '0');
INSERT INTO `ls_fleaarea` VALUES ('4795', '麦积区', '452', '0', '3', '0');
INSERT INTO `ls_fleaarea` VALUES ('4796', '凉州区', '453', '0', '3', '0');
INSERT INTO `ls_fleaarea` VALUES ('4797', '古浪县', '453', '0', '3', '0');
INSERT INTO `ls_fleaarea` VALUES ('4798', '天祝', '453', '0', '3', '0');
INSERT INTO `ls_fleaarea` VALUES ('4799', '民勤县', '453', '0', '3', '0');
INSERT INTO `ls_fleaarea` VALUES ('4800', '临泽县', '454', '0', '3', '0');
INSERT INTO `ls_fleaarea` VALUES ('4801', '山丹县', '454', '0', '3', '0');
INSERT INTO `ls_fleaarea` VALUES ('4802', '民乐县', '454', '0', '3', '0');
INSERT INTO `ls_fleaarea` VALUES ('4803', '甘州区', '454', '0', '3', '0');
INSERT INTO `ls_fleaarea` VALUES ('4804', '肃南裕', '454', '0', '3', '0');
INSERT INTO `ls_fleaarea` VALUES ('4805', '高台县', '454', '0', '3', '0');
INSERT INTO `ls_fleaarea` VALUES ('4806', '华亭县', '455', '0', '3', '0');
INSERT INTO `ls_fleaarea` VALUES ('4807', '崆峒区', '455', '0', '3', '0');
INSERT INTO `ls_fleaarea` VALUES ('4808', '崇信县', '455', '0', '3', '0');
INSERT INTO `ls_fleaarea` VALUES ('4809', '庄浪县', '455', '0', '3', '0');
INSERT INTO `ls_fleaarea` VALUES ('4810', '泾川县', '455', '0', '3', '0');
INSERT INTO `ls_fleaarea` VALUES ('4811', '灵台县', '455', '0', '3', '0');
INSERT INTO `ls_fleaarea` VALUES ('4812', '静宁县', '455', '0', '3', '0');
INSERT INTO `ls_fleaarea` VALUES ('4813', '敦煌', '456', '0', '3', '0');
INSERT INTO `ls_fleaarea` VALUES ('4814', '玉门', '456', '0', '3', '0');
INSERT INTO `ls_fleaarea` VALUES ('4817', '肃州区', '456', '0', '3', '0');
INSERT INTO `ls_fleaarea` VALUES ('4818', '金塔县', '456', '0', '3', '0');
INSERT INTO `ls_fleaarea` VALUES ('4820', '华池县', '457', '0', '3', '0');
INSERT INTO `ls_fleaarea` VALUES ('4821', '合水县', '457', '0', '3', '0');
INSERT INTO `ls_fleaarea` VALUES ('4822', '宁县', '457', '0', '3', '0');
INSERT INTO `ls_fleaarea` VALUES ('4823', '庆城县', '457', '0', '3', '0');
INSERT INTO `ls_fleaarea` VALUES ('4824', '正宁县', '457', '0', '3', '0');
INSERT INTO `ls_fleaarea` VALUES ('4825', '环县', '457', '0', '3', '0');
INSERT INTO `ls_fleaarea` VALUES ('4826', '西峰区', '457', '0', '3', '0');
INSERT INTO `ls_fleaarea` VALUES ('4827', '镇原县', '457', '0', '3', '0');
INSERT INTO `ls_fleaarea` VALUES ('4828', '临洮县', '458', '0', '3', '0');
INSERT INTO `ls_fleaarea` VALUES ('4829', '安定区', '458', '0', '3', '0');
INSERT INTO `ls_fleaarea` VALUES ('4830', '岷县', '458', '0', '3', '0');
INSERT INTO `ls_fleaarea` VALUES ('4831', '渭源县', '458', '0', '3', '0');
INSERT INTO `ls_fleaarea` VALUES ('4832', '漳县', '458', '0', '3', '0');
INSERT INTO `ls_fleaarea` VALUES ('4833', '通渭县', '458', '0', '3', '0');
INSERT INTO `ls_fleaarea` VALUES ('4834', '陇西县', '458', '0', '3', '0');
INSERT INTO `ls_fleaarea` VALUES ('4835', '两当县', '459', '0', '3', '0');
INSERT INTO `ls_fleaarea` VALUES ('4836', '宕昌县', '459', '0', '3', '0');
INSERT INTO `ls_fleaarea` VALUES ('4837', '康县', '459', '0', '3', '0');
INSERT INTO `ls_fleaarea` VALUES ('4838', '徽县', '459', '0', '3', '0');
INSERT INTO `ls_fleaarea` VALUES ('4839', '成县', '459', '0', '3', '0');
INSERT INTO `ls_fleaarea` VALUES ('4840', '文县', '459', '0', '3', '0');
INSERT INTO `ls_fleaarea` VALUES ('4841', '武都区', '459', '0', '3', '0');
INSERT INTO `ls_fleaarea` VALUES ('4842', '礼县', '459', '0', '3', '0');
INSERT INTO `ls_fleaarea` VALUES ('4843', '西和县', '459', '0', '3', '0');
INSERT INTO `ls_fleaarea` VALUES ('4845', '临夏县', '460', '0', '3', '0');
INSERT INTO `ls_fleaarea` VALUES ('4846', '临夏', '460', '0', '3', '0');
INSERT INTO `ls_fleaarea` VALUES ('4847', '和政县', '460', '0', '3', '0');
INSERT INTO `ls_fleaarea` VALUES ('4848', '广河县', '460', '0', '3', '0');
INSERT INTO `ls_fleaarea` VALUES ('4849', '康乐县', '460', '0', '3', '0');
INSERT INTO `ls_fleaarea` VALUES ('4850', '永靖县', '460', '0', '3', '0');
INSERT INTO `ls_fleaarea` VALUES ('4852', '临潭县', '461', '0', '3', '0');
INSERT INTO `ls_fleaarea` VALUES ('4853', '卓尼县', '461', '0', '3', '0');
INSERT INTO `ls_fleaarea` VALUES ('4854', '合作', '461', '0', '3', '0');
INSERT INTO `ls_fleaarea` VALUES ('4855', '夏河县', '461', '0', '3', '0');
INSERT INTO `ls_fleaarea` VALUES ('4856', '玛曲县', '461', '0', '3', '0');
INSERT INTO `ls_fleaarea` VALUES ('4857', '碌曲县', '461', '0', '3', '0');
INSERT INTO `ls_fleaarea` VALUES ('4858', '舟曲县', '461', '0', '3', '0');
INSERT INTO `ls_fleaarea` VALUES ('4859', '迭部县', '461', '0', '3', '0');
INSERT INTO `ls_fleaarea` VALUES ('4860', '城东区', '462', '0', '3', '0');
INSERT INTO `ls_fleaarea` VALUES ('4861', '城中区', '462', '0', '3', '0');
INSERT INTO `ls_fleaarea` VALUES ('4862', '城北区', '462', '0', '3', '0');
INSERT INTO `ls_fleaarea` VALUES ('4863', '城西区', '462', '0', '3', '0');
INSERT INTO `ls_fleaarea` VALUES ('4864', '大通', '462', '0', '3', '0');
INSERT INTO `ls_fleaarea` VALUES ('4865', '湟中县', '462', '0', '3', '0');
INSERT INTO `ls_fleaarea` VALUES ('4866', '湟源县', '462', '0', '3', '0');
INSERT INTO `ls_fleaarea` VALUES ('4867', '乐都县', '463', '0', '3', '0');
INSERT INTO `ls_fleaarea` VALUES ('4868', '互助', '463', '0', '3', '0');
INSERT INTO `ls_fleaarea` VALUES ('4869', '化隆', '463', '0', '3', '0');
INSERT INTO `ls_fleaarea` VALUES ('4870', '平安县', '463', '0', '3', '0');
INSERT INTO `ls_fleaarea` VALUES ('4871', '循化', '463', '0', '3', '0');
INSERT INTO `ls_fleaarea` VALUES ('4872', '民和', '463', '0', '3', '0');
INSERT INTO `ls_fleaarea` VALUES ('4873', '刚察县', '464', '0', '3', '0');
INSERT INTO `ls_fleaarea` VALUES ('4874', '海晏县', '464', '0', '3', '0');
INSERT INTO `ls_fleaarea` VALUES ('4875', '祁连县', '464', '0', '3', '0');
INSERT INTO `ls_fleaarea` VALUES ('4876', '门源', '464', '0', '3', '0');
INSERT INTO `ls_fleaarea` VALUES ('4877', '同仁县', '465', '0', '3', '0');
INSERT INTO `ls_fleaarea` VALUES ('4878', '尖扎县', '465', '0', '3', '0');
INSERT INTO `ls_fleaarea` VALUES ('4880', '泽库县', '465', '0', '3', '0');
INSERT INTO `ls_fleaarea` VALUES ('4881', '共和县', '466', '0', '3', '0');
INSERT INTO `ls_fleaarea` VALUES ('4882', '兴海县', '466', '0', '3', '0');
INSERT INTO `ls_fleaarea` VALUES ('4883', '同德县', '466', '0', '3', '0');
INSERT INTO `ls_fleaarea` VALUES ('4884', '贵南县', '466', '0', '3', '0');
INSERT INTO `ls_fleaarea` VALUES ('4885', '贵德县', '466', '0', '3', '0');
INSERT INTO `ls_fleaarea` VALUES ('4886', '久治县', '467', '0', '3', '0');
INSERT INTO `ls_fleaarea` VALUES ('4887', '玛多县', '467', '0', '3', '0');
INSERT INTO `ls_fleaarea` VALUES ('4888', '玛沁县', '467', '0', '3', '0');
INSERT INTO `ls_fleaarea` VALUES ('4889', '班玛县', '467', '0', '3', '0');
INSERT INTO `ls_fleaarea` VALUES ('4890', '甘德县', '467', '0', '3', '0');
INSERT INTO `ls_fleaarea` VALUES ('4891', '达日县', '467', '0', '3', '0');
INSERT INTO `ls_fleaarea` VALUES ('4892', '囊谦县', '468', '0', '3', '0');
INSERT INTO `ls_fleaarea` VALUES ('4893', '曲麻莱县', '468', '0', '3', '0');
INSERT INTO `ls_fleaarea` VALUES ('4894', '杂多县', '468', '0', '3', '0');
INSERT INTO `ls_fleaarea` VALUES ('4895', '治多县', '468', '0', '3', '0');
INSERT INTO `ls_fleaarea` VALUES ('4896', '玉树县', '468', '0', '3', '0');
INSERT INTO `ls_fleaarea` VALUES ('4897', '称多县', '468', '0', '3', '0');
INSERT INTO `ls_fleaarea` VALUES ('4898', '乌兰县', '469', '0', '3', '0');
INSERT INTO `ls_fleaarea` VALUES ('4899', '冷湖行委', '469', '0', '3', '0');
INSERT INTO `ls_fleaarea` VALUES ('4900', '大柴旦行委', '469', '0', '3', '0');
INSERT INTO `ls_fleaarea` VALUES ('4901', '天峻县', '469', '0', '3', '0');
INSERT INTO `ls_fleaarea` VALUES ('4902', '德令哈', '469', '0', '3', '0');
INSERT INTO `ls_fleaarea` VALUES ('4903', '格尔木', '469', '0', '3', '0');
INSERT INTO `ls_fleaarea` VALUES ('4904', '茫崖行委', '469', '0', '3', '0');
INSERT INTO `ls_fleaarea` VALUES ('4905', '都兰县', '469', '0', '3', '0');
INSERT INTO `ls_fleaarea` VALUES ('4906', '兴庆区', '470', '0', '3', '0');
INSERT INTO `ls_fleaarea` VALUES ('4907', '永宁县', '470', '0', '3', '0');
INSERT INTO `ls_fleaarea` VALUES ('4908', '灵武', '470', '0', '3', '0');
INSERT INTO `ls_fleaarea` VALUES ('4909', '西夏区', '470', '0', '3', '0');
INSERT INTO `ls_fleaarea` VALUES ('4910', '贺兰县', '470', '0', '3', '0');
INSERT INTO `ls_fleaarea` VALUES ('4911', '金凤区', '470', '0', '3', '0');
INSERT INTO `ls_fleaarea` VALUES ('4912', '大武口区', '471', '0', '3', '0');
INSERT INTO `ls_fleaarea` VALUES ('4913', '平罗县', '471', '0', '3', '0');
INSERT INTO `ls_fleaarea` VALUES ('4914', '惠农区', '471', '0', '3', '0');
INSERT INTO `ls_fleaarea` VALUES ('4915', '利通区', '472', '0', '3', '0');
INSERT INTO `ls_fleaarea` VALUES ('4916', '同心县', '472', '0', '3', '0');
INSERT INTO `ls_fleaarea` VALUES ('4917', '盐池县', '472', '0', '3', '0');
INSERT INTO `ls_fleaarea` VALUES ('4918', '青铜峡', '472', '0', '3', '0');
INSERT INTO `ls_fleaarea` VALUES ('4919', '原州区', '473', '0', '3', '0');
INSERT INTO `ls_fleaarea` VALUES ('4920', '彭阳县', '473', '0', '3', '0');
INSERT INTO `ls_fleaarea` VALUES ('4921', '泾源县', '473', '0', '3', '0');
INSERT INTO `ls_fleaarea` VALUES ('4922', '西吉县', '473', '0', '3', '0');
INSERT INTO `ls_fleaarea` VALUES ('4923', '隆德县', '473', '0', '3', '0');
INSERT INTO `ls_fleaarea` VALUES ('4924', '中宁县', '474', '0', '3', '0');
INSERT INTO `ls_fleaarea` VALUES ('4925', '沙坡头区', '474', '0', '3', '0');
INSERT INTO `ls_fleaarea` VALUES ('4926', '海原县', '474', '0', '3', '0');
INSERT INTO `ls_fleaarea` VALUES ('4927', '东山区', '475', '0', '3', '0');
INSERT INTO `ls_fleaarea` VALUES ('4928', '乌鲁木齐县', '475', '0', '3', '0');
INSERT INTO `ls_fleaarea` VALUES ('4929', '天山区', '475', '0', '3', '0');
INSERT INTO `ls_fleaarea` VALUES ('4930', '头屯河区', '475', '0', '3', '0');
INSERT INTO `ls_fleaarea` VALUES ('4931', '新市区', '475', '0', '3', '0');
INSERT INTO `ls_fleaarea` VALUES ('4932', '水磨沟区', '475', '0', '3', '0');
INSERT INTO `ls_fleaarea` VALUES ('4933', '沙依巴克区', '475', '0', '3', '0');
INSERT INTO `ls_fleaarea` VALUES ('4934', '达坂城区', '475', '0', '3', '0');
INSERT INTO `ls_fleaarea` VALUES ('4935', '乌尔禾区', '476', '0', '3', '0');
INSERT INTO `ls_fleaarea` VALUES ('4936', '克拉玛依区', '476', '0', '3', '0');
INSERT INTO `ls_fleaarea` VALUES ('4937', '独山子区', '476', '0', '3', '0');
INSERT INTO `ls_fleaarea` VALUES ('4938', '白碱滩区', '476', '0', '3', '0');
INSERT INTO `ls_fleaarea` VALUES ('4939', '吐鲁番', '477', '0', '3', '0');
INSERT INTO `ls_fleaarea` VALUES ('4940', '托克逊县', '477', '0', '3', '0');
INSERT INTO `ls_fleaarea` VALUES ('4941', '鄯善县', '477', '0', '3', '0');
INSERT INTO `ls_fleaarea` VALUES ('4942', '伊吾县', '478', '0', '3', '0');
INSERT INTO `ls_fleaarea` VALUES ('4943', '哈密', '478', '0', '3', '0');
INSERT INTO `ls_fleaarea` VALUES ('4944', '巴里', '478', '0', '3', '0');
INSERT INTO `ls_fleaarea` VALUES ('4945', '吉木萨尔', '479', '0', '3', '0');
INSERT INTO `ls_fleaarea` VALUES ('4946', '呼图壁县', '479', '0', '3', '0');
INSERT INTO `ls_fleaarea` VALUES ('4947', '奇台县', '479', '0', '3', '0');
INSERT INTO `ls_fleaarea` VALUES ('4948', '昌吉', '479', '0', '3', '0');
INSERT INTO `ls_fleaarea` VALUES ('4949', '木垒', '479', '0', '3', '0');
INSERT INTO `ls_fleaarea` VALUES ('4950', '玛纳斯县', '479', '0', '3', '0');
INSERT INTO `ls_fleaarea` VALUES ('4951', '米泉', '479', '0', '3', '0');
INSERT INTO `ls_fleaarea` VALUES ('4952', '阜康', '479', '0', '3', '0');
INSERT INTO `ls_fleaarea` VALUES ('4953', '博乐', '480', '0', '3', '0');
INSERT INTO `ls_fleaarea` VALUES ('4954', '温泉县', '480', '0', '3', '0');
INSERT INTO `ls_fleaarea` VALUES ('4955', '精河县', '480', '0', '3', '0');
INSERT INTO `ls_fleaarea` VALUES ('4956', '博湖县', '481', '0', '3', '0');
INSERT INTO `ls_fleaarea` VALUES ('4957', '和硕县', '481', '0', '3', '0');
INSERT INTO `ls_fleaarea` VALUES ('4958', '和静县', '481', '0', '3', '0');
INSERT INTO `ls_fleaarea` VALUES ('4959', '尉犁县', '481', '0', '3', '0');
INSERT INTO `ls_fleaarea` VALUES ('4960', '库尔勒', '481', '0', '3', '0');
INSERT INTO `ls_fleaarea` VALUES ('4961', '焉耆', '481', '0', '3', '0');
INSERT INTO `ls_fleaarea` VALUES ('4962', '若羌县', '481', '0', '3', '0');
INSERT INTO `ls_fleaarea` VALUES ('4963', '轮台县', '481', '0', '3', '0');
INSERT INTO `ls_fleaarea` VALUES ('4964', '乌什县', '482', '0', '3', '0');
INSERT INTO `ls_fleaarea` VALUES ('4965', '库车县', '482', '0', '3', '0');
INSERT INTO `ls_fleaarea` VALUES ('4966', '拜城县', '482', '0', '3', '0');
INSERT INTO `ls_fleaarea` VALUES ('4967', '新和县', '482', '0', '3', '0');
INSERT INTO `ls_fleaarea` VALUES ('4968', '柯坪县', '482', '0', '3', '0');
INSERT INTO `ls_fleaarea` VALUES ('4969', '沙雅县', '482', '0', '3', '0');
INSERT INTO `ls_fleaarea` VALUES ('4970', '温宿县', '482', '0', '3', '0');
INSERT INTO `ls_fleaarea` VALUES ('4971', '阿克苏', '482', '0', '3', '0');
INSERT INTO `ls_fleaarea` VALUES ('4972', '阿瓦提县', '482', '0', '3', '0');
INSERT INTO `ls_fleaarea` VALUES ('4973', '乌恰县', '483', '0', '3', '0');
INSERT INTO `ls_fleaarea` VALUES ('4974', '阿克陶县', '483', '0', '3', '0');
INSERT INTO `ls_fleaarea` VALUES ('4975', '阿合奇县', '483', '0', '3', '0');
INSERT INTO `ls_fleaarea` VALUES ('4976', '阿图什', '483', '0', '3', '0');
INSERT INTO `ls_fleaarea` VALUES ('4977', '伽师县', '484', '0', '3', '0');
INSERT INTO `ls_fleaarea` VALUES ('4978', '叶城县', '484', '0', '3', '0');
INSERT INTO `ls_fleaarea` VALUES ('4979', '喀什', '484', '0', '3', '0');
INSERT INTO `ls_fleaarea` VALUES ('4981', '岳普湖', '484', '0', '3', '0');
INSERT INTO `ls_fleaarea` VALUES ('4982', '巴楚县', '484', '0', '3', '0');
INSERT INTO `ls_fleaarea` VALUES ('4983', '泽普县', '484', '0', '3', '0');
INSERT INTO `ls_fleaarea` VALUES ('4984', '疏勒县', '484', '0', '3', '0');
INSERT INTO `ls_fleaarea` VALUES ('4985', '疏附县', '484', '0', '3', '0');
INSERT INTO `ls_fleaarea` VALUES ('4986', '英吉沙县', '484', '0', '3', '0');
INSERT INTO `ls_fleaarea` VALUES ('4987', '莎车县', '484', '0', '3', '0');
INSERT INTO `ls_fleaarea` VALUES ('4988', '麦盖提县', '484', '0', '3', '0');
INSERT INTO `ls_fleaarea` VALUES ('4989', '于田县', '485', '0', '3', '0');
INSERT INTO `ls_fleaarea` VALUES ('4990', '和田县', '485', '0', '3', '0');
INSERT INTO `ls_fleaarea` VALUES ('4991', '和田', '485', '0', '3', '0');
INSERT INTO `ls_fleaarea` VALUES ('4992', '墨玉县', '485', '0', '3', '0');
INSERT INTO `ls_fleaarea` VALUES ('4993', '民丰县', '485', '0', '3', '0');
INSERT INTO `ls_fleaarea` VALUES ('4994', '洛浦县', '485', '0', '3', '0');
INSERT INTO `ls_fleaarea` VALUES ('4995', '皮山县', '485', '0', '3', '0');
INSERT INTO `ls_fleaarea` VALUES ('4996', '策勒县', '485', '0', '3', '0');
INSERT INTO `ls_fleaarea` VALUES ('4997', '伊宁县', '486', '0', '3', '0');
INSERT INTO `ls_fleaarea` VALUES ('4998', '伊宁', '486', '0', '3', '0');
INSERT INTO `ls_fleaarea` VALUES ('4999', '奎屯', '486', '0', '3', '0');
INSERT INTO `ls_fleaarea` VALUES ('5001', '尼勒克县', '486', '0', '3', '0');
INSERT INTO `ls_fleaarea` VALUES ('5002', '巩留县', '486', '0', '3', '0');
INSERT INTO `ls_fleaarea` VALUES ('5003', '新源县', '486', '0', '3', '0');
INSERT INTO `ls_fleaarea` VALUES ('5004', '昭苏县', '486', '0', '3', '0');
INSERT INTO `ls_fleaarea` VALUES ('5005', '特克斯县', '486', '0', '3', '0');
INSERT INTO `ls_fleaarea` VALUES ('5006', '霍城县', '486', '0', '3', '0');
INSERT INTO `ls_fleaarea` VALUES ('5007', '乌苏', '487', '0', '3', '0');
INSERT INTO `ls_fleaarea` VALUES ('5009', '塔城', '487', '0', '3', '0');
INSERT INTO `ls_fleaarea` VALUES ('5010', '托里县', '487', '0', '3', '0');
INSERT INTO `ls_fleaarea` VALUES ('5011', '沙湾县', '487', '0', '3', '0');
INSERT INTO `ls_fleaarea` VALUES ('5012', '裕民县', '487', '0', '3', '0');
INSERT INTO `ls_fleaarea` VALUES ('5013', '额敏县', '487', '0', '3', '0');
INSERT INTO `ls_fleaarea` VALUES ('5014', '吉木乃县', '488', '0', '3', '0');
INSERT INTO `ls_fleaarea` VALUES ('5015', '哈巴河县', '488', '0', '3', '0');
INSERT INTO `ls_fleaarea` VALUES ('5016', '富蕴县', '488', '0', '3', '0');
INSERT INTO `ls_fleaarea` VALUES ('5017', '布尔津县', '488', '0', '3', '0');
INSERT INTO `ls_fleaarea` VALUES ('5018', '福海县', '488', '0', '3', '0');
INSERT INTO `ls_fleaarea` VALUES ('5019', '阿勒泰', '488', '0', '3', '0');
INSERT INTO `ls_fleaarea` VALUES ('5020', '青河县', '488', '0', '3', '0');
INSERT INTO `ls_fleaarea` VALUES ('5021', '石河子', '489', '0', '3', '0');
INSERT INTO `ls_fleaarea` VALUES ('5022', '阿拉尔', '490', '0', '3', '0');
INSERT INTO `ls_fleaarea` VALUES ('5023', '图木舒克', '491', '0', '3', '0');
INSERT INTO `ls_fleaarea` VALUES ('5024', '五家渠', '492', '0', '3', '0');
INSERT INTO `ls_fleaarea` VALUES ('45052', '天津', '1', '0', '2', '0');
INSERT INTO `ls_fleaarea` VALUES ('45053', '重庆', '1', '0', '2', '0');
INSERT INTO `ls_fleaarea` VALUES ('45054', '上海', '1', '0', '2', '0');
INSERT INTO `ls_fleaarea` VALUES ('45055', '海外', '35', '0', '2', '0');

-- -----------------------------
-- Table structure for `ls_fleaclass`
-- -----------------------------
DROP TABLE IF EXISTS `ls_fleaclass`;
CREATE TABLE `ls_fleaclass` (
  `fleaclass_id` int(10) unsigned NOT NULL AUTO_INCREMENT COMMENT '闲置分类自增ID',
  `fleaclass_name` varchar(100) NOT NULL COMMENT '闲置分类名称',
  `fleaclass_name_index` varchar(100) DEFAULT NULL COMMENT '闲置首页显示的名称',
  `fleaclass_parent_id` int(10) unsigned NOT NULL DEFAULT '0' COMMENT '上级ID',
  `fleaclass_sort` tinyint(3) unsigned NOT NULL DEFAULT '255' COMMENT '闲置分类排序',
  `fleaclass_show` tinyint(1) NOT NULL DEFAULT '1' COMMENT '前台显示 0:否 1:是',
  `fleaclass_index_show` tinyint(1) NOT NULL DEFAULT '1' COMMENT '首页显示 1:显示 0:不显示',
  PRIMARY KEY (`fleaclass_id`)
) ENGINE=InnoDB AUTO_INCREMENT=108 DEFAULT CHARSET=utf8 COMMENT='闲置分类';

-- -----------------------------
-- Records of `ls_fleaclass`
-- -----------------------------
INSERT INTO `ls_fleaclass` VALUES ('1', '手机', '', '0', '1', '1', '1');
INSERT INTO `ls_fleaclass` VALUES ('2', '手机', '', '1', '255', '1', '1');
INSERT INTO `ls_fleaclass` VALUES ('3', '配件', '', '1', '255', '1', '1');
INSERT INTO `ls_fleaclass` VALUES ('4', '相机/摄像机', '', '0', '2', '1', '1');
INSERT INTO `ls_fleaclass` VALUES ('5', '单反镜头', '', '4', '255', '1', '1');
INSERT INTO `ls_fleaclass` VALUES ('6', '数码单反', '', '4', '255', '1', '1');
INSERT INTO `ls_fleaclass` VALUES ('7', '普通数码相机', '', '4', '255', '1', '1');
INSERT INTO `ls_fleaclass` VALUES ('8', '胶片相机', '', '4', '255', '1', '1');
INSERT INTO `ls_fleaclass` VALUES ('9', '摄像机', '', '4', '255', '1', '1');
INSERT INTO `ls_fleaclass` VALUES ('10', '其他', '', '4', '255', '1', '1');
INSERT INTO `ls_fleaclass` VALUES ('11', '电脑/电脑配件', '', '0', '3', '1', '1');
INSERT INTO `ls_fleaclass` VALUES ('12', '笔记本电脑', '', '11', '255', '1', '1');
INSERT INTO `ls_fleaclass` VALUES ('13', '平板电脑', '', '11', '255', '1', '1');
INSERT INTO `ls_fleaclass` VALUES ('14', '台式机', '', '11', '255', '1', '1');
INSERT INTO `ls_fleaclass` VALUES ('15', '显示器', '', '11', '255', '1', '1');
INSERT INTO `ls_fleaclass` VALUES ('16', '台式机配件', '', '11', '255', '1', '1');
INSERT INTO `ls_fleaclass` VALUES ('17', '网络设备', '', '11', '255', '1', '1');
INSERT INTO `ls_fleaclass` VALUES ('18', '笔记本配件', '', '11', '255', '1', '1');
INSERT INTO `ls_fleaclass` VALUES ('19', '数码3C产品', '', '0', '4', '1', '1');
INSERT INTO `ls_fleaclass` VALUES ('20', 'MP3/MP4/录音笔', '', '19', '255', '1', '1');
INSERT INTO `ls_fleaclass` VALUES ('21', '游戏机', '', '19', '255', '1', '1');
INSERT INTO `ls_fleaclass` VALUES ('22', '游戏软件', '', '19', '255', '1', '1');
INSERT INTO `ls_fleaclass` VALUES ('23', 'U盘', '', '19', '255', '1', '1');
INSERT INTO `ls_fleaclass` VALUES ('24', '移动硬盘', '', '19', '255', '1', '1');
INSERT INTO `ls_fleaclass` VALUES ('25', '闪存卡', '', '19', '255', '1', '1');
INSERT INTO `ls_fleaclass` VALUES ('26', '其他', '', '19', '255', '1', '1');
INSERT INTO `ls_fleaclass` VALUES ('27', '服装/服饰', '', '0', '5', '1', '1');
INSERT INTO `ls_fleaclass` VALUES ('28', '女装', '', '27', '255', '1', '1');
INSERT INTO `ls_fleaclass` VALUES ('29', '男装', '', '27', '255', '1', '1');
INSERT INTO `ls_fleaclass` VALUES ('30', '男鞋', '', '27', '255', '1', '1');
INSERT INTO `ls_fleaclass` VALUES ('31', '女鞋', '', '27', '255', '1', '1');
INSERT INTO `ls_fleaclass` VALUES ('32', '饰品', '', '27', '255', '1', '1');
INSERT INTO `ls_fleaclass` VALUES ('33', '箱包', '', '27', '255', '1', '1');
INSERT INTO `ls_fleaclass` VALUES ('34', '其他', '', '27', '255', '1', '1');
INSERT INTO `ls_fleaclass` VALUES ('35', '美容/美颜/香水', '', '0', '6', '1', '1');
INSERT INTO `ls_fleaclass` VALUES ('36', '美容护肤', '', '35', '255', '1', '1');
INSERT INTO `ls_fleaclass` VALUES ('37', '彩妆', '', '35', '255', '1', '1');
INSERT INTO `ls_fleaclass` VALUES ('38', '美容工具', '', '35', '255', '1', '1');
INSERT INTO `ls_fleaclass` VALUES ('39', '香水', '', '35', '255', '1', '1');
INSERT INTO `ls_fleaclass` VALUES ('40', '美容护发', '', '35', '255', '1', '1');
INSERT INTO `ls_fleaclass` VALUES ('41', '其他', '', '35', '255', '1', '1');
INSERT INTO `ls_fleaclass` VALUES ('42', '家居/日用品', '', '0', '7', '1', '1');
INSERT INTO `ls_fleaclass` VALUES ('43', '家具', '', '42', '255', '1', '1');
INSERT INTO `ls_fleaclass` VALUES ('44', '日用日化', '', '42', '255', '1', '1');
INSERT INTO `ls_fleaclass` VALUES ('45', '建材', '', '42', '255', '1', '1');
INSERT INTO `ls_fleaclass` VALUES ('46', '家饰家纺', '', '42', '255', '1', '1');
INSERT INTO `ls_fleaclass` VALUES ('47', '其他', '', '42', '255', '1', '1');
INSERT INTO `ls_fleaclass` VALUES ('48', '食品/保健品', '', '0', '8', '1', '1');
INSERT INTO `ls_fleaclass` VALUES ('49', '食品', '', '48', '255', '1', '1');
INSERT INTO `ls_fleaclass` VALUES ('50', '保健品', '', '48', '255', '1', '1');
INSERT INTO `ls_fleaclass` VALUES ('51', '家用电器/影音设备', '', '0', '9', '1', '1');
INSERT INTO `ls_fleaclass` VALUES ('52', '电视机', '', '51', '255', '1', '1');
INSERT INTO `ls_fleaclass` VALUES ('53', '洗衣机', '', '51', '255', '1', '1');
INSERT INTO `ls_fleaclass` VALUES ('54', '空调', '', '51', '255', '1', '1');
INSERT INTO `ls_fleaclass` VALUES ('55', '冰箱', '', '51', '255', '1', '1');
INSERT INTO `ls_fleaclass` VALUES ('56', '其他大家电', '', '51', '255', '1', '1');
INSERT INTO `ls_fleaclass` VALUES ('57', '厨房电器', '', '51', '255', '1', '1');
INSERT INTO `ls_fleaclass` VALUES ('58', '影音/耳机/HIFI', '', '51', '255', '1', '1');
INSERT INTO `ls_fleaclass` VALUES ('59', '生活小家电', '', '51', '255', '1', '1');
INSERT INTO `ls_fleaclass` VALUES ('60', '母婴/儿童用品/玩具', '', '0', '10', '1', '1');
INSERT INTO `ls_fleaclass` VALUES ('61', '孕产妇用品/营养', '', '60', '255', '1', '1');
INSERT INTO `ls_fleaclass` VALUES ('62', '婴儿装/童装', '', '60', '255', '1', '1');
INSERT INTO `ls_fleaclass` VALUES ('63', '玩具/早教/益智', '', '60', '255', '1', '1');
INSERT INTO `ls_fleaclass` VALUES ('64', '婴儿用品', '', '60', '255', '1', '1');
INSERT INTO `ls_fleaclass` VALUES ('65', '奶粉/宝宝营养', '', '60', '255', '1', '1');
INSERT INTO `ls_fleaclass` VALUES ('66', '其他', '', '60', '255', '1', '1');
INSERT INTO `ls_fleaclass` VALUES ('67', '宠物/宠物用品', '', '0', '11', '1', '1');
INSERT INTO `ls_fleaclass` VALUES ('68', '宠物', '', '67', '255', '1', '1');
INSERT INTO `ls_fleaclass` VALUES ('69', '宠物用品', '', '67', '255', '1', '1');
INSERT INTO `ls_fleaclass` VALUES ('70', '宠物食品', '', '67', '255', '1', '1');
INSERT INTO `ls_fleaclass` VALUES ('71', '其他', '', '67', '255', '1', '1');
INSERT INTO `ls_fleaclass` VALUES ('72', '生活服务/票务/卡券', '', '0', '12', '1', '1');
INSERT INTO `ls_fleaclass` VALUES ('73', '电影票', '', '72', '255', '1', '1');
INSERT INTO `ls_fleaclass` VALUES ('74', '演出赛事', '', '72', '255', '1', '1');
INSERT INTO `ls_fleaclass` VALUES ('75', '折扣券/购物卡', '', '72', '255', '1', '1');
INSERT INTO `ls_fleaclass` VALUES ('76', '餐饮美食', '', '72', '255', '1', '1');
INSERT INTO `ls_fleaclass` VALUES ('77', '休闲娱乐', '', '72', '255', '1', '1');
INSERT INTO `ls_fleaclass` VALUES ('78', '生活服务', '', '72', '255', '1', '1');
INSERT INTO `ls_fleaclass` VALUES ('79', '其他', '', '72', '255', '1', '1');
INSERT INTO `ls_fleaclass` VALUES ('80', '书刊音像/问题用品', '', '0', '13', '1', '1');
INSERT INTO `ls_fleaclass` VALUES ('81', '书籍', '', '80', '255', '1', '1');
INSERT INTO `ls_fleaclass` VALUES ('82', 'CD/DVD', '', '80', '255', '1', '1');
INSERT INTO `ls_fleaclass` VALUES ('83', '期刊杂志', '', '80', '255', '1', '1');
INSERT INTO `ls_fleaclass` VALUES ('84', '乐器', '', '80', '255', '1', '1');
INSERT INTO `ls_fleaclass` VALUES ('85', '运动器材', '', '80', '255', '1', '1');
INSERT INTO `ls_fleaclass` VALUES ('86', '文具', '', '80', '255', '1', '1');
INSERT INTO `ls_fleaclass` VALUES ('87', '其他', '', '80', '255', '1', '1');
INSERT INTO `ls_fleaclass` VALUES ('88', '汽摩/电动车/自行车', '', '0', '14', '1', '1');
INSERT INTO `ls_fleaclass` VALUES ('89', '二手整车', '', '88', '255', '1', '1');
INSERT INTO `ls_fleaclass` VALUES ('90', '骑车配件', '', '88', '255', '1', '1');
INSERT INTO `ls_fleaclass` VALUES ('91', '摩托/电动车', '', '88', '255', '1', '1');
INSERT INTO `ls_fleaclass` VALUES ('92', '摩托/电动配件', '', '88', '255', '1', '1');
INSERT INTO `ls_fleaclass` VALUES ('93', '自行车', '', '88', '255', '1', '1');
INSERT INTO `ls_fleaclass` VALUES ('94', '其他', '', '88', '255', '1', '1');
INSERT INTO `ls_fleaclass` VALUES ('95', '珠宝/黄金/手表', '', '0', '15', '1', '1');
INSERT INTO `ls_fleaclass` VALUES ('96', '裴翠', '', '95', '255', '1', '1');
INSERT INTO `ls_fleaclass` VALUES ('97', '黄金', '', '95', '255', '1', '1');
INSERT INTO `ls_fleaclass` VALUES ('98', '玉石', '', '95', '255', '1', '1');
INSERT INTO `ls_fleaclass` VALUES ('99', '钻石', '', '95', '255', '1', '1');
INSERT INTO `ls_fleaclass` VALUES ('100', '手表', '', '95', '255', '1', '1');
INSERT INTO `ls_fleaclass` VALUES ('101', '其他', '', '95', '255', '1', '1');
INSERT INTO `ls_fleaclass` VALUES ('102', '艺术品/收藏品/古董古玩', '', '0', '16', '1', '1');
INSERT INTO `ls_fleaclass` VALUES ('103', '书画', '', '102', '255', '1', '1');
INSERT INTO `ls_fleaclass` VALUES ('104', '收藏品', '', '102', '255', '1', '1');
INSERT INTO `ls_fleaclass` VALUES ('105', '古玩', '', '102', '255', '1', '1');
INSERT INTO `ls_fleaclass` VALUES ('106', '其他', '', '102', '255', '1', '1');
INSERT INTO `ls_fleaclass` VALUES ('107', '其他闲置', '', '0', '17', '1', '1');

-- -----------------------------
-- Table structure for `ls_fleaclassindex`
-- -----------------------------
DROP TABLE IF EXISTS `ls_fleaclassindex`;
CREATE TABLE `ls_fleaclassindex` (
  `fcindex_id` int(11) unsigned NOT NULL AUTO_INCREMENT COMMENT '自增id',
  `fcindex_class` varchar(50) NOT NULL COMMENT '类别名称',
  `fcindex_code` varchar(50) NOT NULL COMMENT '类别code',
  `fcindex_id1` varchar(50) NOT NULL DEFAULT '0' COMMENT '分类id1',
  `fcindex_name1` varchar(50) NOT NULL,
  `fcindex_id2` varchar(50) NOT NULL DEFAULT '0' COMMENT '分类id2',
  `fcindex_name2` varchar(50) NOT NULL,
  `fcindex_id3` varchar(50) NOT NULL DEFAULT '0' COMMENT '分类id3',
  `fcindex_name3` varchar(50) NOT NULL,
  `fcindex_id4` varchar(50) NOT NULL DEFAULT '0' COMMENT '分类id4',
  `fcindex_name4` varchar(50) NOT NULL,
  PRIMARY KEY (`fcindex_id`)
) ENGINE=InnoDB AUTO_INCREMENT=6 DEFAULT CHARSET=utf8 COMMENT='闲置首页分类';

-- -----------------------------
-- Records of `ls_fleaclassindex`
-- -----------------------------
INSERT INTO `ls_fleaclassindex` VALUES ('1', '数码', 'shuma', '1', '手机', '4', '相机/摄像', '11', '电脑/配件', '19', '数码3C');
INSERT INTO `ls_fleaclassindex` VALUES ('2', '装扮', 'zhuangban', '27', '服装/服饰', '35', '美容/美颜', '42', '家具/日用', '48', '食品/保健');
INSERT INTO `ls_fleaclassindex` VALUES ('3', '居家', 'jujia', '51', '电器/影音', '60', '母婴/玩具', '67', '宠物/用品', '72', '生活/卡券');
INSERT INTO `ls_fleaclassindex` VALUES ('4', '兴趣', 'xingqu', '80', '书刊/音像', '88', '汽摩/电动', '95', '珠宝/黄金', '102', '艺术/收藏');
INSERT INTO `ls_fleaclassindex` VALUES ('5', '母婴', 'muying', '107', '其他闲置', '4', '相机/摄像', '19', '数码3C', '27', '服装/服饰');

-- -----------------------------
-- Table structure for `ls_fleaconsult`
-- -----------------------------
DROP TABLE IF EXISTS `ls_fleaconsult`;
CREATE TABLE `ls_fleaconsult` (
  `fleaconsult_id` int(10) unsigned NOT NULL AUTO_INCREMENT COMMENT '闲置咨询自增ID',
  `goods_id` int(11) DEFAULT '0' COMMENT '商品ID',
  `member_id` int(11) NOT NULL DEFAULT '0' COMMENT '咨询发布者会员编号(0：游客)',
  `seller_id` int(11) NOT NULL COMMENT '信息发布者编号',
  `fleaconsult_email` varchar(255) DEFAULT NULL COMMENT '闲置咨询发布者邮箱',
  `fleaconsult_content` varchar(4000) DEFAULT NULL COMMENT '闲置咨询内容',
  `fleaconsult_addtime` int(10) DEFAULT NULL COMMENT '闲置咨询发布时间',
  `fleaconsult_reply` varchar(4000) DEFAULT NULL COMMENT '闲置咨询回复内容',
  `fleaconsult_reply_time` int(10) DEFAULT NULL COMMENT '闲置咨询回复时间',
  `fleaconsult_type` varchar(20) NOT NULL DEFAULT 'flea' COMMENT '闲置咨询类型',
  PRIMARY KEY (`fleaconsult_id`)
) ENGINE=InnoDB DEFAULT CHARSET=utf8 COMMENT='闲置咨询';


-- -----------------------------
-- Table structure for `ls_fleafavorites`
-- -----------------------------
DROP TABLE IF EXISTS `ls_fleafavorites`;
CREATE TABLE `ls_fleafavorites` (
  `member_id` int(10) unsigned NOT NULL COMMENT '会员ID',
  `fleafav_id` int(10) unsigned NOT NULL COMMENT '收藏ID',
  `fleafav_type` varchar(20) NOT NULL COMMENT '闲置收藏类型',
  `fleafav_time` varchar(10) NOT NULL COMMENT '闲置收藏时间'
) ENGINE=InnoDB DEFAULT CHARSET=utf8 COMMENT='买家闲置收藏表';


-- -----------------------------
-- Table structure for `ls_fleaupload`
-- -----------------------------
DROP TABLE IF EXISTS `ls_fleaupload`;
CREATE TABLE `ls_fleaupload` (
  `fleaupload_id` int(10) unsigned NOT NULL AUTO_INCREMENT COMMENT '闲置上传文件自增ID',
  `fleafile_name` varchar(100) DEFAULT NULL COMMENT '文件名',
  `fleafile_size` int(10) unsigned NOT NULL DEFAULT '0' COMMENT '文件大小',
  `store_id` int(10) unsigned NOT NULL DEFAULT '0' COMMENT '会员ID',
  `fleaupload_type` tinyint(1) NOT NULL DEFAULT '0' COMMENT '默认为0，12为商品切换图片，13为商品内容图片',
  `fleaupload_time` int(10) unsigned NOT NULL DEFAULT '0' COMMENT '添加时间',
  `item_id` int(11) unsigned NOT NULL DEFAULT '0' COMMENT '信息ID',
  PRIMARY KEY (`fleaupload_id`)
) ENGINE=InnoDB DEFAULT CHARSET=utf8 COMMENT='闲置上传文件表';


-- -----------------------------
-- Table structure for `ls_flowstat`
-- -----------------------------
DROP TABLE IF EXISTS `ls_flowstat`;
CREATE TABLE `ls_flowstat` (
  `flowstat_stattime` int(11) unsigned NOT NULL COMMENT '访问日期',
  `flowstat_clicknum` int(11) unsigned NOT NULL COMMENT '访问量',
  `flowstat_type` varchar(10) NOT NULL COMMENT '类型',
  `store_id` int(11) unsigned NOT NULL COMMENT '店铺ID',
  `goods_id` int(11) unsigned NOT NULL COMMENT '商品ID'
) ENGINE=InnoDB DEFAULT CHARSET=utf8 COMMENT='访问量统计表';

-- -----------------------------
-- Records of `ls_flowstat`
-- -----------------------------
INSERT INTO `ls_flowstat` VALUES ('1574092800', '1', 'sum', '1', '0');
INSERT INTO `ls_flowstat` VALUES ('1574697600', '1', 'sum', '1', '0');
INSERT INTO `ls_flowstat` VALUES ('1574697600', '1', 'goods', '1', '90');
INSERT INTO `ls_flowstat` VALUES ('1574956800', '5', 'sum', '1', '0');
INSERT INTO `ls_flowstat` VALUES ('1574956800', '5', 'goods', '1', '128');
INSERT INTO `ls_flowstat` VALUES ('1575216000', '7', 'sum', '1', '0');
INSERT INTO `ls_flowstat` VALUES ('1575216000', '1', 'goods', '1', '128');
INSERT INTO `ls_flowstat` VALUES ('1575216000', '5', 'goods', '1', '7');
INSERT INTO `ls_flowstat` VALUES ('1575216000', '1', 'goods', '1', '87');
INSERT INTO `ls_flowstat` VALUES ('1575302400', '1', 'sum', '1', '0');
INSERT INTO `ls_flowstat` VALUES ('1575302400', '1', 'goods', '1', '130');
INSERT INTO `ls_flowstat` VALUES ('1575907200', '6', 'sum', '1', '0');
INSERT INTO `ls_flowstat` VALUES ('1575907200', '1', 'goods', '1', '85');
INSERT INTO `ls_flowstat` VALUES ('1575907200', '1', 'goods', '1', '100');
INSERT INTO `ls_flowstat` VALUES ('1575907200', '1', 'goods', '1', '88');
INSERT INTO `ls_flowstat` VALUES ('1575907200', '2', 'goods', '1', '128');
INSERT INTO `ls_flowstat` VALUES ('1576080000', '3', 'sum', '1', '0');
INSERT INTO `ls_flowstat` VALUES ('1576080000', '2', 'goods', '1', '142');
INSERT INTO `ls_flowstat` VALUES ('1576080000', '1', 'goods', '1', '146');
INSERT INTO `ls_flowstat` VALUES ('1576166400', '9', 'sum', '1', '0');
INSERT INTO `ls_flowstat` VALUES ('1576166400', '5', 'goods', '1', '142');
INSERT INTO `ls_flowstat` VALUES ('1576166400', '4', 'goods', '1', '146');
INSERT INTO `ls_flowstat` VALUES ('1576166400', '1', 'sum', '2', '0');
INSERT INTO `ls_flowstat` VALUES ('1576166400', '1', 'goods', '2', '176');
INSERT INTO `ls_flowstat` VALUES ('1576425600', '1', 'sum', '2', '0');
INSERT INTO `ls_flowstat` VALUES ('1576425600', '1', 'goods', '2', '176');
INSERT INTO `ls_flowstat` VALUES ('1577635200', '3', 'sum', '1', '0');
INSERT INTO `ls_flowstat` VALUES ('1577635200', '1', 'goods', '1', '172');
INSERT INTO `ls_flowstat` VALUES ('1577635200', '1', 'goods', '1', '147');
INSERT INTO `ls_flowstat` VALUES ('1577635200', '1', 'goods', '1', '155');
INSERT INTO `ls_flowstat` VALUES ('1577721600', '8', 'sum', '1', '0');
INSERT INTO `ls_flowstat` VALUES ('1577721600', '2', 'goods', '1', '155');
INSERT INTO `ls_flowstat` VALUES ('1577721600', '4', 'goods', '1', '166');
INSERT INTO `ls_flowstat` VALUES ('1577721600', '1', 'goods', '1', '171');
INSERT INTO `ls_flowstat` VALUES ('1577721600', '1', 'sum', '2', '0');
INSERT INTO `ls_flowstat` VALUES ('1577721600', '1', 'goods', '2', '176');
INSERT INTO `ls_flowstat` VALUES ('1577721600', '1', 'goods', '1', '142');
INSERT INTO `ls_flowstat` VALUES ('1577980800', '7', 'sum', '1', '0');
INSERT INTO `ls_flowstat` VALUES ('1577980800', '1', 'goods', '1', '158');
INSERT INTO `ls_flowstat` VALUES ('1577980800', '3', 'goods', '1', '166');
INSERT INTO `ls_flowstat` VALUES ('1577980800', '1', 'goods', '1', '178');
INSERT INTO `ls_flowstat` VALUES ('1577980800', '1', 'goods', '1', '167');
INSERT INTO `ls_flowstat` VALUES ('1578326400', '27', 'sum', '1', '0');
INSERT INTO `ls_flowstat` VALUES ('1578326400', '3', 'goods', '1', '178');
INSERT INTO `ls_flowstat` VALUES ('1578326400', '3', 'goods', '1', '166');
INSERT INTO `ls_flowstat` VALUES ('1578326400', '5', 'sum', '2', '0');
INSERT INTO `ls_flowstat` VALUES ('1578326400', '4', 'goods', '2', '176');
INSERT INTO `ls_flowstat` VALUES ('1578326400', '5', 'goods', '1', '172');
INSERT INTO `ls_flowstat` VALUES ('1578326400', '7', 'goods', '1', '136');
INSERT INTO `ls_flowstat` VALUES ('1578326400', '1', 'goods', '1', '142');
INSERT INTO `ls_flowstat` VALUES ('1578326400', '5', 'goods', '1', '152');
INSERT INTO `ls_flowstat` VALUES ('1578412800', '21', 'sum', '1', '0');
INSERT INTO `ls_flowstat` VALUES ('1578412800', '1', 'goods', '1', '152');
INSERT INTO `ls_flowstat` VALUES ('1578412800', '1', 'goods', '1', '158');
INSERT INTO `ls_flowstat` VALUES ('1578412800', '1', 'goods', '1', '142');
INSERT INTO `ls_flowstat` VALUES ('1578412800', '1', 'goods', '1', '155');
INSERT INTO `ls_flowstat` VALUES ('1578412800', '1', 'goods', '1', '167');
INSERT INTO `ls_flowstat` VALUES ('1578412800', '5', 'goods', '1', '166');
INSERT INTO `ls_flowstat` VALUES ('1578412800', '4', 'goods', '1', '171');
INSERT INTO `ls_flowstat` VALUES ('1578412800', '1', 'goods', '1', '172');
INSERT INTO `ls_flowstat` VALUES ('1578412800', '2', 'goods', '1', '146');
INSERT INTO `ls_flowstat` VALUES ('1578412800', '1', 'goods', '1', '179');
INSERT INTO `ls_flowstat` VALUES ('1578412800', '1', 'sum', '2', '0');
INSERT INTO `ls_flowstat` VALUES ('1578412800', '1', 'goods', '2', '176');
INSERT INTO `ls_flowstat` VALUES ('1578499200', '1', 'sum', '2', '0');
INSERT INTO `ls_flowstat` VALUES ('1578499200', '1', 'goods', '2', '176');
INSERT INTO `ls_flowstat` VALUES ('1578499200', '5', 'sum', '1', '0');
INSERT INTO `ls_flowstat` VALUES ('1578499200', '1', 'goods', '1', '146');
INSERT INTO `ls_flowstat` VALUES ('1578499200', '4', 'goods', '1', '179');

-- -----------------------------
-- Table structure for `ls_gadmin`
-- -----------------------------
DROP TABLE IF EXISTS `ls_gadmin`;
CREATE TABLE `ls_gadmin` (
  `gid` smallint(5) unsigned NOT NULL AUTO_INCREMENT COMMENT '权限自增id',
  `gname` varchar(50) DEFAULT NULL COMMENT '权限组名',
  `glimits` text COMMENT '权限组序列',
  PRIMARY KEY (`gid`)
) ENGINE=InnoDB DEFAULT CHARSET=utf8 COMMENT='权限组';


-- -----------------------------
-- Table structure for `ls_goods`
-- -----------------------------
DROP TABLE IF EXISTS `ls_goods`;
CREATE TABLE `ls_goods` (
  `goods_id` int(10) unsigned NOT NULL AUTO_INCREMENT COMMENT '商品自增ID(SKU)',
  `goods_commonid` int(10) unsigned NOT NULL COMMENT '商品公共表id',
  `goods_name` varchar(200) NOT NULL COMMENT '商品名称+规格名称',
  `goods_advword` varchar(150) DEFAULT NULL COMMENT '商品广告词',
  `store_id` int(10) unsigned NOT NULL COMMENT '店铺ID',
  `store_name` varchar(50) NOT NULL COMMENT '店铺名称',
  `gc_id` int(10) unsigned NOT NULL COMMENT '商品分类ID',
  `gc_id_1` int(10) DEFAULT NULL COMMENT '一级分类ID',
  `gc_id_2` int(10) DEFAULT NULL COMMENT '二级分类ID',
  `gc_id_3` int(10) DEFAULT NULL COMMENT '三级分类ID',
  `brand_id` int(10) unsigned DEFAULT '0' COMMENT '品牌ID',
  `goods_price` decimal(10,2) NOT NULL COMMENT '商品价格',
  `goods_promotion_price` decimal(10,2) NOT NULL COMMENT '商品促销价格',
  `goods_promotion_type` tinyint(3) unsigned NOT NULL DEFAULT '0' COMMENT '促销类型 0:无促销 1:抢购 2:限时折扣',
  `goods_marketprice` decimal(10,2) NOT NULL COMMENT '商品市场价',
  `goods_serial` varchar(50) NOT NULL COMMENT '商家编号',
  `goods_storage_alarm` tinyint(3) unsigned NOT NULL DEFAULT '0' COMMENT '商品库存报警值',
  `goods_click` int(10) unsigned NOT NULL DEFAULT '0' COMMENT '商品点击数量',
  `goods_salenum` int(10) unsigned NOT NULL DEFAULT '0' COMMENT '商品销售数量',
  `goods_collect` int(10) unsigned NOT NULL DEFAULT '0' COMMENT '商品收藏数量',
  `goods_spec` text NOT NULL COMMENT '商品规格序列化',
  `goods_storage` int(10) unsigned NOT NULL DEFAULT '0' COMMENT '商品库存',
  `goods_image` varchar(100) DEFAULT '' COMMENT '商品主图',
  `goods_state` tinyint(3) unsigned DEFAULT '0' COMMENT '商品状态 0:下架 1:正常，10:违规（禁售）',
  `goods_verify` tinyint(3) unsigned DEFAULT NULL COMMENT '商品审核 1:通过 0:未通过 10:审核中',
  `goods_addtime` int(10) unsigned NOT NULL COMMENT '商品添加时间',
  `goods_edittime` int(10) unsigned NOT NULL COMMENT '商品编辑时间',
  `areaid_1` int(10) unsigned DEFAULT NULL COMMENT '一级地区id',
  `areaid_2` int(10) unsigned DEFAULT NULL COMMENT '二级地区id',
  `region_id` int(10) unsigned DEFAULT '0' COMMENT '一级地区id',
  `color_id` int(10) unsigned NOT NULL DEFAULT '0' COMMENT '颜色规格id',
  `transport_id` mediumint(8) unsigned DEFAULT '0' COMMENT '售卖区域id',
  `goods_freight` decimal(10,2) unsigned NOT NULL DEFAULT '0.00' COMMENT '运费 0:免运费',
  `goods_vat` tinyint(3) unsigned NOT NULL DEFAULT '0' COMMENT '是否开具增值税发票 1:是 0:否',
  `goods_commend` tinyint(3) unsigned NOT NULL DEFAULT '0' COMMENT '商品推荐 1:是 0:否',
  `goods_stcids` varchar(255) NOT NULL DEFAULT '' COMMENT '店铺分类ID 首尾用,隔开',
  `evaluation_good_star` tinyint(3) unsigned NOT NULL DEFAULT '5' COMMENT '好评星级',
  `evaluation_count` int(10) unsigned NOT NULL DEFAULT '0' COMMENT '评价数',
  `is_virtual` tinyint(3) DEFAULT '0' COMMENT '是否为虚拟商品 1:是 0:否',
  `virtual_indate` int(10) DEFAULT NULL COMMENT '虚拟商品有效期',
  `virtual_limit` tinyint(3) unsigned DEFAULT NULL COMMENT '虚拟商品购买上限',
  `virtual_invalid_refund` tinyint(3) unsigned DEFAULT '1' COMMENT '是否允许过期退款 1:是 0:否',
  `is_goodsfcode` tinyint(4) DEFAULT '0' COMMENT '是否为F码商品 1:是 0:否',
  `is_appoint` tinyint(3) unsigned NOT NULL DEFAULT '0' COMMENT '是否是预约商品 1:是 0:否',
  `is_presell` tinyint(3) unsigned NOT NULL DEFAULT '0' COMMENT '是否是预售商品 1:是 0:否',
  `is_have_gift` tinyint(3) unsigned NOT NULL DEFAULT '0' COMMENT '是否拥有赠品',
  `is_platform_store` tinyint(3) unsigned NOT NULL DEFAULT '0' COMMENT '是否为平台自营',
  `goods_mgdiscount` text COMMENT '序列化会员等级折扣(商品)',
  `goods_sort` int(10) unsigned DEFAULT '255' COMMENT '商品排序',
  PRIMARY KEY (`goods_id`),
  KEY `goods_commonid` (`goods_commonid`),
  KEY `store_id` (`store_id`)
) ENGINE=InnoDB AUTO_INCREMENT=180 DEFAULT CHARSET=utf8 COMMENT='商品表';

-- -----------------------------
-- Records of `ls_goods`
-- -----------------------------
INSERT INTO `ls_goods` VALUES ('136', '120', '红薯红薯红薯红薯红薯', '红薯红薯红薯红薯红薯', '1', '自营店铺', '94', '4', '5', '94', '0', '10.00', '10.00', '0', '15.00', '', '0', '385', '102', '0', 'N;', '897', 'alioss_1_2019121117450292048.jpg', '1', '1', '1576057544', '1578542771', '0', '0', '0', '0', '0', '0.00', '0', '1', '', '5', '0', '0', '0', '0', '0', '0', '0', '0', '0', '1', '', '17');
INSERT INTO `ls_goods` VALUES ('138', '121', '桃树苗桃树苗', '桃树苗桃树苗桃树苗', '1', '自营店铺', '109', '8', '20', '109', '0', '5.00', '5.00', '0', '10.00', '', '0', '64', '2', '0', 'N;', '97', 'alioss_1_2019121118424369048.jpg', '1', '1', '1576060989', '1578478766', '0', '0', '0', '0', '0', '0.00', '0', '1', '', '5', '0', '0', '0', '0', '0', '0', '0', '0', '0', '1', '', '12');
INSERT INTO `ls_goods` VALUES ('139', '122', '土鸡土鸡土鸡', '土鸡土鸡', '1', '自营店铺', '134', '9', '23', '134', '0', '20.00', '20.00', '0', '25.00', '', '0', '114', '4', '0', 'N;', '95', 'alioss_1_2019121212590222769.jpg', '1', '1', '1576061113', '1578531019', '0', '0', '0', '0', '0', '0.00', '0', '1', '', '5', '0', '0', '0', '0', '0', '0', '0', '0', '0', '1', '', '14');
INSERT INTO `ls_goods` VALUES ('140', '123', '草鱼草鱼草鱼', '草鱼草鱼草鱼', '1', '自营店铺', '167', '10', '25', '167', '0', '10.00', '10.00', '0', '15.00', '', '0', '108', '13', '0', 'N;', '86', 'alioss_1_2019121213002151769.jpg', '1', '1', '1576061233', '1578493069', '0', '0', '0', '0', '0', '0.00', '0', '1', '', '5', '0', '0', '0', '0', '0', '0', '0', '0', '0', '1', '', '15');
INSERT INTO `ls_goods` VALUES ('141', '124', '人参人参人参', '人参人参', '1', '自营店铺', '187', '11', '28', '187', '0', '100.00', '100.00', '0', '150.00', '', '0', '167', '19', '0', 'N;', '980', 'alioss_1_2019121213255634668.jpg', '1', '1', '1576061938', '1578542669', '0', '0', '0', '0', '0', '0.00', '0', '1', '', '5', '0', '0', '0', '0', '0', '0', '0', '0', '0', '1', '', '20');
INSERT INTO `ls_goods` VALUES ('144', '125', '梨子鸭梨梨子新鲜10斤砀山梨皇冠梨香梨翠冠梨当季水果新鲜雪梨 中果', '', '1', '自营店铺', '76', '1', '2', '76', '0', '19.90', '19.90', '0', '39.90', '', '0', '30', '2', '0', 'a:1:{i:143;s:6:\"中果\";}', '97', 'alioss_1_2019121301265027009.jpg', '1', '1', '1576140721', '1578231644', '0', '0', '0', '143', '0', '0.00', '0', '1', '', '5', '0', '0', '0', '0', '0', '0', '0', '0', '0', '1', '', '16');
INSERT INTO `ls_goods` VALUES ('145', '125', '梨子鸭梨梨子新鲜10斤砀山梨皇冠梨香梨翠冠梨当季水果新鲜雪梨 大果', '', '1', '自营店铺', '76', '1', '2', '76', '0', '24.90', '24.90', '0', '42.90', '', '0', '0', '0', '0', 'a:1:{i:144;s:6:\"大果\";}', '269', 'alioss_1_2019121216501934568.jpg', '1', '1', '1576140721', '1576562120', '0', '0', '0', '144', '0', '0.00', '0', '1', '', '5', '0', '0', '0', '0', '0', '0', '0', '0', '0', '1', '', '16');
INSERT INTO `ls_goods` VALUES ('146', '126', '现摘水蜜桃子水果新鲜雪桃10斤整箱包邮冬桃甜当季时令孕妇毛桃蟠', '现摘水蜜桃子水果新鲜雪桃10斤整箱包邮冬桃甜当季时令孕妇毛桃蟠', '1', '自营店铺', '77', '1', '2', '77', '0', '35.80', '35.80', '0', '69.80', '', '0', '208', '43', '0', 'N;', '956', 'alioss_1_2019121301242837787.jpg', '1', '1', '1576141663', '1578545632', '0', '0', '0', '0', '0', '0.00', '0', '1', '', '5', '0', '0', '0', '0', '0', '0', '0', '0', '0', '1', '', '3');
INSERT INTO `ls_goods` VALUES ('147', '127', '台湾牛奶枣贵妃枣大青枣5斤包邮冬枣现摘青枣脆甜新鲜当季水果', '台湾牛奶枣贵妃枣大青枣5斤包邮冬枣现摘青枣脆甜新鲜当季水果', '1', '自营店铺', '324', '1', '2', '324', '0', '29.80', '29.80', '0', '119.80', '', '0', '8', '1', '0', 'N;', '662', 'alioss_1_2019121217102927726.jpg', '1', '1', '1576141989', '1578235363', '0', '0', '0', '0', '0', '0.00', '0', '1', '', '5', '0', '0', '0', '0', '0', '0', '0', '0', '0', '1', '', '18');
INSERT INTO `ls_goods` VALUES ('148', '128', '有机菠菜新鲜蔬菜小青菜火锅蔬菜宝宝辅食250g', '有机菠菜新鲜蔬菜小青菜火锅蔬菜宝宝辅食250g', '1', '自营店铺', '93', '4', '6', '93', '0', '12.00', '12.00', '0', '19.00', '', '0', '22', '5', '0', 'N;', '660', 'alioss_1_2019121217163746310.jpg', '1', '1', '1576142323', '1578476254', '0', '0', '0', '0', '0', '0.00', '0', '1', '', '5', '0', '0', '0', '0', '0', '0', '0', '0', '0', '1', '', '13');
INSERT INTO `ls_goods` VALUES ('149', '129', '云南红皮黄心土豆新鲜农家自种马铃薯洋山芋5斤小土豆 包邮', '云南红皮黄心土豆新鲜农家自种马铃薯洋山芋5斤小土豆 包邮', '1', '自营店铺', '105', '4', '5', '105', '0', '36.00', '36.00', '0', '59.80', '', '0', '74', '17', '0', 'N;', '316', 'alioss_1_2019121217220212150.jpg', '1', '1', '1576142578', '1578476315', '0', '0', '0', '0', '0', '0.00', '0', '1', '', '5', '0', '0', '0', '0', '0', '0', '0', '0', '0', '1', '', '11');
INSERT INTO `ls_goods` VALUES ('150', '130', '康沙新疆天山板栗南瓜新鲜贵族老面金丝沙漠甜面粉香5斤促销包邮', '康沙新疆天山板栗南瓜新鲜贵族老面金丝沙漠甜面粉香5斤促销包邮', '1', '自营店铺', '400', '4', '54', '400', '0', '28.80', '28.80', '0', '36.90', '', '0', '46', '6', '0', 'N;', '82', 'alioss_1_2019121217263277672.jpg', '1', '1', '1576142844', '1578492905', '0', '0', '0', '0', '0', '0.00', '0', '1', '', '5', '0', '0', '0', '0', '0', '0', '0', '0', '0', '1', '', '9');
INSERT INTO `ls_goods` VALUES ('151', '131', '山东老香菜', '山东老香菜', '1', '自营店铺', '739', '4', '6', '739', '0', '18.80', '18.80', '0', '36.90', '', '0', '71', '15', '0', 'N;', '318', 'alioss_1_2019121217295951451.jpg', '1', '1', '1576143021', '1578530665', '0', '0', '0', '0', '0', '0.00', '0', '1', '', '5', '0', '0', '0', '0', '0', '0', '0', '0', '0', '1', '', '10');
INSERT INTO `ls_goods` VALUES ('164', '135', '【寨吗】香菇干货250g新货农家蘑菇冬菇金钱菇肉质厚实随州特产', '【寨吗】香菇干货250g新货农家蘑菇冬菇金钱菇肉质厚实随州特产', '1', '自营店铺', '768', '764', '765', '768', '0', '29.80', '29.80', '0', '66.50', '', '0', '32', '2', '0', 'N;', '564', 'alioss_1_2019121312100672462.jpg', '1', '1', '1576210316', '1578492981', '0', '0', '0', '0', '0', '0.00', '0', '1', '', '5', '0', '0', '0', '0', '0', '0', '0', '0', '0', '1', '', '25');
INSERT INTO `ls_goods` VALUES ('165', '136', '东北黑木耳小碗耳特产纯秋木耳干货野生特级云耳长白山椴木耳250g 250g', '东北黑木耳小碗耳特产纯秋木耳干货野生特级云耳长白山椴木耳250g', '1', '自营店铺', '767', '764', '765', '767', '0', '59.80', '59.80', '0', '99.00', '', '0', '29', '3', '0', 'a:1:{i:150;s:4:\"250g\";}', '596', 'alioss_1_2019121312211814111.jpg', '1', '1', '1576210947', '1578059238', '0', '0', '0', '150', '0', '0.00', '0', '1', '', '5', '0', '0', '0', '0', '0', '0', '0', '0', '0', '1', '', '21');
INSERT INTO `ls_goods` VALUES ('166', '137', '皇冠梨新鲜梨子10斤整箱砀山梨香梨鸭梨早酥梨当季水果现摘翠冠梨', '皇冠梨新鲜梨子10斤整箱砀山梨香梨鸭梨早酥梨当季水果现摘翠冠梨', '1', '自营店铺', '76', '1', '2', '76', '0', '39.80', '39.80', '0', '66.30', '', '0', '24', '9', '0', 'N;', '435', 'alioss_1_2019121313342746239.jpg', '1', '1', '1576215475', '1578466594', '0', '0', '0', '0', '0', '0.00', '0', '1', '', '5', '0', '0', '0', '0', '0', '0', '0', '0', '0', '1', '', '22');
INSERT INTO `ls_goods` VALUES ('167', '138', '雪花梨赵县新鲜梨包邮水果皇冠梨砀山梨黄金梨9斤河北雪梨整箱10 中果', '雪花梨赵县新鲜梨包邮水果皇冠梨砀山梨黄金梨9斤河北雪梨整箱10', '1', '自营店铺', '76', '1', '2', '76', '0', '33.80', '33.80', '0', '55.00', '', '0', '36', '5', '0', 'a:1:{i:143;s:6:\"中果\";}', '95', 'alioss_1_2019121313415564065.jpg', '1', '1', '1576215781', '1578465442', '0', '0', '0', '143', '0', '0.00', '0', '1', '', '5', '0', '0', '0', '0', '0', '0', '0', '0', '0', '1', '', '4');
INSERT INTO `ls_goods` VALUES ('168', '138', '雪花梨赵县新鲜梨包邮水果皇冠梨砀山梨黄金梨9斤河北雪梨整箱10 大果', '雪花梨赵县新鲜梨包邮水果皇冠梨砀山梨黄金梨9斤河北雪梨整箱10', '1', '自营店铺', '76', '1', '2', '76', '0', '39.80', '39.80', '0', '55.00', '', '0', '0', '0', '0', 'a:1:{i:144;s:6:\"大果\";}', '266', 'alioss_1_2019121313415564065.jpg', '1', '1', '1576215781', '1576562060', '0', '0', '0', '144', '0', '0.00', '0', '1', '', '5', '0', '0', '0', '0', '0', '0', '0', '0', '0', '1', '', '4');
INSERT INTO `ls_goods` VALUES ('169', '138', '雪花梨赵县新鲜梨包邮水果皇冠梨砀山梨黄金梨9斤河北雪梨整箱10 小果', '雪花梨赵县新鲜梨包邮水果皇冠梨砀山梨黄金梨9斤河北雪梨整箱10', '1', '自营店铺', '76', '1', '2', '76', '0', '43.80', '43.80', '0', '55.00', '', '0', '0', '0', '0', 'a:1:{i:151;s:6:\"小果\";}', '599', 'alioss_1_2019121313415564065.jpg', '1', '1', '1576215781', '1576562060', '0', '0', '0', '151', '0', '0.00', '0', '1', '', '5', '0', '0', '0', '0', '0', '0', '0', '0', '0', '1', '', '4');
INSERT INTO `ls_goods` VALUES ('170', '139', '梨子新鲜10斤砀山梨皇冠梨雪香鸭梨当季水果现摘整箱早酥翠冠贡梨 大果 5000g', '梨子新鲜10斤砀山梨皇冠梨雪香鸭梨当季水果现摘整箱早酥翠冠贡梨', '1', '自营店铺', '76', '1', '2', '76', '0', '29.80', '29.80', '0', '65.20', '', '0', '11', '0', '0', 'a:2:{i:144;s:6:\"大果\";i:152;s:5:\"5000g\";}', '599', 'alioss_1_2019121313462686553.jpg', '1', '1', '1576216087', '1578031547', '0', '0', '0', '144', '0', '0.00', '0', '1', '', '5', '0', '0', '0', '0', '0', '0', '0', '0', '0', '1', '', '23');
INSERT INTO `ls_goods` VALUES ('171', '140', '现摘现发桃子新鲜水果10斤包邮带箱水蜜桃冬桃雪应季时令孕妇毛桃', '现摘现发桃子新鲜水果10斤包邮带箱水蜜桃冬桃雪应季时令孕妇毛桃', '1', '自营店铺', '77', '1', '2', '77', '0', '35.60', '35.60', '0', '58.00', '', '0', '29', '4', '0', 'N;', '551', 'alioss_1_2019121313523091203.jpg', '1', '1', '1576216411', '1578466540', '0', '0', '0', '0', '0', '0.00', '0', '1', '', '5', '0', '0', '0', '0', '0', '0', '0', '0', '0', '1', '', '2');
INSERT INTO `ls_goods` VALUES ('172', '141', '突尼斯软籽石榴净重5斤纯甜会理红石榴新鲜水果包邮现货大果10 5斤 大果', '突尼斯软籽石榴净重5斤纯甜会理红石榴新鲜水果包邮现货大果10', '1', '自营店铺', '78', '1', '2', '78', '0', '36.80', '36.80', '0', '89.00', '', '0', '135', '29', '0', 'a:2:{i:153;s:4:\"5斤\";i:155;s:6:\"大果\";}', '1526', 'alioss_1_2019121313571867987.jpg', '1', '1', '1576216751', '1578541293', '0', '0', '0', '153', '0', '0.00', '0', '1', '', '5', '0', '0', '0', '0', '0', '0', '0', '0', '0', '1', '', '1');
INSERT INTO `ls_goods` VALUES ('173', '141', '突尼斯软籽石榴净重5斤纯甜会理红石榴新鲜水果包邮现货大果10 8斤 大果', '突尼斯软籽石榴净重5斤纯甜会理红石榴新鲜水果包邮现货大果10', '1', '自营店铺', '78', '1', '2', '78', '0', '56.80', '56.80', '0', '89.00', '', '0', '0', '0', '0', 'a:2:{i:154;s:4:\"8斤\";i:155;s:6:\"大果\";}', '455', 'alioss_1_2019121313571867987.jpg', '1', '1', '1576216751', '1578293249', '0', '0', '0', '154', '0', '0.00', '0', '1', '', '5', '0', '0', '0', '0', '0', '0', '0', '0', '0', '1', '', '1');
INSERT INTO `ls_goods` VALUES ('174', '142', '现摘新鲜山楂果3斤5斤鲜山楂水果山里红大果金星糖葫芦山楂干 3斤', '现摘新鲜山楂果3斤5斤鲜山楂水果山里红大果金星糖葫芦山楂干', '1', '自营店铺', '79', '1', '2', '79', '0', '24.90', '24.90', '0', '33.60', '', '0', '36', '2', '0', 'a:1:{i:156;s:4:\"3斤\";}', '164', 'alioss_1_2019121314023632916.jpg', '1', '1', '1576216992', '1578471342', '0', '0', '0', '156', '0', '0.00', '0', '1', '', '5', '0', '0', '0', '0', '0', '0', '0', '0', '0', '1', '', '5');
INSERT INTO `ls_goods` VALUES ('175', '142', '现摘新鲜山楂果3斤5斤鲜山楂水果山里红大果金星糖葫芦山楂干 5斤', '现摘新鲜山楂果3斤5斤鲜山楂水果山里红大果金星糖葫芦山楂干', '1', '自营店铺', '79', '1', '2', '79', '0', '39.90', '39.90', '0', '53.60', '', '0', '0', '0', '0', 'a:1:{i:157;s:4:\"5斤\";}', '566', 'alioss_1_2019121314023632916.jpg', '1', '1', '1576216992', '1576562105', '0', '0', '0', '157', '0', '0.00', '0', '1', '', '5', '0', '0', '0', '0', '0', '0', '0', '0', '0', '1', '', '5');
INSERT INTO `ls_goods` VALUES ('176', '143', '绿企 海南芒果青芒10斤一整箱新鲜水果金煌芒果凯特芒果批发包邮5', '绿企 海南芒果青芒10斤一整箱新鲜水果金煌芒果凯特芒果批发包邮5', '2', '水果大全', '293', '1', '3', '293', '0', '49.80', '49.80', '0', '66.00', '', '0', '200', '45', '0', 'N;', '510', 'alioss_2_2019121314291160951.jpg', '1', '1', '1576218642', '1578542771', '0', '0', '0', '0', '0', '0.00', '0', '1', '', '5', '0', '0', '0', '0', '0', '0', '0', '0', '0', '1', '', '26');
INSERT INTO `ls_goods` VALUES ('177', '144', '盱眙龙虾麻辣十三香小龙虾熟食即食大虾香辣味6-8钱3斤口味虾1盒', '', '1', '自营店铺', '174', '10', '26', '174', '0', '188.00', '188.00', '0', '358.00', '', '0', '136', '8', '0', 'N;', '91', 'alioss_1_2019121600012877602.jpg', '1', '1', '1576426196', '1578376594', '0', '0', '0', '0', '0', '0.00', '0', '1', '', '5', '0', '0', '0', '0', '0', '0', '0', '0', '0', '1', '', '27');
INSERT INTO `ls_goods` VALUES ('178', '145', '乡乡嘴小鱼仔 湖南特产香辣小鱼零食品 即食麻辣毛毛鱼干16g*20包', '共20小包', '1', '自营店铺', '577', '10', '420', '577', '0', '19.50', '19.50', '0', '58.00', '', '0', '100', '19', '0', 'N;', '80', 'alioss_1_2019121600263518523.jpg', '1', '1', '1576427248', '1578472644', '0', '0', '0', '0', '0', '0.00', '0', '1', '', '5', '0', '0', '0', '0', '0', '0', '0', '0', '0', '1', '', '24');
INSERT INTO `ls_goods` VALUES ('179', '146', '幕府李 甘肃天水花牛苹果 蛇果平安果 新鲜水果 净重5斤果径（75-80mm）', '幕府李 甘肃天水花牛苹果 蛇果平安果 新鲜水果 净重5斤果径（75-80mm）', '1', '自营店铺', '75', '1', '2', '75', '0', '15.00', '15.00', '0', '20.00', '', '0', '10', '1', '0', 'N;', '994', 'alioss_1_2019121311550076050.jpg', '1', '1', '1578471614', '1578542347', '2', '40', '0', '0', '0', '0.00', '0', '1', '', '5', '0', '0', '0', '0', '0', '0', '0', '0', '0', '1', '', '1');

-- -----------------------------
-- Table structure for `ls_goodsattrindex`
-- -----------------------------
DROP TABLE IF EXISTS `ls_goodsattrindex`;
CREATE TABLE `ls_goodsattrindex` (
  `goods_id` int(10) unsigned NOT NULL COMMENT '商品ID',
  `goods_commonid` int(10) unsigned NOT NULL COMMENT '商品公共表ID',
  `gc_id` int(10) unsigned NOT NULL COMMENT '商品分类ID',
  `type_id` int(10) unsigned NOT NULL COMMENT '类型ID',
  `attr_id` int(10) unsigned NOT NULL COMMENT '属性ID',
  `attrvalue_id` int(10) unsigned NOT NULL COMMENT '属性值ID',
  PRIMARY KEY (`goods_id`,`gc_id`,`attrvalue_id`)
) ENGINE=InnoDB DEFAULT CHARSET=utf8 COMMENT='商品与属性对应表';


-- -----------------------------
-- Table structure for `ls_goodsbrowse`
-- -----------------------------
DROP TABLE IF EXISTS `ls_goodsbrowse`;
CREATE TABLE `ls_goodsbrowse` (
  `goods_id` int(11) NOT NULL COMMENT '商品ID',
  `member_id` int(11) NOT NULL COMMENT '会员ID',
  `goodsbrowse_time` int(11) NOT NULL COMMENT '浏览时间',
  `gc_id` int(11) NOT NULL COMMENT '商品分类',
  `gc_id_1` int(11) NOT NULL COMMENT '商品一级分类',
  `gc_id_2` int(11) NOT NULL COMMENT '商品二级分类',
  `gc_id_3` int(11) NOT NULL COMMENT '商品三级分类',
  PRIMARY KEY (`goods_id`,`member_id`)
) ENGINE=InnoDB DEFAULT CHARSET=utf8 COMMENT='商品浏览历史表';

-- -----------------------------
-- Records of `ls_goodsbrowse`
-- -----------------------------
INSERT INTO `ls_goodsbrowse` VALUES ('136', '11', '1578397822', '94', '4', '5', '94');
INSERT INTO `ls_goodsbrowse` VALUES ('146', '11', '1578539710', '77', '1', '2', '77');
INSERT INTO `ls_goodsbrowse` VALUES ('147', '15', '1577720161', '324', '1', '2', '324');
INSERT INTO `ls_goodsbrowse` VALUES ('166', '11', '1578466594', '76', '1', '2', '76');
INSERT INTO `ls_goodsbrowse` VALUES ('167', '11', '1578465442', '76', '1', '2', '76');
INSERT INTO `ls_goodsbrowse` VALUES ('171', '11', '1578466540', '77', '1', '2', '77');
INSERT INTO `ls_goodsbrowse` VALUES ('172', '11', '1578466326', '78', '1', '2', '78');
INSERT INTO `ls_goodsbrowse` VALUES ('176', '11', '1578539691', '293', '1', '3', '293');
INSERT INTO `ls_goodsbrowse` VALUES ('178', '11', '1578392269', '577', '10', '420', '577');
INSERT INTO `ls_goodsbrowse` VALUES ('179', '11', '1578541559', '75', '1', '2', '75');

-- -----------------------------
-- Table structure for `ls_goodsclass`
-- -----------------------------
DROP TABLE IF EXISTS `ls_goodsclass`;
CREATE TABLE `ls_goodsclass` (
  `gc_id` int(10) unsigned NOT NULL AUTO_INCREMENT COMMENT '商品分类自增ID',
  `gc_name` varchar(100) NOT NULL COMMENT '商品分类名称',
  `type_id` int(10) unsigned NOT NULL COMMENT '类型id',
  `type_name` varchar(100) NOT NULL COMMENT '类型名称',
  `gc_parent_id` int(10) unsigned NOT NULL DEFAULT '0' COMMENT '商品分类上级ID',
  `commis_rate` float unsigned NOT NULL DEFAULT '0' COMMENT '商品分类佣金比例',
  `gc_sort` tinyint(3) unsigned NOT NULL DEFAULT '255' COMMENT '商品分类排序',
  `gc_virtual` tinyint(3) unsigned NOT NULL DEFAULT '0' COMMENT '是否允许发布虚拟商品 1:是 0:否',
  `gc_title` varchar(200) DEFAULT NULL COMMENT '商品分类名称',
  `gc_keywords` varchar(255) DEFAULT '' COMMENT '商品分类关键词',
  `gc_description` varchar(255) DEFAULT '' COMMENT '商品分类描述',
  `gc_show` tinyint(1) NOT NULL DEFAULT '1' COMMENT '商品分类前台显示 0:否 1:是',
  PRIMARY KEY (`gc_id`),
  KEY `store_id` (`gc_parent_id`)
) ENGINE=InnoDB AUTO_INCREMENT=786 DEFAULT CHARSET=utf8 COMMENT='商品分类表';

-- -----------------------------
-- Records of `ls_goodsclass`
-- -----------------------------
INSERT INTO `ls_goodsclass` VALUES ('1', '水果', '1', '联动', '0', '0', '255', '0', '', '', '', '1');
INSERT INTO `ls_goodsclass` VALUES ('2', '核果仁果类', '1', '联动', '1', '0', '253', '0', '', '', '', '1');
INSERT INTO `ls_goodsclass` VALUES ('3', '热带水果', '1', '联动', '1', '0', '255', '0', '', '', '', '1');
INSERT INTO `ls_goodsclass` VALUES ('4', '蔬菜', '1', '联动', '0', '0', '255', '0', '', '', '', '1');
INSERT INTO `ls_goodsclass` VALUES ('5', '薯芋类', '1', '联动', '4', '0', '0', '0', '', '', '', '1');
INSERT INTO `ls_goodsclass` VALUES ('6', '叶菜类', '1', '联动', '4', '0', '0', '0', '', '', '', '1');
INSERT INTO `ls_goodsclass` VALUES ('7', '葱蒜类', '1', '联动', '4', '0', '0', '0', '', '', '', '1');
INSERT INTO `ls_goodsclass` VALUES ('8', '种苗', '1', '联动', '0', '0', '255', '0', '', '', '', '1');
INSERT INTO `ls_goodsclass` VALUES ('9', '禽畜牧蛋肉', '1', '联动', '0', '0', '255', '0', '', '', '', '1');
INSERT INTO `ls_goodsclass` VALUES ('10', '水产', '1', '联动', '0', '0', '255', '0', '', '', '', '1');
INSERT INTO `ls_goodsclass` VALUES ('11', '中药材', '1', '联动', '0', '0', '255', '0', '', '', '', '1');
INSERT INTO `ls_goodsclass` VALUES ('12', '坚果干果', '1', '联动', '0', '0', '255', '0', '', '', '', '1');
INSERT INTO `ls_goodsclass` VALUES ('15', '农副/副食', '1', '联动', '0', '0', '255', '0', '', '', '', '1');
INSERT INTO `ls_goodsclass` VALUES ('16', '粮油作物', '1', '联动', '0', '0', '255', '0', '', '', '', '1');
INSERT INTO `ls_goodsclass` VALUES ('20', '水果苗', '1', '联动', '8', '0', '0', '0', '', '', '', '1');
INSERT INTO `ls_goodsclass` VALUES ('21', '苗木种苗', '1', '联动', '8', '0', '0', '0', '', '', '', '1');
INSERT INTO `ls_goodsclass` VALUES ('22', '禽畜种苗', '1', '联动', '8', '0', '0', '0', '', '', '', '1');
INSERT INTO `ls_goodsclass` VALUES ('23', '活禽', '1', '联动', '9', '0', '0', '0', '', '', '', '1');
INSERT INTO `ls_goodsclass` VALUES ('24', '活畜', '1', '联动', '9', '0', '0', '0', '', '', '', '1');
INSERT INTO `ls_goodsclass` VALUES ('25', '淡水鱼类', '1', '联动', '10', '0', '0', '0', '', '', '', '1');
INSERT INTO `ls_goodsclass` VALUES ('26', '虾类', '1', '联动', '10', '0', '0', '0', '', '', '', '1');
INSERT INTO `ls_goodsclass` VALUES ('27', '贝类', '1', '联动', '10', '0', '0', '0', '', '', '', '1');
INSERT INTO `ls_goodsclass` VALUES ('28', '中药根茎类', '1', '联动', '11', '0', '0', '0', '', '', '', '1');
INSERT INTO `ls_goodsclass` VALUES ('29', '中药果实籽仁类', '1', '联动', '11', '0', '0', '0', '', '', '', '1');
INSERT INTO `ls_goodsclass` VALUES ('30', '坚果', '1', '联动', '12', '0', '0', '0', '', '', '', '1');
INSERT INTO `ls_goodsclass` VALUES ('39', '加工食品', '1', '联动', '15', '0', '0', '0', '', '', '', '1');
INSERT INTO `ls_goodsclass` VALUES ('41', '粮油产品', '1', '联动', '15', '0', '0', '0', '', '', '', '1');
INSERT INTO `ls_goodsclass` VALUES ('44', '调味品', '1', '联动', '15', '0', '0', '0', '', '', '', '1');
INSERT INTO `ls_goodsclass` VALUES ('45', '谷类作物', '1', '联动', '16', '0', '0', '0', '', '', '', '1');
INSERT INTO `ls_goodsclass` VALUES ('46', '油类作物', '1', '联动', '16', '0', '0', '0', '', '', '', '1');
INSERT INTO `ls_goodsclass` VALUES ('47', '豆类作物', '1', '联动', '16', '0', '0', '0', '', '', '', '1');
INSERT INTO `ls_goodsclass` VALUES ('48', '浆果类', '1', '联动', '1', '0', '255', '0', '', '', '', '1');
INSERT INTO `ls_goodsclass` VALUES ('49', '瓜果类', '1', '联动', '1', '0', '255', '0', '', '', '', '1');
INSERT INTO `ls_goodsclass` VALUES ('51', '根茎类', '1', '联动', '4', '0', '0', '0', '', '', '', '1');
INSERT INTO `ls_goodsclass` VALUES ('54', '瓜类', '1', '联动', '4', '0', '0', '0', '', '', '', '1');
INSERT INTO `ls_goodsclass` VALUES ('55', '药材种苗', '1', '联动', '8', '0', '0', '0', '', '', '', '1');
INSERT INTO `ls_goodsclass` VALUES ('56', '蛋类', '1', '联动', '9', '0', '0', '0', '', '', '', '1');
INSERT INTO `ls_goodsclass` VALUES ('57', '禽畜初加工品', '1', '联动', '9', '0', '0', '0', '', '', '', '1');
INSERT INTO `ls_goodsclass` VALUES ('58', '海水鱼类', '1', '联动', '10', '0', '0', '0', '', '', '', '1');
INSERT INTO `ls_goodsclass` VALUES ('59', '软体类', '1', '联动', '10', '0', '0', '0', '', '', '', '1');
INSERT INTO `ls_goodsclass` VALUES ('60', '中药全草类', '1', '联动', '11', '0', '0', '0', '', '', '', '1');
INSERT INTO `ls_goodsclass` VALUES ('61', '中药动物类', '1', '联动', '11', '0', '0', '0', '', '', '', '1');
INSERT INTO `ls_goodsclass` VALUES ('62', '中药树皮类', '1', '联动', '11', '0', '0', '0', '', '', '', '1');
INSERT INTO `ls_goodsclass` VALUES ('64', '干果', '1', '联动', '12', '0', '0', '0', '', '', '', '1');
INSERT INTO `ls_goodsclass` VALUES ('65', '干货', '1', '联动', '15', '0', '0', '0', '', '', '', '1');
INSERT INTO `ls_goodsclass` VALUES ('66', '酒水饮品', '1', '联动', '15', '0', '0', '0', '', '', '', '1');
INSERT INTO `ls_goodsclass` VALUES ('67', '粮油副产品', '1', '联动', '15', '0', '0', '0', '', '', '', '1');
INSERT INTO `ls_goodsclass` VALUES ('70', '柚子', '1', '联动', '3', '0', '255', '0', '', '', '', '1');
INSERT INTO `ls_goodsclass` VALUES ('71', '柠檬', '1', '联动', '3', '0', '255', '0', '', '', '', '1');
INSERT INTO `ls_goodsclass` VALUES ('72', '百香果', '1', '联动', '3', '0', '255', '0', '', '', '', '1');
INSERT INTO `ls_goodsclass` VALUES ('73', '甘蔗', '1', '联动', '3', '0', '255', '0', '', '', '', '1');
INSERT INTO `ls_goodsclass` VALUES ('74', '火龙果', '1', '联动', '3', '0', '255', '0', '', '', '', '1');
INSERT INTO `ls_goodsclass` VALUES ('75', '苹果', '1', '联动', '2', '0', '255', '0', '', '', '', '1');
INSERT INTO `ls_goodsclass` VALUES ('76', '梨', '1', '联动', '2', '0', '255', '0', '', '', '', '1');
INSERT INTO `ls_goodsclass` VALUES ('77', '毛桃', '1', '联动', '2', '0', '255', '0', '', '', '', '1');
INSERT INTO `ls_goodsclass` VALUES ('78', '石榴', '1', '联动', '2', '0', '255', '0', '', '', '', '1');
INSERT INTO `ls_goodsclass` VALUES ('79', '山楂', '1', '联动', '2', '0', '255', '0', '', '', '', '1');
INSERT INTO `ls_goodsclass` VALUES ('80', '葡萄', '1', '联动', '48', '0', '255', '0', '', '', '', '1');
INSERT INTO `ls_goodsclass` VALUES ('81', '猕猴桃', '1', '联动', '48', '0', '255', '0', '', '', '', '1');
INSERT INTO `ls_goodsclass` VALUES ('82', '草莓', '1', '联动', '48', '0', '255', '0', '', '', '', '1');
INSERT INTO `ls_goodsclass` VALUES ('83', '柿子', '1', '联动', '48', '0', '255', '0', '', '', '', '1');
INSERT INTO `ls_goodsclass` VALUES ('84', '圣女果', '1', '联动', '48', '0', '255', '0', '', '', '', '1');
INSERT INTO `ls_goodsclass` VALUES ('85', '西瓜', '1', '联动', '49', '0', '255', '0', '', '', '', '1');
INSERT INTO `ls_goodsclass` VALUES ('86', '哈密瓜', '1', '联动', '49', '0', '255', '0', '', '', '', '1');
INSERT INTO `ls_goodsclass` VALUES ('87', '甜瓜', '1', '联动', '49', '0', '255', '0', '', '', '', '1');
INSERT INTO `ls_goodsclass` VALUES ('88', '人参果', '1', '联动', '49', '0', '255', '0', '', '', '', '1');
INSERT INTO `ls_goodsclass` VALUES ('89', '刺角瓜', '1', '联动', '49', '0', '255', '0', '', '', '', '1');
INSERT INTO `ls_goodsclass` VALUES ('90', '白菜', '1', '联动', '6', '0', '255', '0', '', '', '', '1');
INSERT INTO `ls_goodsclass` VALUES ('91', '芹菜', '1', '联动', '6', '0', '255', '0', '', '', '', '1');
INSERT INTO `ls_goodsclass` VALUES ('92', '莴苣', '1', '联动', '6', '0', '255', '0', '', '', '', '1');
INSERT INTO `ls_goodsclass` VALUES ('93', '菠菜', '1', '联动', '6', '0', '255', '0', '', '', '', '1');
INSERT INTO `ls_goodsclass` VALUES ('94', '红薯', '1', '联动', '5', '0', '255', '0', '', '', '', '1');
INSERT INTO `ls_goodsclass` VALUES ('95', '大葱', '1', '联动', '7', '0', '255', '0', '', '', '', '1');
INSERT INTO `ls_goodsclass` VALUES ('96', '生姜', '1', '联动', '7', '0', '255', '0', '', '', '', '1');
INSERT INTO `ls_goodsclass` VALUES ('97', '大蒜', '1', '联动', '7', '0', '255', '0', '', '', '', '1');
INSERT INTO `ls_goodsclass` VALUES ('98', '白萝卜', '1', '联动', '51', '0', '255', '0', '', '', '', '1');
INSERT INTO `ls_goodsclass` VALUES ('99', '胡萝卜', '1', '联动', '51', '0', '255', '0', '', '', '', '1');
INSERT INTO `ls_goodsclass` VALUES ('102', '儿菜', '1', '联动', '51', '0', '255', '0', '', '', '', '1');
INSERT INTO `ls_goodsclass` VALUES ('103', '芥菜头', '1', '联动', '51', '0', '255', '0', '', '', '', '1');
INSERT INTO `ls_goodsclass` VALUES ('104', '山药', '1', '联动', '5', '0', '255', '0', '', '', '', '1');
INSERT INTO `ls_goodsclass` VALUES ('105', '土豆', '1', '联动', '5', '0', '255', '0', '', '', '', '1');
INSERT INTO `ls_goodsclass` VALUES ('106', '芋头', '1', '联动', '5', '0', '255', '0', '', '', '', '1');
INSERT INTO `ls_goodsclass` VALUES ('107', '菊芋', '1', '联动', '5', '0', '255', '0', '', '', '', '1');
INSERT INTO `ls_goodsclass` VALUES ('108', '雪莲果', '1', '联动', '5', '0', '255', '0', '', '', '', '1');
INSERT INTO `ls_goodsclass` VALUES ('109', '桃树苗', '1', '联动', '20', '0', '255', '0', '', '', '', '1');
INSERT INTO `ls_goodsclass` VALUES ('110', '柑桔苗', '1', '联动', '20', '0', '255', '0', '', '', '', '1');
INSERT INTO `ls_goodsclass` VALUES ('111', '李子苗', '1', '联动', '20', '0', '255', '0', '', '', '', '1');
INSERT INTO `ls_goodsclass` VALUES ('112', '葡萄苗', '1', '联动', '20', '0', '255', '0', '', '', '', '1');
INSERT INTO `ls_goodsclass` VALUES ('113', '樱桃苗', '1', '联动', '20', '0', '255', '0', '', '', '', '1');
INSERT INTO `ls_goodsclass` VALUES ('114', '梨树苗', '1', '联动', '20', '0', '255', '0', '', '', '', '1');
INSERT INTO `ls_goodsclass` VALUES ('115', '苹果苗', '1', '联动', '20', '0', '255', '0', '', '', '', '1');
INSERT INTO `ls_goodsclass` VALUES ('116', '核桃苗', '1', '联动', '21', '0', '255', '0', '', '', '', '1');
INSERT INTO `ls_goodsclass` VALUES ('117', '柏树苗', '1', '联动', '21', '0', '255', '0', '', '', '', '1');
INSERT INTO `ls_goodsclass` VALUES ('118', '杨树苗', '1', '联动', '21', '0', '255', '0', '', '', '', '1');
INSERT INTO `ls_goodsclass` VALUES ('119', '枫树苗', '1', '联动', '21', '0', '255', '0', '', '', '', '1');
INSERT INTO `ls_goodsclass` VALUES ('121', '鸡苗', '1', '联动', '22', '0', '255', '0', '', '', '', '1');
INSERT INTO `ls_goodsclass` VALUES ('122', '鹅苗', '1', '联动', '22', '0', '255', '0', '', '', '', '1');
INSERT INTO `ls_goodsclass` VALUES ('123', '鸭苗', '1', '联动', '22', '0', '255', '0', '', '', '', '1');
INSERT INTO `ls_goodsclass` VALUES ('124', '金银花苗', '1', '联动', '55', '0', '255', '0', '', '', '', '1');
INSERT INTO `ls_goodsclass` VALUES ('125', '黄精种苗', '1', '联动', '55', '0', '255', '0', '', '', '', '1');
INSERT INTO `ls_goodsclass` VALUES ('126', '枳壳苗', '1', '联动', '55', '0', '255', '0', '', '', '', '1');
INSERT INTO `ls_goodsclass` VALUES ('127', '白芨种苗', '1', '联动', '55', '0', '255', '0', '', '', '', '1');
INSERT INTO `ls_goodsclass` VALUES ('128', '吴茱萸苗', '1', '联动', '55', '0', '255', '0', '', '', '', '1');
INSERT INTO `ls_goodsclass` VALUES ('129', '枸橘苗', '1', '联动', '55', '0', '255', '0', '', '', '', '1');
INSERT INTO `ls_goodsclass` VALUES ('130', '重楼苗', '1', '联动', '55', '0', '255', '0', '', '', '', '1');
INSERT INTO `ls_goodsclass` VALUES ('131', '牛大力种苗', '1', '联动', '55', '0', '255', '0', '', '', '', '1');
INSERT INTO `ls_goodsclass` VALUES ('132', '枸杞苗', '1', '联动', '55', '0', '255', '0', '', '', '', '1');
INSERT INTO `ls_goodsclass` VALUES ('133', '芍药苗', '1', '联动', '55', '0', '255', '0', '', '', '', '1');
INSERT INTO `ls_goodsclass` VALUES ('134', '土鸡', '1', '联动', '23', '0', '255', '0', '', '', '', '1');
INSERT INTO `ls_goodsclass` VALUES ('135', '鸭', '1', '联动', '23', '0', '255', '0', '', '', '', '1');
INSERT INTO `ls_goodsclass` VALUES ('136', '鸡', '1', '联动', '23', '0', '255', '0', '', '', '', '1');
INSERT INTO `ls_goodsclass` VALUES ('137', '鹅', '1', '联动', '23', '0', '255', '0', '', '', '', '1');
INSERT INTO `ls_goodsclass` VALUES ('138', '肉鸡', '1', '联动', '23', '0', '255', '0', '', '', '', '1');
INSERT INTO `ls_goodsclass` VALUES ('139', '肉鹅', '1', '联动', '23', '0', '255', '0', '', '', '', '1');
INSERT INTO `ls_goodsclass` VALUES ('140', '鸽子', '1', '联动', '23', '0', '255', '0', '', '', '', '1');
INSERT INTO `ls_goodsclass` VALUES ('141', '麻鸭', '1', '联动', '23', '0', '255', '0', '', '', '', '1');
INSERT INTO `ls_goodsclass` VALUES ('142', '野鸡', '1', '联动', '23', '0', '255', '0', '', '', '', '1');
INSERT INTO `ls_goodsclass` VALUES ('143', '山鸡', '1', '联动', '23', '0', '255', '0', '', '', '', '1');
INSERT INTO `ls_goodsclass` VALUES ('144', '肉羊', '1', '联动', '24', '0', '255', '0', '', '', '', '1');
INSERT INTO `ls_goodsclass` VALUES ('145', '肉牛', '1', '联动', '24', '0', '255', '0', '', '', '', '1');
INSERT INTO `ls_goodsclass` VALUES ('146', '生猪', '1', '联动', '24', '0', '255', '0', '', '', '', '1');
INSERT INTO `ls_goodsclass` VALUES ('147', '母猪', '1', '联动', '24', '0', '255', '0', '', '', '', '1');
INSERT INTO `ls_goodsclass` VALUES ('148', '肉兔', '1', '联动', '24', '0', '255', '0', '', '', '', '1');
INSERT INTO `ls_goodsclass` VALUES ('149', '黄牛', '1', '联动', '24', '0', '255', '0', '', '', '', '1');
INSERT INTO `ls_goodsclass` VALUES ('150', '香猪', '1', '联动', '24', '0', '255', '0', '', '', '', '1');
INSERT INTO `ls_goodsclass` VALUES ('151', '肉狗', '1', '联动', '24', '0', '255', '0', '', '', '', '1');
INSERT INTO `ls_goodsclass` VALUES ('152', '种猪', '1', '联动', '24', '0', '255', '0', '', '', '', '1');
INSERT INTO `ls_goodsclass` VALUES ('153', '种羊', '1', '联动', '24', '0', '255', '0', '', '', '', '1');
INSERT INTO `ls_goodsclass` VALUES ('154', '鸡蛋', '1', '联动', '56', '0', '255', '0', '', '', '', '1');
INSERT INTO `ls_goodsclass` VALUES ('155', '鸭蛋', '1', '联动', '56', '0', '255', '0', '', '', '', '1');
INSERT INTO `ls_goodsclass` VALUES ('156', '鹅蛋', '1', '联动', '56', '0', '255', '0', '', '', '', '1');
INSERT INTO `ls_goodsclass` VALUES ('157', '种蛋', '1', '联动', '56', '0', '255', '0', '', '', '', '1');
INSERT INTO `ls_goodsclass` VALUES ('158', '松花蛋', '1', '联动', '56', '0', '255', '0', '', '', '', '1');
INSERT INTO `ls_goodsclass` VALUES ('159', '牛杂', '1', '联动', '57', '0', '255', '0', '', '', '', '1');
INSERT INTO `ls_goodsclass` VALUES ('160', '羊杂', '1', '联动', '57', '0', '255', '0', '', '', '', '1');
INSERT INTO `ls_goodsclass` VALUES ('161', '牛头', '1', '联动', '57', '0', '255', '0', '', '', '', '1');
INSERT INTO `ls_goodsclass` VALUES ('162', '牛蹄', '1', '联动', '57', '0', '255', '0', '', '', '', '1');
INSERT INTO `ls_goodsclass` VALUES ('163', '牛腱', '1', '联动', '57', '0', '255', '0', '', '', '', '1');
INSERT INTO `ls_goodsclass` VALUES ('164', '牛脊骨', '1', '联动', '57', '0', '255', '0', '', '', '', '1');
INSERT INTO `ls_goodsclass` VALUES ('165', '毛肚', '1', '联动', '57', '0', '255', '0', '', '', '', '1');
INSERT INTO `ls_goodsclass` VALUES ('166', '牛筋', '1', '联动', '57', '0', '255', '0', '', '', '', '1');
INSERT INTO `ls_goodsclass` VALUES ('167', '草鱼', '1', '联动', '25', '0', '255', '0', '', '', '', '1');
INSERT INTO `ls_goodsclass` VALUES ('168', '鲤鱼', '1', '联动', '25', '0', '255', '0', '', '', '', '1');
INSERT INTO `ls_goodsclass` VALUES ('169', '鲫鱼', '1', '联动', '25', '0', '255', '0', '', '', '', '1');
INSERT INTO `ls_goodsclass` VALUES ('170', '泥鳅', '1', '联动', '25', '0', '255', '0', '', '', '', '1');
INSERT INTO `ls_goodsclass` VALUES ('171', '鲶鱼', '1', '联动', '25', '0', '255', '0', '', '', '', '1');
INSERT INTO `ls_goodsclass` VALUES ('172', '鲳鱼', '1', '联动', '25', '0', '255', '0', '', '', '', '1');
INSERT INTO `ls_goodsclass` VALUES ('173', '黑鱼', '1', '联动', '25', '0', '255', '0', '', '', '', '1');
INSERT INTO `ls_goodsclass` VALUES ('174', '小龙虾', '1', '联动', '26', '0', '255', '0', '', '', '', '1');
INSERT INTO `ls_goodsclass` VALUES ('175', '龙虾', '1', '联动', '26', '0', '255', '0', '', '', '', '1');
INSERT INTO `ls_goodsclass` VALUES ('176', '虾仁', '1', '联动', '26', '0', '255', '0', '', '', '', '1');
INSERT INTO `ls_goodsclass` VALUES ('177', '对虾', '1', '联动', '26', '0', '255', '0', '', '', '', '1');
INSERT INTO `ls_goodsclass` VALUES ('178', '皮皮虾', '1', '联动', '26', '0', '255', '0', '', '', '', '1');
INSERT INTO `ls_goodsclass` VALUES ('179', '南美白对虾', '1', '联动', '26', '0', '255', '0', '', '', '', '1');
INSERT INTO `ls_goodsclass` VALUES ('180', '河虾', '1', '联动', '26', '0', '255', '0', '', '', '', '1');
INSERT INTO `ls_goodsclass` VALUES ('181', '虾尾', '1', '联动', '26', '0', '255', '0', '', '', '', '1');
INSERT INTO `ls_goodsclass` VALUES ('182', '生蚝', '1', '联动', '27', '0', '255', '0', '', '', '', '1');
INSERT INTO `ls_goodsclass` VALUES ('183', '扇贝', '1', '联动', '27', '0', '255', '0', '', '', '', '1');
INSERT INTO `ls_goodsclass` VALUES ('184', '田螺', '1', '联动', '27', '0', '255', '0', '', '', '', '1');
INSERT INTO `ls_goodsclass` VALUES ('186', '蛤蜊', '1', '联动', '27', '0', '255', '0', '', '', '', '1');
INSERT INTO `ls_goodsclass` VALUES ('187', '人参', '1', '联动', '28', '0', '255', '0', '', '', '', '1');
INSERT INTO `ls_goodsclass` VALUES ('188', '黄花鱼', '1', '联动', '58', '0', '255', '0', '', '', '', '1');
INSERT INTO `ls_goodsclass` VALUES ('189', '带鱼', '1', '联动', '58', '0', '255', '0', '', '', '', '1');
INSERT INTO `ls_goodsclass` VALUES ('190', '乌贼', '1', '联动', '58', '0', '255', '0', '', '', '', '1');
INSERT INTO `ls_goodsclass` VALUES ('191', '银鳕鱼', '1', '联动', '58', '0', '255', '0', '', '', '', '1');
INSERT INTO `ls_goodsclass` VALUES ('192', '龙利鱼', '1', '联动', '58', '0', '255', '0', '', '', '', '1');
INSERT INTO `ls_goodsclass` VALUES ('193', '鱿鱼', '1', '联动', '59', '0', '255', '0', '', '', '', '1');
INSERT INTO `ls_goodsclass` VALUES ('194', '海参', '1', '联动', '59', '0', '255', '0', '', '', '', '1');
INSERT INTO `ls_goodsclass` VALUES ('195', '海蛰', '1', '联动', '59', '0', '255', '0', '', '', '', '1');
INSERT INTO `ls_goodsclass` VALUES ('196', '章鱼', '1', '联动', '59', '0', '255', '0', '', '', '', '1');
INSERT INTO `ls_goodsclass` VALUES ('197', '天麻', '1', '联动', '28', '0', '255', '0', '', '', '', '1');
INSERT INTO `ls_goodsclass` VALUES ('198', '黄精', '1', '联动', '28', '0', '255', '0', '', '', '', '1');
INSERT INTO `ls_goodsclass` VALUES ('199', '三七', '1', '联动', '28', '0', '255', '0', '', '', '', '1');
INSERT INTO `ls_goodsclass` VALUES ('200', '丹参', '1', '联动', '28', '0', '255', '0', '', '', '', '1');
INSERT INTO `ls_goodsclass` VALUES ('201', '黄芩', '1', '联动', '28', '0', '255', '0', '', '', '', '1');
INSERT INTO `ls_goodsclass` VALUES ('202', '重楼', '1', '联动', '28', '0', '255', '0', '', '', '', '1');
INSERT INTO `ls_goodsclass` VALUES ('203', '当归', '1', '联动', '28', '0', '255', '0', '', '', '', '1');
INSERT INTO `ls_goodsclass` VALUES ('204', '白术', '1', '联动', '28', '0', '255', '0', '', '', '', '1');
INSERT INTO `ls_goodsclass` VALUES ('205', '土茯苓', '1', '联动', '28', '0', '255', '0', '', '', '', '1');
INSERT INTO `ls_goodsclass` VALUES ('206', '白芷', '1', '联动', '28', '0', '255', '0', '', '', '', '1');
INSERT INTO `ls_goodsclass` VALUES ('207', '沙参', '1', '联动', '28', '0', '255', '0', '', '', '', '1');
INSERT INTO `ls_goodsclass` VALUES ('208', '甘草', '1', '联动', '28', '0', '255', '0', '', '', '', '1');
INSERT INTO `ls_goodsclass` VALUES ('209', '天冬', '1', '联动', '28', '0', '255', '0', '', '', '', '1');
INSERT INTO `ls_goodsclass` VALUES ('210', '玉竹', '1', '联动', '28', '0', '255', '0', '', '', '', '1');
INSERT INTO `ls_goodsclass` VALUES ('211', '太子参', '1', '联动', '28', '0', '255', '0', '', '', '', '1');
INSERT INTO `ls_goodsclass` VALUES ('212', '大黄', '1', '联动', '28', '0', '255', '0', '', '', '', '1');
INSERT INTO `ls_goodsclass` VALUES ('213', '玛卡', '1', '联动', '29', '0', '255', '0', '', '', '', '1');
INSERT INTO `ls_goodsclass` VALUES ('214', '五味子', '1', '联动', '29', '0', '255', '0', '', '', '', '1');
INSERT INTO `ls_goodsclass` VALUES ('215', '金樱子', '1', '联动', '29', '0', '255', '0', '', '', '', '1');
INSERT INTO `ls_goodsclass` VALUES ('216', '草果', '1', '联动', '29', '0', '255', '0', '', '', '', '1');
INSERT INTO `ls_goodsclass` VALUES ('217', '罗汉果', '1', '联动', '29', '0', '255', '0', '', '', '', '1');
INSERT INTO `ls_goodsclass` VALUES ('219', '佛手', '1', '联动', '29', '0', '255', '0', '', '', '', '1');
INSERT INTO `ls_goodsclass` VALUES ('220', '栀子', '1', '联动', '29', '0', '255', '0', '', '', '', '1');
INSERT INTO `ls_goodsclass` VALUES ('221', '决明子', '1', '联动', '29', '0', '255', '0', '', '', '', '1');
INSERT INTO `ls_goodsclass` VALUES ('222', '酸枣仁', '1', '联动', '29', '0', '255', '0', '', '', '', '1');
INSERT INTO `ls_goodsclass` VALUES ('224', '小茴香', '1', '联动', '29', '0', '255', '0', '', '', '', '1');
INSERT INTO `ls_goodsclass` VALUES ('225', '核桃仁', '1', '联动', '29', '0', '255', '0', '', '', '', '1');
INSERT INTO `ls_goodsclass` VALUES ('226', '苍耳子', '1', '联动', '29', '0', '255', '0', '', '', '', '1');
INSERT INTO `ls_goodsclass` VALUES ('227', '女贞子', '1', '联动', '29', '0', '255', '0', '', '', '', '1');
INSERT INTO `ls_goodsclass` VALUES ('228', '桑葚', '1', '联动', '29', '0', '255', '0', '', '', '', '1');
INSERT INTO `ls_goodsclass` VALUES ('229', '沙棘', '1', '联动', '29', '0', '255', '0', '', '', '', '1');
INSERT INTO `ls_goodsclass` VALUES ('230', '槟榔', '1', '联动', '29', '0', '255', '0', '', '', '', '1');
INSERT INTO `ls_goodsclass` VALUES ('231', '艾叶', '1', '联动', '60', '0', '255', '0', '', '', '', '1');
INSERT INTO `ls_goodsclass` VALUES ('232', '金线莲', '1', '联动', '60', '0', '255', '0', '', '', '', '1');
INSERT INTO `ls_goodsclass` VALUES ('233', '独脚金', '1', '联动', '60', '0', '255', '0', '', '', '', '1');
INSERT INTO `ls_goodsclass` VALUES ('234', '鹿茸', '1', '联动', '61', '0', '255', '0', '', '', '', '1');
INSERT INTO `ls_goodsclass` VALUES ('235', '鸡宝', '1', '联动', '61', '0', '255', '0', '', '', '', '1');
INSERT INTO `ls_goodsclass` VALUES ('236', '燕窝', '1', '联动', '61', '0', '255', '0', '', '', '', '1');
INSERT INTO `ls_goodsclass` VALUES ('237', '地龙', '1', '联动', '61', '0', '255', '0', '', '', '', '1');
INSERT INTO `ls_goodsclass` VALUES ('238', '九香虫', '1', '联动', '61', '0', '255', '0', '', '', '', '1');
INSERT INTO `ls_goodsclass` VALUES ('239', '海龙', '1', '联动', '61', '0', '255', '0', '', '', '', '1');
INSERT INTO `ls_goodsclass` VALUES ('240', '五灵脂', '1', '联动', '61', '0', '255', '0', '', '', '', '1');
INSERT INTO `ls_goodsclass` VALUES ('241', '牛骨', '1', '联动', '61', '0', '255', '0', '', '', '', '1');
INSERT INTO `ls_goodsclass` VALUES ('242', '鸡内金', '1', '联动', '61', '0', '255', '0', '', '', '', '1');
INSERT INTO `ls_goodsclass` VALUES ('243', '鹿筋', '1', '联动', '61', '0', '255', '0', '', '', '', '1');
INSERT INTO `ls_goodsclass` VALUES ('244', '石决明', '1', '联动', '61', '0', '255', '0', '', '', '', '1');
INSERT INTO `ls_goodsclass` VALUES ('245', '蚕沙', '1', '联动', '61', '0', '255', '0', '', '', '', '1');
INSERT INTO `ls_goodsclass` VALUES ('246', '陈皮', '1', '联动', '62', '0', '255', '0', '', '', '', '1');
INSERT INTO `ls_goodsclass` VALUES ('247', '珍珠母', '1', '联动', '61', '0', '255', '0', '', '', '', '1');
INSERT INTO `ls_goodsclass` VALUES ('249', '青皮', '1', '联动', '62', '0', '255', '0', '', '', '', '1');
INSERT INTO `ls_goodsclass` VALUES ('250', '秦皮', '1', '联动', '62', '0', '255', '0', '', '', '', '1');
INSERT INTO `ls_goodsclass` VALUES ('251', '三加皮', '1', '联动', '62', '0', '255', '0', '', '', '', '1');
INSERT INTO `ls_goodsclass` VALUES ('252', '山桂皮', '1', '联动', '62', '0', '255', '0', '', '', '', '1');
INSERT INTO `ls_goodsclass` VALUES ('253', '橙皮', '1', '联动', '62', '0', '255', '0', '', '', '', '1');
INSERT INTO `ls_goodsclass` VALUES ('254', '四方木', '1', '联动', '62', '0', '255', '0', '', '', '', '1');
INSERT INTO `ls_goodsclass` VALUES ('255', '木棉皮', '1', '联动', '62', '0', '255', '0', '', '', '', '1');
INSERT INTO `ls_goodsclass` VALUES ('256', '止泻木皮', '1', '联动', '62', '0', '255', '0', '', '', '', '1');
INSERT INTO `ls_goodsclass` VALUES ('257', '鸭脚木皮', '1', '联动', '62', '0', '255', '0', '', '', '', '1');
INSERT INTO `ls_goodsclass` VALUES ('258', '枣树皮', '1', '联动', '62', '0', '255', '0', '', '', '', '1');
INSERT INTO `ls_goodsclass` VALUES ('270', '玉米', '1', '联动', '45', '0', '255', '0', '', '', '', '1');
INSERT INTO `ls_goodsclass` VALUES ('273', '大米', '1', '联动', '45', '0', '255', '0', '', '', '', '1');
INSERT INTO `ls_goodsclass` VALUES ('276', '小米', '1', '联动', '45', '0', '255', '0', '', '', '', '1');
INSERT INTO `ls_goodsclass` VALUES ('279', '稻谷', '1', '联动', '45', '0', '255', '0', '', '', '', '1');
INSERT INTO `ls_goodsclass` VALUES ('281', '谷子', '1', '联动', '45', '0', '255', '0', '', '', '', '1');
INSERT INTO `ls_goodsclass` VALUES ('282', '鲜枣', '1', '联动', '2', '0', '255', '0', '', '', '', '1');
INSERT INTO `ls_goodsclass` VALUES ('283', '大麦', '1', '联动', '45', '0', '255', '0', '', '', '', '1');
INSERT INTO `ls_goodsclass` VALUES ('284', '水蜜桃', '1', '联动', '2', '0', '255', '0', '', '', '', '1');
INSERT INTO `ls_goodsclass` VALUES ('285', '樱桃', '1', '联动', '2', '0', '255', '0', '', '', '', '1');
INSERT INTO `ls_goodsclass` VALUES ('286', '花生', '1', '联动', '46', '0', '255', '0', '', '', '', '1');
INSERT INTO `ls_goodsclass` VALUES ('287', '李子', '1', '联动', '2', '0', '255', '0', '', '', '', '1');
INSERT INTO `ls_goodsclass` VALUES ('288', '黄桃', '1', '联动', '2', '0', '255', '0', '', '', '', '1');
INSERT INTO `ls_goodsclass` VALUES ('289', '芝麻', '1', '联动', '46', '0', '255', '0', '', '', '', '1');
INSERT INTO `ls_goodsclass` VALUES ('290', '葵花', '1', '联动', '46', '0', '255', '0', '', '', '', '1');
INSERT INTO `ls_goodsclass` VALUES ('291', '香蕉', '1', '联动', '3', '0', '255', '0', '', '', '', '1');
INSERT INTO `ls_goodsclass` VALUES ('292', '油瓜', '1', '联动', '46', '0', '255', '0', '', '', '', '1');
INSERT INTO `ls_goodsclass` VALUES ('293', '芒果', '1', '联动', '3', '0', '255', '0', '', '', '', '1');
INSERT INTO `ls_goodsclass` VALUES ('295', '油桃', '1', '联动', '2', '0', '255', '0', '', '', '', '1');
INSERT INTO `ls_goodsclass` VALUES ('296', '榴莲', '1', '联动', '3', '0', '255', '0', '', '', '', '1');
INSERT INTO `ls_goodsclass` VALUES ('297', '菠萝蜜', '1', '联动', '3', '0', '255', '0', '', '', '', '1');
INSERT INTO `ls_goodsclass` VALUES ('298', '杏', '1', '联动', '2', '0', '255', '0', '', '', '', '1');
INSERT INTO `ls_goodsclass` VALUES ('299', '木瓜', '1', '联动', '3', '0', '255', '0', '', '', '', '1');
INSERT INTO `ls_goodsclass` VALUES ('300', '黄豆', '1', '联动', '47', '0', '255', '0', '', '', '', '1');
INSERT INTO `ls_goodsclass` VALUES ('302', '无花果', '1', '联动', '48', '0', '255', '0', '', '', '', '1');
INSERT INTO `ls_goodsclass` VALUES ('303', '黑豆', '1', '联动', '47', '0', '255', '0', '', '', '', '1');
INSERT INTO `ls_goodsclass` VALUES ('304', '蓝莓', '1', '联动', '48', '0', '255', '0', '', '', '', '1');
INSERT INTO `ls_goodsclass` VALUES ('305', '桑葚', '1', '联动', '48', '0', '255', '0', '', '', '', '1');
INSERT INTO `ls_goodsclass` VALUES ('306', '红豆', '1', '联动', '47', '0', '255', '0', '', '', '', '1');
INSERT INTO `ls_goodsclass` VALUES ('307', '灯笼果', '1', '联动', '48', '0', '255', '0', '', '', '', '1');
INSERT INTO `ls_goodsclass` VALUES ('308', '绿豆', '1', '联动', '47', '0', '255', '0', '', '', '', '1');
INSERT INTO `ls_goodsclass` VALUES ('309', '拐枣', '1', '联动', '48', '0', '255', '0', '', '', '', '1');
INSERT INTO `ls_goodsclass` VALUES ('310', '沙棘果', '1', '联动', '48', '0', '255', '0', '', '', '', '1');
INSERT INTO `ls_goodsclass` VALUES ('312', '薏米', '1', '联动', '45', '0', '255', '0', '', '', '', '1');
INSERT INTO `ls_goodsclass` VALUES ('313', '树莓果', '1', '联动', '48', '0', '255', '0', '', '', '', '1');
INSERT INTO `ls_goodsclass` VALUES ('314', '仙人掌果', '1', '联动', '48', '0', '255', '0', '', '', '', '1');
INSERT INTO `ls_goodsclass` VALUES ('315', '燕麦', '1', '联动', '45', '0', '255', '0', '', '', '', '1');
INSERT INTO `ls_goodsclass` VALUES ('316', '酸角', '1', '联动', '48', '0', '255', '0', '', '', '', '1');
INSERT INTO `ls_goodsclass` VALUES ('317', '黑莓', '1', '联动', '48', '0', '255', '0', '', '', '', '1');
INSERT INTO `ls_goodsclass` VALUES ('318', '荞麦', '1', '联动', '45', '0', '255', '0', '', '', '', '1');
INSERT INTO `ls_goodsclass` VALUES ('319', '蓝靛果', '1', '联动', '48', '0', '255', '0', '', '', '', '1');
INSERT INTO `ls_goodsclass` VALUES ('321', '野果', '1', '联动', '1', '0', '255', '0', '', '', '', '1');
INSERT INTO `ls_goodsclass` VALUES ('322', '亚麻籽', '1', '联动', '46', '0', '255', '0', '', '', '', '1');
INSERT INTO `ls_goodsclass` VALUES ('323', '菜籽', '1', '联动', '46', '0', '255', '0', '', '', '', '1');
INSERT INTO `ls_goodsclass` VALUES ('324', '青枣', '1', '联动', '2', '0', '255', '0', '', '', '', '1');
INSERT INTO `ls_goodsclass` VALUES ('325', '桃金娘', '1', '联动', '321', '0', '255', '0', '', '', '', '1');
INSERT INTO `ls_goodsclass` VALUES ('327', '山茶油果', '1', '联动', '46', '0', '255', '0', '', '', '', '1');
INSERT INTO `ls_goodsclass` VALUES ('328', '八月瓜', '1', '联动', '321', '0', '255', '0', '', '', '', '1');
INSERT INTO `ls_goodsclass` VALUES ('329', '刺梨', '1', '联动', '321', '0', '255', '0', '', '', '', '1');
INSERT INTO `ls_goodsclass` VALUES ('330', '羊奶果', '1', '联动', '321', '0', '255', '0', '', '', '', '1');
INSERT INTO `ls_goodsclass` VALUES ('331', '竹豆', '1', '联动', '47', '0', '255', '0', '', '', '', '1');
INSERT INTO `ls_goodsclass` VALUES ('332', '野地瓜', '1', '联动', '321', '0', '255', '0', '', '', '', '1');
INSERT INTO `ls_goodsclass` VALUES ('333', '地稔', '1', '联动', '321', '0', '255', '0', '', '', '', '1');
INSERT INTO `ls_goodsclass` VALUES ('334', '江豆', '1', '联动', '47', '0', '255', '0', '', '', '', '1');
INSERT INTO `ls_goodsclass` VALUES ('338', '柑橘类', '1', '联动', '1', '0', '254', '0', '', '', '', '1');
INSERT INTO `ls_goodsclass` VALUES ('339', '柑橘', '1', '联动', '338', '0', '255', '0', '', '', '', '1');
INSERT INTO `ls_goodsclass` VALUES ('341', '橙子', '1', '联动', '338', '0', '255', '0', '', '', '', '1');
INSERT INTO `ls_goodsclass` VALUES ('343', '枸橘果', '1', '联动', '338', '0', '255', '0', '', '', '', '1');
INSERT INTO `ls_goodsclass` VALUES ('362', '蜂蜜', '1', '联动', '39', '0', '255', '0', '', '', '', '1');
INSERT INTO `ls_goodsclass` VALUES ('363', '丸子', '1', '联动', '39', '0', '255', '0', '', '', '', '1');
INSERT INTO `ls_goodsclass` VALUES ('364', '糖果', '1', '联动', '39', '0', '255', '0', '', '', '', '1');
INSERT INTO `ls_goodsclass` VALUES ('365', '咸菜', '1', '联动', '39', '0', '255', '0', '', '', '', '1');
INSERT INTO `ls_goodsclass` VALUES ('366', '麻花', '1', '联动', '39', '0', '255', '0', '', '', '', '1');
INSERT INTO `ls_goodsclass` VALUES ('367', '月饼', '1', '联动', '39', '0', '255', '0', '', '', '', '1');
INSERT INTO `ls_goodsclass` VALUES ('368', '年糕', '1', '联动', '39', '0', '255', '0', '', '', '', '1');
INSERT INTO `ls_goodsclass` VALUES ('369', '豆丝', '1', '联动', '39', '0', '255', '0', '', '', '', '1');
INSERT INTO `ls_goodsclass` VALUES ('370', '板栗', '1', '联动', '39', '0', '255', '0', '', '', '', '1');
INSERT INTO `ls_goodsclass` VALUES ('371', '鸡蛋', '1', '联动', '39', '0', '255', '0', '', '', '', '1');
INSERT INTO `ls_goodsclass` VALUES ('372', '阿胶枣', '1', '联动', '39', '0', '255', '0', '', '', '', '1');
INSERT INTO `ls_goodsclass` VALUES ('373', '锅盔', '1', '联动', '39', '0', '255', '0', '', '', '', '1');
INSERT INTO `ls_goodsclass` VALUES ('374', '西米', '1', '联动', '39', '0', '255', '0', '', '', '', '1');
INSERT INTO `ls_goodsclass` VALUES ('375', '粉条', '1', '联动', '41', '0', '255', '0', '', '', '', '1');
INSERT INTO `ls_goodsclass` VALUES ('376', '山茶油', '1', '联动', '41', '0', '255', '0', '', '', '', '1');
INSERT INTO `ls_goodsclass` VALUES ('377', '玉米面', '1', '联动', '41', '0', '255', '0', '', '', '', '1');
INSERT INTO `ls_goodsclass` VALUES ('378', '粉皮', '1', '联动', '41', '0', '255', '0', '', '', '', '1');
INSERT INTO `ls_goodsclass` VALUES ('379', '山药豆', '1', '联动', '5', '0', '255', '0', '', '', '', '1');
INSERT INTO `ls_goodsclass` VALUES ('380', '饼干', '1', '联动', '41', '0', '255', '0', '', '', '', '1');
INSERT INTO `ls_goodsclass` VALUES ('381', '豆薯', '1', '联动', '5', '0', '255', '0', '', '', '', '1');
INSERT INTO `ls_goodsclass` VALUES ('382', '土豆粉', '1', '联动', '41', '0', '255', '0', '', '', '', '1');
INSERT INTO `ls_goodsclass` VALUES ('383', '木薯', '1', '联动', '5', '0', '255', '0', '', '', '', '1');
INSERT INTO `ls_goodsclass` VALUES ('386', '广芋', '1', '联动', '5', '0', '255', '0', '', '', '', '1');
INSERT INTO `ls_goodsclass` VALUES ('387', '水饺', '1', '联动', '41', '0', '255', '0', '', '', '', '1');
INSERT INTO `ls_goodsclass` VALUES ('388', '芝麻油', '1', '联动', '41', '0', '255', '0', '', '', '', '1');
INSERT INTO `ls_goodsclass` VALUES ('389', '凉皮', '1', '联动', '41', '0', '255', '0', '', '', '', '1');
INSERT INTO `ls_goodsclass` VALUES ('390', '莜面', '1', '联动', '41', '0', '255', '0', '', '', '', '1');
INSERT INTO `ls_goodsclass` VALUES ('391', '馒头', '1', '联动', '41', '0', '255', '0', '', '', '', '1');
INSERT INTO `ls_goodsclass` VALUES ('392', '野菜特菜', '1', '联动', '4', '0', '255', '0', '', '', '', '1');
INSERT INTO `ls_goodsclass` VALUES ('393', '花椒', '1', '联动', '44', '0', '255', '0', '', '', '', '1');
INSERT INTO `ls_goodsclass` VALUES ('394', '冰糖', '1', '联动', '44', '0', '255', '0', '', '', '', '1');
INSERT INTO `ls_goodsclass` VALUES ('395', '豆腐乳', '1', '联动', '44', '0', '255', '0', '', '', '', '1');
INSERT INTO `ls_goodsclass` VALUES ('397', '鱼腥草', '1', '联动', '392', '0', '255', '0', '', '', '', '1');
INSERT INTO `ls_goodsclass` VALUES ('398', '味精', '1', '联动', '44', '0', '255', '0', '', '', '', '1');
INSERT INTO `ls_goodsclass` VALUES ('399', '香辣酱', '1', '联动', '44', '0', '255', '0', '', '', '', '1');
INSERT INTO `ls_goodsclass` VALUES ('400', '南瓜', '1', '联动', '54', '0', '255', '0', '', '', '', '1');
INSERT INTO `ls_goodsclass` VALUES ('401', '芥末', '1', '联动', '44', '0', '255', '0', '', '', '', '1');
INSERT INTO `ls_goodsclass` VALUES ('402', '冬瓜', '1', '联动', '54', '0', '255', '0', '', '', '', '1');
INSERT INTO `ls_goodsclass` VALUES ('403', '黄瓜', '1', '联动', '54', '0', '255', '0', '', '', '', '1');
INSERT INTO `ls_goodsclass` VALUES ('404', '虾油', '1', '联动', '44', '0', '255', '0', '', '', '', '1');
INSERT INTO `ls_goodsclass` VALUES ('405', '西葫芦', '1', '联动', '54', '0', '255', '0', '', '', '', '1');
INSERT INTO `ls_goodsclass` VALUES ('406', '小麦酱', '1', '联动', '44', '0', '255', '0', '', '', '', '1');
INSERT INTO `ls_goodsclass` VALUES ('407', '苦瓜', '1', '联动', '54', '0', '255', '0', '', '', '', '1');
INSERT INTO `ls_goodsclass` VALUES ('408', '黄花菜', '1', '联动', '65', '0', '255', '0', '', '', '', '1');
INSERT INTO `ls_goodsclass` VALUES ('409', '萝卜干', '1', '联动', '65', '0', '255', '0', '', '', '', '1');
INSERT INTO `ls_goodsclass` VALUES ('410', '蔬菜苗', '1', '联动', '8', '0', '255', '0', '', '', '', '1');
INSERT INTO `ls_goodsclass` VALUES ('411', '黄瓜干', '1', '联动', '65', '0', '255', '0', '', '', '', '1');
INSERT INTO `ls_goodsclass` VALUES ('412', '水产种苗', '1', '联动', '8', '0', '255', '0', '', '', '', '1');
INSERT INTO `ls_goodsclass` VALUES ('413', '花卉种苗', '1', '联动', '8', '0', '255', '0', '', '', '', '1');
INSERT INTO `ls_goodsclass` VALUES ('414', '南瓜干', '1', '联动', '65', '0', '255', '0', '', '', '', '1');
INSERT INTO `ls_goodsclass` VALUES ('416', '特种养殖种苗', '1', '联动', '8', '0', '255', '0', '', '', '', '1');
INSERT INTO `ls_goodsclass` VALUES ('417', '芋头干', '1', '联动', '65', '0', '255', '0', '', '', '', '1');
INSERT INTO `ls_goodsclass` VALUES ('419', '桂花干', '1', '联动', '65', '0', '255', '0', '', '', '', '1');
INSERT INTO `ls_goodsclass` VALUES ('420', '水产干货', '1', '联动', '10', '0', '255', '0', '', '', '', '1');
INSERT INTO `ls_goodsclass` VALUES ('421', '苦瓜干', '1', '联动', '65', '0', '255', '0', '', '', '', '1');
INSERT INTO `ls_goodsclass` VALUES ('422', '水产加工品', '1', '联动', '10', '0', '255', '0', '', '', '', '1');
INSERT INTO `ls_goodsclass` VALUES ('423', '核桃', '1', '联动', '30', '0', '255', '0', '', '', '', '1');
INSERT INTO `ls_goodsclass` VALUES ('424', '鲜肉类', '1', '联动', '9', '0', '255', '0', '', '', '', '1');
INSERT INTO `ls_goodsclass` VALUES ('425', '禽畜精加工品', '1', '联动', '9', '0', '255', '0', '', '', '', '1');
INSERT INTO `ls_goodsclass` VALUES ('426', '肉类冻品', '1', '联动', '9', '0', '255', '0', '', '', '', '1');
INSERT INTO `ls_goodsclass` VALUES ('427', '白酒', '1', '联动', '66', '0', '255', '0', '', '', '', '1');
INSERT INTO `ls_goodsclass` VALUES ('428', '乳类', '1', '联动', '9', '0', '255', '0', '', '', '', '1');
INSERT INTO `ls_goodsclass` VALUES ('429', '果酒', '1', '联动', '66', '0', '255', '0', '', '', '', '1');
INSERT INTO `ls_goodsclass` VALUES ('430', '红酒', '1', '联动', '66', '0', '255', '0', '', '', '', '1');
INSERT INTO `ls_goodsclass` VALUES ('431', '矿泉水', '1', '联动', '66', '0', '255', '0', '', '', '', '1');
INSERT INTO `ls_goodsclass` VALUES ('432', '啤酒', '1', '联动', '66', '0', '255', '0', '', '', '', '1');
INSERT INTO `ls_goodsclass` VALUES ('433', '水果茶', '1', '联动', '66', '0', '255', '0', '', '', '', '1');
INSERT INTO `ls_goodsclass` VALUES ('434', '两栖爬行类', '1', '联动', '10', '0', '255', '0', '', '', '', '1');
INSERT INTO `ls_goodsclass` VALUES ('435', '可乐', '1', '联动', '66', '0', '255', '0', '', '', '', '1');
INSERT INTO `ls_goodsclass` VALUES ('437', '竹筒酒', '1', '联动', '66', '0', '255', '0', '', '', '', '1');
INSERT INTO `ls_goodsclass` VALUES ('438', '玉米芯', '1', '联动', '67', '0', '255', '0', '', '', '', '1');
INSERT INTO `ls_goodsclass` VALUES ('439', '稻壳', '1', '联动', '67', '0', '255', '0', '', '', '', '1');
INSERT INTO `ls_goodsclass` VALUES ('441', '稻草', '1', '联动', '67', '0', '255', '0', '', '', '', '1');
INSERT INTO `ls_goodsclass` VALUES ('443', '花生壳', '1', '联动', '67', '0', '255', '0', '', '', '', '1');
INSERT INTO `ls_goodsclass` VALUES ('468', '种子', '1', '联动', '0', '0', '255', '0', '', '', '', '1');
INSERT INTO `ls_goodsclass` VALUES ('471', '牛肉', '1', '联动', '424', '0', '255', '0', '', '', '', '1');
INSERT INTO `ls_goodsclass` VALUES ('472', '羊肉', '1', '联动', '424', '0', '255', '0', '', '', '', '1');
INSERT INTO `ls_goodsclass` VALUES ('473', '猪肉', '1', '联动', '424', '0', '255', '0', '', '', '', '1');
INSERT INTO `ls_goodsclass` VALUES ('474', '牛排', '1', '联动', '424', '0', '255', '0', '', '', '', '1');
INSERT INTO `ls_goodsclass` VALUES ('475', '羊排', '1', '联动', '424', '0', '255', '0', '', '', '', '1');
INSERT INTO `ls_goodsclass` VALUES ('477', '牛肉干', '1', '联动', '425', '0', '255', '0', '', '', '', '1');
INSERT INTO `ls_goodsclass` VALUES ('478', '腊肉', '1', '联动', '425', '0', '255', '0', '', '', '', '1');
INSERT INTO `ls_goodsclass` VALUES ('479', '香肠', '1', '联动', '425', '0', '255', '0', '', '', '', '1');
INSERT INTO `ls_goodsclass` VALUES ('481', '火腿', '1', '联动', '425', '0', '255', '0', '', '', '', '1');
INSERT INTO `ls_goodsclass` VALUES ('483', '冻牛肉', '1', '联动', '426', '0', '255', '0', '', '', '', '1');
INSERT INTO `ls_goodsclass` VALUES ('484', '冻猪肉', '1', '联动', '426', '0', '255', '0', '', '', '', '1');
INSERT INTO `ls_goodsclass` VALUES ('486', '冻鸡肉', '1', '联动', '426', '0', '255', '0', '', '', '', '1');
INSERT INTO `ls_goodsclass` VALUES ('487', '冰冻乳鸽', '1', '联动', '426', '0', '255', '0', '', '', '', '1');
INSERT INTO `ls_goodsclass` VALUES ('491', '奶制品', '1', '联动', '428', '0', '255', '0', '', '', '', '1');
INSERT INTO `ls_goodsclass` VALUES ('492', '羊奶', '1', '联动', '428', '0', '255', '0', '', '', '', '1');
INSERT INTO `ls_goodsclass` VALUES ('494', '奶渣', '1', '联动', '428', '0', '255', '0', '', '', '', '1');
INSERT INTO `ls_goodsclass` VALUES ('496', '牛奶', '1', '联动', '428', '0', '255', '0', '', '', '', '1');
INSERT INTO `ls_goodsclass` VALUES ('498', '驼奶', '1', '联动', '428', '0', '255', '0', '', '', '', '1');
INSERT INTO `ls_goodsclass` VALUES ('499', '酥油', '1', '联动', '428', '0', '255', '0', '', '', '', '1');
INSERT INTO `ls_goodsclass` VALUES ('500', '乳扇', '1', '联动', '428', '0', '255', '0', '', '', '', '1');
INSERT INTO `ls_goodsclass` VALUES ('502', '驴奶', '1', '联动', '428', '0', '255', '0', '', '', '', '1');
INSERT INTO `ls_goodsclass` VALUES ('507', '栗子', '1', '联动', '30', '0', '255', '0', '', '', '', '1');
INSERT INTO `ls_goodsclass` VALUES ('508', '瓜子', '1', '联动', '30', '0', '255', '0', '', '', '', '1');
INSERT INTO `ls_goodsclass` VALUES ('509', '桂圆', '1', '联动', '30', '0', '255', '0', '', '', '', '1');
INSERT INTO `ls_goodsclass` VALUES ('510', '莲子', '1', '联动', '30', '0', '255', '0', '', '', '', '1');
INSERT INTO `ls_goodsclass` VALUES ('511', '松子', '1', '联动', '30', '0', '255', '0', '', '', '', '1');
INSERT INTO `ls_goodsclass` VALUES ('512', '杏仁', '1', '联动', '30', '0', '255', '0', '', '', '', '1');
INSERT INTO `ls_goodsclass` VALUES ('513', '麻子', '1', '联动', '30', '0', '255', '0', '', '', '', '1');
INSERT INTO `ls_goodsclass` VALUES ('514', '巴旦木', '1', '联动', '30', '0', '255', '0', '', '', '', '1');
INSERT INTO `ls_goodsclass` VALUES ('515', '夏威夷果', '1', '联动', '30', '0', '255', '0', '', '', '', '1');
INSERT INTO `ls_goodsclass` VALUES ('535', '红枣', '1', '联动', '64', '0', '255', '0', '', '', '', '1');
INSERT INTO `ls_goodsclass` VALUES ('536', '枸杞', '1', '联动', '64', '0', '255', '0', '', '', '', '1');
INSERT INTO `ls_goodsclass` VALUES ('537', '地瓜干', '1', '联动', '64', '0', '255', '0', '', '', '', '1');
INSERT INTO `ls_goodsclass` VALUES ('538', '葡萄干', '1', '联动', '64', '0', '255', '0', '', '', '', '1');
INSERT INTO `ls_goodsclass` VALUES ('539', '果脯', '1', '联动', '64', '0', '255', '0', '', '', '', '1');
INSERT INTO `ls_goodsclass` VALUES ('540', '菠萝蜜', '1', '联动', '64', '0', '255', '0', '', '', '', '1');
INSERT INTO `ls_goodsclass` VALUES ('541', '百香果干', '1', '联动', '64', '0', '255', '0', '', '', '', '1');
INSERT INTO `ls_goodsclass` VALUES ('577', '鱼干', '1', '联动', '420', '0', '255', '0', '', '', '', '1');
INSERT INTO `ls_goodsclass` VALUES ('578', '回春草', '1', '联动', '60', '0', '255', '0', '', '', '', '1');
INSERT INTO `ls_goodsclass` VALUES ('579', '三叶青', '1', '联动', '60', '0', '255', '0', '', '', '', '1');
INSERT INTO `ls_goodsclass` VALUES ('580', '卷柏', '1', '联动', '60', '0', '255', '0', '', '', '', '1');
INSERT INTO `ls_goodsclass` VALUES ('581', '雪莲花', '1', '联动', '60', '0', '255', '0', '', '', '', '1');
INSERT INTO `ls_goodsclass` VALUES ('582', '八仙草', '1', '联动', '60', '0', '255', '0', '', '', '', '1');
INSERT INTO `ls_goodsclass` VALUES ('583', '穿心草', '1', '联动', '60', '0', '255', '0', '', '', '', '1');
INSERT INTO `ls_goodsclass` VALUES ('584', '白花丹', '1', '联动', '60', '0', '255', '0', '', '', '', '1');
INSERT INTO `ls_goodsclass` VALUES ('585', '罗非鱼', '1', '联动', '25', '0', '255', '0', '', '', '', '1');
INSERT INTO `ls_goodsclass` VALUES ('586', '黄颡', '1', '联动', '25', '0', '255', '0', '', '', '', '1');
INSERT INTO `ls_goodsclass` VALUES ('587', '鲈鱼', '1', '联动', '25', '0', '255', '0', '', '', '', '1');
INSERT INTO `ls_goodsclass` VALUES ('588', '黄鳝', '1', '联动', '25', '0', '255', '0', '', '', '', '1');
INSERT INTO `ls_goodsclass` VALUES ('589', '鲢鱼', '1', '联动', '25', '0', '255', '0', '', '', '', '1');
INSERT INTO `ls_goodsclass` VALUES ('590', '青鱼', '1', '联动', '25', '0', '255', '0', '', '', '', '1');
INSERT INTO `ls_goodsclass` VALUES ('591', '刀鱼', '1', '联动', '25', '0', '255', '0', '', '', '', '1');
INSERT INTO `ls_goodsclass` VALUES ('592', '北极虾', '1', '联动', '26', '0', '255', '0', '', '', '', '1');
INSERT INTO `ls_goodsclass` VALUES ('593', '斑节虾', '1', '联动', '26', '0', '255', '0', '', '', '', '1');
INSERT INTO `ls_goodsclass` VALUES ('594', '草虾', '1', '联动', '26', '0', '255', '0', '', '', '', '1');
INSERT INTO `ls_goodsclass` VALUES ('595', '基围虾', '1', '联动', '26', '0', '255', '0', '', '', '', '1');
INSERT INTO `ls_goodsclass` VALUES ('596', '立虾', '1', '联动', '26', '0', '255', '0', '', '', '', '1');
INSERT INTO `ls_goodsclass` VALUES ('597', '白米虾', '1', '联动', '26', '0', '255', '0', '', '', '', '1');
INSERT INTO `ls_goodsclass` VALUES ('598', '鲍鱼', '1', '联动', '27', '0', '255', '0', '', '', '', '1');
INSERT INTO `ls_goodsclass` VALUES ('599', '石螺', '1', '联动', '27', '0', '255', '0', '', '', '', '1');
INSERT INTO `ls_goodsclass` VALUES ('600', '鲜贝', '1', '联动', '27', '0', '255', '0', '', '', '', '1');
INSERT INTO `ls_goodsclass` VALUES ('603', '金枪鱼', '1', '联动', '58', '0', '255', '0', '', '', '', '1');
INSERT INTO `ls_goodsclass` VALUES ('604', '刀鱼', '1', '联动', '58', '0', '255', '0', '', '', '', '1');
INSERT INTO `ls_goodsclass` VALUES ('605', '鲤鱼', '1', '联动', '58', '0', '255', '0', '', '', '', '1');
INSERT INTO `ls_goodsclass` VALUES ('606', '炮弹鱼', '1', '联动', '58', '0', '255', '0', '', '', '', '1');
INSERT INTO `ls_goodsclass` VALUES ('607', '剑鱼', '1', '联动', '58', '0', '255', '0', '', '', '', '1');
INSERT INTO `ls_goodsclass` VALUES ('608', '牛尾鱼', '1', '联动', '58', '0', '255', '0', '', '', '', '1');
INSERT INTO `ls_goodsclass` VALUES ('609', '海胆', '1', '联动', '59', '0', '255', '0', '', '', '', '1');
INSERT INTO `ls_goodsclass` VALUES ('610', '海肠', '1', '联动', '59', '0', '255', '0', '', '', '', '1');
INSERT INTO `ls_goodsclass` VALUES ('611', '水母', '1', '联动', '59', '0', '255', '0', '', '', '', '1');
INSERT INTO `ls_goodsclass` VALUES ('612', '沙虫', '1', '联动', '59', '0', '255', '0', '', '', '', '1');
INSERT INTO `ls_goodsclass` VALUES ('613', '笔管鱼', '1', '联动', '59', '0', '255', '0', '', '', '', '1');
INSERT INTO `ls_goodsclass` VALUES ('614', '泥丁', '1', '联动', '59', '0', '255', '0', '', '', '', '1');
INSERT INTO `ls_goodsclass` VALUES ('615', '干虾', '1', '联动', '420', '0', '255', '0', '', '', '', '1');
INSERT INTO `ls_goodsclass` VALUES ('616', '虾皮', '1', '联动', '420', '0', '255', '0', '', '', '', '1');
INSERT INTO `ls_goodsclass` VALUES ('617', '花胶', '1', '联动', '420', '0', '255', '0', '', '', '', '1');
INSERT INTO `ls_goodsclass` VALUES ('618', '瑶柱', '1', '联动', '420', '0', '255', '0', '', '', '', '1');
INSERT INTO `ls_goodsclass` VALUES ('619', '刺龟皮', '1', '联动', '420', '0', '255', '0', '', '', '', '1');
INSERT INTO `ls_goodsclass` VALUES ('620', '东江鱼', '1', '联动', '420', '0', '255', '0', '', '', '', '1');
INSERT INTO `ls_goodsclass` VALUES ('621', '海鼓干', '1', '联动', '420', '0', '255', '0', '', '', '', '1');
INSERT INTO `ls_goodsclass` VALUES ('625', '生蚝肉', '1', '联动', '422', '0', '255', '0', '', '', '', '1');
INSERT INTO `ls_goodsclass` VALUES ('626', '海带丝', '1', '联动', '422', '0', '255', '0', '', '', '', '1');
INSERT INTO `ls_goodsclass` VALUES ('627', '虾酱', '1', '联动', '422', '0', '255', '0', '', '', '', '1');
INSERT INTO `ls_goodsclass` VALUES ('628', '墨鱼仔', '1', '联动', '422', '0', '255', '0', '', '', '', '1');
INSERT INTO `ls_goodsclass` VALUES ('629', '田螺肉', '1', '联动', '422', '0', '255', '0', '', '', '', '1');
INSERT INTO `ls_goodsclass` VALUES ('630', '虾球', '1', '联动', '422', '0', '255', '0', '', '', '', '1');
INSERT INTO `ls_goodsclass` VALUES ('631', '章鱼酱', '1', '联动', '422', '0', '255', '0', '', '', '', '1');
INSERT INTO `ls_goodsclass` VALUES ('632', '青蛙', '1', '联动', '434', '0', '255', '0', '', '', '', '1');
INSERT INTO `ls_goodsclass` VALUES ('633', '牛蛙', '1', '联动', '434', '0', '255', '0', '', '', '', '1');
INSERT INTO `ls_goodsclass` VALUES ('634', '娃娃鱼', '1', '联动', '434', '0', '255', '0', '', '', '', '1');
INSERT INTO `ls_goodsclass` VALUES ('635', '蟾蜍', '1', '联动', '434', '0', '255', '0', '', '', '', '1');
INSERT INTO `ls_goodsclass` VALUES ('636', '鳄鱼', '1', '联动', '434', '0', '255', '0', '', '', '', '1');
INSERT INTO `ls_goodsclass` VALUES ('637', '石蛙', '1', '联动', '434', '0', '255', '0', '', '', '', '1');
INSERT INTO `ls_goodsclass` VALUES ('638', '跳跳鱼', '1', '联动', '434', '0', '255', '0', '', '', '', '1');
INSERT INTO `ls_goodsclass` VALUES ('640', '花椒苗', '1', '联动', '410', '0', '255', '0', '', '', '', '1');
INSERT INTO `ls_goodsclass` VALUES ('641', '香椿苗', '1', '联动', '410', '0', '255', '0', '', '', '', '1');
INSERT INTO `ls_goodsclass` VALUES ('642', '红薯苗', '1', '联动', '410', '0', '255', '0', '', '', '', '1');
INSERT INTO `ls_goodsclass` VALUES ('643', '西红柿苗', '1', '联动', '410', '0', '255', '0', '', '', '', '1');
INSERT INTO `ls_goodsclass` VALUES ('644', '辣椒苗', '1', '联动', '410', '0', '255', '0', '', '', '', '1');
INSERT INTO `ls_goodsclass` VALUES ('645', '黄瓜苗', '1', '联动', '410', '0', '255', '0', '', '', '', '1');
INSERT INTO `ls_goodsclass` VALUES ('646', '茄子苗', '1', '联动', '410', '0', '255', '0', '', '', '', '1');
INSERT INTO `ls_goodsclass` VALUES ('647', '草鱼苗', '1', '联动', '412', '0', '255', '0', '', '', '', '1');
INSERT INTO `ls_goodsclass` VALUES ('648', '黑鱼苗', '1', '联动', '412', '0', '255', '0', '', '', '', '1');
INSERT INTO `ls_goodsclass` VALUES ('649', '泥鳅苗', '1', '联动', '412', '0', '255', '0', '', '', '', '1');
INSERT INTO `ls_goodsclass` VALUES ('650', '虾苗', '1', '联动', '412', '0', '255', '0', '', '', '', '1');
INSERT INTO `ls_goodsclass` VALUES ('651', '鲫鱼苗', '1', '联动', '412', '0', '255', '0', '', '', '', '1');
INSERT INTO `ls_goodsclass` VALUES ('652', '甲鱼苗', '1', '联动', '412', '0', '255', '0', '', '', '', '1');
INSERT INTO `ls_goodsclass` VALUES ('653', '鲤鱼苗', '1', '联动', '412', '0', '255', '0', '', '', '', '1');
INSERT INTO `ls_goodsclass` VALUES ('654', '鲶鱼苗', '1', '联动', '412', '0', '255', '0', '', '', '', '1');
INSERT INTO `ls_goodsclass` VALUES ('655', '龙虾苗', '1', '联动', '412', '0', '255', '0', '', '', '', '1');
INSERT INTO `ls_goodsclass` VALUES ('656', '牡丹苗', '1', '联动', '413', '0', '255', '0', '', '', '', '1');
INSERT INTO `ls_goodsclass` VALUES ('657', '玫瑰苗', '1', '联动', '413', '0', '255', '0', '', '', '', '1');
INSERT INTO `ls_goodsclass` VALUES ('658', '月季苗', '1', '联动', '413', '0', '255', '0', '', '', '', '1');
INSERT INTO `ls_goodsclass` VALUES ('659', '菊花苗', '1', '联动', '413', '0', '255', '0', '', '', '', '1');
INSERT INTO `ls_goodsclass` VALUES ('660', '杜鹃苗', '1', '联动', '413', '0', '255', '0', '', '', '', '1');
INSERT INTO `ls_goodsclass` VALUES ('661', '睡莲种苗', '1', '联动', '413', '0', '255', '0', '', '', '', '1');
INSERT INTO `ls_goodsclass` VALUES ('662', '八仙花种苗', '1', '联动', '413', '0', '255', '0', '', '', '', '1');
INSERT INTO `ls_goodsclass` VALUES ('663', '康乃馨种苗', '1', '联动', '413', '0', '255', '0', '', '', '', '1');
INSERT INTO `ls_goodsclass` VALUES ('664', '鸵鸟苗', '1', '联动', '416', '0', '255', '0', '', '', '', '1');
INSERT INTO `ls_goodsclass` VALUES ('665', '竹鼠苗', '1', '联动', '416', '0', '255', '0', '', '', '', '1');
INSERT INTO `ls_goodsclass` VALUES ('666', '孔雀苗', '1', '联动', '416', '0', '255', '0', '', '', '', '1');
INSERT INTO `ls_goodsclass` VALUES ('667', '豪猪苗', '1', '联动', '416', '0', '255', '0', '', '', '', '1');
INSERT INTO `ls_goodsclass` VALUES ('668', '鳄鱼苗', '1', '联动', '416', '0', '255', '0', '', '', '', '1');
INSERT INTO `ls_goodsclass` VALUES ('669', '仔猪', '1', '联动', '22', '0', '255', '0', '', '', '', '1');
INSERT INTO `ls_goodsclass` VALUES ('670', '蔬菜种子', '1', '联动', '468', '0', '255', '0', '', '', '', '1');
INSERT INTO `ls_goodsclass` VALUES ('671', '中药材种子', '1', '联动', '468', '0', '255', '0', '', '', '', '1');
INSERT INTO `ls_goodsclass` VALUES ('672', '林木种子', '1', '联动', '468', '0', '255', '0', '', '', '', '1');
INSERT INTO `ls_goodsclass` VALUES ('673', '水果种子', '1', '联动', '468', '0', '255', '0', '', '', '', '1');
INSERT INTO `ls_goodsclass` VALUES ('674', '花卉种子', '1', '联动', '468', '0', '255', '0', '', '', '', '1');
INSERT INTO `ls_goodsclass` VALUES ('675', '粮油种子', '1', '联动', '468', '0', '255', '0', '', '', '', '1');
INSERT INTO `ls_goodsclass` VALUES ('676', '坚果种子', '1', '联动', '468', '0', '255', '0', '', '', '', '1');
INSERT INTO `ls_goodsclass` VALUES ('677', '辣椒种子', '1', '联动', '670', '0', '255', '0', '', '', '', '1');
INSERT INTO `ls_goodsclass` VALUES ('678', '韭菜种子', '1', '联动', '670', '0', '255', '0', '', '', '', '1');
INSERT INTO `ls_goodsclass` VALUES ('679', '南瓜种子', '1', '联动', '670', '0', '255', '0', '', '', '', '1');
INSERT INTO `ls_goodsclass` VALUES ('680', '西红柿种子', '1', '联动', '670', '0', '255', '0', '', '', '', '1');
INSERT INTO `ls_goodsclass` VALUES ('681', '黄瓜种子', '1', '联动', '670', '0', '255', '0', '', '', '', '1');
INSERT INTO `ls_goodsclass` VALUES ('682', '大葱种子', '1', '联动', '670', '0', '255', '0', '', '', '', '1');
INSERT INTO `ls_goodsclass` VALUES ('683', '萝卜种子', '1', '联动', '670', '0', '255', '0', '', '', '', '1');
INSERT INTO `ls_goodsclass` VALUES ('684', '白菜种子', '1', '联动', '670', '0', '255', '0', '', '', '', '1');
INSERT INTO `ls_goodsclass` VALUES ('685', '半夏种子', '1', '联动', '671', '0', '255', '0', '', '', '', '1');
INSERT INTO `ls_goodsclass` VALUES ('686', '柴胡种子', '1', '联动', '671', '0', '255', '0', '', '', '', '1');
INSERT INTO `ls_goodsclass` VALUES ('687', '白芷种子', '1', '联动', '671', '0', '255', '0', '', '', '', '1');
INSERT INTO `ls_goodsclass` VALUES ('688', '天冬种子', '1', '联动', '671', '0', '255', '0', '', '', '', '1');
INSERT INTO `ls_goodsclass` VALUES ('689', '黄芩种子', '1', '联动', '671', '0', '255', '0', '', '', '', '1');
INSERT INTO `ls_goodsclass` VALUES ('690', '三七种子', '1', '联动', '671', '0', '255', '0', '', '', '', '1');
INSERT INTO `ls_goodsclass` VALUES ('691', '沙参种子', '1', '联动', '671', '0', '255', '0', '', '', '', '1');
INSERT INTO `ls_goodsclass` VALUES ('692', '五味子种子', '1', '联动', '671', '0', '255', '0', '', '', '', '1');
INSERT INTO `ls_goodsclass` VALUES ('693', '枫树种子', '1', '联动', '672', '0', '255', '0', '', '', '', '1');
INSERT INTO `ls_goodsclass` VALUES ('694', '槐树种子', '1', '联动', '672', '0', '255', '0', '', '', '', '1');
INSERT INTO `ls_goodsclass` VALUES ('695', '花椒种子', '1', '联动', '672', '0', '255', '0', '', '', '', '1');
INSERT INTO `ls_goodsclass` VALUES ('696', '紫藤种子', '1', '联动', '672', '0', '255', '0', '', '', '', '1');
INSERT INTO `ls_goodsclass` VALUES ('697', '松树种子', '1', '联动', '672', '0', '255', '0', '', '', '', '1');
INSERT INTO `ls_goodsclass` VALUES ('698', '牵牛花种子', '1', '联动', '672', '0', '255', '0', '', '', '', '1');
INSERT INTO `ls_goodsclass` VALUES ('700', '毛豆种子', '1', '联动', '672', '0', '255', '0', '', '', '', '1');
INSERT INTO `ls_goodsclass` VALUES ('701', '桃树种子', '1', '联动', '673', '0', '255', '0', '', '', '', '1');
INSERT INTO `ls_goodsclass` VALUES ('702', '西瓜种子', '1', '联动', '673', '0', '255', '0', '', '', '', '1');
INSERT INTO `ls_goodsclass` VALUES ('703', '甜瓜种子', '1', '联动', '673', '0', '255', '0', '', '', '', '1');
INSERT INTO `ls_goodsclass` VALUES ('704', '苹果种子', '1', '联动', '673', '0', '255', '0', '', '', '', '1');
INSERT INTO `ls_goodsclass` VALUES ('705', '甘蔗种子', '1', '联动', '673', '0', '255', '0', '', '', '', '1');
INSERT INTO `ls_goodsclass` VALUES ('706', '草莓种子', '1', '联动', '673', '0', '255', '0', '', '', '', '1');
INSERT INTO `ls_goodsclass` VALUES ('707', '梨树种子', '1', '联动', '673', '0', '255', '0', '', '', '', '1');
INSERT INTO `ls_goodsclass` VALUES ('708', '红参果种子', '1', '联动', '673', '0', '255', '0', '', '', '', '1');
INSERT INTO `ls_goodsclass` VALUES ('709', '芒果种子', '1', '联动', '673', '0', '255', '0', '', '', '', '1');
INSERT INTO `ls_goodsclass` VALUES ('710', '无花果种子', '1', '联动', '673', '0', '255', '0', '', '', '', '1');
INSERT INTO `ls_goodsclass` VALUES ('711', '牡丹种子', '1', '联动', '674', '0', '255', '0', '', '', '', '1');
INSERT INTO `ls_goodsclass` VALUES ('712', '凤仙花种子', '1', '联动', '674', '0', '255', '0', '', '', '', '1');
INSERT INTO `ls_goodsclass` VALUES ('713', '一串红种子', '1', '联动', '674', '0', '255', '0', '', '', '', '1');
INSERT INTO `ls_goodsclass` VALUES ('714', '百合种子', '1', '联动', '674', '0', '255', '0', '', '', '', '1');
INSERT INTO `ls_goodsclass` VALUES ('715', '康乃馨种子', '1', '联动', '674', '0', '255', '0', '', '', '', '1');
INSERT INTO `ls_goodsclass` VALUES ('716', '孔雀草种子', '1', '联动', '674', '0', '255', '0', '', '', '', '1');
INSERT INTO `ls_goodsclass` VALUES ('717', '蝴蝶兰种子', '1', '联动', '674', '0', '255', '0', '', '', '', '1');
INSERT INTO `ls_goodsclass` VALUES ('718', '芋头花种子', '1', '联动', '674', '0', '255', '0', '', '', '', '1');
INSERT INTO `ls_goodsclass` VALUES ('719', '茉莉种子', '1', '联动', '674', '0', '255', '0', '', '', '', '1');
INSERT INTO `ls_goodsclass` VALUES ('720', '蔷薇种子', '1', '联动', '674', '0', '255', '0', '', '', '', '1');
INSERT INTO `ls_goodsclass` VALUES ('721', '玉米种子', '1', '联动', '675', '0', '255', '0', '', '', '', '1');
INSERT INTO `ls_goodsclass` VALUES ('722', '花生种子', '1', '联动', '675', '0', '255', '0', '', '', '', '1');
INSERT INTO `ls_goodsclass` VALUES ('723', '小麦种子', '1', '联动', '675', '0', '255', '0', '', '', '', '1');
INSERT INTO `ls_goodsclass` VALUES ('724', '高粱种子', '1', '联动', '675', '0', '255', '0', '', '', '', '1');
INSERT INTO `ls_goodsclass` VALUES ('725', '大豆种子', '1', '联动', '675', '0', '255', '0', '', '', '', '1');
INSERT INTO `ls_goodsclass` VALUES ('726', '葵花种子', '1', '联动', '675', '0', '255', '0', '', '', '', '1');
INSERT INTO `ls_goodsclass` VALUES ('727', '马铃薯种子', '1', '联动', '675', '0', '255', '0', '', '', '', '1');
INSERT INTO `ls_goodsclass` VALUES ('728', '绿豆种子', '1', '联动', '675', '0', '255', '0', '', '', '', '1');
INSERT INTO `ls_goodsclass` VALUES ('729', '核桃种子', '1', '联动', '676', '0', '255', '0', '', '', '', '1');
INSERT INTO `ls_goodsclass` VALUES ('730', '板栗种子', '1', '联动', '676', '0', '255', '0', '', '', '', '1');
INSERT INTO `ls_goodsclass` VALUES ('731', '桂圆种子', '1', '联动', '676', '0', '255', '0', '', '', '', '1');
INSERT INTO `ls_goodsclass` VALUES ('732', '腰果种子', '1', '联动', '676', '0', '255', '0', '', '', '', '1');
INSERT INTO `ls_goodsclass` VALUES ('733', '夏威夷果种子', '1', '联动', '676', '0', '255', '0', '', '', '', '1');
INSERT INTO `ls_goodsclass` VALUES ('734', '巴旦木种子', '1', '联动', '676', '0', '255', '0', '', '', '', '1');
INSERT INTO `ls_goodsclass` VALUES ('735', '开心果种子', '1', '联动', '676', '0', '255', '0', '', '', '', '1');
INSERT INTO `ls_goodsclass` VALUES ('736', '莲花种子', '1', '联动', '676', '0', '255', '0', '', '', '', '1');
INSERT INTO `ls_goodsclass` VALUES ('739', '香菜', '1', '联动', '6', '0', '255', '0', '', '', '', '1');
INSERT INTO `ls_goodsclass` VALUES ('740', '油菜', '1', '联动', '6', '0', '255', '0', '', '', '', '1');
INSERT INTO `ls_goodsclass` VALUES ('741', '生菜', '1', '联动', '6', '0', '255', '0', '', '', '', '1');
INSERT INTO `ls_goodsclass` VALUES ('742', '韭菜', '1', '联动', '7', '0', '255', '0', '', '', '', '1');
INSERT INTO `ls_goodsclass` VALUES ('743', '洋葱', '1', '联动', '7', '0', '255', '0', '', '', '', '1');
INSERT INTO `ls_goodsclass` VALUES ('744', '葱苗', '1', '联动', '7', '0', '255', '0', '', '', '', '1');
INSERT INTO `ls_goodsclass` VALUES ('746', '小葱', '1', '联动', '7', '0', '255', '0', '', '', '', '1');
INSERT INTO `ls_goodsclass` VALUES ('749', '榨菜', '1', '联动', '51', '0', '255', '0', '', '', '', '1');
INSERT INTO `ls_goodsclass` VALUES ('750', '丝瓜', '1', '联动', '54', '0', '255', '0', '', '', '', '1');
INSERT INTO `ls_goodsclass` VALUES ('752', '佛手瓜', '1', '联动', '54', '0', '255', '0', '', '', '', '1');
INSERT INTO `ls_goodsclass` VALUES ('753', '葫芦', '1', '联动', '54', '0', '255', '0', '', '', '', '1');
INSERT INTO `ls_goodsclass` VALUES ('754', '秋葵', '1', '联动', '392', '0', '255', '0', '', '', '', '1');
INSERT INTO `ls_goodsclass` VALUES ('755', '荠菜', '1', '联动', '392', '0', '255', '0', '', '', '', '1');
INSERT INTO `ls_goodsclass` VALUES ('756', '白花菜', '1', '联动', '392', '0', '255', '0', '', '', '', '1');
INSERT INTO `ls_goodsclass` VALUES ('758', '无花果苗', '1', '联动', '20', '0', '255', '0', '', '', '', '1');
INSERT INTO `ls_goodsclass` VALUES ('759', '猕猴桃苗', '1', '联动', '20', '0', '255', '0', '', '', '', '1');
INSERT INTO `ls_goodsclass` VALUES ('760', '松树苗', '1', '联动', '21', '0', '255', '0', '', '', '', '1');
INSERT INTO `ls_goodsclass` VALUES ('761', '牛犊', '1', '联动', '22', '0', '255', '0', '', '', '', '1');
INSERT INTO `ls_goodsclass` VALUES ('762', '种兔', '1', '联动', '22', '0', '255', '0', '', '', '', '1');
INSERT INTO `ls_goodsclass` VALUES ('763', '狗崽', '1', '联动', '22', '0', '255', '0', '', '', '', '1');
INSERT INTO `ls_goodsclass` VALUES ('764', '食用菌', '1', '联动', '0', '0', '255', '0', '', '', '', '1');
INSERT INTO `ls_goodsclass` VALUES ('765', '食用菌鲜货', '1', '联动', '764', '0', '255', '0', '', '', '', '1');
INSERT INTO `ls_goodsclass` VALUES ('766', '灵芝', '1', '联动', '765', '0', '255', '0', '', '', '', '1');
INSERT INTO `ls_goodsclass` VALUES ('767', '黑木耳', '1', '联动', '765', '0', '255', '0', '', '', '', '1');
INSERT INTO `ls_goodsclass` VALUES ('768', '蘑菇', '1', '联动', '765', '0', '255', '0', '', '', '', '1');
INSERT INTO `ls_goodsclass` VALUES ('769', '虫草', '1', '联动', '765', '0', '255', '0', '', '', '', '1');
INSERT INTO `ls_goodsclass` VALUES ('770', '平菇', '1', '联动', '765', '0', '255', '0', '', '', '', '1');
INSERT INTO `ls_goodsclass` VALUES ('771', '鲜香菇', '1', '联动', '765', '0', '255', '0', '', '', '', '1');
INSERT INTO `ls_goodsclass` VALUES ('772', '食用菌干货', '1', '联动', '764', '0', '255', '0', '', '', '', '1');
INSERT INTO `ls_goodsclass` VALUES ('773', '干香菇', '1', '联动', '772', '0', '255', '0', '', '', '', '1');
INSERT INTO `ls_goodsclass` VALUES ('774', '羊肚菌', '1', '联动', '772', '0', '255', '0', '', '', '', '1');
INSERT INTO `ls_goodsclass` VALUES ('775', '猴头菇', '1', '联动', '772', '0', '255', '0', '', '', '', '1');
INSERT INTO `ls_goodsclass` VALUES ('776', '竹荪', '1', '联动', '772', '0', '255', '0', '', '', '', '1');
INSERT INTO `ls_goodsclass` VALUES ('777', '茶树菇', '1', '联动', '772', '0', '255', '0', '', '', '', '1');
INSERT INTO `ls_goodsclass` VALUES ('778', '牛肝菌', '1', '联动', '772', '0', '255', '0', '', '', '', '1');

-- -----------------------------
-- Table structure for `ls_goodsclassnav`
-- -----------------------------
DROP TABLE IF EXISTS `ls_goodsclassnav`;
CREATE TABLE `ls_goodsclassnav` (
  `gc_id` int(10) unsigned NOT NULL COMMENT '商品分类ID',
  `goodscn_alias` varchar(100) DEFAULT '' COMMENT '商品分类别名',
  `goodscn_classids` varchar(100) DEFAULT '' COMMENT '推荐子级分类',
  `goodscn_brandids` varchar(100) DEFAULT '' COMMENT '推荐的品牌',
  `goodscn_pic` varchar(100) DEFAULT '' COMMENT '分类图片',
  `goodscn_adv1` varchar(100) DEFAULT '' COMMENT '广告图1',
  `goodscn_adv1_link` varchar(100) DEFAULT '' COMMENT '广告1链接',
  `goodscn_adv2` varchar(100) DEFAULT '' COMMENT '广告图2',
  `goodscn_adv2_link` varchar(100) NOT NULL COMMENT '广告2链接',
  PRIMARY KEY (`gc_id`)
) ENGINE=InnoDB DEFAULT CHARSET=utf8 COMMENT='分类导航表';

-- -----------------------------
-- Records of `ls_goodsclassnav`
-- -----------------------------
INSERT INTO `ls_goodsclassnav` VALUES ('1', '', '75,76,339,341,70,73', '', '', '2019121223562497562.jpg', '170', '2019121223562436063.jpg', '176');
INSERT INTO `ls_goodsclassnav` VALUES ('4', '', '94,104,90,95,96,98', '', '', '2019112918112413311.png', '151', '2019112918112494720.png', '148');
INSERT INTO `ls_goodsclassnav` VALUES ('8', '', '109,111,112,113,121,669', '', '', '2019121300080031682.jpg', '138', '2019121300080058087.jpg', '138');
INSERT INTO `ls_goodsclassnav` VALUES ('9', '', '134,135,144', '', '', '2019121300081416974.jpg', '139', '2019121300081474768.jpg', '139');
INSERT INTO `ls_goodsclassnav` VALUES ('10', '', '167,172,174,182', '', '', '2019121300101732077.jpg', '140', '2019121300101720768.jpg', '177');
INSERT INTO `ls_goodsclassnav` VALUES ('11', '', '187,201,220,231', '', '', '2019121300113763416.jpg', '141', '2019121300113738152.jpg', '141');
INSERT INTO `ls_goodsclassnav` VALUES ('12', '', '423,535,536', '', '', '2019121300124251558.jpg', '', '2019121300124293787.jpg', '');
INSERT INTO `ls_goodsclassnav` VALUES ('15', '', '362,367,375,382', '', '', '2019121300154315560.jpg', '', '2019121300154314245.jpg', '');
INSERT INTO `ls_goodsclassnav` VALUES ('16', '', '270,283,286,323', '', '', '2019121300174419269.jpg', '', '2019121300174411838.jpg', '');
INSERT INTO `ls_goodsclassnav` VALUES ('468', '', '677,685,690', '', '', '2019121300361125980.jpg', '', '2019121300361192322.jpg', '');
INSERT INTO `ls_goodsclassnav` VALUES ('764', '', '766,773', '', '', '2019121300533710107.jpg', '164', '2019121300525222031.jpg', '165');

-- -----------------------------
-- Table structure for `ls_goodsclassstaple`
-- -----------------------------
DROP TABLE IF EXISTS `ls_goodsclassstaple`;
CREATE TABLE `ls_goodsclassstaple` (
  `staple_id` int(10) unsigned NOT NULL AUTO_INCREMENT COMMENT '常用分类id',
  `staple_counter` int(10) unsigned NOT NULL DEFAULT '1' COMMENT '计数器',
  `staple_name` varchar(255) NOT NULL COMMENT '常用分类名称',
  `gc_id_1` int(10) unsigned NOT NULL COMMENT '一级分类id',
  `gc_id_2` int(10) unsigned NOT NULL COMMENT '二级商品分类',
  `gc_id_3` int(10) unsigned NOT NULL COMMENT '三级商品分类',
  `type_id` int(10) unsigned NOT NULL COMMENT '类型id',
  `member_id` int(10) unsigned NOT NULL COMMENT '会员id',
  PRIMARY KEY (`staple_id`),
  KEY `store_id` (`member_id`)
) ENGINE=InnoDB AUTO_INCREMENT=26 DEFAULT CHARSET=utf8 COMMENT='店铺常用分类表';

-- -----------------------------
-- Records of `ls_goodsclassstaple`
-- -----------------------------
INSERT INTO `ls_goodsclassstaple` VALUES ('2', '15', '水果 >核果仁果类 >苹果', '1', '2', '75', '1', '1');
INSERT INTO `ls_goodsclassstaple` VALUES ('3', '1', '蔬菜 >薯芋类 >红薯', '4', '5', '94', '1', '1');
INSERT INTO `ls_goodsclassstaple` VALUES ('4', '1', '种苗 >水果苗 >桃树苗', '8', '20', '109', '1', '1');
INSERT INTO `ls_goodsclassstaple` VALUES ('5', '1', '禽畜牧蛋肉 >活禽 >土鸡', '9', '23', '134', '1', '1');
INSERT INTO `ls_goodsclassstaple` VALUES ('6', '1', '水产 >淡水鱼类 >草鱼', '10', '25', '167', '1', '1');
INSERT INTO `ls_goodsclassstaple` VALUES ('7', '1', '中药材 >中药根茎类 >人参', '11', '28', '187', '1', '1');
INSERT INTO `ls_goodsclassstaple` VALUES ('8', '1', '坚果干果 >坚果 >核桃', '12', '30', '423', '1', '1');
INSERT INTO `ls_goodsclassstaple` VALUES ('9', '4', '水果 >核果仁果类 >梨', '1', '2', '76', '1', '1');
INSERT INTO `ls_goodsclassstaple` VALUES ('10', '2', '水果 >核果仁果类 >毛桃', '1', '2', '77', '1', '1');
INSERT INTO `ls_goodsclassstaple` VALUES ('11', '1', '水果 >核果仁果类 >青枣', '1', '2', '324', '1', '1');
INSERT INTO `ls_goodsclassstaple` VALUES ('12', '1', '蔬菜 >叶菜类 >菠菜', '4', '6', '93', '1', '1');
INSERT INTO `ls_goodsclassstaple` VALUES ('13', '1', '蔬菜 >薯芋类 >土豆', '4', '5', '105', '1', '1');
INSERT INTO `ls_goodsclassstaple` VALUES ('14', '1', '蔬菜 >瓜类 >南瓜', '4', '54', '400', '1', '1');
INSERT INTO `ls_goodsclassstaple` VALUES ('15', '1', '蔬菜 >叶菜类 >香菜', '4', '6', '739', '1', '1');
INSERT INTO `ls_goodsclassstaple` VALUES ('16', '1', '食用菌 >食用菌鲜货 >鲜香菇', '764', '765', '771', '1', '1');
INSERT INTO `ls_goodsclassstaple` VALUES ('17', '1', '食用菌 >食用菌鲜货 >平菇', '764', '765', '770', '1', '1');
INSERT INTO `ls_goodsclassstaple` VALUES ('18', '1', '食用菌 >食用菌鲜货 >蘑菇', '764', '765', '768', '1', '1');
INSERT INTO `ls_goodsclassstaple` VALUES ('19', '2', '食用菌 >食用菌鲜货 >黑木耳', '764', '765', '767', '1', '1');
INSERT INTO `ls_goodsclassstaple` VALUES ('20', '1', '水果 >热带水果 >百香果', '1', '3', '72', '1', '1');
INSERT INTO `ls_goodsclassstaple` VALUES ('21', '1', '水果 >核果仁果类 >石榴', '1', '2', '78', '1', '1');
INSERT INTO `ls_goodsclassstaple` VALUES ('22', '1', '水果 >核果仁果类 >山楂', '1', '2', '79', '1', '1');
INSERT INTO `ls_goodsclassstaple` VALUES ('23', '1', '水果 >热带水果 >芒果', '1', '3', '293', '1', '2');
INSERT INTO `ls_goodsclassstaple` VALUES ('24', '1', '水产 >虾类 >小龙虾', '10', '26', '174', '1', '1');
INSERT INTO `ls_goodsclassstaple` VALUES ('25', '1', '水产 >水产干货 >鱼干', '10', '420', '577', '1', '1');

-- -----------------------------
-- Table structure for `ls_goodsclasstag`
-- -----------------------------
DROP TABLE IF EXISTS `ls_goodsclasstag`;
CREATE TABLE `ls_goodsclasstag` (
  `gctag_id` int(10) unsigned NOT NULL AUTO_INCREMENT COMMENT 'TAG自增ID',
  `gctag_name` varchar(255) NOT NULL COMMENT '分类TAG名称',
  `gctag_value` text NOT NULL COMMENT '分类TAG值',
  `type_id` int(10) unsigned NOT NULL COMMENT '类型ID',
  `gc_id` int(10) unsigned NOT NULL COMMENT '商品分类ID',
  `gc_id_1` int(10) unsigned NOT NULL COMMENT '一级分类ID',
  `gc_id_2` int(10) unsigned NOT NULL COMMENT '二级分类ID',
  `gc_id_3` int(10) unsigned NOT NULL COMMENT '三级分类ID',
  PRIMARY KEY (`gctag_id`)
) ENGINE=InnoDB DEFAULT CHARSET=utf8 COMMENT='商品分类TAG表';


-- -----------------------------
-- Table structure for `ls_goodscombo`
-- -----------------------------
DROP TABLE IF EXISTS `ls_goodscombo`;
CREATE TABLE `ls_goodscombo` (
  `combo_id` int(10) unsigned NOT NULL AUTO_INCREMENT COMMENT '推荐组合自增ID ',
  `goods_id` int(10) unsigned NOT NULL COMMENT '主商品ID',
  `goods_commonid` int(10) unsigned NOT NULL COMMENT '主商品公共ID',
  `combo_goodsid` int(10) unsigned NOT NULL COMMENT '推荐组合商品ID',
  PRIMARY KEY (`combo_id`)
) ENGINE=InnoDB DEFAULT CHARSET=utf8 COMMENT='商品推荐组合表';


-- -----------------------------
-- Table structure for `ls_goodscommon`
-- -----------------------------
DROP TABLE IF EXISTS `ls_goodscommon`;
CREATE TABLE `ls_goodscommon` (
  `goods_commonid` int(10) unsigned NOT NULL AUTO_INCREMENT COMMENT '商品公共表id',
  `goods_name` varchar(200) NOT NULL COMMENT '商品名称',
  `goods_advword` varchar(150) DEFAULT NULL COMMENT '商品广告词',
  `gc_id` int(10) unsigned NOT NULL COMMENT '商品分类',
  `gc_id_1` int(10) unsigned DEFAULT NULL COMMENT '一级分类id',
  `gc_id_2` int(10) unsigned DEFAULT NULL COMMENT '二级分类id',
  `gc_id_3` int(10) unsigned DEFAULT NULL COMMENT '三级分类id',
  `gc_name` varchar(200) NOT NULL COMMENT '商品分类',
  `store_id` int(10) unsigned NOT NULL COMMENT '店铺id',
  `store_name` varchar(50) NOT NULL COMMENT '店铺名称',
  `spec_name` varchar(255) NOT NULL COMMENT '规格名称',
  `spec_value` text NOT NULL COMMENT '规格值',
  `brand_id` int(10) unsigned DEFAULT '0' COMMENT '品牌id',
  `brand_name` varchar(100) DEFAULT NULL COMMENT '品牌名称',
  `type_id` int(10) unsigned NOT NULL DEFAULT '0' COMMENT '类型id',
  `goods_image` varchar(100) DEFAULT NULL COMMENT '商品主图',
  `goods_attr` text NOT NULL COMMENT '商品属性',
  `goods_body` text COMMENT '商品内容',
  `mobile_body` text COMMENT '手机端商品描述',
  `goods_state` tinyint(3) unsigned DEFAULT '0' COMMENT '商品状态 0:下架 1:正常 10:违规（禁售）',
  `goods_stateremark` varchar(255) DEFAULT NULL COMMENT '违规原因',
  `goods_verify` tinyint(3) unsigned DEFAULT NULL COMMENT '商品审核 1通过，0未通过，10审核中',
  `goods_verifyremark` varchar(255) DEFAULT NULL COMMENT '审核失败原因',
  `goods_lock` tinyint(3) unsigned DEFAULT '0' COMMENT '商品锁定 0未锁，1已锁',
  `goods_addtime` int(10) unsigned NOT NULL COMMENT '商品添加时间',
  `goods_shelftime` int(10) unsigned NOT NULL COMMENT '上架时间',
  `goods_specname` text COMMENT '规格名称序列化（下标为规格id）',
  `goods_price` decimal(10,2) NOT NULL COMMENT '商品价格',
  `goods_marketprice` decimal(10,2) NOT NULL COMMENT '商品市场价',
  `goods_costprice` decimal(10,2) NOT NULL COMMENT '商品成本价',
  `goods_discount` float unsigned NOT NULL COMMENT '商品折扣',
  `goods_serial` varchar(50) NOT NULL COMMENT '商家编号',
  `goods_storage_alarm` tinyint(3) unsigned NOT NULL DEFAULT '0' COMMENT '商品库存报警值',
  `transport_id` mediumint(8) unsigned NOT NULL DEFAULT '0' COMMENT '商品售卖区域',
  `transport_title` varchar(60) DEFAULT '' COMMENT '商品售卖区域名称',
  `goods_commend` tinyint(3) unsigned NOT NULL DEFAULT '0' COMMENT '商品推荐 1:是 0:否',
  `goods_freight` decimal(10,2) unsigned NOT NULL DEFAULT '0.00' COMMENT '商品运费 0为免运费',
  `goods_vat` tinyint(3) unsigned NOT NULL DEFAULT '0' COMMENT '商品是否开具增值税发票 1:是 0:否',
  `areaid_1` int(10) DEFAULT NULL COMMENT '一级地区id',
  `areaid_2` int(10) DEFAULT NULL COMMENT '二级地区id',
  `goods_stcids` varchar(255) NOT NULL DEFAULT '' COMMENT '店铺分类id 首尾用,隔开',
  `plateid_top` int(10) unsigned DEFAULT NULL COMMENT '顶部关联板式',
  `plateid_bottom` int(10) unsigned DEFAULT NULL COMMENT '底部关联板式',
  `is_virtual` tinyint(3) unsigned NOT NULL DEFAULT '0' COMMENT '是否为虚拟商品 1:是 0:否',
  `virtual_indate` int(10) unsigned DEFAULT NULL COMMENT '虚拟商品有效期',
  `virtual_limit` tinyint(3) unsigned DEFAULT NULL COMMENT '虚拟商品购买上限',
  `virtual_invalid_refund` tinyint(3) unsigned NOT NULL DEFAULT '1' COMMENT '是否允许过期退款 1:是 0:否',
  `is_goodsfcode` tinyint(3) unsigned NOT NULL DEFAULT '0' COMMENT '是否为F码商品 1:是 0:否',
  `is_appoint` tinyint(3) unsigned NOT NULL DEFAULT '0' COMMENT '是否是预约商品 1:是 0:否',
  `appoint_satedate` int(10) unsigned NOT NULL DEFAULT '0' COMMENT '预约商品出售时间',
  `is_presell` tinyint(3) unsigned NOT NULL DEFAULT '0' COMMENT '是否是预售商品 1:是 0:否',
  `presell_deliverdate` int(10) unsigned NOT NULL DEFAULT '0' COMMENT '预售商品发货时间',
  `is_platform_store` tinyint(3) unsigned NOT NULL DEFAULT '0' COMMENT '是否为平台自营',
  `goods_mgdiscount` text COMMENT '序列化会员等级折扣(商品)',
  `inviter_ratio_1` decimal(4,2) unsigned NOT NULL DEFAULT '0.00' COMMENT '一级分销比例',
  `inviter_ratio_2` decimal(4,2) unsigned NOT NULL DEFAULT '0.00' COMMENT '二级分销比例',
  `inviter_ratio_3` decimal(4,2) unsigned NOT NULL DEFAULT '0.00' COMMENT '三级分销比例',
  `inviter_total_quantity` int(10) unsigned NOT NULL DEFAULT '0' COMMENT '已分销的商品数量',
  `inviter_total_amount` decimal(10,2) unsigned NOT NULL DEFAULT '0.00' COMMENT '已分销的商品金额',
  `inviter_amount` decimal(10,2) unsigned NOT NULL DEFAULT '0.00' COMMENT '商品已结算的分销佣金',
  `inviter_open` tinyint(1) unsigned NOT NULL DEFAULT '0' COMMENT '开启推广',
  `mall_goods_commend` tinyint(3) unsigned NOT NULL DEFAULT '0' COMMENT '商场推荐 1:是 0:否',
  `mall_goods_sort` tinyint(3) unsigned NOT NULL DEFAULT '255' COMMENT '商品推荐排序',
  PRIMARY KEY (`goods_commonid`),
  KEY `store_id` (`store_id`)
) ENGINE=InnoDB AUTO_INCREMENT=147 DEFAULT CHARSET=utf8 COMMENT='商品公共内容表';

-- -----------------------------
-- Records of `ls_goodscommon`
-- -----------------------------
INSERT INTO `ls_goodscommon` VALUES ('120', '红薯红薯红薯红薯红薯', '红薯红薯红薯红薯红薯', '94', '4', '5', '94', '蔬菜 &gt;薯芋类 &gt;红薯', '1', '自营店铺', 'N;', 'N;', '0', '', '1', 'alioss_1_2019121117450292048.jpg', 'N;', '', 'a:5:{i:0;a:2:{s:4:\"type\";s:5:\"image\";s:5:\"value\";s:76:\"http://oss.bayi-shop.com/home/store/goods/1/alioss_1_2019121117450292048.jpg\";}i:1;a:2:{s:4:\"type\";s:4:\"text\";s:5:\"value\";s:42:\"红薯红薯红薯红薯红薯红薯红薯\";}i:2;a:2:{s:4:\"type\";s:5:\"image\";s:5:\"value\";s:76:\"http://oss.bayi-shop.com/home/store/goods/1/alioss_1_2019121117445631417.jpg\";}i:3;a:2:{s:4:\"type\";s:5:\"image\";s:5:\"value\";s:76:\"http://oss.bayi-shop.com/home/store/goods/1/alioss_1_2019121117445456159.jpg\";}i:4;a:2:{s:4:\"type\";s:5:\"image\";s:5:\"value\";s:76:\"http://oss.bayi-shop.com/home/store/goods/1/alioss_1_2019121117445961146.jpg\";}}', '1', '', '1', '', '0', '1576057544', '0', '', '10.00', '15.00', '5.00', '66', '', '0', '0', '', '1', '0.00', '0', '0', '0', '', '0', '0', '0', '0', '0', '0', '0', '0', '0', '0', '0', '1', '', '0.00', '0.00', '0.00', '0', '0.00', '0.00', '0', '1', '17');
INSERT INTO `ls_goodscommon` VALUES ('121', '桃树苗桃树苗', '桃树苗桃树苗桃树苗', '109', '8', '20', '109', '种苗 &gt;水果苗 &gt;桃树苗', '1', '自营店铺', 'N;', 'N;', '0', '', '1', 'alioss_1_2019121118424369048.jpg', 'N;', '', 'a:3:{i:0;a:2:{s:4:\"type\";s:5:\"image\";s:5:\"value\";s:76:\"http://oss.bayi-shop.com/home/store/goods/1/alioss_1_2019121118424711049.jpg\";}i:1;a:2:{s:4:\"type\";s:5:\"image\";s:5:\"value\";s:76:\"http://oss.bayi-shop.com/home/store/goods/1/alioss_1_2019121118424594405.jpg\";}i:2;a:2:{s:4:\"type\";s:5:\"image\";s:5:\"value\";s:76:\"http://oss.bayi-shop.com/home/store/goods/1/alioss_1_2019121118424369048.jpg\";}}', '1', '', '1', '', '0', '1576060989', '0', '', '5.00', '10.00', '1.00', '50', '', '0', '0', '', '1', '0.00', '0', '0', '0', '', '0', '0', '0', '0', '0', '0', '0', '0', '0', '0', '0', '1', '', '0.00', '0.00', '0.00', '0', '0.00', '0.00', '0', '1', '12');
INSERT INTO `ls_goodscommon` VALUES ('122', '土鸡土鸡土鸡', '土鸡土鸡', '134', '9', '23', '134', '禽畜牧蛋肉 &gt;活禽 &gt;土鸡', '1', '自营店铺', 'N;', 'N;', '0', '', '1', 'alioss_1_2019121212553752285.jpg', '', '', 'a:2:{i:0;a:2:{s:4:\"type\";s:5:\"image\";s:5:\"value\";s:76:\"http://oss.bayi-shop.com/home/store/goods/1/alioss_1_2019121118445624664.jpg\";}i:1;a:2:{s:4:\"type\";s:5:\"image\";s:5:\"value\";s:76:\"http://oss.bayi-shop.com/home/store/goods/1/alioss_1_2019121118445312905.jpg\";}}', '1', '', '1', '', '0', '1576061113', '0', '', '20.00', '25.00', '10.00', '80', '', '0', '0', '', '1', '0.00', '0', '0', '0', '', '0', '0', '0', '0', '0', '0', '0', '0', '0', '0', '0', '1', '', '0.00', '0.00', '0.00', '0', '0.00', '0.00', '0', '1', '14');
INSERT INTO `ls_goodscommon` VALUES ('123', '草鱼草鱼草鱼', '草鱼草鱼草鱼', '167', '10', '25', '167', '水产 &gt;淡水鱼类 &gt;草鱼', '1', '自营店铺', 'N;', 'N;', '0', '', '1', 'alioss_1_2019121213002151769.jpg', '', '', 'a:2:{i:0;a:2:{s:4:\"type\";s:5:\"image\";s:5:\"value\";s:76:\"http://oss.bayi-shop.com/home/store/goods/1/alioss_1_2019121118465946892.jpg\";}i:1;a:2:{s:4:\"type\";s:5:\"image\";s:5:\"value\";s:76:\"http://oss.bayi-shop.com/home/store/goods/1/alioss_1_2019121118465751226.jpg\";}}', '1', '', '1', '', '0', '1576061233', '0', '', '10.00', '15.00', '10.00', '66', '', '0', '0', '', '1', '0.00', '0', '0', '0', '', '0', '0', '0', '0', '0', '0', '0', '0', '0', '0', '0', '1', '', '0.00', '0.00', '0.00', '0', '0.00', '0.00', '0', '1', '15');
INSERT INTO `ls_goodscommon` VALUES ('124', '人参人参人参', '人参人参', '187', '11', '28', '187', '中药材 &gt;中药根茎类 &gt;人参', '1', '自营店铺', 'N;', 'N;', '0', '', '1', 'alioss_1_2019121213261793970.jpg', '', '', 'a:2:{i:0;a:2:{s:4:\"type\";s:5:\"image\";s:5:\"value\";s:76:\"http://oss.bayi-shop.com/home/store/goods/1/alioss_1_2019121118584646318.jpg\";}i:1;a:2:{s:4:\"type\";s:5:\"image\";s:5:\"value\";s:76:\"http://oss.bayi-shop.com/home/store/goods/1/alioss_1_2019121118584014724.jpg\";}}', '1', '', '1', '', '0', '1576061938', '0', '', '100.00', '150.00', '80.00', '66', '', '0', '0', '', '1', '0.00', '0', '0', '0', '', '0', '0', '0', '0', '0', '0', '0', '0', '0', '0', '0', '1', '', '0.00', '0.00', '0.00', '0', '0.00', '0.00', '0', '1', '20');
INSERT INTO `ls_goodscommon` VALUES ('125', '梨子鸭梨梨子新鲜10斤砀山梨皇冠梨香梨翠冠梨当季水果新鲜雪梨', '', '76', '1', '2', '76', '水果 &gt;核果仁果类 &gt;梨', '1', '自营店铺', 'a:3:{i:1;s:6:\"样式\";i:2;s:6:\"颜色\";i:3;s:6:\"大小\";}', 'a:1:{i:1;a:2:{i:143;s:6:\"中果\";i:144;s:6:\"大果\";}}', '0', '', '1', 'alioss_1_2019121216501934568.jpg', 'N;', '', 'a:4:{i:0;a:2:{s:4:\"type\";s:5:\"image\";s:5:\"value\";s:76:\"http://oss.bayi-shop.com/home/store/goods/1/alioss_1_2019121216504950518.jpg\";}i:1;a:2:{s:4:\"type\";s:5:\"image\";s:5:\"value\";s:76:\"http://oss.bayi-shop.com/home/store/goods/1/alioss_1_2019121216500312703.jpg\";}i:2;a:2:{s:4:\"type\";s:5:\"image\";s:5:\"value\";s:76:\"http://oss.bayi-shop.com/home/store/goods/1/alioss_1_2019121216513882168.jpg\";}i:3;a:2:{s:4:\"type\";s:5:\"image\";s:5:\"value\";s:76:\"http://oss.bayi-shop.com/home/store/goods/1/alioss_1_2019121216514376376.jpg\";}}', '1', '', '1', '', '0', '1576140721', '0', '', '19.90', '39.90', '0.00', '49', '', '0', '0', '', '1', '0.00', '0', '0', '0', '', '0', '0', '0', '0', '0', '0', '0', '0', '0', '0', '0', '1', '', '0.00', '0.00', '0.00', '0', '0.00', '0.00', '0', '1', '16');
INSERT INTO `ls_goodscommon` VALUES ('126', '现摘水蜜桃子水果新鲜雪桃10斤整箱包邮冬桃甜当季时令孕妇毛桃蟠', '现摘水蜜桃子水果新鲜雪桃10斤整箱包邮冬桃甜当季时令孕妇毛桃蟠', '77', '1', '2', '77', '水果 &gt;核果仁果类 &gt;毛桃', '1', '自营店铺', 'N;', 'N;', '0', '', '1', 'alioss_1_2019121301234721333.jpg', '', '', 'a:4:{i:0;a:2:{s:4:\"type\";s:5:\"image\";s:5:\"value\";s:76:\"http://oss.bayi-shop.com/home/store/goods/1/alioss_1_2019121217014187888.jpg\";}i:1;a:2:{s:4:\"type\";s:5:\"image\";s:5:\"value\";s:76:\"http://oss.bayi-shop.com/home/store/goods/1/alioss_1_2019121217020647579.jpg\";}i:2;a:2:{s:4:\"type\";s:5:\"image\";s:5:\"value\";s:76:\"http://oss.bayi-shop.com/home/store/goods/1/alioss_1_2019121217070810968.jpg\";}i:3;a:2:{s:4:\"type\";s:5:\"image\";s:5:\"value\";s:76:\"http://oss.bayi-shop.com/home/store/goods/1/alioss_1_2019121217071686741.jpg\";}}', '1', '', '1', '', '0', '1576141663', '0', '', '35.80', '69.80', '0.00', '51', '', '0', '0', '', '1', '0.00', '0', '0', '0', '', '0', '0', '0', '0', '0', '0', '0', '0', '0', '0', '0', '1', '', '0.00', '0.00', '0.00', '0', '0.00', '0.00', '0', '1', '3');
INSERT INTO `ls_goodscommon` VALUES ('127', '台湾牛奶枣贵妃枣大青枣5斤包邮冬枣现摘青枣脆甜新鲜当季水果', '台湾牛奶枣贵妃枣大青枣5斤包邮冬枣现摘青枣脆甜新鲜当季水果', '324', '1', '2', '324', '水果 &gt;核果仁果类 &gt;青枣', '1', '自营店铺', 'N;', 'N;', '0', '', '1', 'alioss_1_2019121217102927726.jpg', 'N;', '', 'a:7:{i:0;a:2:{s:4:\"type\";s:5:\"image\";s:5:\"value\";s:76:\"http://oss.bayi-shop.com/home/store/goods/1/alioss_1_2019121217114513525.jpg\";}i:1;a:2:{s:4:\"type\";s:5:\"image\";s:5:\"value\";s:76:\"http://oss.bayi-shop.com/home/store/goods/1/alioss_1_2019121217115289697.jpg\";}i:2;a:2:{s:4:\"type\";s:5:\"image\";s:5:\"value\";s:76:\"http://oss.bayi-shop.com/home/store/goods/1/alioss_1_2019121217120679416.jpg\";}i:3;a:2:{s:4:\"type\";s:5:\"image\";s:5:\"value\";s:76:\"http://oss.bayi-shop.com/home/store/goods/1/alioss_1_2019121217115250904.jpg\";}i:4;a:2:{s:4:\"type\";s:5:\"image\";s:5:\"value\";s:76:\"http://oss.bayi-shop.com/home/store/goods/1/alioss_1_2019121217120666296.jpg\";}i:5;a:2:{s:4:\"type\";s:5:\"image\";s:5:\"value\";s:76:\"http://oss.bayi-shop.com/home/store/goods/1/alioss_1_2019121217120635833.jpg\";}i:6;a:2:{s:4:\"type\";s:5:\"image\";s:5:\"value\";s:76:\"http://oss.bayi-shop.com/home/store/goods/1/alioss_1_2019121217115278643.jpg\";}}', '1', '', '1', '', '0', '1576141989', '0', '', '29.80', '119.80', '0.00', '24', '', '0', '0', '', '1', '0.00', '0', '0', '0', '', '0', '0', '0', '0', '0', '0', '0', '0', '0', '0', '0', '1', '', '0.00', '0.00', '0.00', '0', '0.00', '0.00', '0', '1', '18');
INSERT INTO `ls_goodscommon` VALUES ('128', '有机菠菜新鲜蔬菜小青菜火锅蔬菜宝宝辅食250g', '有机菠菜新鲜蔬菜小青菜火锅蔬菜宝宝辅食250g', '93', '4', '6', '93', '蔬菜 &gt;叶菜类 &gt;菠菜', '1', '自营店铺', 'N;', 'N;', '0', '', '1', 'alioss_1_2019121217163746310.jpg', 'N;', '', 'a:6:{i:0;a:2:{s:4:\"type\";s:5:\"image\";s:5:\"value\";s:76:\"http://oss.bayi-shop.com/home/store/goods/1/alioss_1_2019121217165748977.jpg\";}i:1;a:2:{s:4:\"type\";s:5:\"image\";s:5:\"value\";s:76:\"http://oss.bayi-shop.com/home/store/goods/1/alioss_1_2019121217165911508.jpg\";}i:2;a:2:{s:4:\"type\";s:5:\"image\";s:5:\"value\";s:76:\"http://oss.bayi-shop.com/home/store/goods/1/alioss_1_2019121217165778812.jpg\";}i:3;a:2:{s:4:\"type\";s:5:\"image\";s:5:\"value\";s:76:\"http://oss.bayi-shop.com/home/store/goods/1/alioss_1_2019121217165610211.jpg\";}i:4;a:2:{s:4:\"type\";s:5:\"image\";s:5:\"value\";s:76:\"http://oss.bayi-shop.com/home/store/goods/1/alioss_1_2019121217165663974.jpg\";}i:5;a:2:{s:4:\"type\";s:5:\"image\";s:5:\"value\";s:76:\"http://oss.bayi-shop.com/home/store/goods/1/alioss_1_2019121217165764181.jpg\";}}', '1', '', '1', '', '0', '1576142323', '0', '', '12.00', '19.00', '0.00', '63', '', '0', '0', '', '1', '0.00', '0', '0', '0', '', '0', '0', '0', '0', '0', '0', '0', '0', '0', '0', '0', '1', '', '0.00', '0.00', '0.00', '0', '0.00', '0.00', '0', '1', '13');
INSERT INTO `ls_goodscommon` VALUES ('129', '云南红皮黄心土豆新鲜农家自种马铃薯洋山芋5斤小土豆 包邮', '云南红皮黄心土豆新鲜农家自种马铃薯洋山芋5斤小土豆 包邮', '105', '4', '5', '105', '蔬菜 &gt;薯芋类 &gt;土豆', '1', '自营店铺', 'N;', 'N;', '0', '', '1', 'alioss_1_2019121217220212150.jpg', 'N;', '', 'a:5:{i:0;a:2:{s:4:\"type\";s:5:\"image\";s:5:\"value\";s:76:\"http://oss.bayi-shop.com/home/store/goods/1/alioss_1_2019121217221492816.jpg\";}i:1;a:2:{s:4:\"type\";s:5:\"image\";s:5:\"value\";s:76:\"http://oss.bayi-shop.com/home/store/goods/1/alioss_1_2019121217221484932.jpg\";}i:2;a:2:{s:4:\"type\";s:5:\"image\";s:5:\"value\";s:76:\"http://oss.bayi-shop.com/home/store/goods/1/alioss_1_2019121217221532085.jpg\";}i:3;a:2:{s:4:\"type\";s:5:\"image\";s:5:\"value\";s:76:\"http://oss.bayi-shop.com/home/store/goods/1/alioss_1_2019121217221433311.jpg\";}i:4;a:2:{s:4:\"type\";s:5:\"image\";s:5:\"value\";s:76:\"http://oss.bayi-shop.com/home/store/goods/1/alioss_1_2019121217221587771.jpg\";}}', '1', '', '1', '', '0', '1576142578', '0', '', '36.00', '59.80', '0.00', '60', '', '0', '0', '', '1', '0.00', '0', '0', '0', '', '0', '0', '0', '0', '0', '0', '0', '0', '0', '0', '0', '1', '', '0.00', '0.00', '0.00', '0', '0.00', '0.00', '0', '1', '11');
INSERT INTO `ls_goodscommon` VALUES ('130', '康沙新疆天山板栗南瓜新鲜贵族老面金丝沙漠甜面粉香5斤促销包邮', '康沙新疆天山板栗南瓜新鲜贵族老面金丝沙漠甜面粉香5斤促销包邮', '400', '4', '54', '400', '蔬菜 &gt;瓜类 &gt;南瓜', '1', '自营店铺', 'N;', 'N;', '0', '', '1', 'alioss_1_2019121217263277672.jpg', 'N;', '', 'a:5:{i:0;a:2:{s:4:\"type\";s:5:\"image\";s:5:\"value\";s:76:\"http://oss.bayi-shop.com/home/store/goods/1/alioss_1_2019121217264957037.jpg\";}i:1;a:2:{s:4:\"type\";s:5:\"image\";s:5:\"value\";s:76:\"http://oss.bayi-shop.com/home/store/goods/1/alioss_1_2019121217264943879.jpg\";}i:2;a:2:{s:4:\"type\";s:5:\"image\";s:5:\"value\";s:76:\"http://oss.bayi-shop.com/home/store/goods/1/alioss_1_2019121217264939795.jpg\";}i:3;a:2:{s:4:\"type\";s:5:\"image\";s:5:\"value\";s:76:\"http://oss.bayi-shop.com/home/store/goods/1/alioss_1_2019121217265044353.jpg\";}i:4;a:2:{s:4:\"type\";s:5:\"image\";s:5:\"value\";s:76:\"http://oss.bayi-shop.com/home/store/goods/1/alioss_1_2019121217265146262.jpg\";}}', '1', '', '1', '', '0', '1576142844', '0', '', '28.80', '36.90', '0.00', '78', '', '0', '0', '', '1', '0.00', '0', '0', '0', '', '0', '0', '0', '0', '0', '0', '0', '0', '0', '0', '0', '1', '', '0.00', '0.00', '0.00', '0', '0.00', '0.00', '0', '1', '9');
INSERT INTO `ls_goodscommon` VALUES ('131', '山东老香菜', '山东老香菜', '739', '4', '6', '739', '蔬菜 &gt;叶菜类 &gt;香菜', '1', '自营店铺', 'N;', 'N;', '0', '', '1', 'alioss_1_2019121217295951451.jpg', 'N;', '', 'a:2:{i:0;a:2:{s:4:\"type\";s:5:\"image\";s:5:\"value\";s:76:\"http://oss.bayi-shop.com/home/store/goods/1/alioss_1_2019121217301157661.jpg\";}i:1;a:2:{s:4:\"type\";s:5:\"image\";s:5:\"value\";s:76:\"http://oss.bayi-shop.com/home/store/goods/1/alioss_1_2019121217295951451.jpg\";}}', '1', '', '1', '', '0', '1576143021', '0', '', '18.80', '36.90', '0.00', '50', '', '0', '0', '', '1', '0.00', '0', '0', '0', '', '0', '0', '0', '0', '0', '0', '0', '0', '0', '0', '0', '1', '', '0.00', '0.00', '0.00', '0', '0.00', '0.00', '0', '1', '10');
INSERT INTO `ls_goodscommon` VALUES ('135', '【寨吗】香菇干货250g新货农家蘑菇冬菇金钱菇肉质厚实随州特产', '【寨吗】香菇干货250g新货农家蘑菇冬菇金钱菇肉质厚实随州特产', '768', '764', '765', '768', '食用菌 &gt;食用菌鲜货 &gt;蘑菇', '1', '自营店铺', 'N;', 'N;', '0', '', '1', 'alioss_1_2019121312100672462.jpg', 'N;', '', 'a:9:{i:0;a:2:{s:4:\"type\";s:5:\"image\";s:5:\"value\";s:77:\"https://oss.bayi-shop.com/home/store/goods/1/alioss_1_2019121312102489378.jpg\";}i:1;a:2:{s:4:\"type\";s:5:\"image\";s:5:\"value\";s:77:\"https://oss.bayi-shop.com/home/store/goods/1/alioss_1_2019121312102445481.jpg\";}i:2;a:2:{s:4:\"type\";s:5:\"image\";s:5:\"value\";s:77:\"https://oss.bayi-shop.com/home/store/goods/1/alioss_1_2019121312102464118.jpg\";}i:3;a:2:{s:4:\"type\";s:5:\"image\";s:5:\"value\";s:77:\"https://oss.bayi-shop.com/home/store/goods/1/alioss_1_2019121312102516103.jpg\";}i:4;a:2:{s:4:\"type\";s:5:\"image\";s:5:\"value\";s:77:\"https://oss.bayi-shop.com/home/store/goods/1/alioss_1_2019121312102539722.jpg\";}i:5;a:2:{s:4:\"type\";s:5:\"image\";s:5:\"value\";s:77:\"https://oss.bayi-shop.com/home/store/goods/1/alioss_1_2019121312102327170.jpg\";}i:6;a:2:{s:4:\"type\";s:5:\"image\";s:5:\"value\";s:77:\"https://oss.bayi-shop.com/home/store/goods/1/alioss_1_2019121312102365587.jpg\";}i:7;a:2:{s:4:\"type\";s:5:\"image\";s:5:\"value\";s:77:\"https://oss.bayi-shop.com/home/store/goods/1/alioss_1_2019121312102543205.jpg\";}i:8;a:2:{s:4:\"type\";s:5:\"image\";s:5:\"value\";s:77:\"https://oss.bayi-shop.com/home/store/goods/1/alioss_1_2019121312102474776.jpg\";}}', '1', '', '1', '', '0', '1576210316', '0', '', '29.80', '66.50', '0.00', '44', '', '0', '0', '', '1', '0.00', '0', '0', '0', '', '0', '0', '0', '0', '0', '0', '0', '0', '0', '0', '0', '1', '', '0.00', '0.00', '0.00', '0', '0.00', '0.00', '0', '1', '25');
INSERT INTO `ls_goodscommon` VALUES ('136', '东北黑木耳小碗耳特产纯秋木耳干货野生特级云耳长白山椴木耳250g', '东北黑木耳小碗耳特产纯秋木耳干货野生特级云耳长白山椴木耳250g', '767', '764', '765', '767', '食用菌 &gt;食用菌鲜货 &gt;黑木耳', '1', '自营店铺', 'a:3:{i:1;s:6:\"样式\";i:2;s:6:\"颜色\";i:3;s:6:\"大小\";}', 'a:1:{i:1;a:1:{i:150;s:4:\"250g\";}}', '0', '', '1', 'alioss_1_2019121312211814111.jpg', 'N;', '', 'a:8:{i:0;a:2:{s:4:\"type\";s:5:\"image\";s:5:\"value\";s:77:\"https://oss.bayi-shop.com/home/store/goods/1/alioss_1_2019121312212663607.jpg\";}i:1;a:2:{s:4:\"type\";s:5:\"image\";s:5:\"value\";s:77:\"https://oss.bayi-shop.com/home/store/goods/1/alioss_1_2019121312212685832.jpg\";}i:2;a:2:{s:4:\"type\";s:5:\"image\";s:5:\"value\";s:77:\"https://oss.bayi-shop.com/home/store/goods/1/alioss_1_2019121312212651960.jpg\";}i:3;a:2:{s:4:\"type\";s:5:\"image\";s:5:\"value\";s:77:\"https://oss.bayi-shop.com/home/store/goods/1/alioss_1_2019121312212587017.jpg\";}i:4;a:2:{s:4:\"type\";s:5:\"image\";s:5:\"value\";s:77:\"https://oss.bayi-shop.com/home/store/goods/1/alioss_1_2019121312212633808.jpg\";}i:5;a:2:{s:4:\"type\";s:5:\"image\";s:5:\"value\";s:77:\"https://oss.bayi-shop.com/home/store/goods/1/alioss_1_2019121312212684987.jpg\";}i:6;a:2:{s:4:\"type\";s:5:\"image\";s:5:\"value\";s:77:\"https://oss.bayi-shop.com/home/store/goods/1/alioss_1_2019121312212649196.jpg\";}i:7;a:2:{s:4:\"type\";s:4:\"text\";s:5:\"value\";s:335:\"【温馨提示】：木耳是自然生长的产品，不可能保证每片木耳都是一样的形状，区分木耳的质量有以下几点：1.看颜色，木耳的正面是黑色，背面呈灰黑色。2.厚度，泡发后的木耳越厚越筋道，有嚼劲！3.耐泡度，好的秋耳至少要泡到24小时，也不会腐烂。\";}}', '1', '', '1', '', '0', '1576210947', '0', '', '59.80', '99.00', '0.00', '60', '', '0', '0', '', '1', '0.00', '0', '0', '0', '', '0', '0', '0', '0', '0', '0', '0', '0', '0', '0', '0', '1', '', '0.00', '0.00', '0.00', '0', '0.00', '0.00', '0', '1', '21');
INSERT INTO `ls_goodscommon` VALUES ('137', '皇冠梨新鲜梨子10斤整箱砀山梨香梨鸭梨早酥梨当季水果现摘翠冠梨', '皇冠梨新鲜梨子10斤整箱砀山梨香梨鸭梨早酥梨当季水果现摘翠冠梨', '76', '1', '2', '76', '水果 &gt;核果仁果类 &gt;梨', '1', '自营店铺', 'N;', 'N;', '0', '', '1', 'alioss_1_2019121313342746239.jpg', 'N;', '', 'a:8:{i:0;a:2:{s:4:\"type\";s:5:\"image\";s:5:\"value\";s:77:\"https://oss.bayi-shop.com/home/store/goods/1/alioss_1_2019121313355072098.jpg\";}i:1;a:2:{s:4:\"type\";s:5:\"image\";s:5:\"value\";s:77:\"https://oss.bayi-shop.com/home/store/goods/1/alioss_1_2019121313355055898.jpg\";}i:2;a:2:{s:4:\"type\";s:5:\"image\";s:5:\"value\";s:77:\"https://oss.bayi-shop.com/home/store/goods/1/alioss_1_2019121313355461310.jpg\";}i:3;a:2:{s:4:\"type\";s:5:\"image\";s:5:\"value\";s:77:\"https://oss.bayi-shop.com/home/store/goods/1/alioss_1_2019121313355090082.jpg\";}i:4;a:2:{s:4:\"type\";s:5:\"image\";s:5:\"value\";s:77:\"https://oss.bayi-shop.com/home/store/goods/1/alioss_1_2019121313355055898.jpg\";}i:5;a:2:{s:4:\"type\";s:5:\"image\";s:5:\"value\";s:77:\"https://oss.bayi-shop.com/home/store/goods/1/alioss_1_2019121313355090082.jpg\";}i:6;a:2:{s:4:\"type\";s:5:\"image\";s:5:\"value\";s:77:\"https://oss.bayi-shop.com/home/store/goods/1/alioss_1_2019121313355055898.jpg\";}i:7;a:2:{s:4:\"type\";s:5:\"image\";s:5:\"value\";s:77:\"https://oss.bayi-shop.com/home/store/goods/1/alioss_1_2019121313354630572.jpg\";}}', '1', '', '1', '', '0', '1576215475', '0', '', '39.80', '66.30', '0.00', '60', '', '0', '0', '', '1', '0.00', '0', '0', '0', '', '0', '0', '0', '0', '0', '0', '0', '0', '0', '0', '0', '1', '', '0.00', '0.00', '0.00', '0', '0.00', '0.00', '0', '1', '22');
INSERT INTO `ls_goodscommon` VALUES ('138', '雪花梨赵县新鲜梨包邮水果皇冠梨砀山梨黄金梨9斤河北雪梨整箱10', '雪花梨赵县新鲜梨包邮水果皇冠梨砀山梨黄金梨9斤河北雪梨整箱10', '76', '1', '2', '76', '水果 &gt;核果仁果类 &gt;梨', '1', '自营店铺', 'a:3:{i:1;s:6:\"样式\";i:2;s:6:\"颜色\";i:3;s:6:\"大小\";}', 'a:1:{i:1;a:3:{i:143;s:6:\"中果\";i:144;s:6:\"大果\";i:151;s:6:\"小果\";}}', '0', '', '1', 'alioss_1_2019121313415564065.jpg', 'N;', '', 'a:7:{i:0;a:2:{s:4:\"type\";s:5:\"image\";s:5:\"value\";s:77:\"https://oss.bayi-shop.com/home/store/goods/1/alioss_1_2019121313421027511.jpg\";}i:1;a:2:{s:4:\"type\";s:5:\"image\";s:5:\"value\";s:77:\"https://oss.bayi-shop.com/home/store/goods/1/alioss_1_2019121313421036664.jpg\";}i:2;a:2:{s:4:\"type\";s:5:\"image\";s:5:\"value\";s:77:\"https://oss.bayi-shop.com/home/store/goods/1/alioss_1_2019121313421071754.jpg\";}i:3;a:2:{s:4:\"type\";s:5:\"image\";s:5:\"value\";s:77:\"https://oss.bayi-shop.com/home/store/goods/1/alioss_1_2019121313421241930.jpg\";}i:4;a:2:{s:4:\"type\";s:5:\"image\";s:5:\"value\";s:77:\"https://oss.bayi-shop.com/home/store/goods/1/alioss_1_2019121313421079283.jpg\";}i:5;a:2:{s:4:\"type\";s:5:\"image\";s:5:\"value\";s:77:\"https://oss.bayi-shop.com/home/store/goods/1/alioss_1_2019121313421057050.jpg\";}i:6;a:2:{s:4:\"type\";s:5:\"image\";s:5:\"value\";s:77:\"https://oss.bayi-shop.com/home/store/goods/1/alioss_1_2019121313421153184.jpg\";}}', '1', '', '1', '', '0', '1576215781', '0', '', '33.80', '55.00', '0.00', '61', '', '0', '0', '', '1', '0.00', '0', '0', '0', '', '0', '0', '0', '0', '0', '0', '0', '0', '0', '0', '0', '1', '', '0.00', '0.00', '0.00', '0', '0.00', '0.00', '0', '1', '4');
INSERT INTO `ls_goodscommon` VALUES ('139', '梨子新鲜10斤砀山梨皇冠梨雪香鸭梨当季水果现摘整箱早酥翠冠贡梨', '梨子新鲜10斤砀山梨皇冠梨雪香鸭梨当季水果现摘整箱早酥翠冠贡梨', '76', '1', '2', '76', '水果 &gt;核果仁果类 &gt;梨', '1', '自营店铺', 'a:3:{i:1;s:6:\"样式\";i:2;s:6:\"颜色\";i:3;s:6:\"大小\";}', 'a:2:{i:1;a:1:{i:144;s:6:\"大果\";}i:3;a:1:{i:152;s:5:\"5000g\";}}', '0', '', '1', 'alioss_1_2019121313462686553.jpg', 'N;', '', 'a:9:{i:0;a:2:{s:4:\"type\";s:5:\"image\";s:5:\"value\";s:77:\"https://oss.bayi-shop.com/home/store/goods/1/alioss_1_2019121313463963133.jpg\";}i:1;a:2:{s:4:\"type\";s:5:\"image\";s:5:\"value\";s:77:\"https://oss.bayi-shop.com/home/store/goods/1/alioss_1_2019121313463913857.jpg\";}i:2;a:2:{s:4:\"type\";s:5:\"image\";s:5:\"value\";s:77:\"https://oss.bayi-shop.com/home/store/goods/1/alioss_1_2019121313463966586.jpg\";}i:3;a:2:{s:4:\"type\";s:5:\"image\";s:5:\"value\";s:77:\"https://oss.bayi-shop.com/home/store/goods/1/alioss_1_2019121313463952850.jpg\";}i:4;a:2:{s:4:\"type\";s:5:\"image\";s:5:\"value\";s:77:\"https://oss.bayi-shop.com/home/store/goods/1/alioss_1_2019121313463964714.jpg\";}i:5;a:2:{s:4:\"type\";s:5:\"image\";s:5:\"value\";s:77:\"https://oss.bayi-shop.com/home/store/goods/1/alioss_1_2019121313463994106.jpg\";}i:6;a:2:{s:4:\"type\";s:5:\"image\";s:5:\"value\";s:77:\"https://oss.bayi-shop.com/home/store/goods/1/alioss_1_2019121313463965919.jpg\";}i:7;a:2:{s:4:\"type\";s:5:\"image\";s:5:\"value\";s:77:\"https://oss.bayi-shop.com/home/store/goods/1/alioss_1_2019121313463994300.jpg\";}i:8;a:2:{s:4:\"type\";s:5:\"image\";s:5:\"value\";s:77:\"https://oss.bayi-shop.com/home/store/goods/1/alioss_1_2019121313463715809.jpg\";}}', '1', '', '1', '', '0', '1576216087', '0', '', '29.80', '65.20', '0.00', '45', '', '0', '0', '', '1', '0.00', '0', '0', '0', '', '0', '0', '0', '0', '0', '0', '0', '0', '0', '0', '0', '1', '', '0.00', '0.00', '0.00', '0', '0.00', '0.00', '0', '1', '23');
INSERT INTO `ls_goodscommon` VALUES ('140', '现摘现发桃子新鲜水果10斤包邮带箱水蜜桃冬桃雪应季时令孕妇毛桃', '现摘现发桃子新鲜水果10斤包邮带箱水蜜桃冬桃雪应季时令孕妇毛桃', '77', '1', '2', '77', '水果 &gt;核果仁果类 &gt;毛桃', '1', '自营店铺', 'N;', 'N;', '0', '', '1', 'alioss_1_2019121313523091203.jpg', 'N;', '', 'a:7:{i:0;a:2:{s:4:\"type\";s:5:\"image\";s:5:\"value\";s:77:\"https://oss.bayi-shop.com/home/store/goods/1/alioss_1_2019121313524020626.jpg\";}i:1;a:2:{s:4:\"type\";s:5:\"image\";s:5:\"value\";s:77:\"https://oss.bayi-shop.com/home/store/goods/1/alioss_1_2019121313524079837.jpg\";}i:2;a:2:{s:4:\"type\";s:5:\"image\";s:5:\"value\";s:77:\"https://oss.bayi-shop.com/home/store/goods/1/alioss_1_2019121313524043199.jpg\";}i:3;a:2:{s:4:\"type\";s:5:\"image\";s:5:\"value\";s:77:\"https://oss.bayi-shop.com/home/store/goods/1/alioss_1_2019121313523990867.jpg\";}i:4;a:2:{s:4:\"type\";s:5:\"image\";s:5:\"value\";s:77:\"https://oss.bayi-shop.com/home/store/goods/1/alioss_1_2019121313523940060.jpg\";}i:5;a:2:{s:4:\"type\";s:5:\"image\";s:5:\"value\";s:77:\"https://oss.bayi-shop.com/home/store/goods/1/alioss_1_2019121313523966175.jpg\";}i:6;a:2:{s:4:\"type\";s:5:\"image\";s:5:\"value\";s:77:\"https://oss.bayi-shop.com/home/store/goods/1/alioss_1_2019121313523987064.jpg\";}}', '1', '', '1', '', '0', '1576216411', '0', '', '35.60', '58.00', '0.00', '61', '', '0', '0', '', '1', '0.00', '0', '0', '0', '', '0', '0', '0', '0', '0', '0', '0', '0', '0', '0', '0', '1', '', '0.00', '0.00', '0.00', '0', '0.00', '0.00', '0', '1', '2');
INSERT INTO `ls_goodscommon` VALUES ('141', '突尼斯软籽石榴净重5斤纯甜会理红石榴新鲜水果包邮现货大果10', '突尼斯软籽石榴净重5斤纯甜会理红石榴新鲜水果包邮现货大果10', '78', '1', '2', '78', '水果 &gt;核果仁果类 &gt;石榴', '1', '自营店铺', 'a:3:{i:1;s:6:\"样式\";i:2;s:6:\"颜色\";i:3;s:6:\"大小\";}', 'a:2:{i:1;a:2:{i:153;s:4:\"5斤\";i:154;s:4:\"8斤\";}i:3;a:1:{i:155;s:6:\"大果\";}}', '0', '', '1', 'alioss_1_2019121313571867987.jpg', 'N;', '', 'a:5:{i:0;a:2:{s:4:\"type\";s:5:\"image\";s:5:\"value\";s:77:\"https://oss.bayi-shop.com/home/store/goods/1/alioss_1_2019121313572818229.jpg\";}i:1;a:2:{s:4:\"type\";s:5:\"image\";s:5:\"value\";s:77:\"https://oss.bayi-shop.com/home/store/goods/1/alioss_1_2019121313572981565.jpg\";}i:2;a:2:{s:4:\"type\";s:5:\"image\";s:5:\"value\";s:77:\"https://oss.bayi-shop.com/home/store/goods/1/alioss_1_2019121313572994609.jpg\";}i:3;a:2:{s:4:\"type\";s:5:\"image\";s:5:\"value\";s:77:\"https://oss.bayi-shop.com/home/store/goods/1/alioss_1_2019121313572824281.jpg\";}i:4;a:2:{s:4:\"type\";s:5:\"image\";s:5:\"value\";s:77:\"https://oss.bayi-shop.com/home/store/goods/1/alioss_1_2019121313572815232.jpg\";}}', '1', '', '1', '', '0', '1576216751', '0', '', '36.80', '89.00', '0.00', '41', '', '0', '0', '', '1', '0.00', '0', '0', '0', '', '0', '0', '0', '0', '0', '0', '0', '0', '0', '0', '0', '1', '', '0.00', '0.00', '0.00', '0', '0.00', '0.00', '0', '1', '1');
INSERT INTO `ls_goodscommon` VALUES ('142', '现摘新鲜山楂果3斤5斤鲜山楂水果山里红大果金星糖葫芦山楂干', '现摘新鲜山楂果3斤5斤鲜山楂水果山里红大果金星糖葫芦山楂干', '79', '1', '2', '79', '水果 &gt;核果仁果类 &gt;山楂', '1', '自营店铺', 'a:3:{i:1;s:6:\"样式\";i:2;s:6:\"颜色\";i:3;s:6:\"大小\";}', 'a:1:{i:1;a:2:{i:156;s:4:\"3斤\";i:157;s:4:\"5斤\";}}', '0', '', '1', 'alioss_1_2019121314023632916.jpg', 'N;', '', 'a:4:{i:0;a:2:{s:4:\"type\";s:5:\"image\";s:5:\"value\";s:77:\"https://oss.bayi-shop.com/home/store/goods/1/alioss_1_2019121314024597610.jpg\";}i:1;a:2:{s:4:\"type\";s:5:\"image\";s:5:\"value\";s:77:\"https://oss.bayi-shop.com/home/store/goods/1/alioss_1_2019121314024345478.png\";}i:2;a:2:{s:4:\"type\";s:5:\"image\";s:5:\"value\";s:77:\"https://oss.bayi-shop.com/home/store/goods/1/alioss_1_2019121314024336963.jpg\";}i:3;a:2:{s:4:\"type\";s:5:\"image\";s:5:\"value\";s:77:\"https://oss.bayi-shop.com/home/store/goods/1/alioss_1_2019121314024347338.jpg\";}}', '1', '', '1', '', '0', '1576216992', '0', '', '24.90', '33.60', '0.00', '74', '', '0', '0', '', '1', '0.00', '0', '0', '0', '', '0', '0', '0', '0', '0', '0', '0', '0', '0', '0', '0', '1', '', '0.00', '0.00', '0.00', '0', '0.00', '0.00', '0', '1', '5');
INSERT INTO `ls_goodscommon` VALUES ('143', '绿企 海南芒果青芒10斤一整箱新鲜水果金煌芒果凯特芒果批发包邮5', '绿企 海南芒果青芒10斤一整箱新鲜水果金煌芒果凯特芒果批发包邮5', '293', '1', '3', '293', '水果 &gt;热带水果 &gt;芒果', '2', '水果大全', 'N;', 'N;', '0', '', '1', 'alioss_2_2019121314291160951.jpg', '', '', 'a:6:{i:0;a:2:{s:4:\"type\";s:5:\"image\";s:5:\"value\";s:77:\"https://oss.bayi-shop.com/home/store/goods/2/alioss_2_2019121314292227398.jpg\";}i:1;a:2:{s:4:\"type\";s:5:\"image\";s:5:\"value\";s:77:\"https://oss.bayi-shop.com/home/store/goods/2/alioss_2_2019121314292392603.jpg\";}i:2;a:2:{s:4:\"type\";s:5:\"image\";s:5:\"value\";s:77:\"https://oss.bayi-shop.com/home/store/goods/2/alioss_2_2019121314292365744.jpg\";}i:3;a:2:{s:4:\"type\";s:5:\"image\";s:5:\"value\";s:77:\"https://oss.bayi-shop.com/home/store/goods/2/alioss_2_2019121314300562274.jpg\";}i:4;a:2:{s:4:\"type\";s:5:\"image\";s:5:\"value\";s:77:\"https://oss.bayi-shop.com/home/store/goods/2/alioss_2_2019121314300541320.jpg\";}i:5;a:2:{s:4:\"type\";s:5:\"image\";s:5:\"value\";s:77:\"https://oss.bayi-shop.com/home/store/goods/2/alioss_2_2019121314300541320.jpg\";}}', '1', '', '1', '', '0', '1576218642', '0', '', '49.80', '66.00', '0.00', '75', '', '0', '0', '', '1', '0.00', '0', '0', '0', '', '0', '0', '0', '0', '0', '0', '0', '0', '0', '0', '0', '1', '', '0.00', '0.00', '0.00', '0', '0.00', '0.00', '0', '1', '26');
INSERT INTO `ls_goodscommon` VALUES ('144', '盱眙龙虾麻辣十三香小龙虾熟食即食大虾香辣味6-8钱3斤口味虾1盒', '', '174', '10', '26', '174', '水产 &gt;虾类 &gt;小龙虾', '1', '自营店铺', 'N;', 'N;', '0', '', '1', 'alioss_1_2019121600012877602.jpg', 'N;', '', 'a:4:{i:0;a:2:{s:4:\"type\";s:5:\"image\";s:5:\"value\";s:77:\"https://oss.bayi-shop.com/home/store/goods/1/alioss_1_2019121600091036799.jpg\";}i:1;a:2:{s:4:\"type\";s:5:\"image\";s:5:\"value\";s:77:\"https://oss.bayi-shop.com/home/store/goods/1/alioss_1_2019121600092166110.jpg\";}i:2;a:2:{s:4:\"type\";s:5:\"image\";s:5:\"value\";s:77:\"https://oss.bayi-shop.com/home/store/goods/1/alioss_1_2019121600092757817.jpg\";}i:3;a:2:{s:4:\"type\";s:5:\"image\";s:5:\"value\";s:77:\"https://oss.bayi-shop.com/home/store/goods/1/alioss_1_2019121600093553785.jpg\";}}', '1', '', '1', '', '0', '1576426196', '0', '', '188.00', '358.00', '0.00', '52', '', '0', '0', '', '1', '0.00', '0', '0', '0', '', '0', '0', '0', '0', '0', '0', '0', '0', '0', '0', '0', '1', '', '0.00', '0.00', '0.00', '0', '0.00', '0.00', '0', '1', '27');
INSERT INTO `ls_goodscommon` VALUES ('145', '乡乡嘴小鱼仔 湖南特产香辣小鱼零食品 即食麻辣毛毛鱼干16g*20包', '共20小包', '577', '10', '420', '577', '水产 &gt;水产干货 &gt;鱼干', '1', '自营店铺', 'N;', 'N;', '0', '', '1', 'alioss_1_2019121600263518523.jpg', '', '', 'a:5:{i:0;a:2:{s:4:\"type\";s:5:\"image\";s:5:\"value\";s:77:\"https://oss.bayi-shop.com/home/store/goods/1/alioss_1_2019121600271595779.jpg\";}i:1;a:2:{s:4:\"type\";s:5:\"image\";s:5:\"value\";s:77:\"https://oss.bayi-shop.com/home/store/goods/1/alioss_1_2019121600271057592.jpg\";}i:2;a:2:{s:4:\"type\";s:5:\"image\";s:5:\"value\";s:77:\"https://oss.bayi-shop.com/home/store/goods/1/alioss_1_2019121600270558842.jpg\";}i:3;a:2:{s:4:\"type\";s:5:\"image\";s:5:\"value\";s:77:\"https://oss.bayi-shop.com/home/store/goods/1/alioss_1_2019121600270127138.jpg\";}i:4;a:2:{s:4:\"type\";s:5:\"image\";s:5:\"value\";s:77:\"https://oss.bayi-shop.com/home/store/goods/1/alioss_1_2019121600264745783.jpg\";}}', '1', '', '1', '', '0', '1576427248', '0', '', '19.50', '58.00', '0.00', '33', '', '0', '0', '', '1', '0.00', '0', '0', '0', '', '0', '0', '0', '0', '0', '0', '0', '0', '0', '0', '0', '1', '', '0.00', '0.00', '0.00', '0', '0.00', '0.00', '0', '1', '24');
INSERT INTO `ls_goodscommon` VALUES ('146', '幕府李 甘肃天水花牛苹果 蛇果平安果 新鲜水果 净重5斤果径（75-80mm）', '幕府李 甘肃天水花牛苹果 蛇果平安果 新鲜水果 净重5斤果径（75-80mm）', '75', '1', '2', '75', '水果 &gt;核果仁果类 &gt;苹果', '1', '自营店铺', 'N;', 'N;', '0', '', '1', 'alioss_1_2019121311550076050.jpg', 'N;', '', '', '1', '', '1', '', '0', '1578471614', '0', '', '15.00', '20.00', '10.00', '75', '', '0', '0', '', '1', '0.00', '0', '2', '40', '', '0', '0', '0', '0', '0', '0', '0', '0', '0', '0', '0', '1', '', '0.00', '0.00', '0.00', '0', '0.00', '0.00', '0', '1', '1');

-- -----------------------------
-- Table structure for `ls_goodsfcode`
-- -----------------------------
DROP TABLE IF EXISTS `ls_goodsfcode`;
CREATE TABLE `ls_goodsfcode` (
  `goodsfcode_id` int(10) unsigned NOT NULL AUTO_INCREMENT COMMENT 'F码自增ID',
  `goods_commonid` int(10) unsigned NOT NULL COMMENT '商品公共ID',
  `goodsfcode_code` varchar(20) NOT NULL COMMENT 'F码内容',
  `goodsfcode_state` tinyint(3) unsigned NOT NULL DEFAULT '0' COMMENT '状态 0:未使用 1:已使用',
  PRIMARY KEY (`goodsfcode_id`)
) ENGINE=InnoDB DEFAULT CHARSET=utf8 COMMENT='商品F码';


-- -----------------------------
-- Table structure for `ls_goodsgift`
-- -----------------------------
DROP TABLE IF EXISTS `ls_goodsgift`;
CREATE TABLE `ls_goodsgift` (
  `gift_id` int(10) unsigned NOT NULL AUTO_INCREMENT COMMENT '赠品ID',
  `gift_goodsid` int(10) unsigned NOT NULL COMMENT '赠品商品ID',
  `gift_goodsname` varchar(50) NOT NULL COMMENT '主商品名称',
  `gift_goodsimage` varchar(100) NOT NULL COMMENT '主商品图片',
  `gift_amount` tinyint(3) unsigned NOT NULL COMMENT '赠品数量',
  `goods_id` int(10) unsigned NOT NULL COMMENT '主商品ID',
  `goods_commonid` int(10) unsigned NOT NULL COMMENT '主商品公共ID',
  PRIMARY KEY (`gift_id`)
) ENGINE=InnoDB DEFAULT CHARSET=utf8 COMMENT='商品赠品表';


-- -----------------------------
-- Table structure for `ls_goodsimages`
-- -----------------------------
DROP TABLE IF EXISTS `ls_goodsimages`;
CREATE TABLE `ls_goodsimages` (
  `goodsimage_id` int(10) unsigned NOT NULL AUTO_INCREMENT COMMENT '商品图片自增ID',
  `goods_commonid` int(10) unsigned NOT NULL COMMENT '商品公共ID',
  `store_id` int(10) unsigned NOT NULL COMMENT '店铺ID',
  `color_id` int(10) unsigned NOT NULL DEFAULT '0' COMMENT '颜色规格值ID',
  `goodsimage_url` varchar(1000) NOT NULL COMMENT '商品图片',
  `goodsimage_sort` tinyint(3) unsigned NOT NULL DEFAULT '255' COMMENT '商品图片排序',
  `goodsimage_isdefault` tinyint(3) unsigned NOT NULL DEFAULT '0' COMMENT '商品图片默认主图，1是，0否',
  PRIMARY KEY (`goodsimage_id`),
  KEY `store_id` (`store_id`),
  KEY `goods_commonid` (`goods_commonid`)
) ENGINE=InnoDB AUTO_INCREMENT=260 DEFAULT CHARSET=utf8 COMMENT='商品图片';

-- -----------------------------
-- Records of `ls_goodsimages`
-- -----------------------------
INSERT INTO `ls_goodsimages` VALUES ('130', '120', '1', '0', 'alioss_1_2019121117450292048.jpg', '0', '1');
INSERT INTO `ls_goodsimages` VALUES ('131', '120', '1', '0', 'alioss_1_2019121117445961146.jpg', '0', '0');
INSERT INTO `ls_goodsimages` VALUES ('132', '120', '1', '0', 'alioss_1_2019121117445631417.jpg', '0', '0');
INSERT INTO `ls_goodsimages` VALUES ('133', '120', '1', '0', 'alioss_1_2019121117445456159.jpg', '0', '0');
INSERT INTO `ls_goodsimages` VALUES ('134', '121', '1', '0', 'alioss_1_2019121118424369048.jpg', '0', '1');
INSERT INTO `ls_goodsimages` VALUES ('135', '121', '1', '0', 'alioss_1_2019121118424711049.jpg', '0', '0');
INSERT INTO `ls_goodsimages` VALUES ('136', '121', '1', '0', 'alioss_1_2019121118424594405.jpg', '0', '0');
INSERT INTO `ls_goodsimages` VALUES ('137', '121', '1', '0', 'alioss_1_2019121118424369048.jpg', '0', '0');
INSERT INTO `ls_goodsimages` VALUES ('138', '121', '1', '0', 'alioss_1_2019121118424192106.jpg', '0', '0');
INSERT INTO `ls_goodsimages` VALUES ('164', '122', '1', '0', 'alioss_1_2019121212590222769.jpg', '0', '0');
INSERT INTO `ls_goodsimages` VALUES ('165', '122', '1', '0', 'alioss_1_2019121118445624664.jpg', '0', '0');
INSERT INTO `ls_goodsimages` VALUES ('166', '122', '1', '0', 'alioss_1_2019121118445312905.jpg', '0', '0');
INSERT INTO `ls_goodsimages` VALUES ('167', '122', '1', '0', 'alioss_1_2019121118445276967.jpg', '0', '0');
INSERT INTO `ls_goodsimages` VALUES ('168', '122', '1', '0', 'alioss_1_2019121118445024186.jpg', '0', '0');
INSERT INTO `ls_goodsimages` VALUES ('169', '123', '1', '0', 'alioss_1_2019121213002151769.jpg', '0', '0');
INSERT INTO `ls_goodsimages` VALUES ('170', '123', '1', '0', 'alioss_1_2019121118465946892.jpg', '0', '0');
INSERT INTO `ls_goodsimages` VALUES ('171', '123', '1', '0', 'alioss_1_2019121118465751226.jpg', '0', '0');
INSERT INTO `ls_goodsimages` VALUES ('172', '123', '1', '0', 'alioss_1_2019121118465566988.jpg', '0', '0');
INSERT INTO `ls_goodsimages` VALUES ('173', '123', '1', '0', 'alioss_1_2019121118465347232.png', '0', '0');
INSERT INTO `ls_goodsimages` VALUES ('179', '124', '1', '0', 'alioss_1_2019121213255634668.jpg', '0', '1');
INSERT INTO `ls_goodsimages` VALUES ('180', '124', '1', '0', 'alioss_1_2019121118584646318.jpg', '0', '0');
INSERT INTO `ls_goodsimages` VALUES ('181', '124', '1', '0', 'alioss_1_2019121118584412035.jpeg', '0', '0');
INSERT INTO `ls_goodsimages` VALUES ('182', '124', '1', '0', 'alioss_1_2019121118584284248.jpg', '0', '0');
INSERT INTO `ls_goodsimages` VALUES ('183', '124', '1', '0', 'alioss_1_2019121118584014724.jpg', '0', '0');
INSERT INTO `ls_goodsimages` VALUES ('189', '127', '1', '0', 'alioss_1_2019121217102927726.jpg', '0', '1');
INSERT INTO `ls_goodsimages` VALUES ('190', '127', '1', '0', 'alioss_1_2019121217131432965.jpg', '0', '0');
INSERT INTO `ls_goodsimages` VALUES ('191', '128', '1', '0', 'alioss_1_2019121217163746310.jpg', '0', '1');
INSERT INTO `ls_goodsimages` VALUES ('192', '128', '1', '0', 'alioss_1_2019121217184835840.jpg', '0', '0');
INSERT INTO `ls_goodsimages` VALUES ('193', '129', '1', '0', 'alioss_1_2019121217220212150.jpg', '0', '1');
INSERT INTO `ls_goodsimages` VALUES ('194', '129', '1', '0', 'alioss_1_2019121217230590853.jpg', '0', '0');
INSERT INTO `ls_goodsimages` VALUES ('195', '129', '1', '0', 'alioss_1_2019121217231219140.jpg', '0', '0');
INSERT INTO `ls_goodsimages` VALUES ('196', '130', '1', '0', 'alioss_1_2019121217263277672.jpg', '0', '1');
INSERT INTO `ls_goodsimages` VALUES ('197', '130', '1', '0', 'alioss_1_2019121217273234330.jpg', '0', '0');
INSERT INTO `ls_goodsimages` VALUES ('198', '131', '1', '0', 'alioss_1_2019121217295951451.jpg', '0', '1');
INSERT INTO `ls_goodsimages` VALUES ('199', '126', '1', '0', 'alioss_1_2019121301242837787.jpg', '0', '1');
INSERT INTO `ls_goodsimages` VALUES ('200', '126', '1', '0', 'alioss_1_2019121217083930644.jpg', '0', '0');
INSERT INTO `ls_goodsimages` VALUES ('201', '126', '1', '0', 'alioss_1_2019121217084534967.jpg', '0', '0');
INSERT INTO `ls_goodsimages` VALUES ('202', '125', '1', '143', 'alioss_1_2019121301265027009.jpg', '0', '1');
INSERT INTO `ls_goodsimages` VALUES ('203', '125', '1', '144', 'alioss_1_2019121216501934568.jpg', '0', '1');
INSERT INTO `ls_goodsimages` VALUES ('212', '135', '1', '0', 'alioss_1_2019121312100672462.jpg', '0', '1');
INSERT INTO `ls_goodsimages` VALUES ('213', '135', '1', '0', 'alioss_1_2019121312120869253.jpg', '0', '0');
INSERT INTO `ls_goodsimages` VALUES ('214', '135', '1', '0', 'alioss_1_2019121312121775316.jpg', '0', '0');
INSERT INTO `ls_goodsimages` VALUES ('215', '136', '1', '150', 'alioss_1_2019121312211814111.jpg', '0', '1');
INSERT INTO `ls_goodsimages` VALUES ('216', '136', '1', '150', 'alioss_1_2019121312223225764.jpg', '0', '0');
INSERT INTO `ls_goodsimages` VALUES ('217', '136', '1', '150', 'alioss_1_2019121312224066148.jpg', '0', '0');
INSERT INTO `ls_goodsimages` VALUES ('218', '137', '1', '0', 'alioss_1_2019121313342746239.jpg', '0', '1');
INSERT INTO `ls_goodsimages` VALUES ('219', '137', '1', '0', 'alioss_1_2019121313380058068.jpg', '0', '0');
INSERT INTO `ls_goodsimages` VALUES ('220', '137', '1', '0', 'alioss_1_2019121313380440078.jpg', '0', '0');
INSERT INTO `ls_goodsimages` VALUES ('221', '138', '1', '143', 'alioss_1_2019121313415564065.jpg', '0', '1');
INSERT INTO `ls_goodsimages` VALUES ('222', '138', '1', '143', 'alioss_1_2019121313431257057.jpg', '0', '0');
INSERT INTO `ls_goodsimages` VALUES ('223', '138', '1', '144', 'alioss_1_2019121313415564065.jpg', '0', '1');
INSERT INTO `ls_goodsimages` VALUES ('224', '138', '1', '144', 'alioss_1_2019121313431668135.jpg', '0', '0');
INSERT INTO `ls_goodsimages` VALUES ('225', '138', '1', '151', 'alioss_1_2019121313415564065.jpg', '0', '1');
INSERT INTO `ls_goodsimages` VALUES ('226', '138', '1', '151', 'alioss_1_2019121313432038844.jpg', '0', '0');
INSERT INTO `ls_goodsimages` VALUES ('227', '139', '1', '144', 'alioss_1_2019121313462686553.jpg', '0', '1');
INSERT INTO `ls_goodsimages` VALUES ('228', '139', '1', '144', 'alioss_1_2019121313481211351.jpg', '0', '0');
INSERT INTO `ls_goodsimages` VALUES ('229', '140', '1', '0', 'alioss_1_2019121313523091203.jpg', '0', '1');
INSERT INTO `ls_goodsimages` VALUES ('230', '140', '1', '0', 'alioss_1_2019121313533621610.jpg', '0', '0');
INSERT INTO `ls_goodsimages` VALUES ('231', '140', '1', '0', 'alioss_1_2019121313534153300.jpg', '0', '0');
INSERT INTO `ls_goodsimages` VALUES ('232', '141', '1', '153', 'alioss_1_2019121313571867987.jpg', '0', '1');
INSERT INTO `ls_goodsimages` VALUES ('233', '141', '1', '153', 'alioss_1_2019121313591550489.jpg', '0', '0');
INSERT INTO `ls_goodsimages` VALUES ('234', '141', '1', '154', 'alioss_1_2019121313571867987.jpg', '0', '1');
INSERT INTO `ls_goodsimages` VALUES ('235', '141', '1', '154', 'alioss_1_2019121313591952108.jpg', '0', '0');
INSERT INTO `ls_goodsimages` VALUES ('236', '142', '1', '156', 'alioss_1_2019121314023632916.jpg', '0', '1');
INSERT INTO `ls_goodsimages` VALUES ('237', '142', '1', '156', 'alioss_1_2019121314031745186.jpg', '0', '0');
INSERT INTO `ls_goodsimages` VALUES ('238', '142', '1', '156', 'alioss_1_2019121314032217015.jpg', '0', '0');
INSERT INTO `ls_goodsimages` VALUES ('239', '142', '1', '157', 'alioss_1_2019121314023632916.jpg', '0', '1');
INSERT INTO `ls_goodsimages` VALUES ('240', '142', '1', '157', 'alioss_1_2019121314031745186.jpg', '0', '0');
INSERT INTO `ls_goodsimages` VALUES ('241', '142', '1', '157', 'alioss_1_2019121314032217015.jpg', '0', '0');
INSERT INTO `ls_goodsimages` VALUES ('242', '143', '2', '0', 'alioss_2_2019121314291160951.jpg', '0', '1');
INSERT INTO `ls_goodsimages` VALUES ('243', '143', '2', '0', 'alioss_2_2019121314305252542.jpg', '0', '0');
INSERT INTO `ls_goodsimages` VALUES ('244', '143', '2', '0', 'alioss_2_2019121314305668302.jpg', '0', '0');
INSERT INTO `ls_goodsimages` VALUES ('245', '144', '1', '0', 'alioss_1_2019121600012877602.jpg', '0', '1');
INSERT INTO `ls_goodsimages` VALUES ('246', '144', '1', '0', 'alioss_1_2019121600101846523.jpg', '0', '0');
INSERT INTO `ls_goodsimages` VALUES ('247', '144', '1', '0', 'alioss_1_2019121600102562169.jpg', '0', '0');
INSERT INTO `ls_goodsimages` VALUES ('248', '144', '1', '0', 'alioss_1_2019121600102857467.jpg', '0', '0');
INSERT INTO `ls_goodsimages` VALUES ('249', '144', '1', '0', 'alioss_1_2019121600103210538.jpg', '0', '0');
INSERT INTO `ls_goodsimages` VALUES ('250', '145', '1', '0', 'alioss_1_2019121600263518523.jpg', '0', '1');
INSERT INTO `ls_goodsimages` VALUES ('251', '145', '1', '0', 'alioss_1_2019121600273679598.jpg', '0', '0');
INSERT INTO `ls_goodsimages` VALUES ('252', '145', '1', '0', 'alioss_1_2019121600274612079.jpg', '0', '0');
INSERT INTO `ls_goodsimages` VALUES ('253', '145', '1', '0', 'alioss_1_2019121600275210565.jpg', '0', '0');
INSERT INTO `ls_goodsimages` VALUES ('254', '145', '1', '0', 'alioss_1_2019121600282276056.jpg', '0', '0');
INSERT INTO `ls_goodsimages` VALUES ('255', '146', '1', '0', 'alioss_1_2019121311550076050.jpg', '0', '1');
INSERT INTO `ls_goodsimages` VALUES ('256', '146', '1', '0', 'alioss_1_2019121311550022103.jpg', '0', '0');
INSERT INTO `ls_goodsimages` VALUES ('257', '146', '1', '0', 'alioss_1_2019121311550092497.jpg', '0', '0');
INSERT INTO `ls_goodsimages` VALUES ('258', '146', '1', '0', 'alioss_1_2019121311531472385.jpg', '0', '0');
INSERT INTO `ls_goodsimages` VALUES ('259', '146', '1', '0', 'alioss_1_2019121311480880319.jpg', '0', '0');

-- -----------------------------
-- Table structure for `ls_groupbuy`
-- -----------------------------
DROP TABLE IF EXISTS `ls_groupbuy`;
CREATE TABLE `ls_groupbuy` (
  `groupbuy_id` int(10) unsigned NOT NULL AUTO_INCREMENT COMMENT '抢购自增ID',
  `groupbuy_name` varchar(255) NOT NULL COMMENT '抢购活动名称',
  `groupbuy_starttime` int(10) unsigned NOT NULL DEFAULT '0' COMMENT '抢购开始时间',
  `groupbuy_endtime` int(10) unsigned NOT NULL DEFAULT '0' COMMENT '抢购结束时间',
  `goods_id` int(10) unsigned NOT NULL DEFAULT '0' COMMENT '商品ID',
  `goods_commonid` int(10) unsigned NOT NULL COMMENT '商品公共表ID',
  `goods_name` varchar(200) NOT NULL COMMENT '商品名称',
  `store_id` int(10) unsigned NOT NULL DEFAULT '0' COMMENT '店铺ID',
  `store_name` varchar(50) NOT NULL COMMENT '店铺名称',
  `goods_price` decimal(10,2) NOT NULL COMMENT '商品原价',
  `groupbuy_price` decimal(10,2) NOT NULL COMMENT '抢购价格',
  `groupbuy_rebate` decimal(10,2) NOT NULL COMMENT '折扣',
  `virtual_quantity` int(10) unsigned NOT NULL COMMENT '虚拟购买数量',
  `groupbuy_upper_limit` int(10) unsigned NOT NULL DEFAULT '0' COMMENT '购买上限',
  `groupbuy_buyer_count` int(10) unsigned NOT NULL DEFAULT '0' COMMENT '已购买人数',
  `groupbuy_buy_quantity` int(10) unsigned NOT NULL DEFAULT '0' COMMENT '购买数量',
  `groupbuy_intro` text COMMENT '本团介绍',
  `groupbuy_state` tinyint(1) unsigned NOT NULL DEFAULT '0' COMMENT '抢购状态 10-审核中 20-正常 30-审核失败 31-管理员关闭 32-已结束',
  `groupbuy_recommended` tinyint(1) unsigned NOT NULL COMMENT '是否推荐 0.未推荐 1.已推荐',
  `groupbuy_views` int(10) unsigned NOT NULL DEFAULT '0' COMMENT '查看次数',
  `gclass_id` int(10) unsigned NOT NULL COMMENT '抢购类别编号',
  `s_gclass_id` int(10) unsigned NOT NULL DEFAULT '0' COMMENT '抢购2级分类id',
  `groupbuy_image` varchar(100) NOT NULL COMMENT '抢购图片',
  `groupbuy_image1` varchar(100) DEFAULT NULL COMMENT '抢购图片1',
  `groupbuy_remark` varchar(255) NOT NULL COMMENT '备注',
  `groupbuy_is_vr` tinyint(3) unsigned NOT NULL DEFAULT '0' COMMENT '是否虚拟抢购 1是0否',
  `vr_class_id` int(11) DEFAULT NULL COMMENT '虚拟抢购大分类id',
  `vr_s_class_id` int(11) DEFAULT NULL COMMENT '虚拟抢购小分类id',
  PRIMARY KEY (`groupbuy_id`)
) ENGINE=InnoDB DEFAULT CHARSET=utf8 COMMENT='抢购商品表';


-- -----------------------------
-- Table structure for `ls_groupbuyclass`
-- -----------------------------
DROP TABLE IF EXISTS `ls_groupbuyclass`;
CREATE TABLE `ls_groupbuyclass` (
  `gclass_id` int(10) unsigned NOT NULL AUTO_INCREMENT COMMENT '抢购类别自增ID',
  `gclass_name` varchar(20) NOT NULL COMMENT '抢购类别名称',
  `gclass_parent_id` int(10) unsigned NOT NULL COMMENT '抢购上级类别ID',
  `gclass_sort` tinyint(3) unsigned NOT NULL DEFAULT '255' COMMENT '抢购类别排序',
  `gclass_deep` tinyint(1) unsigned DEFAULT NULL COMMENT '抢购类别深度',
  PRIMARY KEY (`gclass_id`)
) ENGINE=InnoDB DEFAULT CHARSET=utf8 COMMENT='抢购类别表';


-- -----------------------------
-- Table structure for `ls_groupbuypricerange`
-- -----------------------------
DROP TABLE IF EXISTS `ls_groupbuypricerange`;
CREATE TABLE `ls_groupbuypricerange` (
  `gprange_id` int(10) unsigned NOT NULL AUTO_INCREMENT COMMENT '抢购价格区间ID',
  `gprange_name` varchar(20) NOT NULL COMMENT '抢购价格区间名称',
  `gprange_start` int(10) unsigned NOT NULL COMMENT '抢购价格区间下限',
  `gprange_end` int(10) unsigned NOT NULL COMMENT '抢购价格区间上限',
  PRIMARY KEY (`gprange_id`)
) ENGINE=InnoDB DEFAULT CHARSET=utf8 COMMENT='抢购价格区间表';


-- -----------------------------
-- Table structure for `ls_groupbuyquota`
-- -----------------------------
DROP TABLE IF EXISTS `ls_groupbuyquota`;
CREATE TABLE `ls_groupbuyquota` (
  `groupbuyquota_id` int(10) unsigned NOT NULL AUTO_INCREMENT COMMENT '抢购套餐ID',
  `member_id` int(10) unsigned NOT NULL COMMENT '用户编号',
  `store_id` int(10) unsigned NOT NULL COMMENT '店铺编号',
  `member_name` varchar(50) NOT NULL COMMENT '用户名',
  `store_name` varchar(50) NOT NULL COMMENT '店铺名称',
  `groupbuyquota_starttime` int(10) unsigned NOT NULL COMMENT '抢购套餐开始时间',
  `groupbuyquota_endtime` int(10) unsigned NOT NULL COMMENT '抢购套餐结束时间',
  PRIMARY KEY (`groupbuyquota_id`)
) ENGINE=InnoDB DEFAULT CHARSET=utf8 COMMENT='抢购套餐表';


-- -----------------------------
-- Table structure for `ls_help`
-- -----------------------------
DROP TABLE IF EXISTS `ls_help`;
CREATE TABLE `ls_help` (
  `help_id` int(10) unsigned NOT NULL AUTO_INCREMENT COMMENT '帮助自增ID',
  `help_sort` tinyint(3) unsigned DEFAULT '255' COMMENT '帮助排序',
  `help_title` varchar(100) NOT NULL COMMENT '帮助标题',
  `help_info` text COMMENT '帮助内容',
  `help_url` varchar(100) DEFAULT '' COMMENT '帮助跳转链接',
  `help_updatetime` int(10) unsigned NOT NULL COMMENT '帮助更新时间',
  `helptype_id` int(10) unsigned NOT NULL COMMENT '帮助类型',
  `page_show` tinyint(1) unsigned DEFAULT '1' COMMENT '页面类型 1:店铺 2:会员',
  PRIMARY KEY (`help_id`)
) ENGINE=InnoDB AUTO_INCREMENT=111 DEFAULT CHARSET=utf8 COMMENT='帮助内容表';

-- -----------------------------
-- Records of `ls_help`
-- -----------------------------
INSERT INTO `ls_help` VALUES ('96', '1', '招商方向', '后台->店铺->开店首页->入驻指南->编辑内容', '', '1399284217', '1', '1');
INSERT INTO `ls_help` VALUES ('97', '2', '招商标准', '后台->店铺->开店首页->入驻指南->编辑内容', '', '1399281053', '1', '1');
INSERT INTO `ls_help` VALUES ('98', '3', '资质要求', '后台->店铺->开店首页->入驻指南->编辑内容', '', '1399282350', '1', '1');
INSERT INTO `ls_help` VALUES ('99', '4', '资费标准', '后台->店铺->开店首页->入驻指南->编辑内容', '', '1399282379', '1', '1');
INSERT INTO `ls_help` VALUES ('101', '155', '签署入驻协议', '签署入驻协议(后台->店铺->店铺帮助->帮助内容->编辑内容)', '', '1392949932', '99', '1');
INSERT INTO `ls_help` VALUES ('102', '156', '商家信息提交', '商家信息提交(后台->店铺->店铺帮助->帮助内容->编辑内容)', '', '1392949961', '99', '1');
INSERT INTO `ls_help` VALUES ('103', '157', '平台审核资质', '平台审核资质(后台->店铺->店铺帮助->帮助内容->编辑内容)', '', '1392949991', '99', '1');
INSERT INTO `ls_help` VALUES ('104', '158', '商家缴纳费用', '商家缴纳费用(后台->店铺->店铺帮助->帮助内容->编辑内容)', '', '1392950031', '99', '1');
INSERT INTO `ls_help` VALUES ('105', '159', '店铺开通', '店铺开通(后台->店铺->店铺帮助->帮助内容->编辑内容)', '', '1392950076', '99', '1');
INSERT INTO `ls_help` VALUES ('106', '255', '商品发布规则', '商品发布规则(后台->店铺->店铺帮助->帮助内容->编辑内容)', '', '1392950396', '91', '1');
INSERT INTO `ls_help` VALUES ('107', '255', '商品规格及属性', '商品规格及属性(后台->店铺->店铺帮助->帮助内容->编辑内容)', '', '1392950481', '92', '1');
INSERT INTO `ls_help` VALUES ('108', '255', '限时折扣说明', '限时折扣说明(后台->店铺->店铺帮助->帮助内容->编辑内容)', '', '1392950523', '93', '1');
INSERT INTO `ls_help` VALUES ('109', '255', '订单商品退款', '订单商品退款(后台->店铺->店铺帮助->帮助内容->编辑内容)', '', '1392950670', '94', '1');
INSERT INTO `ls_help` VALUES ('110', '255', '续约流程及费用', '续约流程及费用(后台->店铺->店铺帮助->帮助内容->编辑内容)', '', '1392950739', '95', '1');

-- -----------------------------
-- Table structure for `ls_helptype`
-- -----------------------------
DROP TABLE IF EXISTS `ls_helptype`;
CREATE TABLE `ls_helptype` (
  `helptype_id` int(10) unsigned NOT NULL AUTO_INCREMENT COMMENT '帮助类型自增ID',
  `helptype_name` varchar(50) NOT NULL COMMENT '帮助类型名称',
  `helptype_sort` tinyint(3) unsigned DEFAULT '255' COMMENT '帮助类型',
  `helptype_code` varchar(10) DEFAULT 'auto' COMMENT '调用编号(auto的可删除)',
  `helptype_show` tinyint(1) unsigned DEFAULT '1' COMMENT '帮助类型是否显示 0:否 1:是',
  `page_show` tinyint(1) unsigned DEFAULT '1' COMMENT '页面类型:1:店铺 2:会员',
  PRIMARY KEY (`helptype_id`)
) ENGINE=InnoDB AUTO_INCREMENT=100 DEFAULT CHARSET=utf8 COMMENT='帮助类型表';

-- -----------------------------
-- Records of `ls_helptype`
-- -----------------------------
INSERT INTO `ls_helptype` VALUES ('91', '规则体系', '91', 'sys_rules', '1', '1');
INSERT INTO `ls_helptype` VALUES ('92', '商品管理', '92', 'sys_goods', '1', '1');
INSERT INTO `ls_helptype` VALUES ('93', '促销方式', '93', 'sys_sales', '1', '1');
INSERT INTO `ls_helptype` VALUES ('94', '订单及售后', '94', 'sys_order', '1', '1');
INSERT INTO `ls_helptype` VALUES ('95', '店铺续约', '95', 'sys_renew', '1', '1');
INSERT INTO `ls_helptype` VALUES ('99', '入驻流程', '99', 'store_in', '1', '1');

-- -----------------------------
-- Table structure for `ls_inform`
-- -----------------------------
DROP TABLE IF EXISTS `ls_inform`;
CREATE TABLE `ls_inform` (
  `inform_id` int(11) NOT NULL AUTO_INCREMENT COMMENT '举报自增ID',
  `inform_member_id` int(11) NOT NULL COMMENT '举报人ID',
  `inform_member_name` varchar(50) NOT NULL COMMENT '举报人会员名',
  `inform_goods_id` int(11) NOT NULL COMMENT '被举报的商品ID',
  `inform_goods_name` varchar(200) NOT NULL COMMENT '被举报的商品名称',
  `informsubject_id` int(11) NOT NULL COMMENT '举报主题ID',
  `informsubject_content` varchar(50) NOT NULL COMMENT '举报主题',
  `inform_content` varchar(100) NOT NULL COMMENT '举报信息',
  `inform_pic1` varchar(100) NOT NULL COMMENT '图片1',
  `inform_pic2` varchar(100) NOT NULL COMMENT '图片2',
  `inform_pic3` varchar(100) NOT NULL COMMENT '图片3',
  `inform_datetime` int(11) NOT NULL COMMENT '举报时间',
  `inform_store_id` int(11) NOT NULL COMMENT '被举报商品的店铺ID',
  `inform_state` tinyint(4) NOT NULL COMMENT '举报状态(1未处理/2已处理)',
  `inform_handle_type` tinyint(4) DEFAULT NULL COMMENT '举报处理结果(1无效举报/2恶意举报/3有效举报)',
  `inform_handle_message` varchar(100) NOT NULL COMMENT '举报处理信息',
  `inform_handle_datetime` int(11) NOT NULL DEFAULT '0' COMMENT '举报处理时间',
  `inform_handle_member_id` int(11) NOT NULL DEFAULT '0' COMMENT '管理员ID',
  `inform_goods_image` varchar(150) DEFAULT NULL COMMENT '商品图',
  `inform_store_name` varchar(100) DEFAULT NULL COMMENT '店铺名',
  PRIMARY KEY (`inform_id`)
) ENGINE=InnoDB DEFAULT CHARSET=utf8 COMMENT='举报表';


-- -----------------------------
-- Table structure for `ls_informsubject`
-- -----------------------------
DROP TABLE IF EXISTS `ls_informsubject`;
CREATE TABLE `ls_informsubject` (
  `informsubject_id` int(11) NOT NULL AUTO_INCREMENT COMMENT '举报主题自增ID',
  `informsubject_content` varchar(100) NOT NULL COMMENT '举报主题内容',
  `informsubject_type_id` int(11) NOT NULL COMMENT '举报类型ID',
  `informsubject_type_name` varchar(50) NOT NULL COMMENT '举报类型名称 ',
  `informsubject_state` tinyint(3) NOT NULL COMMENT '举报主题状态 1:可用 2:失效',
  PRIMARY KEY (`informsubject_id`)
) ENGINE=InnoDB AUTO_INCREMENT=6 DEFAULT CHARSET=utf8 COMMENT='举报主题表';

-- -----------------------------
-- Records of `ls_informsubject`
-- -----------------------------
INSERT INTO `ls_informsubject` VALUES ('1', '管制刀具、弓弩类、其他武器等', '1', '出售禁售品', '1');
INSERT INTO `ls_informsubject` VALUES ('2', '赌博用具类', '1', '出售禁售品', '1');
INSERT INTO `ls_informsubject` VALUES ('3', '枪支弹药', '1', '出售禁售品', '1');
INSERT INTO `ls_informsubject` VALUES ('4', '毒品及吸毒工具', '1', '出售禁售品', '1');
INSERT INTO `ls_informsubject` VALUES ('5', '色差大，质量差。', '2', '产品质量问题', '1');

-- -----------------------------
-- Table structure for `ls_informsubjecttype`
-- -----------------------------
DROP TABLE IF EXISTS `ls_informsubjecttype`;
CREATE TABLE `ls_informsubjecttype` (
  `informtype_id` int(11) NOT NULL AUTO_INCREMENT COMMENT '举报类型自增ID',
  `informtype_name` varchar(50) NOT NULL COMMENT '举报类型名称 ',
  `informtype_desc` varchar(100) NOT NULL COMMENT '举报类型描述',
  `informtype_state` tinyint(4) NOT NULL COMMENT '举报类型状态 1:有效 2:失效',
  PRIMARY KEY (`informtype_id`)
) ENGINE=InnoDB AUTO_INCREMENT=3 DEFAULT CHARSET=utf8 COMMENT='举报类型表';

-- -----------------------------
-- Records of `ls_informsubjecttype`
-- -----------------------------
INSERT INTO `ls_informsubjecttype` VALUES ('1', '出售禁售品', '销售商城禁止和限制交易规则下所规定的所有商品。', '1');
INSERT INTO `ls_informsubjecttype` VALUES ('2', '产品质量问题', '产品质量差，与描述严重不相符。', '1');

-- -----------------------------
-- Table structure for `ls_inviter`
-- -----------------------------
DROP TABLE IF EXISTS `ls_inviter`;
CREATE TABLE `ls_inviter` (
  `inviter_id` int(10) unsigned NOT NULL COMMENT '推广员id即会员id',
  `inviter_state` tinyint(1) unsigned NOT NULL DEFAULT '0' COMMENT '推广员状态（0审核中1已审核2已清退）',
  `inviter_total_amount` decimal(10,2) unsigned NOT NULL DEFAULT '0.00' COMMENT '总共结算的佣金 ',
  `inviter_1_quantity` int(10) unsigned NOT NULL DEFAULT '0' COMMENT '1级成员数量',
  `inviter_2_quantity` int(10) unsigned NOT NULL DEFAULT '0' COMMENT '2级成员数量',
  `inviter_3_quantity` int(10) unsigned NOT NULL DEFAULT '0' COMMENT '3级成员数量',
  `inviter_applytime` int(10) unsigned NOT NULL COMMENT '申请时间',
  `inviter_goods_quantity` int(10) unsigned NOT NULL DEFAULT '0' COMMENT '总共分销的商品件数',
  `inviter_goods_amount` decimal(10,0) unsigned NOT NULL DEFAULT '0' COMMENT '总共分销的商品金额',
  PRIMARY KEY (`inviter_id`)
) ENGINE=InnoDB DEFAULT CHARSET=utf8 COMMENT='推广员表';

-- -----------------------------
-- Records of `ls_inviter`
-- -----------------------------
INSERT INTO `ls_inviter` VALUES ('11', '1', '0.00', '2', '0', '0', '1574761742', '0', '0');

-- -----------------------------
-- Table structure for `ls_inviterclass`
-- -----------------------------
DROP TABLE IF EXISTS `ls_inviterclass`;
CREATE TABLE `ls_inviterclass` (
  `inviterclass_id` int(10) unsigned NOT NULL AUTO_INCREMENT COMMENT '推广员等级id',
  `inviterclass_name` varchar(60) NOT NULL COMMENT '等级名',
  `inviterclass_amount` decimal(10,2) NOT NULL COMMENT '等级门槛',
  PRIMARY KEY (`inviterclass_id`)
) ENGINE=MyISAM DEFAULT CHARSET=utf8 COMMENT='推广等级表';


-- -----------------------------
-- Table structure for `ls_invoice`
-- -----------------------------
DROP TABLE IF EXISTS `ls_invoice`;
CREATE TABLE `ls_invoice` (
  `invoice_id` int(11) NOT NULL AUTO_INCREMENT COMMENT '发票信息ID',
  `member_id` int(10) unsigned NOT NULL COMMENT '会员ID',
  `invoice_state` enum('1','2') DEFAULT NULL COMMENT '发票类型 1:普通发票 2:增值税发票',
  `invoice_title` varchar(50) DEFAULT '' COMMENT '发票抬头[普通发票]',
  `invoice_code` varchar(50) DEFAULT '' COMMENT '纳税人识别号[普通发票]',
  `invoice_content` varchar(10) DEFAULT '' COMMENT '发票内容[普通发票]',
  `invoice_company` varchar(50) DEFAULT '' COMMENT '单位名称',
  `invoice_company_code` varchar(50) DEFAULT '' COMMENT '纳税人识别号',
  `invoice_reg_addr` varchar(50) DEFAULT '' COMMENT '注册地址',
  `invoice_reg_phone` varchar(30) DEFAULT '' COMMENT '注册电话',
  `invoice_reg_bname` varchar(30) DEFAULT '' COMMENT '开户银行',
  `invoice_reg_baccount` varchar(30) DEFAULT '' COMMENT '银行帐户',
  `invoice_rec_name` varchar(20) DEFAULT '' COMMENT '收票人姓名',
  `invoice_rec_mobphone` varchar(15) DEFAULT '' COMMENT '收票人手机号',
  `invoice_rec_province` varchar(30) DEFAULT '' COMMENT '收票人省份',
  `invoice_goto_addr` varchar(50) DEFAULT '' COMMENT '送票地址',
  PRIMARY KEY (`invoice_id`)
) ENGINE=InnoDB DEFAULT CHARSET=utf8 COMMENT='买家发票信息表';


-- -----------------------------
-- Table structure for `ls_link`
-- -----------------------------
DROP TABLE IF EXISTS `ls_link`;
CREATE TABLE `ls_link` (
  `link_id` int(10) unsigned NOT NULL AUTO_INCREMENT COMMENT '友情链接自增ID',
  `link_title` varchar(100) DEFAULT NULL COMMENT '友情链接标题',
  `link_url` varchar(100) DEFAULT NULL COMMENT '友情链接地址',
  `link_pic` varchar(100) DEFAULT NULL COMMENT '友情链接图片',
  `link_sort` tinyint(3) unsigned NOT NULL DEFAULT '255' COMMENT '友情链接排序',
  PRIMARY KEY (`link_id`)
) ENGINE=InnoDB DEFAULT CHARSET=utf8 COMMENT='友情链接';


-- -----------------------------
-- Table structure for `ls_mailcron`
-- -----------------------------
DROP TABLE IF EXISTS `ls_mailcron`;
CREATE TABLE `ls_mailcron` (
  `mailcron_id` int(11) NOT NULL AUTO_INCREMENT COMMENT '消息任务计划自增ID',
  `mailcron_address` varchar(100) NOT NULL COMMENT '邮箱地址',
  `mailcron_subject` varchar(255) NOT NULL COMMENT '邮件标题',
  `mailcron_contnet` text NOT NULL COMMENT '邮件内容',
  PRIMARY KEY (`mailcron_id`)
) ENGINE=InnoDB DEFAULT CHARSET=utf8 COMMENT='邮件任务计划表';


-- -----------------------------
-- Table structure for `ls_mailmsgtemlates`
-- -----------------------------
DROP TABLE IF EXISTS `ls_mailmsgtemlates`;
CREATE TABLE `ls_mailmsgtemlates` (
  `mailmt_name` varchar(100) NOT NULL COMMENT '模板名称',
  `mailmt_title` varchar(100) DEFAULT NULL COMMENT '模板标题',
  `mailmt_code` varchar(30) NOT NULL COMMENT '模板调用代码',
  `mailmt_content` text NOT NULL COMMENT '模板内容',
  PRIMARY KEY (`mailmt_code`)
) ENGINE=InnoDB DEFAULT CHARSET=utf8 COMMENT='邮件模板表';

-- -----------------------------
-- Records of `ls_mailmsgtemlates`
-- -----------------------------
INSERT INTO `ls_mailmsgtemlates` VALUES ('<strong>[用户]</strong>身份验证通知', '账户安全认证 - {$site_name}', 'authenticate', '【{$site_name}】您于{$send_time}提交账户安全验证，验证码是：{$verify_code}。');
INSERT INTO `ls_mailmsgtemlates` VALUES ('<strong>[用户]</strong>邮箱验证通知', '邮箱验证通知 - {$site_name}', 'bind_email', '<p>您好！</p>\r\n<p>请在24小时内点击以下链接完成邮箱验证</p>\r\n<p><a href=\"{$verify_url}\" target=\"_blank\">马上验证</a></p>\r\n<p>如果您不能点击上面链接，还可以将以下链接复制到浏览器地址栏中访问</p>\r\n<p>{$verify_url}</p>');
INSERT INTO `ls_mailmsgtemlates` VALUES ('<strong>[用户]</strong>手机验证通知', '手机验证通知 - {$site_name}', 'modify_mobile', '【{$site_name}】您于{$send_time}绑定手机号，验证码是：{$verify_code}。');
INSERT INTO `ls_mailmsgtemlates` VALUES ('<strong>[用户]</strong>重置密码通知', '重置密码通知 - {$site_name}', 'reset_pwd', '<p>您好！</p>\r\n<p>您刚才在{$site_name}重置了密码，新密码为：{$new_password}。</p>\r\n<p>请尽快登录 <a href=\"{$site_url}\" target=\"_blank\">{$site_url}</a> 修改密码。</p>');
INSERT INTO `ls_mailmsgtemlates` VALUES ('<strong>[用户]</strong>自提通知', '用户自提通知 - {$site_name}', 'send_pickup_code', '【{$site_name}】您的订单已到达自提点，请上门取货！提货时请提供手机号/订单号/运单号及提货码：{$pickup_code}。');
INSERT INTO `ls_mailmsgtemlates` VALUES ('<strong>[用户]</strong>虚拟兑换码通知', '虚拟兑换码通知 - {$site_name}', 'send_vr_code', '【{$site_name}】您的虚拟兑换码是：{$vr_code}。');

-- -----------------------------
-- Table structure for `ls_mallconsult`
-- -----------------------------
DROP TABLE IF EXISTS `ls_mallconsult`;
CREATE TABLE `ls_mallconsult` (
  `mallconsult_id` int(10) unsigned NOT NULL AUTO_INCREMENT COMMENT '平台客服咨询自增ID',
  `mallconsulttype_id` int(10) unsigned NOT NULL COMMENT '咨询类型ID',
  `member_id` int(10) unsigned NOT NULL COMMENT '会员ID',
  `member_name` varchar(50) NOT NULL COMMENT '会员名称',
  `mallconsult_content` varchar(500) NOT NULL COMMENT '咨询内容',
  `mallconsult_addtime` int(10) unsigned NOT NULL COMMENT '咨询时间',
  `mallconsult_isreply` tinyint(3) unsigned NOT NULL DEFAULT '0' COMMENT '是否回复 1:是 0:否',
  `mallconsult_reply_content` varchar(500) NOT NULL DEFAULT '' COMMENT '平台回复内容',
  `mallconsult_replytime` int(10) unsigned NOT NULL DEFAULT '0' COMMENT '平台回复时间',
  `admin_id` int(10) unsigned NOT NULL DEFAULT '0' COMMENT '管理员id',
  `admin_name` varchar(50) NOT NULL DEFAULT '' COMMENT '管理员名称',
  PRIMARY KEY (`mallconsult_id`)
) ENGINE=InnoDB DEFAULT CHARSET=utf8 COMMENT='平台客服咨询表';


-- -----------------------------
-- Table structure for `ls_mallconsulttype`
-- -----------------------------
DROP TABLE IF EXISTS `ls_mallconsulttype`;
CREATE TABLE `ls_mallconsulttype` (
  `mallconsulttype_id` int(10) unsigned NOT NULL AUTO_INCREMENT COMMENT '平台客服咨询类型ID',
  `mallconsulttype_name` varchar(50) NOT NULL COMMENT '咨询类型名称',
  `mallconsulttype_introduce` text NOT NULL COMMENT '平台客服咨询类型备注',
  `mallconsulttype_sort` tinyint(3) unsigned NOT NULL DEFAULT '255' COMMENT '咨询类型排序',
  PRIMARY KEY (`mallconsulttype_id`)
) ENGINE=InnoDB AUTO_INCREMENT=3 DEFAULT CHARSET=utf8 COMMENT='平台客服咨询类型表';

-- -----------------------------
-- Records of `ls_mallconsulttype`
-- -----------------------------
INSERT INTO `ls_mallconsulttype` VALUES ('1', '商品咨询', '&lt;p&gt;\r\n	请写明商品链接，或平台货号。\r\n&lt;/p&gt;\r\n&lt;p&gt;\r\n	如果您对商品规格、介绍等有疑问，可以在商品详情页“购买咨询”处发起咨询，会得到及时专业的回复。\r\n&lt;/p&gt;', '255');
INSERT INTO `ls_mallconsulttype` VALUES ('2', '订单咨询', '&lt;p&gt;\r\n	请写明要咨询的订单编号。\r\n&lt;/p&gt;\r\n&lt;p&gt;\r\n	如需处理交易中产生的纠纷，请选择投诉。\r\n&lt;/p&gt;', '255');

-- -----------------------------
-- Table structure for `ls_marketmanage`
-- -----------------------------
DROP TABLE IF EXISTS `ls_marketmanage`;
CREATE TABLE `ls_marketmanage` (
  `marketmanage_id` int(11) NOT NULL AUTO_INCREMENT,
  `marketmanage_name` varchar(100) NOT NULL DEFAULT '' COMMENT '营销活动活动名称',
  `marketmanage_detail` varchar(255) NOT NULL DEFAULT '' COMMENT '营销活动详情',
  `marketmanage_begintime` int(11) NOT NULL DEFAULT '0' COMMENT '开始时间',
  `marketmanage_endtime` int(11) NOT NULL DEFAULT '0' COMMENT '结束时间',
  `marketmanage_jointype` tinyint(2) NOT NULL DEFAULT '0' COMMENT '参与类型 0共几次 1每天几次 2无限制',
  `marketmanage_joincount` int(11) NOT NULL DEFAULT '0' COMMENT '参与次数限制',
  `marketmanage_totalcount` int(11) NOT NULL DEFAULT '0' COMMENT '总参与次数',
  `marketmanage_totalwin` int(11) NOT NULL DEFAULT '0' COMMENT '总中奖次数',
  `marketmanage_point` int(11) NOT NULL DEFAULT '0' COMMENT '0不消耗积分 大于0消耗积分',
  `marketmanage_addtime` int(11) NOT NULL DEFAULT '0' COMMENT '添加时间',
  `marketmanage_failed` varchar(255) NOT NULL DEFAULT '' COMMENT '未中奖说明',
  `marketmanage_type` tinyint(3) NOT NULL DEFAULT '0' COMMENT '营销活动类型 1刮刮卡2大转盘3砸金蛋4生肖翻翻看',
  `marketmanage_grade` int(11) DEFAULT '1' COMMENT '用户等级ID',
  PRIMARY KEY (`marketmanage_id`)
) ENGINE=InnoDB AUTO_INCREMENT=5 DEFAULT CHARSET=utf8 COMMENT='营销活动活动 刮刮卡大转盘砸金蛋生肖翻翻看';

-- -----------------------------
-- Records of `ls_marketmanage`
-- -----------------------------
INSERT INTO `ls_marketmanage` VALUES ('1', '普通会员大转盘', '大转盘抽奖', '1574402760', '1579839000', '2', '0', '0', '0', '0', '1574402887', '很遗憾您未中奖', '2', '1');
INSERT INTO `ls_marketmanage` VALUES ('2', '银牌会员大转盘', '大转盘抽奖', '1574752380', '1609398780', '2', '0', '0', '0', '0', '1574752522', '很遗憾您未中奖', '2', '2');
INSERT INTO `ls_marketmanage` VALUES ('3', '金牌会员大转盘', '大转盘抽奖', '1574752500', '1609398900', '2', '0', '0', '0', '0', '1574752599', '很遗憾您未中奖', '2', '3');
INSERT INTO `ls_marketmanage` VALUES ('4', 'VIP会员大转盘', '大转盘抽奖', '1574752560', '1609398960', '2', '0', '0', '0', '0', '1574752666', '很遗憾您未中奖', '2', '4');

-- -----------------------------
-- Table structure for `ls_marketmanageaward`
-- -----------------------------
DROP TABLE IF EXISTS `ls_marketmanageaward`;
CREATE TABLE `ls_marketmanageaward` (
  `marketmanageaward_id` int(11) NOT NULL AUTO_INCREMENT,
  `marketmanage_id` int(11) NOT NULL DEFAULT '0' COMMENT '营销活动ID',
  `marketmanageaward_level` tinyint(3) NOT NULL COMMENT '奖品等级',
  `marketmanageaward_type` tinyint(3) NOT NULL DEFAULT '0' COMMENT '奖品类型 1积分 2红包 3优惠券',
  `marketmanageaward_count` int(11) NOT NULL DEFAULT '0' COMMENT '奖品数量',
  `marketmanageaward_send` int(11) NOT NULL DEFAULT '0' COMMENT '中奖数量',
  `marketmanageaward_probability` int(3) NOT NULL DEFAULT '0' COMMENT '奖品概率',
  `marketmanageaward_point` int(11) NOT NULL DEFAULT '0' COMMENT '奖品积分',
  `bonus_id` varchar(255) NOT NULL COMMENT '实物奖励',
  `vouchertemplate_id` int(11) NOT NULL DEFAULT '0' COMMENT '优惠券ID',
  PRIMARY KEY (`marketmanageaward_id`)
) ENGINE=InnoDB AUTO_INCREMENT=17 DEFAULT CHARSET=utf8 COMMENT='营销活动活动奖品记录';

-- -----------------------------
-- Records of `ls_marketmanageaward`
-- -----------------------------
INSERT INTO `ls_marketmanageaward` VALUES ('1', '1', '1', '2', '1', '0', '1', '0', '电冰箱一台', '0');
INSERT INTO `ls_marketmanageaward` VALUES ('2', '1', '2', '2', '2', '0', '2', '0', '彩电一台', '0');
INSERT INTO `ls_marketmanageaward` VALUES ('3', '1', '3', '1', '3', '0', '3', '3', '0', '0');
INSERT INTO `ls_marketmanageaward` VALUES ('4', '1', '4', '1', '4', '0', '4', '4', '0', '0');
INSERT INTO `ls_marketmanageaward` VALUES ('5', '2', '1', '2', '1', '0', '1', '0', '电视机一台', '0');
INSERT INTO `ls_marketmanageaward` VALUES ('6', '2', '2', '2', '2', '0', '2', '0', '冰箱一台', '0');
INSERT INTO `ls_marketmanageaward` VALUES ('7', '2', '3', '1', '3', '0', '3', '3', '', '0');
INSERT INTO `ls_marketmanageaward` VALUES ('8', '2', '4', '1', '4', '0', '4', '4', '', '0');
INSERT INTO `ls_marketmanageaward` VALUES ('9', '3', '1', '2', '1', '0', '1', '0', '液晶电视一台', '0');
INSERT INTO `ls_marketmanageaward` VALUES ('10', '3', '2', '2', '2', '0', '2', '0', '冰箱一台', '0');
INSERT INTO `ls_marketmanageaward` VALUES ('11', '3', '3', '1', '3', '0', '3', '3', '', '0');
INSERT INTO `ls_marketmanageaward` VALUES ('12', '3', '4', '1', '4', '0', '4', '4', '', '0');
INSERT INTO `ls_marketmanageaward` VALUES ('13', '4', '1', '2', '1', '0', '1', '0', '宝马一台', '0');
INSERT INTO `ls_marketmanageaward` VALUES ('14', '4', '2', '2', '2', '0', '2', '0', '彩电一台', '0');
INSERT INTO `ls_marketmanageaward` VALUES ('15', '4', '3', '2', '3', '0', '3', '0', '冰箱一台', '0');
INSERT INTO `ls_marketmanageaward` VALUES ('16', '4', '4', '1', '4', '0', '4', '4', '', '0');

-- -----------------------------
-- Table structure for `ls_marketmanagelog`
-- -----------------------------
DROP TABLE IF EXISTS `ls_marketmanagelog`;
CREATE TABLE `ls_marketmanagelog` (
  `marketmanagelog_id` int(11) NOT NULL AUTO_INCREMENT COMMENT '主键ID',
  `member_id` int(11) NOT NULL DEFAULT '0' COMMENT '用户ID',
  `member_name` varchar(50) NOT NULL COMMENT '会员名',
  `marketmanage_id` int(11) NOT NULL DEFAULT '0' COMMENT '营销活动活动ID',
  `marketmanageaward_id` int(11) NOT NULL DEFAULT '0' COMMENT '中奖的奖品ID',
  `marketmanagelog_win` tinyint(2) NOT NULL DEFAULT '0' COMMENT '是否中奖 0未中奖 1中奖',
  `marketmanagelog_time` int(11) NOT NULL DEFAULT '0' COMMENT '参与时间',
  `marketmanagelog_remark` varchar(255) NOT NULL DEFAULT '' COMMENT '备注领取信息',
  PRIMARY KEY (`marketmanagelog_id`)
) ENGINE=InnoDB DEFAULT CHARSET=utf8 COMMENT='营销活动活动领取记录';


-- -----------------------------
-- Table structure for `ls_mbfeedback`
-- -----------------------------
DROP TABLE IF EXISTS `ls_mbfeedback`;
CREATE TABLE `ls_mbfeedback` (
  `mbfb_id` int(10) unsigned NOT NULL AUTO_INCREMENT COMMENT '反馈自增ID',
  `mbfb_content` varchar(500) DEFAULT NULL COMMENT '反馈内容',
  `mbfb_type` varchar(50) DEFAULT NULL COMMENT '1:手机端 2:PC端',
  `mbfb_time` int(10) unsigned NOT NULL DEFAULT '0' COMMENT '反馈时间',
  `member_id` int(10) unsigned NOT NULL COMMENT '用户ID',
  `member_name` varchar(50) NOT NULL COMMENT '用户名',
  PRIMARY KEY (`mbfb_id`)
) ENGINE=InnoDB DEFAULT CHARSET=utf8 COMMENT='意见反馈';


-- -----------------------------
-- Table structure for `ls_mbsellertoken`
-- -----------------------------
DROP TABLE IF EXISTS `ls_mbsellertoken`;
CREATE TABLE `ls_mbsellertoken` (
  `seller_token_id` int(10) unsigned NOT NULL AUTO_INCREMENT COMMENT '令牌编号',
  `seller_id` int(10) unsigned NOT NULL COMMENT '用户编号',
  `seller_name` varchar(50) NOT NULL COMMENT '用户名',
  `seller_token` varchar(50) NOT NULL COMMENT '登录令牌',
  `seller_logintime` int(10) unsigned NOT NULL COMMENT '登录时间',
  `seller_clienttype` varchar(10) NOT NULL COMMENT '客户端类型 windows',
  PRIMARY KEY (`seller_token_id`)
) ENGINE=InnoDB DEFAULT CHARSET=utf8 COMMENT='客户端商家登录令牌表';


-- -----------------------------
-- Table structure for `ls_mbusertoken`
-- -----------------------------
DROP TABLE IF EXISTS `ls_mbusertoken`;
CREATE TABLE `ls_mbusertoken` (
  `member_token_id` int(10) unsigned NOT NULL AUTO_INCREMENT COMMENT '令牌编号',
  `member_id` int(10) unsigned NOT NULL COMMENT '用户编号',
  `member_name` varchar(50) NOT NULL COMMENT '用户名',
  `member_token` varchar(50) NOT NULL COMMENT '登录令牌',
  `member_logintime` int(10) unsigned NOT NULL COMMENT '登录时间',
  `member_clienttype` varchar(10) NOT NULL COMMENT '客户端类型 android wap',
  `member_openid` varchar(50) DEFAULT NULL COMMENT '微信支付jsapi的openid缓存',
  PRIMARY KEY (`member_token_id`),
  KEY `member_token` (`member_token`)
) ENGINE=InnoDB AUTO_INCREMENT=179 DEFAULT CHARSET=utf8 COMMENT='移动端登录令牌表';

-- -----------------------------
-- Records of `ls_mbusertoken`
-- -----------------------------
INSERT INTO `ls_mbusertoken` VALUES ('7', '9', 'vvv', '4190d19dac749546cd2d55246c02882c', '1575272711', 'android', '');
INSERT INTO `ls_mbusertoken` VALUES ('22', '15', '新用户_B88F315C', '3b5700e2c13e3c03aa30c9485e8e610b', '1578152660', 'ios', '');
INSERT INTO `ls_mbusertoken` VALUES ('76', '16', '新用户_4D3BA4C9', '90be26d91f3ae9f3b34bc1b384b03aec', '1576160413', 'ios', '');
INSERT INTO `ls_mbusertoken` VALUES ('83', '19', '新用户_A971CECC', '89da0c4d413ee89a93187ce4b9599663', '1577952424', 'ios', '');
INSERT INTO `ls_mbusertoken` VALUES ('121', '26', '新用户_E23B4B5C', '6943748b3a10910af0b76e60c6e31dab', '1577588859', 'android', '');
INSERT INTO `ls_mbusertoken` VALUES ('134', '29', '等风也等你', '20ccfa15493bedd20ae7f2b188469966', '1577701285', 'wap', '');
INSERT INTO `ls_mbusertoken` VALUES ('141', '30', '新用户_D8CD4032', '8e2c4164ae2bbe85cba48464161a5f75', '1578313571', 'android', '');
INSERT INTO `ls_mbusertoken` VALUES ('145', '32', '新用户_BDFF3178', '47e5e2a1ba1cbfb76c714486051b79d4', '1577947920', 'android', '');
INSERT INTO `ls_mbusertoken` VALUES ('147', '33', '新用户_201CC70E', '2fa705410092b49d95faeec02a1cf2f9', '1577948132', 'android', '');
INSERT INTO `ls_mbusertoken` VALUES ('149', '34', '新用户_D067A29B', 'ea1a28e232c2c25ba0f862d92fb974f0', '1577948692', 'android', '');
INSERT INTO `ls_mbusertoken` VALUES ('166', '35', '新用户_95F7C9D0', '52634266de2ed93745f39102d004a9db', '1578020999', 'android', '');
INSERT INTO `ls_mbusertoken` VALUES ('168', '36', '新用户_8CCA6DB6', 'f003e81b7277ecb4bbe758ca104bc903', '1578022488', 'android', '');
INSERT INTO `ls_mbusertoken` VALUES ('169', '37', '新用户_AF6AE885', '6694f311089085d25690bd666ea1498a', '1578105927', 'android', '');
INSERT INTO `ls_mbusertoken` VALUES ('171', '28', '吃藕的咸鱼王', '8af70e9259b4fed5fc9706a2a96acaec', '1578140519', 'wap', '');
INSERT INTO `ls_mbusertoken` VALUES ('172', '25', '新用户_62DF9F59', '15236141edc0d55658c45e9c6020c0ae', '1578226024', 'ios', '');
INSERT INTO `ls_mbusertoken` VALUES ('176', '17', '精神小伙子', '060f27b119236d675485cbfebd160614', '1578476699', 'android', '');
INSERT INTO `ls_mbusertoken` VALUES ('178', '11', 'caijunqi99', 'fdf9232be23f7d468b25dd2455ae795c', '1578544457', 'android', '');

-- -----------------------------
-- Table structure for `ls_member`
-- -----------------------------
DROP TABLE IF EXISTS `ls_member`;
CREATE TABLE `ls_member` (
  `member_id` int(11) NOT NULL AUTO_INCREMENT COMMENT '会员自增ID',
  `member_name` varchar(50) NOT NULL COMMENT '会员用户名',
  `member_truename` varchar(20) DEFAULT NULL COMMENT '会员真实姓名',
  `member_nickname` varchar(20) DEFAULT NULL COMMENT '会员昵称',
  `member_auth_state` tinyint(1) unsigned NOT NULL DEFAULT '0' COMMENT '实名认证状态（0默认1审核中2未通过3已认证）',
  `member_idcard` varchar(255) DEFAULT NULL COMMENT '实名认证身份证号',
  `member_idcard_image1` varchar(255) DEFAULT NULL COMMENT '手持身份证照',
  `member_idcard_image2` varchar(255) DEFAULT NULL COMMENT '身份证正面照',
  `member_idcard_image3` varchar(255) DEFAULT NULL COMMENT '身份证反面照',
  `member_avatar` varchar(50) DEFAULT NULL COMMENT '会员头像',
  `member_sex` tinyint(1) DEFAULT NULL COMMENT '会员性别',
  `member_birthday` int(11) DEFAULT NULL COMMENT '会员生日',
  `member_password` varchar(32) NOT NULL COMMENT '会员密码',
  `member_paypwd` varchar(32) DEFAULT NULL COMMENT '支付密码',
  `member_email` varchar(50) DEFAULT NULL COMMENT '会员邮箱',
  `member_emailbind` tinyint(1) NOT NULL DEFAULT '0' COMMENT '是否绑定邮箱',
  `member_mobile` varchar(11) DEFAULT NULL COMMENT '手机号码',
  `member_mobilebind` tinyint(1) NOT NULL DEFAULT '0' COMMENT '是否绑定手机',
  `member_qq` varchar(20) DEFAULT NULL COMMENT '会员QQ',
  `member_ww` varchar(20) DEFAULT NULL COMMENT '会员旺旺',
  `member_loginnum` int(11) NOT NULL DEFAULT '0' COMMENT '会员登录次数',
  `member_addtime` int(11) NOT NULL COMMENT '会员添加时间',
  `member_logintime` int(11) DEFAULT '0' COMMENT '会员当前登录时间',
  `member_old_logintime` int(11) DEFAULT '0' COMMENT '会员上次登录时间',
  `member_login_ip` varchar(20) DEFAULT NULL COMMENT '会员当前登录IP',
  `member_old_login_ip` varchar(20) DEFAULT NULL COMMENT '会员上次登录IP',
  `member_qqopenid` varchar(100) DEFAULT NULL COMMENT 'qq互联id',
  `member_qqinfo` text COMMENT 'qq账号相关信息',
  `member_sinaopenid` varchar(100) DEFAULT NULL COMMENT '新浪微博登录id',
  `member_sinainfo` text COMMENT '新浪账号相关信息序列化值',
  `member_wxopenid` varchar(100) DEFAULT '' COMMENT '微信互联openid',
  `member_wxunionid` varchar(100) DEFAULT '' COMMENT '微信用户统一标识',
  `member_wxinfo` text COMMENT '微信用户相关信息',
  `member_points` decimal(11,2) NOT NULL DEFAULT '0.00' COMMENT '会员冻结积分',
  `member_points_available` decimal(11,2) NOT NULL DEFAULT '0.00' COMMENT '会员可用积分',
  `available_predeposit` decimal(10,2) unsigned NOT NULL DEFAULT '0.00' COMMENT '储值卡可用金额',
  `freeze_predeposit` decimal(10,2) unsigned NOT NULL DEFAULT '0.00' COMMENT '储值卡冻结金额',
  `inform_allow` tinyint(1) DEFAULT '1' COMMENT '是否允许举报(1可以/2不可以)',
  `is_buylimit` tinyint(1) NOT NULL DEFAULT '1' COMMENT '会员是否有购买权限 1为开启 0为关闭',
  `is_allowtalk` tinyint(1) DEFAULT '1' COMMENT '会员是否有咨询和发送站内信的权限 1为开启 0为关闭',
  `member_state` tinyint(1) NOT NULL DEFAULT '1' COMMENT '会员的开启状态 1为开启 0为关闭',
  `member_villageid` int(11) DEFAULT '0' COMMENT '村ID',
  `member_townid` int(11) DEFAULT '0' COMMENT '镇ID',
  `member_areaid` int(11) DEFAULT '0' COMMENT '地区ID',
  `member_cityid` int(11) DEFAULT '0' COMMENT '城市ID',
  `member_provinceid` int(11) DEFAULT '0' COMMENT '省份ID',
  `member_areainfo` varchar(255) DEFAULT NULL COMMENT '地区内容',
  `member_privacy` text COMMENT '隐私设定',
  `member_transaction` decimal(11,2) NOT NULL DEFAULT '0.00' COMMENT '交易码',
  `member_exppoints` decimal(11,2) NOT NULL DEFAULT '0.00' COMMENT '会员经验值',
  `inviter_code` char(6) DEFAULT NULL COMMENT '推荐码',
  `inviter_id` int(11) DEFAULT '0' COMMENT '邀请人ID',
  `member_signin_time` int(10) unsigned NOT NULL DEFAULT '0' COMMENT '最后一次签到时间',
  `member_signin_days_cycle` int(10) unsigned NOT NULL DEFAULT '0' COMMENT '持续签到天数，每周期后清零',
  `member_signin_days_total` int(10) unsigned NOT NULL DEFAULT '0' COMMENT '签到总天数',
  `member_signin_days_series` int(10) unsigned NOT NULL DEFAULT '0' COMMENT '持续签到天数总数，非连续周期清零',
  PRIMARY KEY (`member_id`),
  KEY `member_mobile` (`member_mobile`),
  KEY `member_name` (`member_name`)
) ENGINE=InnoDB AUTO_INCREMENT=38 DEFAULT CHARSET=utf8 COMMENT='会员表';

-- -----------------------------
-- Records of `ls_member`
-- -----------------------------
INSERT INTO `ls_member` VALUES ('1', 'buyer', '', '', '0', '', '', '', '', '', '0', '', 'e10adc3949ba59abbe56e057f20f883e', '', '', '0', '11111111111', '0', '', '', '1', '1572950123', '1572953414', '1572950123', '127.0.0.1', '', '', '', '', '', '', '', '', '494.04', '20204.00', '0.00', '0.00', '', '1', '', '1', '45061', '45060', '1400', '93', '4', '山西 临汾市 蒲县 红道乡 古坡村', '', '5.00', '10000.00', 'SUPER', '0', '0', '0', '0', '0');
INSERT INTO `ls_member` VALUES ('8', 'yangyang', '', '', '0', '', '', '', '', 'avatar_8.jpg', '1', '', 'e10adc3949ba59abbe56e057f20f883e', '', '', '0', '15210356013', '0', '', '', '2', '1574663059', '1575959159', '1575958326', '127.0.0.1', '117.100.23.152', '', '', '', '', '', '', '', '4012.73', '156.00', '10000.00', '0.00', '', '1', '', '1', '0', '0', '0', '0', '0', '', '', '0.00', '10000.00', 'NZFHO', '1', '0', '0', '0', '0');
INSERT INTO `ls_member` VALUES ('9', 'vvv', '', '', '0', '', '', '', '', '', '0', '', 'e10adc3949ba59abbe56e057f20f883e', '', '', '0', '15213659841', '0', '', '', '0', '1574665145', '1574665145', '1574665145', '127.0.0.1', '127.0.0.1', '', '', '', '', '', '', '', '4907.50', '162.00', '0.00', '0.00', '', '1', '', '1', '0', '0', '0', '0', '0', '', '', '0.00', '0.00', 'XUTUT', '8', '0', '0', '0', '0');
INSERT INTO `ls_member` VALUES ('10', 'ppp', '', '', '0', '', '', '', '', '', '0', '', 'e10adc3949ba59abbe56e057f20f883e', '', '', '0', '15210356018', '0', '', '', '0', '1574679379', '1574679379', '1574679379', '127.0.0.1', '127.0.0.1', '', '', '', '', '', '', '', '4905.00', '201.00', '0.00', '0.00', '', '1', '', '1', '0', '0', '0', '0', '0', '', '', '0.00', '0.00', 'CUNKA', '8', '0', '0', '0', '0');
INSERT INTO `ls_member` VALUES ('11', 'caijunqi99', '蔡俊岐', '', '3', '231004199204260016', '', '11_idcard_z.jpg', '11_idcard_f.jpg', 'avatar_11.jpg', '0', '704217600', 'e10adc3949ba59abbe56e057f20f883e', 'e10adc3949ba59abbe56e057f20f883e', '', '0', '18511310658', '1', '', '', '26', '1574761517', '1578541537', '1578540716', '101.39.138.44', '101.39.138.44', '', '', '', '', '', '', '', '50103.75', '30.10', '20114.77', '0.00', '', '1', '', '1', '', '', '1783', '139', '8', '黑龙江 牡丹江市 爱民区', '', '6387.00', '10000.00', 'HQCKN', '8', '0', '0', '0', '0');
INSERT INTO `ls_member` VALUES ('12', 'koko', '', '', '0', '', '', '', '', '', '0', '', 'e10adc3949ba59abbe56e057f20f883e', '86ccf98c067b53200570913d51d8303f', '', '0', '15213659836', '0', '', '', '0', '1574994669', '1574994669', '1574994669', '127.0.0.1', '127.0.0.1', '', '', '', '', '', '', '', '2.00', '0.00', '3400.00', '0.00', '', '1', '', '1', '45061', '45060', '1400', '93', '4', '山西 临汾市 蒲县 红道乡 古坡村', '', '0.00', '0.00', 'ECMAV', '11', '0', '0', '0', '0');
INSERT INTO `ls_member` VALUES ('13', 'hello', '', '', '0', '', '', '', '', '', '0', '', 'e10adc3949ba59abbe56e057f20f883e', '86ccf98c067b53200570913d51d8303f', '', '0', '18566963654', '0', '', '', '0', '1575265268', '1575265268', '1575265268', '127.0.0.1', '127.0.0.1', '', '', '', '', '', '', '', '0.00', '0.00', '0.00', '0.00', '', '1', '', '1', '0', '0', '0', '0', '0', '', '', '0.00', '0.00', 'IEICC', '9', '0', '0', '0', '0');
INSERT INTO `ls_member` VALUES ('14', 'USEDR', '', '', '0', '', '', '', '', '', '0', '', 'e10adc3949ba59abbe56e057f20f883e', '', '', '0', '15213659840', '0', '', '', '0', '1575266038', '1575266038', '1575266038', '127.0.0.1', '127.0.0.1', '', '', '', '', '', '', '', '0.00', '0.00', '0.00', '0.00', '1', '1', '1', '1', '0', '0', '1127', '73', '3', '河北 石家庄市 井陉矿区', '', '0.00', '0.00', 'QHMGK', '13', '0', '0', '0', '0');
INSERT INTO `ls_member` VALUES ('15', '新用户_B88F315C', '', '', '0', '', '', '', '', 'avatar_15.jpg', '0', '', 'd8578edf8458ce06fbc5bb76a58c5ca4', 'e10adc3949ba59abbe56e057f20f883e', '', '0', '17777868624', '1', '', '', '2', '1576044285', '1577243240', '1577179010', '113.47.206.152', '113.47.206.152', '', '', '', '', '', '', '', '113.00', '0.00', '999613.89', '0.00', '', '1', '', '1', '', '', '1330', '87', '4', '山西 长治市 沁源县', '', '4.00', '188.00', 'YFHSI', '11', '0', '0', '0', '0');
INSERT INTO `ls_member` VALUES ('16', '新用户_4D3BA4C9', '', '', '0', '', '', '', '', '', '', '', 'e10adc3949ba59abbe56e057f20f883e', '', '', '0', '18514070310', '1', '', '', '0', '1576050073', '1576050073', '1576050073', '117.100.23.152', '117.100.23.152', '', '', '', '', '', '', '', '0.00', '0.00', '1000.00', '0.00', '1', '1', '1', '1', '', '', '', '', '', '', '', '0.00', '0.00', 'VBVAV', '11', '0', '0', '0', '0');
INSERT INTO `ls_member` VALUES ('17', '精神小伙子', '胡嘉乐', '', '3', '412825200001138219', '', '17_idcard_z.JPEG', '17_idcard_f.JPEG', 'avatar_17.jpg', '0', '947692800', 'e10adc3949ba59abbe56e057f20f883e', 'e10adc3949ba59abbe56e057f20f883e', '', '0', '15993586215', '1', '', '', '1', '1576054822', '1577242274', '1576054822', '113.47.206.152', '117.100.23.152', '', '', '', '', '', '', '', '565.20', '666.66', '98408.80', '0.00', '', '1', '', '1', '', '', '47', '36', '1', '北京 北京市 通州区', '', '20.94', '129.20', 'ZWHBZ', '1', '0', '0', '0', '0');
INSERT INTO `ls_member` VALUES ('19', '新用户_A971CECC', '', '', '0', '', '', '', '', 'avatar_19.jpg', '0', '', 'e10adc3949ba59abbe56e057f20f883e', 'e10adc3949ba59abbe56e057f20f883e', '', '0', '15236615591', '1', '', '', '0', '1576164492', '1576164492', '1576164492', '117.100.23.152', '117.100.23.152', '', '', '', '', '', '', '', '0.00', '250.00', '371.44', '0.00', '', '1', '', '1', '', '', '42', '36', '1', '北京 北京市 丰台区', '', '0.00', '0.00', 'ZXJSL', '1', '0', '0', '0', '0');
INSERT INTO `ls_member` VALUES ('24', '新用户_29E6FDA9', '', '', '0', '', '', '', '', '', '', '', 'e10adc3949ba59abbe56e057f20f883e', '', '', '0', '13011808216', '1', '', '', '0', '1576566876', '1576566876', '1576566876', '117.100.23.152', '117.100.23.152', '', '', '', '', '', '', '', '0.00', '0.00', '0.00', '0.00', '1', '1', '1', '1', '', '', '', '', '', '', '', '0.00', '0.00', 'YAQTK', '1', '0', '0', '0', '0');
INSERT INTO `ls_member` VALUES ('25', '新用户_62DF9F59', '蔡俊岐', '', '3', '231004199204260016', '', '25_idcard_z.jpg', '25_idcard_f.jpg', '', '0', '704217600', 'e10adc3949ba59abbe56e057f20f883e', 'e10adc3949ba59abbe56e057f20f883e', '', '0', '15304538341', '1', '', '', '0', '1576567830', '1576567830', '1576567830', '117.100.23.152', '117.100.23.152', '', '', '', '', '', '', '', '46.00', '0.00', '972.40', '0.00', '', '1', '', '1', '', '', '1783', '139', '8', '黑龙江 牡丹江市 爱民区', '', '0.00', '126.00', 'MKPCA', '11', '0', '0', '0', '0');
INSERT INTO `ls_member` VALUES ('26', '新用户_E23B4B5C', '', '', '0', '', '', '', '', '', '', '', 'e10adc3949ba59abbe56e057f20f883e', '', '', '0', '17609244181', '1', '', '', '0', '1577588858', '1577588858', '1577588858', '115.171.201.202', '115.171.201.202', '', '', '', '', '', '', '', '0.00', '0.00', '0.00', '0.00', '1', '1', '1', '1', '0', '0', '0', '0', '0', '', '', '0.00', '0.00', 'GGAPD', '17', '0', '0', '0', '0');
INSERT INTO `ls_member` VALUES ('27', '新用户_B6006BAD', '', '', '0', '', '', '', '', '', '', '', 'f89b54e6f3980376be250361679567f1', '', '', '0', '17369979663', '1', '', '', '0', '1577589665', '1577589665', '1577589665', '115.171.201.202', '115.171.201.202', '', '', '', '', '', '', '', '0.00', '0.00', '0.00', '0.00', '1', '1', '1', '1', '0', '0', '0', '0', '0', '', '', '0.00', '0.00', 'QQSIL', '1', '0', '0', '0', '0');
INSERT INTO `ls_member` VALUES ('28', '吃藕的咸鱼王', '', '', '0', '', '', '', '', '', '', '', 'e3823216451f6a41a9eccf7947136ed8', '', '', '0', '', '0', '', '', '0', '1577697604', '1577697604', '1577697604', '101.39.122.216', '101.39.122.216', '', '', '', '', 'oZhSBwDLSS5sYGVAle_R_Y-iFwGc', 'oZhg_ww5ZQpX4-G5libaLYiEUL2s', 'a:3:{s:7:\"unionid\";s:28:\"oZhg_ww5ZQpX4-G5libaLYiEUL2s\";s:8:\"nickname\";s:18:\"吃藕的咸鱼王\";s:6:\"openid\";s:28:\"oZhSBwDLSS5sYGVAle_R_Y-iFwGc\";}', '0.00', '0.00', '0.00', '0.00', '1', '1', '1', '1', '0', '0', '0', '0', '0', '', '', '0.00', '0.00', 'WZDKC', '0', '0', '0', '0', '0');
INSERT INTO `ls_member` VALUES ('29', '等风也等你', '', '', '0', '', '', '', '', '', '', '', '64825aeca119be40bd047b4717fe8b78', '', '', '0', '', '0', '', '', '0', '1577700745', '1577700745', '1577700745', '101.39.122.216', '101.39.122.216', '', '', '', '', 'oZhSBwPgOLWK3oD5Io7_zHWatabg', 'oZhg_w5gGx63qnAIWXqUT9xpj0uY', 'a:3:{s:7:\"unionid\";s:28:\"oZhg_w5gGx63qnAIWXqUT9xpj0uY\";s:8:\"nickname\";s:15:\"等风也等你\";s:6:\"openid\";s:28:\"oZhSBwPgOLWK3oD5Io7_zHWatabg\";}', '0.00', '0.00', '0.00', '0.00', '1', '1', '1', '1', '0', '0', '0', '0', '0', '', '', '0.00', '0.00', 'KGEOI', '0', '0', '0', '0', '0');
INSERT INTO `ls_member` VALUES ('30', '新用户_D8CD4032', '蔡勇', '', '3', '220721197201100212', '', '30_idcard_z.JPEG', '30_idcard_f.JPEG', '', '0', '63820800', 'd15dc80eee5499f2d9304b49007fee1b', '', '', '0', '18204461777', '1', '', '', '0', '1577946606', '1577946606', '1577946606', '58.245.243.183', '58.245.243.183', '', '', '', '', '', '', '', '49910.06', '59.94', '30.00', '0.00', '1', '1', '1', '1', '', '', '1662', '127', '7', '吉林 松原市 前郭尔罗斯蒙古族自治县', '', '0.00', '0.00', 'VYNSK', '1', '0', '0', '0', '0');
INSERT INTO `ls_member` VALUES ('31', '新用户_0FC0C7D7', '蔡俊岐', '', '3', '231004199204260016', '', '31_idcard_z.JPEG', '31_idcard_f.JPEG', '', '0', '704217600', 'e10adc3949ba59abbe56e057f20f883e', 'e10adc3949ba59abbe56e057f20f883e', '', '0', '15210356014', '1', '', '', '0', '1577946712', '1577946712', '1577946712', '101.39.122.216', '101.39.122.216', '', '', '', '', '', '', '', '0.00', '0.00', '0.00', '0.00', '1', '1', '1', '1', '', '', '1783', '139', '8', '黑龙江 牡丹江市 爱民区', '', '0.00', '0.00', 'IGOMD', '1', '0', '0', '0', '0');
INSERT INTO `ls_member` VALUES ('32', '新用户_BDFF3178', '', '', '0', '', '', '', '', '', '', '', 'd15dc80eee5499f2d9304b49007fee1b', '', '', '0', '13596965925', '1', '', '', '0', '1577947092', '1577947092', '1577947092', '58.245.243.183', '58.245.243.183', '', '', '', '', '', '', '', '0.00', '0.00', '0.00', '0.00', '1', '1', '1', '1', '0', '0', '0', '0', '0', '', '', '0.00', '0.00', 'RBWLG', '30', '0', '0', '0', '0');
INSERT INTO `ls_member` VALUES ('33', '新用户_201CC70E', '', '', '0', '', '', '', '', '', '', '', '5f471050c0e397777982a298e0f1c507', '', '', '0', '13596919926', '1', '', '', '0', '1577948106', '1577948106', '1577948106', '117.136.6.44', '117.136.6.44', '', '', '', '', '', '', '', '0.00', '0.00', '0.00', '0.00', '1', '1', '1', '1', '0', '0', '0', '0', '0', '', '', '0.00', '0.00', 'UYAVP', '32', '0', '0', '0', '0');
INSERT INTO `ls_member` VALUES ('34', '新用户_D067A29B', '', '', '0', '', '', '', '', '', '', '', 'd3f7098727f4ca829c19db60bae7d316', '', '', '0', '15943830729', '1', '', '', '0', '1577948667', '1577948667', '1577948667', '139.214.254.7', '139.214.254.7', '', '', '', '', '', '', '', '0.00', '0.00', '0.00', '0.00', '1', '1', '1', '1', '0', '0', '0', '0', '0', '', '', '0.00', '0.00', 'CIGLC', '33', '0', '0', '0', '0');
INSERT INTO `ls_member` VALUES ('35', '新用户_95F7C9D0', '', '', '0', '', '', '', '', '', '0', '', 'e10adc3949ba59abbe56e057f20f883e', '021607e5b9f4e72d2d76d6b8a70563c4', '', '0', '19904838341', '1', '', '', '0', '1577975855', '1577975855', '1577975855', '117.179.183.90', '117.179.183.90', '', '', '', '', '', '', '', '35.00', '0.00', '964.20', '0.00', '', '1', '', '1', '0', '0', '1783', '139', '8', '黑龙江 牡丹江市 爱民区', '', '0.00', '35.00', 'MVSGO', '1', '0', '0', '0', '0');
INSERT INTO `ls_member` VALUES ('36', '新用户_8CCA6DB6', '', '', '0', '', '', '', '', '', '', '', '523a5633bc2465f7e7f11c23526fb539', '', '', '0', '13630787797', '1', '', '', '0', '1578022356', '1578022356', '1578022356', '36.104.34.146', '36.104.34.146', '', '', '', '', '', '', '', '0.00', '0.00', '0.00', '0.00', '1', '1', '1', '1', '0', '0', '0', '0', '0', '', '', '0.00', '0.00', 'SVCDE', '32', '0', '0', '0', '0');
INSERT INTO `ls_member` VALUES ('37', '新用户_AF6AE885', '', '', '0', '', '', '', '', '', '', '', '3c8c6f2fda23b751f61cfae6cf464efa', '', '', '0', '13634486399', '1', '', '', '0', '1578105329', '1578105329', '1578105329', '117.136.58.133', '117.136.58.133', '', '', '', '', '', '', '', '0.00', '0.00', '0.00', '0.00', '1', '1', '1', '1', '0', '0', '0', '0', '0', '', '', '0.00', '0.00', 'PVGMD', '36', '0', '0', '0', '0');

-- -----------------------------
-- Table structure for `ls_memberbank`
-- -----------------------------
DROP TABLE IF EXISTS `ls_memberbank`;
CREATE TABLE `ls_memberbank` (
  `memberbank_id` int(11) NOT NULL AUTO_INCREMENT COMMENT '主键ID',
  `memberbank_type` varchar(10) NOT NULL DEFAULT 'bank' COMMENT 'bank银行 alipay 支付宝收款',
  `memberbank_truename` varchar(20) NOT NULL COMMENT '收款方真实姓名',
  `memberbank_name` varchar(20) NOT NULL DEFAULT '' COMMENT '收款银行',
  `memberbank_no` varchar(30) NOT NULL COMMENT '收款银行卡号/支付宝账户',
  `member_id` int(11) NOT NULL COMMENT '所属用户id',
  PRIMARY KEY (`memberbank_id`),
  KEY `member_id` (`member_id`)
) ENGINE=InnoDB AUTO_INCREMENT=26 DEFAULT CHARSET=utf8 COMMENT='用户收款账户表';

-- -----------------------------
-- Records of `ls_memberbank`
-- -----------------------------
INSERT INTO `ls_memberbank` VALUES ('21', 'bank', '蔡俊岐', '中国邮政储蓄银行', '6221871000007134945', '11');
INSERT INTO `ls_memberbank` VALUES ('22', 'bank', '蔡俊岐', '中国邮政储蓄银行', '6221871000007134945', '25');
INSERT INTO `ls_memberbank` VALUES ('23', 'bank', '胡嘉乐', '中国邮政储蓄银行', '6221871000012929917', '17');
INSERT INTO `ls_memberbank` VALUES ('24', 'bank', '蔡俊岐', '中国邮政储蓄银行', '6221871000007134945', '31');
INSERT INTO `ls_memberbank` VALUES ('25', 'bank', '蔡勇', '农行', '6228453730013932111', '30');

-- -----------------------------
-- Table structure for `ls_membermsgsetting`
-- -----------------------------
DROP TABLE IF EXISTS `ls_membermsgsetting`;
CREATE TABLE `ls_membermsgsetting` (
  `membermt_code` varchar(50) NOT NULL COMMENT '用户消息模板代码',
  `membermt_isreceive` tinyint(3) unsigned NOT NULL COMMENT '是否接收 1是，0否',
  `member_id` int(10) unsigned NOT NULL COMMENT '会员ID',
  PRIMARY KEY (`membermt_code`,`member_id`)
) ENGINE=InnoDB DEFAULT CHARSET=utf8 COMMENT='用户消息接收设置表';


-- -----------------------------
-- Table structure for `ls_membermsgtpl`
-- -----------------------------
DROP TABLE IF EXISTS `ls_membermsgtpl`;
CREATE TABLE `ls_membermsgtpl` (
  `membermt_code` varchar(50) NOT NULL COMMENT '用户消息模板编号',
  `membermt_name` varchar(50) NOT NULL COMMENT '模板名称',
  `membermt_message_switch` tinyint(3) unsigned NOT NULL COMMENT '站内信接收开关',
  `membermt_message_content` varchar(255) NOT NULL COMMENT '站内信消息内容',
  `membermt_short_switch` tinyint(3) unsigned NOT NULL COMMENT '短信接收开关',
  `membermt_short_content` varchar(255) NOT NULL COMMENT '短信接收内容',
  `membermt_mail_switch` tinyint(3) unsigned NOT NULL COMMENT '邮件接收开关',
  `membermt_mail_subject` varchar(255) NOT NULL COMMENT '邮件标题',
  `membermt_mail_content` text NOT NULL COMMENT '邮件内容',
  PRIMARY KEY (`membermt_code`)
) ENGINE=InnoDB DEFAULT CHARSET=utf8 COMMENT='用户消息模板';

-- -----------------------------
-- Records of `ls_membermsgtpl`
-- -----------------------------
INSERT INTO `ls_membermsgtpl` VALUES ('arrival_notice', '到货通知提醒', '1', '您关注的商品 “{$goods_name}” 已经到货。', '1', '【{$site_name}】您关注的商品 “{$goods_name}” 已经到货。', '0', '{$site_name}提醒：您关注的商品  “{$goods_name}” 已经到货。', '<p>\r\n	{$site_name}提醒：\r\n</p>\r\n<p>\r\n	您关注的商品 “{$goods_name}” 已经到货。\r\n</p>\r\n<p>\r\n	<a href=\"{$goods_url}\" target=\"_blank\">点击查看商品</a> \r\n</p>\r\n<p>\r\n	<br />\r\n</p>\r\n<p>\r\n	<br />\r\n</p>\r\n<p>\r\n	<br />\r\n</p>\r\n<p style=\"text-align:right;\">\r\n	{$site_name}\r\n</p>\r\n<p style=\"text-align:right;\">\r\n	{$mail_send_time}\r\n</p>');
INSERT INTO `ls_membermsgtpl` VALUES ('consult_goods_reply', '商品咨询回复提醒', '0', '您关于商品 “{$goods_name}”的咨询，商家已经回复。', '0', '【{$site_name}】您关于商品 “{$goods_name}” 的咨询，商家已经回复。', '0', '{$site_name}提醒：您关于商品 “{$goods_name}”的咨询，商家已经回复。', '<p>\r\n	{$site_name}提醒：\r\n</p>\r\n<p>\r\n	您关注的商品“{$goods_name}” 已经到货。\r\n</p>\r\n<p>\r\n	<a href=\"{$consult_url}\" target=\"_blank\">点击查看回复</a> \r\n</p>\r\n<p>\r\n	<br />\r\n</p>\r\n<p>\r\n	<br />\r\n</p>\r\n<p>\r\n	<br />\r\n</p>\r\n<p style=\"text-align:right;\">\r\n	{$site_name}\r\n</p>\r\n<p style=\"text-align:right;\">\r\n	{$mail_send_time}\r\n</p>\r\n<br />\r\n<div class=\"firebugResetStyles firebugBlockBackgroundColor\">\r\n	<div style=\"background-color:transparent ! important;\" class=\"firebugResetStyles\">\r\n	</div>\r\n</div>');
INSERT INTO `ls_membermsgtpl` VALUES ('consult_mall_reply', '平台客服回复提醒', '0', '您的平台客服咨询已经回复。', '0', '【{$site_name}】您的平台客服咨询已经回复。', '0', '{$site_name}提醒：您的平台客服咨询已经回复。', '<p>\r\n	{$site_name}提醒：\r\n</p>\r\n<p>\r\n	您的平台客服咨询已经回复。\r\n</p>\r\n<p>\r\n	<a href=\"{$consult_url}\" target=\"_blank\">点击查看回复</a> \r\n</p>\r\n<p>\r\n	<br />\r\n</p>\r\n<p>\r\n	<br />\r\n</p>\r\n<p style=\"text-align:right;\">\r\n	{$site_name}\r\n</p>\r\n<p style=\"text-align:right;\">\r\n	{$mail_send_time}\r\n</p>');
INSERT INTO `ls_membermsgtpl` VALUES ('order_deliver_success', '商品出库提醒', '1', '您的订单已经出库。', '1', '【{$site_name}】您的订单已经出库。订单编号 {$order_sn}。', '0', '{$site_name}提醒：您的订单已经出库。订单编号 {$order_sn}。', '<p>\r\n	{$site_name}提醒：\r\n</p>\r\n<p>\r\n	您的订单已经出库。订单编号 {$order_sn}。<br />\r\n<a href=\"{$order_url}\" target=\"_blank\">点击查看订单</a>\r\n</p>\r\n<p>\r\n	<br />\r\n</p>\r\n<p>\r\n	<br />\r\n</p>\r\n<p>\r\n	<br />\r\n</p>\r\n<p style=\"text-align:right;\">\r\n	{$site_name}\r\n</p>\r\n<p style=\"text-align:right;\">\r\n	{$mail_send_time}\r\n</p>\r\n<br />');
INSERT INTO `ls_membermsgtpl` VALUES ('order_payment_success', '付款成功提醒', '1', '关于订单：{$order_sn}的款项已经收到，请留意出库通知。', '1', '【{$site_name}】{$order_sn}的款项已经收到，请留意出库通知。', '0', '{$site_name}提醒：{$order_sn}的款项已经收到，请留意出库通知。', '<p>\r\n	{$site_name}提醒：\r\n</p>\r\n<p>\r\n	{$order_sn}的款项已经收到，请留意出库通知。\r\n</p>\r\n<p>\r\n	<a href=\"{$order_url}\" target=\"_blank\">点击查看订单详情</a>\r\n</p>\r\n<p>\r\n	<br />\r\n</p>\r\n<p>\r\n	<br />\r\n</p>\r\n<p>\r\n	<br />\r\n</p>\r\n<p style=\"text-align:right;\">\r\n	{$site_name}\r\n</p>\r\n<p style=\"text-align:right;\">\r\n	{$mail_send_time}\r\n</p>\r\n<br />');
INSERT INTO `ls_membermsgtpl` VALUES ('predeposit_change', '余额变动提醒', '1', '你的账户于 {$time} 账户资金有变化，描述：{$desc}，可用金额变化 ：{$av_amount}元。', '0', '【{$site_name}】你的账户于 {$time} 账户资金有变化，描述：{$desc}，可用金额变化： {$av_amount}元。', '0', '{$site_name}提醒：你的账户于 {$time} 账户资金有变化，描述：{$desc}，可用金额变化： {$av_amount}元。', '<p>\r\n	{$site_name}提醒：\r\n</p>\r\n<p>\r\n	你的账户于 {$time} 账户资金有变化，描述：{$desc}，可用金额变化：{$av_amount}元。\r\n</p>\r\n\r\n<p>\r\n	<br />\r\n</p>\r\n<p>\r\n	<br />\r\n</p>\r\n<p>\r\n	<br />\r\n</p>\r\n<p style=\"text-align:right;\">\r\n	{$site_name}\r\n</p>\r\n<p style=\"text-align:right;\">\r\n	{$mail_send_time}\r\n</p>');
INSERT INTO `ls_membermsgtpl` VALUES ('recharge_card_balance_change', '充值卡余额变动提醒', '1', '你的账户于 {$time} 充值卡余额有变化，描述：{$description}，可用充值卡余额变化 ：{$available_amount}元，冻结充值卡余额变化：{$freeze_amount}元。', '0', '【{$site_name}】你的账户于 {$time} 充值卡余额有变化，描述：{$description}，可用充值卡余额变化： {$available_amount}元，冻结充值卡余额变化：{$freeze_amount}元。', '0', '{$site_name}提醒：你的账户于 {$time} 充值卡余额有变化，描述：{$description}，可用充值卡余额变化： {$available_amount}元，冻结充值卡余额变化：{$freeze_amount}元。', '<p>\r\n    {$site_name}提醒：\r\n</p>\r\n<p>\r\n  你的账户于 {$time} 充值卡余额有变化，描述：{$description}，可用充值卡余额变化：{$available_amount}元，冻结充值卡余额变化：{$freeze_amount}元。\r\n</p>\r\n<p>\r\n  <a href=\"{$url}\" target=\"_blank\">点击查看余额</a> \r\n</p>\r\n<p>\r\n  <br />\r\n</p>\r\n<p>\r\n   <br />\r\n</p>\r\n<p>\r\n   <br />\r\n</p>\r\n<p style=\"text-align:right;\">\r\n {$site_name}\r\n</p>\r\n<p style=\"text-align:right;\">\r\n   {$mail_send_time}\r\n</p>');
INSERT INTO `ls_membermsgtpl` VALUES ('refund_return_notice', '退款退货提醒', '0', '您的退款退货单有了变化。', '0', '【{$site_name}】您的退款退货单有了变化。退款退货单编号：{$refund_sn}。', '0', '{$site_name}提醒：您的退款退货单有了变化。', '<p>\r\n	{$site_name}提醒：\r\n</p>\r\n<p>\r\n	您的退款退货单有了变化。退款退货单编号：{$refund_sn}。\r\n</p>\r\n<p>\r\n	&lt;a href=\"{$refund_url}\" target=\"_blank\"&gt;点击查看&lt;/a&gt;\r\n</p>\r\n<p>\r\n	<br />\r\n</p>\r\n<p>\r\n	<br />\r\n</p>\r\n<p>\r\n	<br />\r\n</p>\r\n<p style=\"text-align:right;\">\r\n	{$site_name}\r\n</p>\r\n<p style=\"text-align:right;\">\r\n	{$mail_send_time}\r\n</p>\r\n<br />');
INSERT INTO `ls_membermsgtpl` VALUES ('transaction_change', '交易码变动提醒', '1', '你的账户于 {$time} 账户交易码有变化，描述：{$desc}，交易码变化 ：{$av_amount}。', '0', '【{$site_name}】你的账户于 {$time} 账户交易码有变化，描述：{$desc}，交易码变化： {$av_amount}。', '0', '{$site_name}提醒：你的账户于 {$time} 账户交易码有变化，描述：{$desc}，交易码变化： {$av_amount}。', '<p>\r\n	{$site_name}提醒：\r\n</p>\r\n<p>\r\n	你的账户于 {$time} 交易码有变化，描述：{$desc}，交易码变化：{$av_amount}。\r\n</p>\r\n\r\n<p>\r\n	<br />\r\n</p>\r\n<p>\r\n	<br />\r\n</p>\r\n<p>\r\n	<br />\r\n</p>\r\n<p style=\"text-align:right;\">\r\n	{$site_name}\r\n</p>\r\n<p style=\"text-align:right;\">\r\n	{$mail_send_time}\r\n</p>');
INSERT INTO `ls_membermsgtpl` VALUES ('voucher_use', '代金券使用提醒', '0', '您有代金券已经使用，代金券编号：{$voucher_code}。', '0', '【{$site_name}】您有代金券已经使用，代金券编号：{$voucher_code}。', '0', '{$site_name}提醒：您有代金券已经使用，代金券编号：{$voucher_code}。', '<p>\r\n	{$site_name}提醒：\r\n</p>\r\n<p>\r\n	您有代金券已经使用，代金券编号：{$voucher_code}。\r\n</p>\r\n<p>\r\n	&lt;a href=\"{$voucher_url}\" target=\"_blank\"&gt;点击查看&lt;/a&gt;\r\n</p>\r\n<p>\r\n	<br />\r\n</p>\r\n<p>\r\n	<br />\r\n</p>\r\n<p>\r\n	<br />\r\n</p>\r\n<p style=\"text-align:right;\">\r\n	{$site_name}\r\n</p>\r\n<p style=\"text-align:right;\">\r\n	{$mail_send_time}\r\n</p>\r\n<p>\r\n	<br />\r\n</p>\r\n<p>\r\n	<br />\r\n</p>');
INSERT INTO `ls_membermsgtpl` VALUES ('voucher_will_expire', '代金券即将到期提醒', '0', '您有一个代金券即将在{$indate}过期，请记得使用。', '0', '【{$site_name}】您有一个代金券即将在{$indate}过期，请记得使用。', '0', '{$site_name}提醒：您有一个代金券即将在{$indate}过期，请记得使用。', '<p>\r\n	{$site_name}提醒：\r\n</p>\r\n<p>\r\n	您有一个代金券即将在{$indate}过期，请记得使用。\r\n</p>\r\n<p>\r\n	<a href=\"{$voucher_url}\" target=\"_blank\">点击查看</a> \r\n</p>\r\n<p>\r\n	<br />\r\n</p>\r\n<p>\r\n	<br />\r\n</p>\r\n<p>\r\n	<br />\r\n</p>\r\n<p style=\"text-align:right;\">\r\n	{$site_name}\r\n</p>\r\n<p style=\"text-align:right;\">\r\n	{$mail_send_time}\r\n</p>\r\n<p>\r\n	<br />\r\n</p>\r\n<p>\r\n	<br />\r\n</p>');
INSERT INTO `ls_membermsgtpl` VALUES ('vr_code_will_expire', '兑换码即将到期提醒', '0', '您有一组兑换码即将在{$indate}过期，请记得使用。', '0', '【{$site_name}】您有一组兑换码即将在{$indate}过期，请记得使用。', '0', '{$site_name}提醒：您有一组兑换码即将在{$indate}过期，请记得使用。', '<p>\r\n	{$site_name}提醒：\r\n</p>\r\n<p>\r\n	您有一组兑换码即将在{$indate}过期，请记得使用。\r\n</p>\r\n<p>\r\n	&lt;a href=\"{$vr_order_url}\" target=\"_blank\"&gt;点击查看&lt;/a&gt;\r\n</p>\r\n<p>\r\n	<br />\r\n</p>\r\n<p>\r\n	<br />\r\n</p>\r\n<p>\r\n	<br />\r\n</p>\r\n<p style=\"text-align:right;\">\r\n	{$site_name}\r\n</p>\r\n<p style=\"text-align:right;\">\r\n	{$mail_send_time}\r\n</p>\r\n<p>\r\n	<br />\r\n</p>\r\n<p>\r\n	<br />\r\n</p>');

-- -----------------------------
-- Table structure for `ls_message`
-- -----------------------------
DROP TABLE IF EXISTS `ls_message`;
CREATE TABLE `ls_message` (
  `message_id` int(11) NOT NULL AUTO_INCREMENT COMMENT '短消息自增ID',
  `message_parent_id` int(11) NOT NULL COMMENT '回复短消息message_id',
  `from_member_id` int(11) NOT NULL COMMENT '短消息发送人',
  `to_member_id` varchar(1000) NOT NULL COMMENT '短消息接收人',
  `message_title` varchar(50) DEFAULT NULL COMMENT '短消息标题',
  `message_body` varchar(255) NOT NULL COMMENT '短消息内容',
  `message_time` varchar(10) NOT NULL COMMENT '短消息发送时间',
  `message_update_time` varchar(10) DEFAULT NULL COMMENT '短消息回复更新时间',
  `message_open` tinyint(1) NOT NULL DEFAULT '0' COMMENT '短消息打开状态',
  `message_state` tinyint(1) NOT NULL DEFAULT '0' COMMENT '短消息状态，0为正常状态，1为发送人删除状态，2为接收人删除状态',
  `message_type` tinyint(1) NOT NULL DEFAULT '0' COMMENT '0为私信、1为系统消息、2为留言',
  `read_member_id` varchar(1000) DEFAULT NULL COMMENT '已经读过该消息的会员id',
  `del_member_id` varchar(1000) DEFAULT NULL COMMENT '已经删除该消息的会员id',
  `message_ismore` tinyint(1) NOT NULL DEFAULT '0' COMMENT '站内信是否为一条发给多个用户 0为否 1为多条 ',
  `from_member_name` varchar(100) DEFAULT NULL COMMENT '发信息人用户名',
  `to_member_name` varchar(100) DEFAULT NULL COMMENT '接收人用户名',
  PRIMARY KEY (`message_id`),
  KEY `from_member_id` (`from_member_id`),
  KEY `to_member_id` (`to_member_id`(255)),
  KEY `message_ismore` (`message_ismore`)
) ENGINE=InnoDB AUTO_INCREMENT=362 DEFAULT CHARSET=utf8 COMMENT='短消息';

-- -----------------------------
-- Records of `ls_message`
-- -----------------------------
INSERT INTO `ls_message` VALUES ('56', '0', '0', '11', '', '你的账户于 2019-11-26 18:38:11 账户资金有变化，描述：管理员调节储值卡【增加】，充值单号: 19112618381143331011,备注：，可用金额变化 ：1.00元。', '1574764691', '1574764691', '0', '0', '1', '', '', '0', '', '');
INSERT INTO `ls_message` VALUES ('57', '0', '0', '11', '', '你的账户于 2019-11-27 14:05:04 账户资金有变化，描述：管理员调节储值卡【增加】，充值单号: 19112714050456584011,备注：，可用金额变化 ：1.00元。', '1574834704', '1574834704', '0', '0', '1', '', '', '0', '', '');
INSERT INTO `ls_message` VALUES ('58', '0', '0', '11', '', '你的账户于 2019-11-28 09:47:06 账户资金有变化，描述：管理员调节储值卡【增加】，充值单号: 19112809470644168011,备注：，可用金额变化 ：1.00元。', '1574905626', '1574905626', '0', '0', '1', '', '', '0', '', '');
INSERT INTO `ls_message` VALUES ('59', '0', '0', '12', '', '你的账户于 2019-11-29 15:11:04 账户资金有变化，描述：管理员调节储值卡【增加】，充值单号: 19112915110474873012,备注：，可用金额变化 ：100.00元。', '1575011464', '1575011464', '0', '0', '1', '', '', '0', '', '');
INSERT INTO `ls_message` VALUES ('60', '0', '0', '12', '', '你的账户于 2019-11-29 15:14:07 账户资金有变化，描述：管理员调节储值卡【增加】，充值单号: 19112915140749717012,备注：，可用金额变化 ：100.00元。', '1575011647', '1575011647', '0', '0', '1', '', '', '0', '', '');
INSERT INTO `ls_message` VALUES ('61', '0', '0', '12', '', '你的账户于 2019-11-29 15:15:34 账户资金有变化，描述：管理员调节储值卡【增加】，充值单号: 19112915153409445012,备注：，可用金额变化 ：100.00元。', '1575011734', '1575011734', '0', '0', '1', '', '', '0', '', '');
INSERT INTO `ls_message` VALUES ('62', '0', '0', '12', '', '你的账户于 2019-11-29 15:16:36 账户资金有变化，描述：管理员调节储值卡【增加】，充值单号: 19112915163625323012,备注：，可用金额变化 ：100.00元。', '1575011796', '1575011796', '0', '0', '1', '', '', '0', '', '');
INSERT INTO `ls_message` VALUES ('63', '0', '0', '12', '', '你的账户于 2019-11-29 15:16:53 账户资金有变化，描述：管理员调节储值卡【增加】，充值单号: 19112915165354324012,备注：，可用金额变化 ：100.00元。', '1575011813', '1575011813', '0', '0', '1', '', '', '0', '', '');
INSERT INTO `ls_message` VALUES ('64', '0', '0', '12', '', '你的账户于 2019-11-29 15:19:02 账户资金有变化，描述：管理员调节储值卡【增加】，充值单号: 19112915190238524012,备注：，可用金额变化 ：100.00元。', '1575011942', '1575011942', '0', '0', '1', '', '', '0', '', '');
INSERT INTO `ls_message` VALUES ('65', '0', '0', '12', '', '你的账户于 2019-11-29 15:19:31 账户资金有变化，描述：管理员调节储值卡【增加】，充值单号: 19112915193174735012,备注：，可用金额变化 ：100.00元。', '1575011971', '1575011971', '0', '0', '1', '', '', '0', '', '');
INSERT INTO `ls_message` VALUES ('66', '0', '0', '12', '', '你的账户于 2019-11-29 15:21:15 账户资金有变化，描述：管理员调节储值卡【增加】，充值单号: 19112915211505361012,备注：，可用金额变化 ：100.00元。', '1575012075', '1575012075', '0', '0', '1', '', '', '0', '', '');
INSERT INTO `ls_message` VALUES ('67', '0', '0', '12', '', '你的账户于 2019-11-29 15:32:46 账户资金有变化，描述：管理员调节储值卡【增加】，充值单号: 19112915324630912012,备注：，可用金额变化 ：100.00元。', '1575012766', '1575012766', '0', '0', '1', '', '', '0', '', '');
INSERT INTO `ls_message` VALUES ('68', '0', '0', '12', '', '你的账户于 2019-11-29 15:35:04 账户资金有变化，描述：管理员调节储值卡【增加】，充值单号: 19112915350473527012,备注：，可用金额变化 ：100.00元。', '1575012904', '1575012904', '0', '0', '1', '', '', '0', '', '');
INSERT INTO `ls_message` VALUES ('69', '0', '0', '12', '', '你的账户于 2019-11-29 15:35:27 账户资金有变化，描述：管理员调节储值卡【增加】，充值单号: 19112915352767083012,备注：，可用金额变化 ：100.00元。', '1575012927', '1575012927', '0', '0', '1', '', '', '0', '', '');
INSERT INTO `ls_message` VALUES ('70', '0', '0', '12', '', '你的账户于 2019-11-29 15:36:55 账户资金有变化，描述：管理员调节储值卡【增加】，充值单号: 19112915365563684012,备注：，可用金额变化 ：100.00元。', '1575013015', '1575013015', '0', '0', '1', '', '', '0', '', '');
INSERT INTO `ls_message` VALUES ('71', '0', '0', '12', '', '你的账户于 2019-11-29 15:41:51 账户资金有变化，描述：管理员调节储值卡【增加】，充值单号: 19112915415124025012,备注：，可用金额变化 ：100.00元。', '1575013311', '1575013311', '0', '0', '1', '', '', '0', '', '');
INSERT INTO `ls_message` VALUES ('72', '0', '0', '12', '', '你的账户于 2019-11-29 16:20:59 账户资金有变化，描述：管理员调节储值卡【增加】，充值单号: 19112916205942290012,备注：，可用金额变化 ：100.00元。', '1575015659', '1575015659', '0', '0', '1', '', '', '0', '', '');
INSERT INTO `ls_message` VALUES ('73', '0', '0', '12', '', '你的账户于 2019-11-29 16:32:36 账户资金有变化，描述：管理员调节储值卡【增加】，充值单号: 19112916323663620012,备注：，可用金额变化 ：100.00元。', '1575016356', '1575016356', '0', '0', '1', '', '', '0', '', '');
INSERT INTO `ls_message` VALUES ('74', '0', '0', '12', '', '你的账户于 2019-11-29 16:35:08 账户资金有变化，描述：管理员调节储值卡【增加】，充值单号: 19112916350887023012,备注：，可用金额变化 ：100.00元。', '1575016508', '1575016508', '0', '0', '1', '', '', '0', '', '');
INSERT INTO `ls_message` VALUES ('75', '0', '0', '12', '', '你的账户于 2019-11-29 16:36:01 账户资金有变化，描述：管理员调节储值卡【增加】，充值单号: 19112916360173181012,备注：，可用金额变化 ：100.00元。', '1575016561', '1575016561', '0', '0', '1', '', '', '0', '', '');
INSERT INTO `ls_message` VALUES ('76', '0', '0', '12', '', '你的账户于 2019-11-29 16:37:25 账户资金有变化，描述：管理员调节储值卡【增加】，充值单号: 19112916372557337012,备注：，可用金额变化 ：100.00元。', '1575016645', '1575016645', '0', '0', '1', '', '', '0', '', '');
INSERT INTO `ls_message` VALUES ('77', '0', '0', '12', '', '你的账户于 2019-11-29 16:38:36 账户资金有变化，描述：管理员调节储值卡【增加】，充值单号: 19112916383615742012,备注：，可用金额变化 ：100.00元。', '1575016716', '1575016716', '0', '0', '1', '', '', '0', '', '');
INSERT INTO `ls_message` VALUES ('78', '0', '0', '12', '', '你的账户于 2019-11-29 16:38:45 账户资金有变化，描述：管理员调节储值卡【增加】，充值单号: 19112916384541288012,备注：，可用金额变化 ：100.00元。', '1575016725', '1575016725', '0', '0', '1', '', '', '0', '', '');
INSERT INTO `ls_message` VALUES ('79', '0', '0', '12', '', '你的账户于 2019-11-29 16:39:18 账户资金有变化，描述：管理员调节储值卡【增加】，充值单号: 19112916391702767012,备注：，可用金额变化 ：100.00元。', '1575016757', '1575016757', '0', '0', '1', '', '', '0', '', '');
INSERT INTO `ls_message` VALUES ('80', '0', '0', '12', '', '你的账户于 2019-11-29 16:41:10 账户资金有变化，描述：管理员调节储值卡【增加】，充值单号: 19112916411075973012,备注：，可用金额变化 ：100.00元。', '1575016870', '1575016870', '0', '0', '1', '', '', '0', '', '');
INSERT INTO `ls_message` VALUES ('81', '0', '0', '12', '', '你的账户于 2019-11-29 16:42:35 账户资金有变化，描述：管理员调节储值卡【增加】，充值单号: 19112916423587676012,备注：，可用金额变化 ：100.00元。', '1575016955', '1575016955', '0', '0', '1', '', '', '0', '', '');
INSERT INTO `ls_message` VALUES ('82', '0', '0', '12', '', '你的账户于 2019-11-29 16:42:55 账户资金有变化，描述：管理员调节储值卡【增加】，充值单号: 19112916425596044012,备注：，可用金额变化 ：100.00元。', '1575016975', '1575016975', '0', '0', '1', '', '', '0', '', '');
INSERT INTO `ls_message` VALUES ('83', '0', '0', '12', '', '你的账户于 2019-11-29 16:54:59 账户资金有变化，描述：管理员调节储值卡【增加】，充值单号: 19112916545939272012,备注：，可用金额变化 ：100.00元。', '1575017699', '1575017699', '0', '0', '1', '', '', '0', '', '');
INSERT INTO `ls_message` VALUES ('84', '0', '0', '12', '', '你的账户于 2019-11-29 17:11:10 账户资金有变化，描述：管理员调节储值卡【增加】，充值单号: 19112917111034429012,备注：，可用金额变化 ：100.00元。', '1575018670', '1575018670', '0', '0', '1', '', '', '0', '', '');
INSERT INTO `ls_message` VALUES ('85', '0', '0', '12', '', '你的账户于 2019-11-29 17:35:57 账户资金有变化，描述：管理员调节储值卡【增加】，充值单号: 19112917355752910012,备注：，可用金额变化 ：100.00元。', '1575020157', '1575020157', '0', '0', '1', '', '', '0', '', '');
INSERT INTO `ls_message` VALUES ('86', '0', '0', '12', '', '你的账户于 2019-11-29 17:38:20 账户资金有变化，描述：管理员调节储值卡【增加】，充值单号: 19112917382053610012,备注：，可用金额变化 ：100.00元。', '1575020300', '1575020300', '0', '0', '1', '', '', '0', '', '');
INSERT INTO `ls_message` VALUES ('87', '0', '0', '12', '', '你的账户于 2019-11-29 17:40:22 账户资金有变化，描述：管理员调节储值卡【增加】，充值单号: 19112917402295290012,备注：，可用金额变化 ：100.00元。', '1575020422', '1575020422', '0', '0', '1', '', '', '0', '', '');
INSERT INTO `ls_message` VALUES ('88', '0', '0', '12', '', '你的账户于 2019-11-29 17:41:33 账户资金有变化，描述：管理员调节储值卡【增加】，充值单号: 19112917413349738012,备注：，可用金额变化 ：100.00元。', '1575020493', '1575020493', '0', '0', '1', '', '', '0', '', '');
INSERT INTO `ls_message` VALUES ('89', '0', '0', '12', '', '你的账户于 2019-11-29 17:57:16 账户资金有变化，描述：管理员调节储值卡【增加】，充值单号: 19112917571686346012,备注：，可用金额变化 ：100.00元。', '1575021436', '1575021436', '0', '0', '1', '', '', '0', '', '');
INSERT INTO `ls_message` VALUES ('90', '0', '0', '12', '', '你的账户于 2019-11-29 17:59:22 账户资金有变化，描述：管理员调节储值卡【增加】，充值单号: 19112917592255373012,备注：，可用金额变化 ：100.00元。', '1575021562', '1575021562', '0', '0', '1', '', '', '0', '', '');
INSERT INTO `ls_message` VALUES ('91', '0', '0', '12', '', '你的账户于 2019-11-29 18:30:40 账户资金有变化，描述：管理员调节储值卡【增加】，充值单号: 19112918304068943012,备注：，可用金额变化 ：100.00元。', '1575023440', '1575023440', '0', '0', '1', '', '', '0', '', '');
INSERT INTO `ls_message` VALUES ('92', '0', '0', '11', '', '你的账户于 2019-11-29 18:32:50 账户资金有变化，描述：管理员调节储值卡【增加】，充值单号: 19112918325036015011,备注：，可用金额变化 ：100.00元。', '1575023570', '1575023570', '0', '0', '1', '', '', '0', '', '');
INSERT INTO `ls_message` VALUES ('93', '0', '0', '12', '', '你的账户于 2019-11-29 18:35:12 账户资金有变化，描述：管理员调节储值卡【增加】，充值单号: 19112918351281794012,备注：，可用金额变化 ：100.00元。', '1575023712', '1575023712', '0', '0', '1', '', '', '0', '', '');
INSERT INTO `ls_message` VALUES ('94', '0', '0', '8', '', '你的账户于 2019-11-29 18:52:05 账户资金有变化，描述：管理员调节储值卡【增加】，充值单号: 19112918520515164008,备注：测试购买，可用金额变化 ：10000.00元。', '1575024725', '1575024725', '0', '0', '1', '', '', '0', '', '');
INSERT INTO `ls_message` VALUES ('95', '0', '0', '11', '', '你的账户于 2019-12-02 10:17:41 账户资金有变化，描述：下单，冻结预存款，订单号: 2000000000000101，可用金额变化 ：-103.00元。', '1575253061', '1575253061', '0', '0', '1', '', '', '0', '', '');
INSERT INTO `ls_message` VALUES ('96', '0', '0', '11', '', '你的账户于 2019-12-02 10:35:12 账户资金有变化，描述：取消订单，解冻储值卡，订单号: 2000000000000101，可用金额变化 ：103.00元。', '1575254111', '1575254111', '0', '0', '1', '', '', '0', '', '');
INSERT INTO `ls_message` VALUES ('97', '0', '0', '11', '', '你的账户于 2019-12-02 10:42:27 账户资金有变化，描述：申请提现，冻结预存款，提现单号: 19120210422733490011，可用金额变化 ：-103.00元。', '1575254547', '1575254547', '0', '0', '1', '', '', '0', '', '');
INSERT INTO `ls_message` VALUES ('98', '0', '0', '11', '', '你的账户于 2019-12-02 10:47:58 账户资金有变化，描述：提现成功，提现单号: 19120210422733490011，可用金额变化 ：0.00元。', '1575254878', '1575254878', '0', '0', '1', '', '', '0', '', '');
INSERT INTO `ls_message` VALUES ('99', '0', '0', '11', '', '你的账户于 2019-12-02 18:26:12 账户资金有变化，描述：管理员调节储值卡【增加】，充值单号: 19120218261218585011,备注：，可用金额变化 ：100.00元。', '1575282372', '1575282372', '0', '0', '1', '', '', '0', '', '');
INSERT INTO `ls_message` VALUES ('101', '0', '0', '11', '', '你的账户于 2019-12-03 11:43:33 账户资金有变化，描述：申请提现，冻结储值卡，提现单号: 19120311433204189011，可用金额变化 ：-100.00元。', '1575344612', '1575344612', '0', '0', '1', '', '', '0', '', '');
INSERT INTO `ls_message` VALUES ('102', '0', '0', '11', '', '你的账户于 2019-12-03 13:51:33 账户交易码有变化，描述：管理员调节交易码【增加】，充值单号: 19120313513309549011,备注：，交易码变化 ：1.00。', '1575352293', '1575352293', '0', '0', '1', '', '', '0', '', '');
INSERT INTO `ls_message` VALUES ('103', '0', '0', '11', '', '你的账户于 2019-12-03 13:56:59 账户交易码有变化，描述：管理员调节交易码【增加】，充值单号: 19120313565910228011,备注：，交易码变化 ：1.00。', '1575352619', '1575352619', '0', '0', '1', '', '', '0', '', '');
INSERT INTO `ls_message` VALUES ('104', '0', '0', '11', '', '你的账户于 2019-12-03 18:35:51 账户交易码有变化，描述：管理员调节交易码【减少】，充值单号: 19120318355159851011,备注：，交易码变化 ：-1.00。', '1575369351', '1575369351', '0', '0', '1', '', '', '0', '', '');
INSERT INTO `ls_message` VALUES ('105', '0', '0', '11', '', '你的账户于 2019-12-03 21:09:43 账户资金有变化，描述：提现成功，提现单号: 19120311433204189011，可用金额变化 ：0.00元。', '1575378583', '1575378583', '0', '0', '1', '', '', '0', '', '');
INSERT INTO `ls_message` VALUES ('106', '0', '0', '11', '', '你的账户于 2019-12-04 10:41:41 账户资金有变化，描述：管理员调节储值卡【增加】，充值单号: 19120410414130610011,备注：，可用金额变化 ：100.00元。', '1575427301', '1575427301', '0', '0', '1', '', '', '0', '', '');
INSERT INTO `ls_message` VALUES ('107', '0', '0', '15', '', '你的账户于 2019-12-12 22:23:14 账户资金有变化，描述：管理员调节储值卡【增加】，充值单号: 19121222231439826015,备注：，可用金额变化 ：1000.00元。', '1576160594', '1576160594', '0', '0', '1', '', '', '0', '', '');
INSERT INTO `ls_message` VALUES ('108', '0', '0', ',16,', '', '收拾收拾', '1576160703', '1576160703', '0', '0', '1', '', '', '1', '', '');
INSERT INTO `ls_message` VALUES ('109', '0', '0', '16', '', '你的账户于 2019-12-12 22:26:47 账户资金有变化，描述：管理员调节储值卡【增加】，充值单号: 19121222264704789016,备注：，可用金额变化 ：1000.00元。', '1576160807', '1576160807', '0', '0', '1', '', '', '0', '', '');
INSERT INTO `ls_message` VALUES ('110', '0', '0', '19', '', '你的账户于 2019-12-13 00:57:18 账户资金有变化，描述：管理员调节储值卡【增加】，充值单号: 19121300571824551019,备注：，可用金额变化 ：500.00元。', '1576169838', '1576169838', '0', '0', '1', '', '', '0', '', '');
INSERT INTO `ls_message` VALUES ('111', '0', '0', '11', '', '你的账户于 2019-12-13 15:05:14 账户资金有变化，描述：下单，支付储值卡，订单号: 2000000000000401，可用金额变化 ：-49.80元。', '1576220714', '1576220714', '0', '0', '1', '', '', '0', '', '');
INSERT INTO `ls_message` VALUES ('112', '0', '0', ',11,', '', '测试', '1576252857', '1576252857', '0', '0', '1', '', '', '1', '', '');
INSERT INTO `ls_message` VALUES ('113', '0', '0', '11', '', '您的订单已经出库。', '1576432340', '1576432340', '0', '0', '1', '', '', '0', '', '');
INSERT INTO `ls_message` VALUES ('114', '0', '0', ',15,', '', '实名认证审核未通过：1', '1577243274', '1577243274', '0', '0', '1', '', '', '1', '', '');
INSERT INTO `ls_message` VALUES ('115', '0', '0', '15', '', '你的账户于 2019-12-26 15:46:34 账户资金有变化，描述：下单，支付储值卡，订单号: 2000000000001501，可用金额变化 ：-48.00元。', '1577346394', '1577346394', '0', '0', '1', '', '', '0', '', '');
INSERT INTO `ls_message` VALUES ('116', '0', '0', '15', '', '你的账户于 2019-12-26 16:05:33 账户资金有变化，描述：下单，支付储值卡，订单号: 2000000000001601，可用金额变化 ：-37.60元。', '1577347533', '1577347533', '0', '0', '1', '', '', '0', '', '');
INSERT INTO `ls_message` VALUES ('117', '0', '0', '15', '', '你的账户于 2019-12-26 17:15:57 账户资金有变化，描述：下单，支付储值卡，订单号: 2000000000001701，可用金额变化 ：-71.60元。', '1577351757', '1577351757', '0', '0', '1', '', '', '0', '', '');
INSERT INTO `ls_message` VALUES ('118', '0', '0', '15', '', '你的账户于 2019-12-26 17:20:27 账户资金有变化，描述：下单，支付储值卡，订单号: 2000000000001801，可用金额变化 ：-179.40元。', '1577352027', '1577352027', '0', '0', '1', '', '', '0', '', '');
INSERT INTO `ls_message` VALUES ('119', '0', '0', '15', '', '你的账户于 2019-12-26 17:26:24 账户资金有变化，描述：下单，支付储值卡，订单号: 2000000000001901，可用金额变化 ：-199.20元。', '1577352384', '1577352384', '0', '0', '1', '', '', '0', '', '');
INSERT INTO `ls_message` VALUES ('120', '0', '0', '15', '', '你的账户于 2019-12-26 17:29:48 账户资金有变化，描述：下单，支付储值卡，订单号: 2000000000002001，可用金额变化 ：-119.40元。', '1577352588', '1577352588', '0', '0', '1', '', '', '0', '', '');
INSERT INTO `ls_message` VALUES ('121', '0', '0', '15', '', '你的账户于 2019-12-26 17:38:22 账户资金有变化，描述：下单，支付储值卡，订单号: 2000000000002101，可用金额变化 ：-57.60元。', '1577353102', '1577353102', '0', '0', '1', '', '', '0', '', '');
INSERT INTO `ls_message` VALUES ('122', '0', '0', '15', '', '你的账户于 2019-12-26 18:38:47 账户资金有变化，描述：下单，支付储值卡，订单号: 2000000000002201，可用金额变化 ：-36.90元。', '1577356727', '1577356727', '0', '0', '1', '', '', '0', '', '');
INSERT INTO `ls_message` VALUES ('123', '0', '0', '15', '', '你的账户于 2019-12-26 18:40:22 账户资金有变化，描述：下单，支付储值卡，订单号: 2000000000002301，可用金额变化 ：-47.60元。', '1577356822', '1577356822', '0', '0', '1', '', '', '0', '', '');
INSERT INTO `ls_message` VALUES ('124', '0', '0', '15', '', '你的账户于 2019-12-26 19:00:26 账户资金有变化，描述：下单，支付储值卡，订单号: 2000000000002401，可用金额变化 ：-19.50元。', '1577358026', '1577358026', '0', '0', '1', '', '', '0', '', '');
INSERT INTO `ls_message` VALUES ('125', '0', '0', '15', '', '你的账户于 2019-12-27 15:18:17 账户资金有变化，描述：下单，支付储值卡，订单号: 2000000000002901，可用金额变化 ：-19.50元。', '1577431097', '1577431097', '0', '0', '1', '', '', '0', '', '');
INSERT INTO `ls_message` VALUES ('126', '0', '0', '19', '', '你的账户于 2019-12-29 18:02:01 账户资金有变化，描述：下单，支付储值卡，订单号: 2000000000003901，可用金额变化 ：-10.00元。', '1577613721', '1577613721', '0', '0', '1', '', '', '0', '', '');
INSERT INTO `ls_message` VALUES ('127', '0', '0', '15', '', '你的账户于 2019-12-29 22:33:28 账户资金有变化，描述：下单，支付储值卡，订单号: 2000000000004201，可用金额变化 ：-29.80元。', '1577630008', '1577630008', '0', '0', '1', '', '', '0', '', '');
INSERT INTO `ls_message` VALUES ('128', '0', '0', '11', '', '你的账户于 2019-12-30 14:31:47 账户资金有变化，描述：下单，支付储值卡，订单号: 2000000000005901，可用金额变化 ：-36.80元。', '1577687507', '1577687507', '0', '0', '1', '', '', '0', '', '');
INSERT INTO `ls_message` VALUES ('129', '0', '0', '17', '', '你的账户于 2019-12-30 15:00:24 账户资金有变化，描述：管理员调节储值卡【增加】，充值单号: 19123015002425877017,备注：，可用金额变化 ：100000.00元。', '1577689224', '1577689224', '0', '0', '1', '', '', '0', '', '');
INSERT INTO `ls_message` VALUES ('130', '0', '0', '11', '', '你的账户于 2019-12-30 15:31:48 账户资金有变化，描述：充值，充值单号: 19123015314454293011，可用金额变化 ：0.01元。', '1577691108', '1577691108', '0', '0', '1', '', '', '0', '', '');
INSERT INTO `ls_message` VALUES ('131', '0', '0', '11', '', '你的账户于 2019-12-30 15:41:10 账户资金有变化，描述：充值，充值单号: 19123015163487557011，可用金额变化 ：0.01元。', '1577691670', '1577691670', '0', '0', '1', '', '', '0', '', '');
INSERT INTO `ls_message` VALUES ('132', '0', '0', '11', '', '你的账户于 2019-12-30 15:42:05 账户资金有变化，描述：充值，充值单号: 19123015275688161011，可用金额变化 ：0.01元。', '1577691725', '1577691725', '0', '0', '1', '', '', '0', '', '');
INSERT INTO `ls_message` VALUES ('133', '0', '0', '17', '', '你的账户于 2019-12-30 15:42:41 账户资金有变化，描述：充值，充值单号: 19123015281268748017，可用金额变化 ：0.10元。', '1577691761', '1577691761', '0', '0', '1', '', '', '0', '', '');
INSERT INTO `ls_message` VALUES ('134', '0', '0', '17', '', '你的账户于 2019-12-30 15:44:12 账户资金有变化，描述：下单，支付储值卡，订单号: 2000000000007101，可用金额变化 ：-10.00元。', '1577691852', '1577691852', '0', '0', '1', '', '', '0', '', '');
INSERT INTO `ls_message` VALUES ('135', '0', '0', '17', '', '你的账户于 2019-12-30 15:48:16 账户资金有变化，描述：下单，支付储值卡，订单号: 2000000000007201，可用金额变化 ：-40.00元。', '1577692096', '1577692096', '0', '0', '1', '', '', '0', '', '');
INSERT INTO `ls_message` VALUES ('136', '0', '0', '17', '', '你的账户于 2019-12-30 15:52:19 账户资金有变化，描述：下单，支付储值卡，订单号: 2000000000007301，可用金额变化 ：-36.80元。', '1577692339', '1577692339', '0', '0', '1', '', '', '0', '', '');
INSERT INTO `ls_message` VALUES ('137', '0', '0', '17', '', '你的账户于 2019-12-30 15:55:04 账户资金有变化，描述：下单，支付储值卡，订单号: 2000000000007401，可用金额变化 ：-35.80元。', '1577692504', '1577692504', '0', '0', '1', '', '', '0', '', '');
INSERT INTO `ls_message` VALUES ('138', '0', '0', '15', '', '你的账户于 2019-12-30 16:00:01 账户资金有变化，描述：下单，支付储值卡，订单号: 2000000000007501，可用金额变化 ：-10.00元。', '1577692801', '1577692801', '0', '0', '1', '', '', '0', '', '');
INSERT INTO `ls_message` VALUES ('139', '0', '0', '11', '', '你的账户于 2019-12-30 16:25:08 账户资金有变化，描述：充值，充值单号: 19123014591148791011，可用金额变化 ：0.01元。', '1577694308', '1577694308', '0', '0', '1', '', '', '0', '', '');
INSERT INTO `ls_message` VALUES ('140', '0', '0', '11', '', '你的账户于 2019-12-30 16:27:13 账户资金有变化，描述：充值，充值单号: 19123015011832650011，可用金额变化 ：0.01元。', '1577694433', '1577694433', '0', '0', '1', '', '', '0', '', '');
INSERT INTO `ls_message` VALUES ('141', '0', '0', '17', '', '你的账户于 2019-12-30 17:30:20 账户资金有变化，描述：下单，支付储值卡，订单号: 2000000000007701，可用金额变化 ：-10.00元。', '1577698220', '1577698220', '0', '0', '1', '', '', '0', '', '');
INSERT INTO `ls_message` VALUES ('142', '0', '0', '17', '', '你的账户于 2019-12-30 17:34:04 账户资金有变化，描述：下单，支付储值卡，订单号: 2000000000006901，可用金额变化 ：-10.00元。', '1577698444', '1577698444', '0', '0', '1', '', '', '0', '', '');
INSERT INTO `ls_message` VALUES ('143', '0', '0', '17', '', '你的账户于 2019-12-30 17:34:34 账户资金有变化，描述：下单，支付储值卡，订单号: 2000000000007601，可用金额变化 ：-28.80元。', '1577698474', '1577698474', '0', '0', '1', '', '', '0', '', '');
INSERT INTO `ls_message` VALUES ('144', '0', '0', '17', '', '你的账户于 2019-12-30 17:40:19 账户资金有变化，描述：下单，支付储值卡，订单号: 2000000000007801，可用金额变化 ：-33.80元。', '1577698819', '1577698819', '0', '0', '1', '', '', '0', '', '');
INSERT INTO `ls_message` VALUES ('145', '0', '0', '17', '', '你的账户于 2019-12-30 17:42:31 账户资金有变化，描述：下单，支付储值卡，订单号: 2000000000007001，可用金额变化 ：-35.80元。', '1577698951', '1577698951', '0', '0', '1', '', '', '0', '', '');
INSERT INTO `ls_message` VALUES ('146', '0', '0', '17', '', '你的账户于 2019-12-30 17:43:36 账户资金有变化，描述：下单，支付储值卡，订单号: 2000000000006801，可用金额变化 ：-10.00元。', '1577699016', '1577699016', '0', '0', '1', '', '', '0', '', '');
INSERT INTO `ls_message` VALUES ('147', '0', '0', '17', '', '你的账户于 2019-12-30 17:45:47 账户资金有变化，描述：下单，支付储值卡，订单号: 2000000000006701，可用金额变化 ：-72.00元。', '1577699147', '1577699147', '0', '0', '1', '', '', '0', '', '');
INSERT INTO `ls_message` VALUES ('148', '0', '0', '17', '', '你的账户于 2019-12-30 17:47:41 账户资金有变化，描述：下单，支付储值卡，订单号: 2000000000006601，可用金额变化 ：-35.80元。', '1577699261', '1577699261', '0', '0', '1', '', '', '0', '', '');
INSERT INTO `ls_message` VALUES ('149', '0', '0', '17', '', '你的账户于 2019-12-30 17:48:39 账户资金有变化，描述：下单，支付储值卡，订单号: 2000000000006501，可用金额变化 ：-10.00元。', '1577699318', '1577699318', '0', '0', '1', '', '', '0', '', '');
INSERT INTO `ls_message` VALUES ('150', '0', '0', '17', '', '你的账户于 2019-12-30 17:49:04 账户资金有变化，描述：下单，支付储值卡，订单号: 2000000000007901，可用金额变化 ：-10.00元。', '1577699344', '1577699344', '0', '0', '1', '', '', '0', '', '');
INSERT INTO `ls_message` VALUES ('151', '0', '0', '17', '', '你的账户于 2019-12-30 17:50:00 账户资金有变化，描述：下单，支付储值卡，订单号: 2000000000008001，可用金额变化 ：-24.90元。', '1577699400', '1577699400', '0', '0', '1', '', '', '0', '', '');
INSERT INTO `ls_message` VALUES ('152', '0', '0', '17', '', '你的账户于 2019-12-30 17:52:15 账户资金有变化，描述：下单，支付储值卡，订单号: 2000000000008101，可用金额变化 ：-10.00元。', '1577699535', '1577699535', '0', '0', '1', '', '', '0', '', '');
INSERT INTO `ls_message` VALUES ('153', '0', '0', '17', '', '你的账户于 2019-12-30 17:53:22 账户资金有变化，描述：下单，支付储值卡，订单号: 2000000000008201，可用金额变化 ：-36.80元。', '1577699602', '1577699602', '0', '0', '1', '', '', '0', '', '');
INSERT INTO `ls_message` VALUES ('154', '0', '0', '17', '', '你的账户于 2019-12-30 17:54:51 账户资金有变化，描述：下单，支付储值卡，订单号: 2000000000008301，可用金额变化 ：-36.80元。', '1577699691', '1577699691', '0', '0', '1', '', '', '0', '', '');
INSERT INTO `ls_message` VALUES ('155', '0', '0', '17', '', '你的账户于 2019-12-30 17:59:10 账户资金有变化，描述：下单，支付储值卡，订单号: 2000000000006101，可用金额变化 ：-36.00元。', '1577699950', '1577699950', '0', '0', '1', '', '', '0', '', '');
INSERT INTO `ls_message` VALUES ('156', '0', '0', '17', '', '你的账户于 2019-12-30 18:01:30 账户资金有变化，描述：下单，支付储值卡，订单号: 2000000000008401，可用金额变化 ：-35.60元。', '1577700090', '1577700090', '0', '0', '1', '', '', '0', '', '');
INSERT INTO `ls_message` VALUES ('157', '0', '0', '17', '', '你的账户于 2019-12-30 18:04:47 账户资金有变化，描述：下单，支付储值卡，订单号: 2000000000008601，可用金额变化 ：-33.80元。', '1577700287', '1577700287', '0', '0', '1', '', '', '0', '', '');
INSERT INTO `ls_message` VALUES ('158', '0', '0', '17', '', '你的账户于 2019-12-30 18:05:16 账户资金有变化，描述：下单，支付储值卡，订单号: 2000000000008501，可用金额变化 ：-33.80元。', '1577700316', '1577700316', '0', '0', '1', '', '', '0', '', '');
INSERT INTO `ls_message` VALUES ('159', '0', '0', '11', '', '你的账户于 2019-12-30 18:27:06 账户资金有变化，描述：管理员调节储值卡【增加】，充值单号: 19123018270655487011,备注：，可用金额变化 ：1000.00元。', '1577701626', '1577701626', '0', '0', '1', '', '', '0', '', '');
INSERT INTO `ls_message` VALUES ('160', '0', '0', '11', '', '你的账户于 2019-12-30 18:27:21 账户资金有变化，描述：下单，支付储值卡，订单号: 2000000000008701，可用金额变化 ：-18.80元。', '1577701641', '1577701641', '0', '0', '1', '', '', '0', '', '');
INSERT INTO `ls_message` VALUES ('161', '0', '0', '11', '', '你的账户于 2019-12-30 18:28:34 账户资金有变化，描述：下单，支付储值卡，订单号: 2000000000000301，可用金额变化 ：-35.80元。', '1577701714', '1577701714', '0', '0', '1', '', '', '0', '', '');
INSERT INTO `ls_message` VALUES ('162', '0', '0', '11', '', '你的账户于 2019-12-30 18:28:58 账户资金有变化，描述：下单，支付储值卡，订单号: 2000000000004301，可用金额变化 ：-36.80元。', '1577701738', '1577701738', '0', '0', '1', '', '', '0', '', '');
INSERT INTO `ls_message` VALUES ('163', '0', '0', '19', '', '你的账户于 2019-12-30 18:44:47 账户资金有变化，描述：充值，充值单号: 19123018443560386019，可用金额变化 ：0.01元。', '1577702687', '1577702687', '0', '0', '1', '', '', '0', '', '');
INSERT INTO `ls_message` VALUES ('164', '0', '0', '15', '', '你的账户于 2019-12-30 18:44:59 账户资金有变化，描述：充值，充值单号: 19123018441412449015，可用金额变化 ：0.01元。', '1577702698', '1577702698', '0', '0', '1', '', '', '0', '', '');
INSERT INTO `ls_message` VALUES ('165', '0', '0', '19', '', '你的账户于 2019-12-30 18:49:14 账户资金有变化，描述：充值，充值单号: 19123018490899614019，可用金额变化 ：0.01元。', '1577702954', '1577702954', '0', '0', '1', '', '', '0', '', '');
INSERT INTO `ls_message` VALUES ('166', '0', '0', '19', '', '你的账户于 2019-12-30 18:50:23 账户资金有变化，描述：充值，充值单号: 19123018501871568019，可用金额变化 ：0.01元。', '1577703023', '1577703023', '0', '0', '1', '', '', '0', '', '');
INSERT INTO `ls_message` VALUES ('167', '0', '0', '15', '', '你的账户于 2019-12-30 21:07:13 账户资金有变化，描述：充值，充值单号: 19123021070115838015，可用金额变化 ：0.01元。', '1577711232', '1577711232', '0', '0', '1', '', '', '0', '', '');
INSERT INTO `ls_message` VALUES ('168', '0', '0', '15', '', '你的账户于 2019-12-30 21:11:16 账户资金有变化，描述：充值，充值单号: 19123021110385385015，可用金额变化 ：0.01元。', '1577711475', '1577711475', '0', '0', '1', '', '', '0', '', '');
INSERT INTO `ls_message` VALUES ('169', '0', '0', '15', '', '你的账户于 2019-12-30 21:12:28 账户资金有变化，描述：充值，充值单号: 19123021121289462015，可用金额变化 ：0.01元。', '1577711548', '1577711548', '0', '0', '1', '', '', '0', '', '');
INSERT INTO `ls_message` VALUES ('170', '0', '0', '15', '', '你的账户于 2019-12-30 21:26:09 账户资金有变化，描述：充值，充值单号: 19123021255710653015，可用金额变化 ：0.01元。', '1577712369', '1577712369', '0', '0', '1', '', '', '0', '', '');
INSERT INTO `ls_message` VALUES ('171', '0', '0', '15', '', '你的账户于 2019-12-30 21:26:51 账户资金有变化，描述：充值，充值单号: 19123021263072081015，可用金额变化 ：0.01元。', '1577712411', '1577712411', '0', '0', '1', '', '', '0', '', '');
INSERT INTO `ls_message` VALUES ('172', '0', '0', '15', '', '你的账户于 2019-12-30 21:35:24 账户资金有变化，描述：充值，充值单号: 19123021351539265015，可用金额变化 ：0.01元。', '1577712924', '1577712924', '0', '0', '1', '', '', '0', '', '');
INSERT INTO `ls_message` VALUES ('173', '0', '0', '15', '', '你的账户于 2019-12-30 21:36:02 账户资金有变化，描述：充值，充值单号: 19123021355399551015，可用金额变化 ：0.01元。', '1577712962', '1577712962', '0', '0', '1', '', '', '0', '', '');
INSERT INTO `ls_message` VALUES ('174', '0', '0', '19', '', '你的账户于 2019-12-30 21:56:38 账户资金有变化，描述：下单，支付储值卡，订单号: 2000000000004001，可用金额变化 ：-10.00元。', '1577714198', '1577714198', '0', '0', '1', '', '', '0', '', '');
INSERT INTO `ls_message` VALUES ('175', '0', '0', '19', '', '你的账户于 2019-12-30 21:58:31 账户资金有变化，描述：下单，支付储值卡，订单号: 2000000000009501，可用金额变化 ：-20.00元。', '1577714311', '1577714311', '0', '0', '1', '', '', '0', '', '');
INSERT INTO `ls_message` VALUES ('176', '0', '0', '15', '', '你的账户于 2019-12-30 22:00:28 账户资金有变化，描述：下单，支付储值卡，订单号: 2000000000004101，可用金额变化 ：-36.00元。', '1577714428', '1577714428', '0', '0', '1', '', '', '0', '', '');
INSERT INTO `ls_message` VALUES ('177', '0', '0', '19', '', '您的订单已经出库。', '1577714430', '1577714430', '0', '0', '1', '', '', '0', '', '');
INSERT INTO `ls_message` VALUES ('178', '0', '0', '15', '', '你的账户于 2019-12-30 22:03:17 账户资金有变化，描述：下单，支付储值卡，订单号: 2000000000003701，可用金额变化 ：-35.80元。', '1577714597', '1577714597', '0', '0', '1', '', '', '0', '', '');
INSERT INTO `ls_message` VALUES ('179', '0', '0', '19', '', '你的账户于 2019-12-30 22:03:29 账户资金有变化，描述：充值，充值单号: 19123022032181024019，可用金额变化 ：0.01元。', '1577714609', '1577714609', '0', '0', '1', '', '', '0', '', '');
INSERT INTO `ls_message` VALUES ('180', '0', '0', '19', '', '你的账户于 2019-12-30 22:05:59 账户资金有变化，描述：下单，支付储值卡，订单号: 2000000000009702，可用金额变化 ：-49.80元。', '1577714759', '1577714759', '0', '0', '1', '', '', '0', '', '');
INSERT INTO `ls_message` VALUES ('181', '0', '0', '19', '', '你的账户于 2019-12-30 22:05:59 账户资金有变化，描述：下单，支付储值卡，订单号: 2000000000009701，可用金额变化 ：-18.80元。', '1577714759', '1577714759', '0', '0', '1', '', '', '0', '', '');
INSERT INTO `ls_message` VALUES ('182', '0', '0', '15', '', '你的账户于 2019-12-30 22:07:00 账户资金有变化，描述：下单，支付储值卡，订单号: 2000000000003601，可用金额变化 ：-29.80元。', '1577714819', '1577714819', '0', '0', '1', '', '', '0', '', '');
INSERT INTO `ls_message` VALUES ('183', '0', '0', '15', '', '你的账户于 2019-12-30 22:07:44 账户资金有变化，描述：管理员调节储值卡【增加】，充值单号: 19123022074486635015,备注：，可用金额变化 ：999999.00元。', '1577714864', '1577714864', '0', '0', '1', '', '', '0', '', '');
INSERT INTO `ls_message` VALUES ('184', '0', '0', '15', '', '你的账户于 2019-12-30 22:35:02 账户资金有变化，描述：充值，充值单号: 19122922060585192015，可用金额变化 ：0.01元。', '1577716502', '1577716502', '0', '0', '1', '', '', '0', '', '');
INSERT INTO `ls_message` VALUES ('185', '0', '0', '17', '', '您的订单已经出库。', '1577720038', '1577720038', '0', '0', '1', '', '', '0', '', '');
INSERT INTO `ls_message` VALUES ('186', '0', '0', '15', '', '你的账户于 2019-12-30 23:35:51 账户资金有变化，描述：下单，支付储值卡，订单号: 2000000000010001，可用金额变化 ：-56.70元。', '1577720151', '1577720151', '0', '0', '1', '', '', '0', '', '');
INSERT INTO `ls_message` VALUES ('187', '0', '0', '15', '', '你的账户于 2019-12-30 23:36:09 账户资金有变化，描述：下单，支付储值卡，订单号: 2000000000010101，可用金额变化 ：-29.80元。', '1577720169', '1577720169', '0', '0', '1', '', '', '0', '', '');
INSERT INTO `ls_message` VALUES ('188', '0', '0', '15', '', '您的订单已经出库。', '1577720217', '1577720217', '0', '0', '1', '', '', '0', '', '');
INSERT INTO `ls_message` VALUES ('189', '0', '0', '15', '', '你的账户于 2019-12-31 00:42:00 账户资金有变化，描述：下单，支付储值卡，订单号: 2000000000010401，可用金额变化 ：-39.80元。', '1577724120', '1577724120', '0', '0', '1', '', '', '0', '', '');
INSERT INTO `ls_message` VALUES ('190', '0', '0', '11', '', '你的账户于 2019-12-31 11:59:55 账户资金有变化，描述：下单，支付储值卡，订单号: 2000000000011801，可用金额变化 ：-36.00元。', '1577764795', '1577764795', '0', '0', '1', '', '', '0', '', '');
INSERT INTO `ls_message` VALUES ('191', '0', '0', '11', '', '你的账户于 2019-12-31 13:43:52 账户资金有变化，描述：下单，支付储值卡，订单号: 2000000000012501，可用金额变化 ：-10.00元。', '1577771032', '1577771032', '0', '0', '1', '', '', '0', '', '');
INSERT INTO `ls_message` VALUES ('192', '0', '0', '11', '', '你的账户于 2019-12-31 13:44:10 账户资金有变化，描述：下单，支付储值卡，订单号: 2000000000012401，可用金额变化 ：-10.00元。', '1577771050', '1577771050', '0', '0', '1', '', '', '0', '', '');
INSERT INTO `ls_message` VALUES ('193', '0', '0', '19', '', '你的账户于 2019-12-31 13:45:23 账户资金有变化，描述：下单，支付储值卡，订单号: 2000000000012801，可用金额变化 ：-10.00元。', '1577771123', '1577771123', '0', '0', '1', '', '', '0', '', '');
INSERT INTO `ls_message` VALUES ('194', '0', '0', '11', '', '你的账户于 2019-12-31 13:45:47 账户资金有变化，描述：下单，支付储值卡，订单号: 2000000000012301，可用金额变化 ：-73.60元。', '1577771147', '1577771147', '0', '0', '1', '', '', '0', '', '');
INSERT INTO `ls_message` VALUES ('195', '0', '0', '17', '', '你的账户于 2019-12-31 14:02:26 账户资金有变化，描述：下单，支付储值卡，订单号: 2000000000011901，可用金额变化 ：-71.60元。', '1577772146', '1577772146', '0', '0', '1', '', '', '0', '', '');
INSERT INTO `ls_message` VALUES ('196', '0', '0', '17', '', '你的账户于 2019-12-31 15:03:08 账户资金有变化，描述：下单，支付储值卡，订单号: 2000000000010801，可用金额变化 ：-35.80元。', '1577775788', '1577775788', '0', '0', '1', '', '', '0', '', '');
INSERT INTO `ls_message` VALUES ('197', '0', '0', '17', '', '你的账户于 2019-12-31 15:06:20 账户资金有变化，描述：下单，支付储值卡，订单号: 2000000000013201，可用金额变化 ：-35.80元。', '1577775980', '1577775980', '0', '0', '1', '', '', '0', '', '');
INSERT INTO `ls_message` VALUES ('198', '0', '0', '17', '', '你的账户于 2019-12-31 15:08:44 账户资金有变化，描述：下单，支付储值卡，订单号: 2000000000013301，可用金额变化 ：-20.00元。', '1577776124', '1577776124', '0', '0', '1', '', '', '0', '', '');
INSERT INTO `ls_message` VALUES ('199', '0', '0', '17', '', '你的账户于 2019-12-31 15:12:48 账户资金有变化，描述：下单，支付储值卡，订单号: 2000000000013501，可用金额变化 ：-188.00元。', '1577776368', '1577776368', '0', '0', '1', '', '', '0', '', '');
INSERT INTO `ls_message` VALUES ('200', '0', '0', '17', '', '你的账户于 2019-12-31 17:46:45 账户资金有变化，描述：下单，支付储值卡，订单号: 2000000000014901，可用金额变化 ：-49.80元。', '1577785605', '1577785605', '0', '0', '1', '', '', '0', '', '');
INSERT INTO `ls_message` VALUES ('201', '0', '0', '15', '', '你的账户于 2019-12-31 18:01:37 账户资金有变化，描述：下单，支付储值卡，订单号: 2000000000014801，可用金额变化 ：-110.40元。', '1577786497', '1577786497', '0', '0', '1', '', '', '0', '', '');
INSERT INTO `ls_message` VALUES ('202', '0', '0', '11', '', '你的账户于 2019-12-31 18:43:44 账户资金有变化，描述：下单，支付储值卡，订单号: 2000000000015501，可用金额变化 ：-10.00元。', '1577789024', '1577789024', '0', '0', '1', '', '', '0', '', '');
INSERT INTO `ls_message` VALUES ('203', '0', '0', ',19,', '', '实名认证审核未通过：照片错误', '1577937670', '1577937670', '0', '0', '1', '', '', '1', '', '');
INSERT INTO `ls_message` VALUES ('204', '0', '0', ',17,', '', '实名认证审核未通过：1', '1577937900', '1577937900', '0', '0', '1', '', '', '1', '', '');
INSERT INTO `ls_message` VALUES ('205', '0', '0', ',17,', '', '实名认证审核未通过：1', '1577939165', '1577939165', '0', '0', '1', '', '', '1', '', '');
INSERT INTO `ls_message` VALUES ('206', '0', '0', ',17,', '', '实名认证审核未通过：w', '1577948163', '1577948163', '0', '0', '1', '', '', '1', '', '');
INSERT INTO `ls_message` VALUES ('207', '0', '0', '19', '', '你的账户于 2020-01-02 15:58:20 账户资金有变化，描述：下单，支付储值卡，订单号: 3000000000016001，可用金额变化 ：-10.00元。', '1577951900', '1577951900', '0', '0', '1', '', '', '0', '', '');
INSERT INTO `ls_message` VALUES ('208', '0', '0', '25', '', '你的账户于 2020-01-02 16:13:39 账户资金有变化，描述：管理员调节储值卡【增加】，充值单号: 20010216133995374025,备注：，可用金额变化 ：1000.00元。', '1577952819', '1577952819', '0', '0', '1', '', '', '0', '', '');
INSERT INTO `ls_message` VALUES ('222', '0', '0', '25', '', '你的账户于 2020-01-02 16:46:03 账户资金有变化，描述：下单，支付储值卡，订单号: 3000000000016401，可用金额变化 ：-10.00元。', '1577954763', '1577954763', '0', '0', '1', '', '', '0', '', '');
INSERT INTO `ls_message` VALUES ('223', '0', '0', '15', '', '你的账户于 2020-01-02 16:46:07 账户资金有变化，描述：下单，支付储值卡，订单号: 3000000000016601，可用金额变化 ：-49.80元。', '1577954767', '1577954767', '0', '0', '1', '', '', '0', '', '');
INSERT INTO `ls_message` VALUES ('224', '0', '0', '25', '', '你的账户于 2020-01-02 16:47:00 账户资金有变化，描述：下单，支付储值卡，订单号: 3000000000016701，可用金额变化 ：-10.00元。', '1577954820', '1577954820', '0', '0', '1', '', '', '0', '', '');
INSERT INTO `ls_message` VALUES ('225', '0', '0', '11', '', '你的账户于 2020-01-02 16:54:24 账户资金有变化，描述：下单，支付储值卡，订单号: 3000000000015601，可用金额变化 ：-35.80元。', '1577955264', '1577955264', '0', '0', '1', '', '', '0', '', '');
INSERT INTO `ls_message` VALUES ('226', '0', '0', '25', '', '你的账户于 2020-01-02 16:55:46 账户资金有变化，描述：下单，支付储值卡，订单号: 3000000000016801，可用金额变化 ：-10.00元。', '1577955346', '1577955346', '0', '0', '1', '', '', '0', '', '');
INSERT INTO `ls_message` VALUES ('227', '0', '0', '25', '', '你的账户于 2020-01-02 17:01:53 账户资金有变化，描述：下单，支付储值卡，订单号: 3000000000016901，可用金额变化 ：-10.00元。', '1577955713', '1577955713', '0', '0', '1', '', '', '0', '', '');
INSERT INTO `ls_message` VALUES ('228', '0', '0', '25', '', '你的账户于 2020-01-02 17:10:51 账户资金有变化，描述：下单，支付储值卡，订单号: 3000000000017001，可用金额变化 ：-10.00元。', '1577956251', '1577956251', '0', '0', '1', '', '', '0', '', '');
INSERT INTO `ls_message` VALUES ('231', '0', '0', '25', '', '你的账户于 2020-01-02 17:15:59 账户资金有变化，描述：下单，支付储值卡，订单号: 3000000000017201，可用金额变化 ：-10.00元。', '1577956559', '1577956559', '0', '0', '1', '', '', '0', '', '');
INSERT INTO `ls_message` VALUES ('232', '0', '0', '25', '', '你的账户于 2020-01-02 17:18:07 账户资金有变化，描述：下单，支付储值卡，订单号: 3000000000017301，可用金额变化 ：-10.00元。', '1577956687', '1577956687', '0', '0', '1', '', '', '0', '', '');
INSERT INTO `ls_message` VALUES ('233', '0', '0', '25', '', '你的账户于 2020-01-02 17:19:48 账户资金有变化，描述：下单，支付储值卡，订单号: 3000000000017401，可用金额变化 ：-10.00元。', '1577956788', '1577956788', '0', '0', '1', '', '', '0', '', '');
INSERT INTO `ls_message` VALUES ('234', '0', '0', '25', '', '你的账户于 2020-01-02 17:23:37 账户资金有变化，描述：下单，支付储值卡，订单号: 3000000000017501，可用金额变化 ：-10.00元。', '1577957017', '1577957017', '0', '0', '1', '', '', '0', '', '');
INSERT INTO `ls_message` VALUES ('235', '0', '0', '17', '', '你的账户于 2020-01-02 18:38:42 账户资金有变化，描述：下单，支付储值卡，订单号: 3000000000017601，可用金额变化 ：-10.00元。', '1577961522', '1577961522', '0', '0', '1', '', '', '0', '', '');
INSERT INTO `ls_message` VALUES ('236', '0', '0', ',31,', '', '您好', '1577963166', '1577963166', '0', '0', '1', '', '', '1', '', '');
INSERT INTO `ls_message` VALUES ('237', '0', '0', '15', '', '你的账户于 2020-01-02 22:56:16 账户资金有变化，描述：管理员调节储值卡【增加】，充值单号: 20010222561611247015,备注：，可用金额变化 ：1.00元。', '1577976976', '1577976976', '0', '0', '1', '', '', '0', '', '');
INSERT INTO `ls_message` VALUES ('238', '0', '0', '15', '', '你的账户于 2020-01-02 22:56:31 账户交易码有变化，描述：管理员调节交易码【增加】，充值单号: 20010222563143710015,备注：，交易码变化 ：1.00。', '1577976991', '1577976991', '0', '0', '1', '', '', '0', '', '');
INSERT INTO `ls_message` VALUES ('239', '0', '0', '15', '', '你的账户于 2020-01-02 22:56:39 账户资金有变化，描述：管理员调节储值卡【减少】，充值单号: 20010222563965776015,备注：，可用金额变化 ：-2.00元。', '1577976999', '1577976999', '0', '0', '1', '', '', '0', '', '');
INSERT INTO `ls_message` VALUES ('240', '0', '0', '15', '', '你的账户于 2020-01-02 22:56:55 账户交易码有变化，描述：管理员调节交易码【增加】，充值单号: 20010222565537248015,备注：，交易码变化 ：2.00。', '1577977015', '1577977015', '0', '0', '1', '', '', '0', '', '');
INSERT INTO `ls_message` VALUES ('241', '0', '0', '15', '', '你的账户于 2020-01-02 22:57:03 账户资金有变化，描述：管理员调节储值卡【减少】，充值单号: 20010222570322445015,备注：，可用金额变化 ：-10.00元。', '1577977023', '1577977023', '0', '0', '1', '', '', '0', '', '');
INSERT INTO `ls_message` VALUES ('242', '0', '0', '35', '', '你的账户于 2020-01-02 23:05:33 账户资金有变化，描述：管理员调节储值卡【增加】，充值单号: 20010223053319436035,备注：，可用金额变化 ：1000.00元。', '1577977533', '1577977533', '0', '0', '1', '', '', '0', '', '');
INSERT INTO `ls_message` VALUES ('243', '0', '0', '11', '', '你的账户于 2020-01-02 23:27:16 账户资金有变化，描述：下单，支付储值卡，订单号: 3000000000018601，可用金额变化 ：-10.00元。', '1577978836', '1577978836', '0', '0', '1', '', '', '0', '', '');
INSERT INTO `ls_message` VALUES ('244', '0', '0', '25', '', '你的账户于 2020-01-02 23:31:43 账户资金有变化，描述：下单，支付储值卡，订单号: 3000000000018701，可用金额变化 ：-18.80元。', '1577979103', '1577979103', '0', '0', '1', '', '', '0', '', '');
INSERT INTO `ls_message` VALUES ('245', '0', '0', '11', '', '你的账户于 2020-01-02 23:32:47 账户资金有变化，描述：下单，支付储值卡，订单号: 3000000000018901，可用金额变化 ：-10.00元。', '1577979167', '1577979167', '0', '0', '1', '', '', '0', '', '');
INSERT INTO `ls_message` VALUES ('246', '0', '0', '25', '', '你的账户于 2020-01-02 23:32:55 账户资金有变化，描述：下单，支付储值卡，订单号: 3000000000018801，可用金额变化 ：-18.80元。', '1577979175', '1577979175', '0', '0', '1', '', '', '0', '', '');
INSERT INTO `ls_message` VALUES ('247', '0', '0', '17', '', '你的账户于 2020-01-02 23:34:44 账户资金有变化，描述：下单，支付储值卡，订单号: 3000000000019201，可用金额变化 ：-10.00元。', '1577979284', '1577979284', '0', '0', '1', '', '', '0', '', '');
INSERT INTO `ls_message` VALUES ('248', '0', '0', '35', '', '你的账户于 2020-01-03 00:07:08 账户资金有变化，描述：下单，支付储值卡，订单号: 3000000000019301，可用金额变化 ：-35.80元。', '1577981228', '1577981228', '0', '0', '1', '', '', '0', '', '');
INSERT INTO `ls_message` VALUES ('249', '0', '0', '11', '', '你的账户于 2020-01-03 08:37:24 账户资金有变化，描述：下单，支付储值卡，订单号: 3000000000019401，可用金额变化 ：-35.80元。', '1578011844', '1578011844', '0', '0', '1', '', '', '0', '', '');
INSERT INTO `ls_message` VALUES ('250', '0', '0', '11', '', '你的账户于 2020-01-03 08:37:47 账户资金有变化，描述：下单，支付储值卡，订单号: 3000000000019501，可用金额变化 ：-35.80元。', '1578011867', '1578011867', '0', '0', '1', '', '', '0', '', '');
INSERT INTO `ls_message` VALUES ('251', '0', '0', '11', '', '你的账户于 2020-01-03 08:42:00 账户资金有变化，描述：下单，支付储值卡，订单号: 3000000000019701，可用金额变化 ：-35.80元。', '1578012120', '1578012120', '0', '0', '1', '', '', '0', '', '');
INSERT INTO `ls_message` VALUES ('252', '0', '0', '11', '', '你的账户于 2020-01-03 09:48:31 账户资金有变化，描述：下单，支付储值卡，订单号: 3000000000019901，可用金额变化 ：-35.80元。', '1578016111', '1578016111', '0', '0', '1', '', '', '0', '', '');
INSERT INTO `ls_message` VALUES ('253', '0', '0', '11', '', '你的账户于 2020-01-03 13:37:30 账户资金有变化，描述：下单，支付储值卡，订单号: 3000000000020001，可用金额变化 ：-35.80元。', '1578029850', '1578029850', '0', '0', '1', '', '', '0', '', '');
INSERT INTO `ls_message` VALUES ('254', '0', '0', '11', '', '你的账户于 2020-01-03 15:01:39 账户资金有变化，描述：下单，支付储值卡，订单号: 3000000000020102，可用金额变化 ：-99.60元。', '1578034899', '1578034899', '0', '0', '1', '', '', '0', '', '');
INSERT INTO `ls_message` VALUES ('255', '0', '0', '11', '', '你的账户于 2020-01-03 15:01:39 账户资金有变化，描述：下单，支付储值卡，订单号: 3000000000020101，可用金额变化 ：-76.60元。', '1578034899', '1578034899', '0', '0', '1', '', '', '0', '', '');
INSERT INTO `ls_message` VALUES ('256', '0', '0', '11', '', '你的账户于 2020-01-03 15:02:58 账户资金有变化，描述：下单，支付储值卡，订单号: 3000000000020202，可用金额变化 ：-99.60元。', '1578034978', '1578034978', '0', '0', '1', '', '', '0', '', '');
INSERT INTO `ls_message` VALUES ('257', '0', '0', '11', '', '你的账户于 2020-01-03 15:02:58 账户资金有变化，描述：下单，支付储值卡，订单号: 3000000000020201，可用金额变化 ：-101.60元。', '1578034978', '1578034978', '0', '0', '1', '', '', '0', '', '');
INSERT INTO `ls_message` VALUES ('258', '0', '0', '11', '', '你的账户于 2020-01-03 17:27:41 账户资金有变化，描述：下单，支付储值卡，订单号: 3000000000000101，可用金额变化 ：-118.60元。', '1578043661', '1578043661', '0', '0', '1', '', '', '0', '', '');
INSERT INTO `ls_message` VALUES ('259', '0', '0', '15', '', '你的账户于 2020-01-03 18:12:32 账户交易码有变化，描述：用户申请互转，交易码【增加】 1 ,积分【减少】1，本次交易转换比率为 【1：1】，交易码变化 ：1.00。', '1578046352', '1578046352', '0', '0', '1', '', '', '0', '', '');
INSERT INTO `ls_message` VALUES ('260', '0', '0', '17', '', '你的账户于 2020-01-03 18:54:25 账户交易码有变化，描述：用户申请互转，交易码【增加】 20 ,积分【减少】20，本次交易转换比率为 【1：1】，交易码变化 ：20.00。', '1578048865', '1578048865', '0', '0', '1', '', '', '0', '', '');
INSERT INTO `ls_message` VALUES ('261', '0', '0', '17', '', '你的账户于 2020-01-03 18:58:47 账户资金有变化，描述：用户申请互转，储值卡【增加】 0.4 ,积分【减少】0.4，本次交易转换比率为 【1：1】，可用金额变化 ：0.40元。', '1578049127', '1578049127', '0', '0', '1', '', '', '0', '', '');
INSERT INTO `ls_message` VALUES ('262', '0', '0', '17', '', '你的账户于 2020-01-03 19:10:32 账户资金有变化，描述：用户申请互转，储值卡【增加】 1 ,积分【减少】1，本次交易转换比率为 【1：1】，可用金额变化 ：1.00元。', '1578049832', '1578049832', '0', '0', '1', '', '', '0', '', '');
INSERT INTO `ls_message` VALUES ('263', '0', '0', '17', '', '你的账户于 2020-01-03 19:12:06 账户交易码有变化，描述：用户申请互转，交易码【增加】 0.94 ,积分【减少】0.94，本次交易转换比率为 【1：1】，交易码变化 ：0.94。', '1578049926', '1578049926', '0', '0', '1', '', '', '0', '', '');
INSERT INTO `ls_message` VALUES ('264', '0', '0', '17', '', '你的账户于 2020-01-03 21:08:17 账户资金有变化，描述：下单，支付储值卡，订单号: 3000000000000201，可用金额变化 ：-35.80元。', '1578056897', '1578056897', '0', '0', '1', '', '', '0', '', '');
INSERT INTO `ls_message` VALUES ('265', '0', '0', '11', '', '你的账户于 2020-01-03 21:33:18 账户交易码有变化，描述：用户申请互转，交易码【增加】 1 ,积分【减少】1，本次交易转换比率为 【1：1】，交易码变化 ：1.00。', '1578058398', '1578058398', '0', '0', '1', '', '', '0', '', '');
INSERT INTO `ls_message` VALUES ('266', '0', '0', '17', '', '你的账户于 2020-01-03 21:44:05 账户资金有变化，描述：下单，支付储值卡，订单号: 3000000000000401，可用金额变化 ：-35.80元。', '1578059045', '1578059045', '0', '0', '1', '', '', '0', '', '');
INSERT INTO `ls_message` VALUES ('267', '0', '0', '17', '', '你的账户于 2020-01-03 21:47:44 账户资金有变化，描述：下单，支付储值卡，订单号: 3000000000000501，可用金额变化 ：-37.60元。', '1578059264', '1578059264', '0', '0', '1', '', '', '0', '', '');
INSERT INTO `ls_message` VALUES ('268', '0', '0', '11', '', '你的账户于 2020-01-03 21:54:24 账户交易码有变化，描述：用户申请互转，交易码【增加】 1 ,积分【减少】1，本次交易转换比率为 【1：1】，交易码变化 ：1.00。', '1578059664', '1578059664', '0', '0', '1', '', '', '0', '', '');
INSERT INTO `ls_message` VALUES ('269', '0', '0', '11', '', '你的账户于 2020-01-03 21:58:16 账户资金有变化，描述：下单，支付储值卡，订单号: 3000000000000601，可用金额变化 ：-20.00元。', '1578059896', '1578059896', '0', '0', '1', '', '', '0', '', '');
INSERT INTO `ls_message` VALUES ('270', '0', '0', '11', '', '你的账户于 2020-01-03 23:51:24 账户资金有变化，描述：用户申请互转，储值卡【增加】 1 ,积分【减少】1，本次交易转换比率为 【1：1】，可用金额变化 ：1.00元。', '1578066684', '1578066684', '0', '0', '1', '', '', '0', '', '');
INSERT INTO `ls_message` VALUES ('271', '0', '0', '11', '', '你的账户于 2020-01-03 23:51:29 账户交易码有变化，描述：用户申请互转，交易码【增加】 1 ,积分【减少】1，本次交易转换比率为 【1：1】，交易码变化 ：1.00。', '1578066689', '1578066689', '0', '0', '1', '', '', '0', '', '');
INSERT INTO `ls_message` VALUES ('272', '0', '0', '11', '', '你的账户于 2020-01-03 23:51:33 账户资金有变化，描述：用户申请互转，储值卡【增加】 1 ,积分【减少】1，本次交易转换比率为 【1：1】，可用金额变化 ：1.00元。', '1578066693', '1578066693', '0', '0', '1', '', '', '0', '', '');
INSERT INTO `ls_message` VALUES ('273', '0', '0', '11', '', '你的账户于 2020-01-03 23:51:44 账户资金有变化，描述：用户申请互转，储值卡【增加】 1 ,积分【减少】1，本次交易转换比率为 【1：1】，可用金额变化 ：1.00元。', '1578066704', '1578066704', '0', '0', '1', '', '', '0', '', '');
INSERT INTO `ls_message` VALUES ('274', '0', '0', '11', '', '你的账户于 2020-01-03 23:51:56 账户交易码有变化，描述：用户申请互转，交易码【增加】 1 ,积分【减少】1，本次交易转换比率为 【1：1】，交易码变化 ：1.00。', '1578066716', '1578066716', '0', '0', '1', '', '', '0', '', '');
INSERT INTO `ls_message` VALUES ('275', '0', '0', '11', '', '你的账户于 2020-01-04 09:35:12 账户资金有变化，描述：下单，支付储值卡，订单号: 3000000000001101，可用金额变化 ：-10.00元。', '1578101712', '1578101712', '0', '0', '1', '', '', '0', '', '');
INSERT INTO `ls_message` VALUES ('276', '0', '0', '15', '', '你的账户于 2020-01-04 14:13:45 账户资金有变化，描述：下单，支付储值卡，订单号: 3000000000001001，可用金额变化 ：-38.80元。', '1578118425', '1578118425', '0', '0', '1', '', '', '0', '', '');
INSERT INTO `ls_message` VALUES ('277', '0', '0', '15', '', '你的账户于 2020-01-04 14:14:29 账户资金有变化，描述：下单，支付储值卡，订单号: 3000000000000801，可用金额变化 ：-35.60元。', '1578118469', '1578118469', '0', '0', '1', '', '', '0', '', '');
INSERT INTO `ls_message` VALUES ('278', '0', '0', '11', '', '你的账户于 2020-01-04 17:45:47 账户资金有变化，描述：用户申请互转，储值卡【增加】 1 ,积分【减少】1，本次交易转换比率为 【1：1】，可用金额变化 ：1.00元。', '1578131147', '1578131147', '0', '0', '1', '', '', '0', '', '');
INSERT INTO `ls_message` VALUES ('279', '0', '0', '11', '', '你的账户于 2020-01-04 17:45:55 账户资金有变化，描述：用户申请互转，储值卡【增加】 1 ,积分【减少】1，本次交易转换比率为 【1：1】，可用金额变化 ：1.00元。', '1578131154', '1578131154', '0', '0', '1', '', '', '0', '', '');
INSERT INTO `ls_message` VALUES ('280', '0', '0', '11', '', '你的账户于 2020-01-04 17:46:01 账户资金有变化，描述：用户申请互转，储值卡【增加】 1 ,积分【减少】1，本次交易转换比率为 【1：1】，可用金额变化 ：1.00元。', '1578131161', '1578131161', '0', '0', '1', '', '', '0', '', '');
INSERT INTO `ls_message` VALUES ('281', '0', '0', '11', '', '你的账户于 2020-01-04 17:46:12 账户资金有变化，描述：用户申请互转，储值卡【增加】 1 ,积分【减少】1，本次交易转换比率为 【1：1】，可用金额变化 ：1.00元。', '1578131172', '1578131172', '0', '0', '1', '', '', '0', '', '');
INSERT INTO `ls_message` VALUES ('282', '0', '0', '11', '', '你的账户于 2020-01-04 17:46:32 账户资金有变化，描述：用户申请互转，储值卡【增加】 1 ,积分【减少】1，本次交易转换比率为 【1：1】，可用金额变化 ：1.00元。', '1578131192', '1578131192', '0', '0', '1', '', '', '0', '', '');
INSERT INTO `ls_message` VALUES ('283', '0', '0', '11', '', '你的账户于 2020-01-04 17:46:56 账户交易码有变化，描述：用户申请互转，交易码【增加】 1 ,积分【减少】1，本次交易转换比率为 【1：1】，交易码变化 ：1.00。', '1578131216', '1578131216', '0', '0', '1', '', '', '0', '', '');
INSERT INTO `ls_message` VALUES ('284', '0', '0', '11', '', '你的账户于 2020-01-04 17:48:23 账户交易码有变化，描述：用户申请互转，交易码【增加】 1 ,积分【减少】1，本次交易转换比率为 【1：1】，交易码变化 ：1.00。', '1578131303', '1578131303', '0', '0', '1', '', '', '0', '', '');
INSERT INTO `ls_message` VALUES ('285', '0', '0', '11', '', '你的账户于 2020-01-04 19:42:18 账户资金有变化，描述：用户申请互转，储值卡【增加】 1 ,积分【减少】1，本次交易转换比率为 【1：1】，可用金额变化 ：1.00元。', '1578138138', '1578138138', '0', '0', '1', '', '', '0', '', '');
INSERT INTO `ls_message` VALUES ('286', '0', '0', '11', '', '你的账户于 2020-01-04 19:42:43 账户资金有变化，描述：用户申请互转，储值卡【增加】 1 ,积分【减少】1，本次交易转换比率为 【1：1】，可用金额变化 ：1.00元。', '1578138163', '1578138163', '0', '0', '1', '', '', '0', '', '');
INSERT INTO `ls_message` VALUES ('287', '0', '0', '11', '', '你的账户于 2020-01-04 19:43:06 账户资金有变化，描述：用户申请互转，储值卡【增加】 1 ,积分【减少】1，本次交易转换比率为 【1：1】，可用金额变化 ：1.00元。', '1578138186', '1578138186', '0', '0', '1', '', '', '0', '', '');
INSERT INTO `ls_message` VALUES ('288', '0', '0', '11', '', '你的账户于 2020-01-04 19:43:38 账户资金有变化，描述：用户申请互转，储值卡【增加】 1 ,积分【减少】1，本次交易转换比率为 【1：1】，可用金额变化 ：1.00元。', '1578138218', '1578138218', '0', '0', '1', '', '', '0', '', '');
INSERT INTO `ls_message` VALUES ('289', '0', '0', '11', '', '你的账户于 2020-01-04 19:43:50 账户资金有变化，描述：用户申请互转，储值卡【增加】 1 ,积分【减少】1，本次交易转换比率为 【1：1】，可用金额变化 ：1.00元。', '1578138230', '1578138230', '0', '0', '1', '', '', '0', '', '');
INSERT INTO `ls_message` VALUES ('290', '0', '0', '15', '', '你的账户于 2020-01-04 23:36:26 账户资金有变化，描述：下单，支付储值卡，订单号: 3000000000000701，可用金额变化 ：-35.60元。', '1578152186', '1578152186', '0', '0', '1', '', '', '0', '', '');
INSERT INTO `ls_message` VALUES ('291', '0', '0', '11', '', '你的账户于 2020-01-04 23:38:15 账户资金有变化，描述：下单，支付储值卡，订单号: 3000000000001301，可用金额变化 ：-10.00元。', '1578152295', '1578152295', '0', '0', '1', '', '', '0', '', '');
INSERT INTO `ls_message` VALUES ('292', '0', '0', '11', '', '你的账户于 2020-01-04 23:38:34 账户资金有变化，描述：下单，支付储值卡，订单号: 3000000000001401，可用金额变化 ：-10.00元。', '1578152314', '1578152314', '0', '0', '1', '', '', '0', '', '');
INSERT INTO `ls_message` VALUES ('293', '0', '0', '11', '', '您的订单已经出库。', '1578152537', '1578152537', '0', '0', '1', '', '', '0', '', '');
INSERT INTO `ls_message` VALUES ('294', '0', '0', '11', '', '您的订单已经出库。', '1578152561', '1578152561', '0', '0', '1', '', '', '0', '', '');
INSERT INTO `ls_message` VALUES ('295', '0', '0', '11', '', '您的订单已经出库。', '1578152667', '1578152667', '0', '0', '1', '', '', '0', '', '');
INSERT INTO `ls_message` VALUES ('296', '0', '0', '11', '', '您的订单已经出库。', '1578154819', '1578154819', '0', '0', '1', '', '', '0', '', '');
INSERT INTO `ls_message` VALUES ('297', '0', '0', '11', '', '您的订单已经出库。', '1578190580', '1578190580', '0', '0', '1', '', '', '0', '', '');
INSERT INTO `ls_message` VALUES ('298', '0', '0', '11', '', '你的账户于 2020-01-05 20:07:48 账户资金有变化，描述：用户申请互转，储值卡【增加】 6 ,积分【减少】6，本次交易转换比率为 【1：1】，可用金额变化 ：6.00元。', '1578226068', '1578226068', '0', '0', '1', '', '', '0', '', '');
INSERT INTO `ls_message` VALUES ('299', '0', '0', '11', '', '你的账户于 2020-01-05 22:41:48 账户交易码有变化，描述：用户申请互转，交易码【增加】 6380 ,积分【减少】6380，本次交易转换比率为 【1：1】，交易码变化 ：6380.00。', '1578235308', '1578235308', '0', '0', '1', '', '', '0', '', '');
INSERT INTO `ls_message` VALUES ('300', '0', '0', '11', '', '你的账户于 2020-01-06 17:25:50 账户资金有变化，描述：下单，支付储值卡，订单号: 3000000000002301，可用金额变化 ：-10.00元。', '1578302750', '1578302750', '0', '0', '1', '', '', '0', '', '');
INSERT INTO `ls_message` VALUES ('301', '0', '0', '11', '', '你的账户于 2020-01-07 14:03:45 账户资金有变化，描述：充值，充值单号: 20010714033517724011，可用金额变化 ：0.02元。', '1578377025', '1578377025', '0', '0', '1', '', '', '0', '', '');
INSERT INTO `ls_message` VALUES ('302', '0', '0', '11', '', '你的账户于 2020-01-07 14:09:24 账户资金有变化，描述：管理员调节储值卡【增加】，充值单号: 20010714092487091011,备注：，可用金额变化 ：0.02元。', '1578377364', '1578377364', '0', '0', '1', '', '', '0', '', '');
INSERT INTO `ls_message` VALUES ('303', '0', '0', '11', '', '你的账户于 2020-01-07 14:11:17 账户资金有变化，描述：管理员调节储值卡【增加】，充值单号: 20010714111743022011,备注：，可用金额变化 ：0.02元。', '1578377477', '1578377477', '0', '0', '1', '', '', '0', '', '');
INSERT INTO `ls_message` VALUES ('304', '0', '0', '11', '', '你的账户于 2020-01-07 14:12:40 账户资金有变化，描述：管理员调节储值卡【增加】，充值单号: 20010714124004791011,备注：，可用金额变化 ：0.02元。', '1578377560', '1578377560', '0', '0', '1', '', '', '0', '', '');
INSERT INTO `ls_message` VALUES ('305', '0', '0', '11', '', '你的账户于 2020-01-07 14:14:53 账户资金有变化，描述：管理员调节储值卡【增加】，充值单号: 20010714145355758011,备注：，可用金额变化 ：0.05元。', '1578377693', '1578377693', '0', '0', '1', '', '', '0', '', '');
INSERT INTO `ls_message` VALUES ('306', '0', '0', '11', '', '你的账户于 2020-01-07 14:15:11 账户资金有变化，描述：管理员调节储值卡【增加】，充值单号: 20010714151119950011,备注：，可用金额变化 ：0.02元。', '1578377711', '1578377711', '0', '0', '1', '', '', '0', '', '');
INSERT INTO `ls_message` VALUES ('307', '0', '0', '11', '', '你的账户于 2020-01-07 14:30:48 账户资金有变化，描述：充值，充值单号: 20010714304110099011，可用金额变化 ：0.02元。', '1578378648', '1578378648', '0', '0', '1', '', '', '0', '', '');
INSERT INTO `ls_message` VALUES ('308', '0', '0', '11', '', '你的账户于 2020-01-07 14:35:54 账户资金有变化，描述：充值，充值单号: 20010714353209563011，可用金额变化 ：0.02元。', '1578378954', '1578378954', '0', '0', '1', '', '', '0', '', '');
INSERT INTO `ls_message` VALUES ('309', '0', '0', '25', '', '你的账户于 2020-01-07 14:45:38 账户资金有变化，描述：管理员调节储值卡【增加】，充值单号: 20010714453832819025,备注：，可用金额变化 ：100.00元。', '1578379538', '1578379538', '0', '0', '1', '', '', '0', '', '');
INSERT INTO `ls_message` VALUES ('310', '0', '0', '11', '', '你的账户于 2020-01-07 14:48:19 账户资金有变化，描述：管理员调节储值卡【增加】，充值单号: 20010714481934646011,备注：，可用金额变化 ：100.00元。', '1578379699', '1578379699', '0', '0', '1', '', '', '0', '', '');
INSERT INTO `ls_message` VALUES ('311', '0', '0', '11', '', '你的账户于 2020-01-07 15:08:50 账户资金有变化，描述：管理员调节储值卡【增加】，充值单号: 20010715085028956011,备注：，可用金额变化 ：100.00元。', '1578380930', '1578380930', '0', '0', '1', '', '', '0', '', '');
INSERT INTO `ls_message` VALUES ('312', '0', '0', '11', '', '你的账户于 2020-01-07 15:12:51 账户资金有变化，描述：管理员调节储值卡【增加】，充值单号: 20010715125118112011,备注：，可用金额变化 ：100.00元。', '1578381171', '1578381171', '0', '0', '1', '', '', '0', '', '');
INSERT INTO `ls_message` VALUES ('313', '0', '0', '11', '', '你的账户于 2020-01-07 15:21:19 账户资金有变化，描述：管理员调节储值卡【增加】，充值单号: 20010715211963426011,备注：，可用金额变化 ：100.00元。', '1578381679', '1578381679', '0', '0', '1', '', '', '0', '', '');
INSERT INTO `ls_message` VALUES ('314', '0', '0', '11', '', '你的账户于 2020-01-07 15:22:01 账户资金有变化，描述：管理员调节储值卡【增加】，充值单号: 20010715220144953011,备注：，可用金额变化 ：100.00元。', '1578381721', '1578381721', '0', '0', '1', '', '', '0', '', '');
INSERT INTO `ls_message` VALUES ('315', '0', '0', '11', '', '你的账户于 2020-01-07 15:23:57 账户资金有变化，描述：管理员调节储值卡【增加】，充值单号: 20010715235726028011,备注：，可用金额变化 ：100.00元。', '1578381837', '1578381837', '0', '0', '1', '', '', '0', '', '');
INSERT INTO `ls_message` VALUES ('316', '0', '0', '30', '', '你的账户于 2020-01-07 16:06:38 账户资金有变化，描述：用户申请互转，储值卡【增加】 30 ,积分【减少】30，本次交易转换比率为 【1：1】，可用金额变化 ：30.00元。', '1578384398', '1578384398', '0', '0', '1', '', '', '0', '', '');
INSERT INTO `ls_message` VALUES ('317', '0', '0', '11', '', '你的账户于 2020-01-07 16:46:08 账户资金有变化，描述：管理员调节储值卡【增加】，充值单号: 20010716460885221011,备注：，可用金额变化 ：0.10元。', '1578386768', '1578386768', '0', '0', '1', '', '', '0', '', '');
INSERT INTO `ls_message` VALUES ('318', '0', '0', '11', '', '你的账户于 2020-01-07 16:51:06 账户资金有变化，描述：管理员调节储值卡【增加】，充值单号: 20010716510673073011,备注：，可用金额变化 ：0.10元。', '1578387066', '1578387066', '0', '0', '1', '', '', '0', '', '');
INSERT INTO `ls_message` VALUES ('319', '0', '0', '11', '', '你的账户于 2020-01-07 16:51:31 账户资金有变化，描述：管理员调节储值卡【增加】，充值单号: 20010716513178187011,备注：，可用金额变化 ：0.01元。', '1578387091', '1578387091', '0', '0', '1', '', '', '0', '', '');
INSERT INTO `ls_message` VALUES ('320', '0', '0', '11', '', '你的账户于 2020-01-07 16:53:12 账户资金有变化，描述：管理员调节储值卡【增加】，充值单号: 20010716531241969011,备注：，可用金额变化 ：3212.19元。', '1578387192', '1578387192', '0', '0', '1', '', '', '0', '', '');
INSERT INTO `ls_message` VALUES ('321', '0', '0', '11', '', '你的账户于 2020-01-07 16:54:32 账户资金有变化，描述：管理员调节储值卡【增加】，充值单号: 20010716543299545011,备注：，可用金额变化 ：3212.19元。', '1578387272', '1578387272', '0', '0', '1', '', '', '0', '', '');
INSERT INTO `ls_message` VALUES ('322', '0', '0', '11', '', '你的账户于 2020-01-07 16:55:14 账户资金有变化，描述：管理员调节储值卡【增加】，充值单号: 20010716551484130011,备注：，可用金额变化 ：1.00元。', '1578387314', '1578387314', '0', '0', '1', '', '', '0', '', '');
INSERT INTO `ls_message` VALUES ('323', '0', '0', '11', '', '你的账户于 2020-01-07 16:55:24 账户资金有变化，描述：管理员调节储值卡【增加】，充值单号: 20010716552462690011,备注：，可用金额变化 ：1.00元。', '1578387324', '1578387324', '0', '0', '1', '', '', '0', '', '');
INSERT INTO `ls_message` VALUES ('324', '0', '0', '11', '', '你的账户于 2020-01-07 16:55:35 账户资金有变化，描述：管理员调节储值卡【增加】，充值单号: 20010716553556379011,备注：，可用金额变化 ：4.00元。', '1578387335', '1578387335', '0', '0', '1', '', '', '0', '', '');
INSERT INTO `ls_message` VALUES ('325', '0', '0', '11', '', '你的账户于 2020-01-07 16:55:44 账户资金有变化，描述：管理员调节储值卡【增加】，充值单号: 20010716554464343011,备注：，可用金额变化 ：1000.00元。', '1578387344', '1578387344', '0', '0', '1', '', '', '0', '', '');
INSERT INTO `ls_message` VALUES ('326', '0', '0', '11', '', '你的账户于 2020-01-07 16:55:50 账户资金有变化，描述：管理员调节储值卡【增加】，充值单号: 20010716555036511011,备注：，可用金额变化 ：1.00元。', '1578387350', '1578387350', '0', '0', '1', '', '', '0', '', '');
INSERT INTO `ls_message` VALUES ('327', '0', '0', '11', '', '你的账户于 2020-01-07 16:56:00 账户资金有变化，描述：管理员调节储值卡【增加】，充值单号: 20010716560085121011,备注：，可用金额变化 ：99.00元。', '1578387360', '1578387360', '0', '0', '1', '', '', '0', '', '');
INSERT INTO `ls_message` VALUES ('328', '0', '0', '11', '', '你的账户于 2020-01-07 16:56:21 账户资金有变化，描述：管理员调节储值卡【增加】，充值单号: 20010716562121080011,备注：，可用金额变化 ：1000.00元。', '1578387381', '1578387381', '0', '0', '1', '', '', '0', '', '');
INSERT INTO `ls_message` VALUES ('329', '0', '0', '11', '', '你的账户于 2020-01-07 16:59:55 账户资金有变化，描述：管理员调节储值卡【增加】，充值单号: 20010716595576489011,备注：，可用金额变化 ：999.99元。', '1578387595', '1578387595', '0', '0', '1', '', '', '0', '', '');
INSERT INTO `ls_message` VALUES ('330', '0', '0', '11', '', '你的账户于 2020-01-07 17:00:10 账户资金有变化，描述：管理员调节储值卡【增加】，充值单号: 20010717001022987011,备注：，可用金额变化 ：1000.00元。', '1578387610', '1578387610', '0', '0', '1', '', '', '0', '', '');
INSERT INTO `ls_message` VALUES ('331', '0', '0', '11', '', '你的账户于 2020-01-07 17:07:20 账户资金有变化，描述：管理员调节储值卡【增加】，充值单号: 20010717072060093011,备注：，可用金额变化 ：1000.00元。', '1578388040', '1578388040', '0', '0', '1', '', '', '0', '', '');
INSERT INTO `ls_message` VALUES ('332', '0', '0', '11', '', '你的账户于 2020-01-07 17:18:51 账户资金有变化，描述：管理员调节储值卡【增加】，充值单号: 20010717185166821011,备注：，可用金额变化 ：1000.00元。', '1578388731', '1578388731', '0', '0', '1', '', '', '0', '', '');
INSERT INTO `ls_message` VALUES ('333', '0', '0', '11', '', '你的账户于 2020-01-07 17:40:56 账户资金有变化，描述：管理员调节储值卡【增加】，充值单号: 20010717405689838011,备注：，可用金额变化 ：1000.00元。', '1578390056', '1578390056', '0', '0', '1', '', '', '0', '', '');
INSERT INTO `ls_message` VALUES ('334', '0', '0', '11', '', '你的账户于 2020-01-07 17:41:17 账户资金有变化，描述：管理员调节储值卡【增加】，充值单号: 20010717411712715011,备注：，可用金额变化 ：1000.00元。', '1578390077', '1578390077', '0', '0', '1', '', '', '0', '', '');
INSERT INTO `ls_message` VALUES ('335', '0', '0', '11', '', '你的账户于 2020-01-07 17:42:06 账户资金有变化，描述：管理员调节储值卡【增加】，充值单号: 20010717420608741011,备注：，可用金额变化 ：407.20元。', '1578390126', '1578390126', '0', '0', '1', '', '', '0', '', '');
INSERT INTO `ls_message` VALUES ('336', '0', '0', '11', '', '你的账户于 2020-01-07 17:42:36 账户资金有变化，描述：管理员调节储值卡【增加】，充值单号: 20010717423619136011,备注：，可用金额变化 ：4700.00元。', '1578390156', '1578390156', '0', '0', '1', '', '', '0', '', '');
INSERT INTO `ls_message` VALUES ('337', '0', '0', '11', '', '你的账户于 2020-01-07 18:03:50 账户资金有变化，描述：下单，支付储值卡，订单号: 3000000000000701，可用金额变化 ：-46.80元。', '1578391429', '1578391429', '0', '0', '1', '', '', '0', '', '');
INSERT INTO `ls_message` VALUES ('338', '0', '0', '11', '', '你的账户于 2020-01-07 18:04:27 账户资金有变化，描述：下单，支付储值卡，订单号: 3000000000000802，可用金额变化 ：-49.80元。', '1578391467', '1578391467', '0', '0', '1', '', '', '0', '', '');
INSERT INTO `ls_message` VALUES ('339', '0', '0', '11', '', '你的账户于 2020-01-07 18:04:27 账户资金有变化，描述：下单，支付储值卡，订单号: 3000000000000801，可用金额变化 ：-10.00元。', '1578391467', '1578391467', '0', '0', '1', '', '', '0', '', '');
INSERT INTO `ls_message` VALUES ('340', '0', '0', '11', '', '您的订单已经出库。', '1578391765', '1578391765', '0', '0', '1', '', '', '0', '', '');
INSERT INTO `ls_message` VALUES ('341', '0', '0', '11', '', '你的账户于 2020-01-07 22:46:03 账户资金有变化，描述：下单，支付储值卡，订单号: 3000000000001001，可用金额变化 ：-2.99元。', '1578408363', '1578408363', '0', '0', '1', '', '', '0', '', '');
INSERT INTO `ls_message` VALUES ('342', '0', '0', '17', '', '你的账户于 2020-01-08 10:20:18 账户资金有变化，描述：下单，支付储值卡，订单号: 3000000000000101，可用金额变化 ：-100.00元。', '1578450018', '1578450018', '0', '0', '1', '', '', '0', '', '');
INSERT INTO `ls_message` VALUES ('343', '0', '0', '11', '', '您的订单已经出库。', '1578450290', '1578450290', '0', '0', '1', '', '', '0', '', '');
INSERT INTO `ls_message` VALUES ('344', '0', '0', '17', '', '您的订单已经出库。', '1578450332', '1578450332', '0', '0', '1', '', '', '0', '', '');
INSERT INTO `ls_message` VALUES ('345', '0', '0', '11', '', '你的账户于 2020-01-08 12:56:38 账户资金有变化，描述：下单，支付储值卡，订单号: 3000000000001901，可用金额变化 ：-9.00元。', '1578459398', '1578459398', '0', '0', '1', '', '', '0', '', '');
INSERT INTO `ls_message` VALUES ('346', '0', '0', '11', '', '你的账户于 2020-01-08 14:15:13 账户资金有变化，描述：下单，支付储值卡，订单号: 3000000000002501，可用金额变化 ：-1.00元。', '1578464113', '1578464113', '0', '0', '1', '', '', '0', '', '');
INSERT INTO `ls_message` VALUES ('347', '0', '0', '11', '', '你的账户于 2020-01-08 14:24:38 账户资金有变化，描述：下单，支付储值卡，订单号: 3000000000004201，可用金额变化 ：-1.00元。', '1578464678', '1578464678', '0', '0', '1', '', '', '0', '', '');
INSERT INTO `ls_message` VALUES ('348', '0', '0', '11', '', '你的账户于 2020-01-08 14:35:59 账户资金有变化，描述：下单，支付储值卡，订单号: 3000000000004301，可用金额变化 ：-1.00元。', '1578465359', '1578465359', '0', '0', '1', '', '', '0', '', '');
INSERT INTO `ls_message` VALUES ('349', '0', '0', '11', '', '你的账户于 2020-01-08 15:58:30 账户资金有变化，描述：下单，支付储值卡，订单号: 3000000000005501，可用金额变化 ：-1.00元。', '1578470310', '1578470310', '0', '0', '1', '', '', '0', '', '');
INSERT INTO `ls_message` VALUES ('350', '0', '0', '17', '', '你的账户于 2020-01-08 16:02:29 账户资金有变化，描述：下单，支付储值卡，订单号: 3000000000005601，可用金额变化 ：-300.00元。', '1578470549', '1578470549', '0', '0', '1', '', '', '0', '', '');
INSERT INTO `ls_message` VALUES ('351', '0', '0', '17', '', '你的账户于 2020-01-08 16:12:34 账户资金有变化，描述：下单，支付储值卡，订单号: 3000000000005101，可用金额变化 ：-36.00元。', '1578471154', '1578471154', '0', '0', '1', '', '', '0', '', '');
INSERT INTO `ls_message` VALUES ('352', '0', '0', '11', '', '你的账户于 2020-01-08 16:16:42 账户资金有变化，描述：下单，支付储值卡，订单号: 3000000000005701，可用金额变化 ：-4.58元。', '1578471402', '1578471402', '0', '0', '1', '', '', '0', '', '');
INSERT INTO `ls_message` VALUES ('353', '0', '0', '11', '', '你的账户于 2020-01-08 16:58:17 账户资金有变化，描述：下单，支付储值卡，订单号: 3000000000006001，可用金额变化 ：-1.00元。', '1578473897', '1578473897', '0', '0', '1', '', '', '0', '', '');
INSERT INTO `ls_message` VALUES ('354', '0', '0', '11', '', '你的账户于 2020-01-08 17:15:34 账户资金有变化，描述：下单，支付储值卡，订单号: 3000000000006101，可用金额变化 ：-1.00元。', '1578474934', '1578474934', '0', '0', '1', '', '', '0', '', '');
INSERT INTO `ls_message` VALUES ('355', '0', '0', '11', '', '你的账户于 2020-01-08 17:57:44 账户资金有变化，描述：下单，支付储值卡，订单号: 3000000000006201，可用金额变化 ：-10.00元。', '1578477464', '1578477464', '0', '0', '1', '', '', '0', '', '');
INSERT INTO `ls_message` VALUES ('356', '0', '0', '11', '', '你的账户于 2020-01-08 22:12:57 账户资金有变化，描述：下单，支付储值卡，订单号: 3000000000006301，可用金额变化 ：-1.00元。', '1578492776', '1578492776', '0', '0', '1', '', '', '0', '', '');
INSERT INTO `ls_message` VALUES ('357', '0', '0', '11', '', '你的账户于 2020-01-08 22:13:45 账户资金有变化，描述：用户申请互转，储值卡【增加】 1 ,积分【减少】1，本次交易转换比率为 【1：1】，可用金额变化 ：1.00元。', '1578492825', '1578492825', '0', '0', '1', '', '', '0', '', '');
INSERT INTO `ls_message` VALUES ('358', '0', '0', '11', '', '你的账户于 2020-01-08 22:14:08 账户资金有变化，描述：用户申请互转，储值卡【增加】 59 ,积分【减少】59，本次交易转换比率为 【1：1】，可用金额变化 ：59.00元。', '1578492848', '1578492848', '0', '0', '1', '', '', '0', '', '');
INSERT INTO `ls_message` VALUES ('359', '0', '0', '11', '', '你的账户于 2020-01-08 22:14:59 账户资金有变化，描述：下单，支付储值卡，订单号: 3000000000006401，可用金额变化 ：-2.88元。', '1578492899', '1578492899', '0', '0', '1', '', '', '0', '', '');
INSERT INTO `ls_message` VALUES ('360', '0', '0', '11', '', '你的账户于 2020-01-09 12:08:00 账户资金有变化，描述：下单，支付储值卡，订单号: 3000000000006902，可用金额变化 ：-1.00元。', '1578542880', '1578542880', '0', '0', '1', '', '', '0', '', '');
INSERT INTO `ls_message` VALUES ('361', '0', '0', '11', '', '你的账户于 2020-01-09 12:08:00 账户资金有变化，描述：下单，支付储值卡，订单号: 3000000000006901，可用金额变化 ：-49.80元。', '1578542880', '1578542880', '0', '0', '1', '', '', '0', '', '');

-- -----------------------------
-- Table structure for `ls_navigation`
-- -----------------------------
DROP TABLE IF EXISTS `ls_navigation`;
CREATE TABLE `ls_navigation` (
  `nav_id` int(11) NOT NULL AUTO_INCREMENT COMMENT '页面导航自增ID',
  `nav_type` tinyint(1) NOT NULL DEFAULT '0' COMMENT '页面导航类别，0自定义导航，1商品分类，2文章导航，3活动导航，默认为0',
  `nav_title` varchar(100) DEFAULT NULL COMMENT '页面导航标题',
  `nav_url` varchar(255) DEFAULT NULL COMMENT '页面导航链接',
  `nav_location` varchar(10) NOT NULL COMMENT '页面导航位置，header头部，middle中部，footer底部',
  `nav_new_open` tinyint(1) NOT NULL DEFAULT '0' COMMENT '是否以新窗口打开，0为否，1为是，默认为0',
  `nav_sort` tinyint(3) unsigned NOT NULL DEFAULT '255' COMMENT '页面导航排序',
  `item_id` int(10) unsigned NOT NULL DEFAULT '0' COMMENT '页面导航类别ID，对应着nav_type中的内容，默认为0',
  `nav_is_close` tinyint(1) NOT NULL DEFAULT '0' COMMENT '是否前台显示，0为否，1为是，默认为1',
  PRIMARY KEY (`nav_id`)
) ENGINE=InnoDB AUTO_INCREMENT=17 DEFAULT CHARSET=utf8 COMMENT='页面导航表';

-- -----------------------------
-- Records of `ls_navigation`
-- -----------------------------
INSERT INTO `ls_navigation` VALUES ('4', '0', '店铺街', 'https://shop.bayi-shop.com/Home/storelist', 'middle', '1', '23', '0', '0');
INSERT INTO `ls_navigation` VALUES ('5', '0', '品牌', 'https://shop.bayi-shop.com/Home/brand', 'middle', '1', '24', '0', '0');
INSERT INTO `ls_navigation` VALUES ('6', '0', '周边', 'https://shop.bayi-shop.com/Home/Shopnearby', 'middle', '1', '24', '0', '0');
INSERT INTO `ls_navigation` VALUES ('11', '0', '关于我们', 'https://shop.bayi-shop.com/', 'footer', '1', '255', '0', '0');
INSERT INTO `ls_navigation` VALUES ('12', '0', '联系我们', 'https://shop.bayi-shop.com/', 'footer', '1', '255', '0', '0');
INSERT INTO `ls_navigation` VALUES ('13', '0', '友情链接', 'https://shop.bayi-shop.com/', 'footer', '1', '255', '0', '0');
INSERT INTO `ls_navigation` VALUES ('14', '0', '商城公益', 'https://shop.bayi-shop.com/', 'footer', '1', '255', '0', '0');
INSERT INTO `ls_navigation` VALUES ('15', '0', '商城社区', 'https://shop.bayi-shop.com/', 'footer', '1', '255', '0', '0');
INSERT INTO `ls_navigation` VALUES ('16', '0', '营销中心', 'https://shop.bayi-shop.com/', 'footer', '1', '255', '0', '0');

-- -----------------------------
-- Table structure for `ls_offpayarea`
-- -----------------------------
DROP TABLE IF EXISTS `ls_offpayarea`;
CREATE TABLE `ls_offpayarea` (
  `store_id` int(8) unsigned NOT NULL COMMENT '商家ID',
  `area_id` text COMMENT '县ID组合',
  PRIMARY KEY (`store_id`)
) ENGINE=InnoDB DEFAULT CHARSET=utf8 COMMENT='货到付款支持地区表';


-- -----------------------------
-- Table structure for `ls_order`
-- -----------------------------
DROP TABLE IF EXISTS `ls_order`;
CREATE TABLE `ls_order` (
  `order_id` int(11) NOT NULL AUTO_INCREMENT COMMENT '订单自增id',
  `order_sn` varchar(20) NOT NULL COMMENT '订单编号',
  `pay_sn` varchar(20) NOT NULL COMMENT '支付单号',
  `store_id` int(11) unsigned NOT NULL COMMENT '卖家店铺ID',
  `store_name` varchar(50) NOT NULL COMMENT '卖家店铺名称',
  `buyer_id` int(11) unsigned NOT NULL COMMENT '买家ID',
  `buyer_name` varchar(50) NOT NULL COMMENT '买家姓名',
  `buyer_email` varchar(80) DEFAULT NULL COMMENT '买家电子邮箱',
  `add_time` int(10) unsigned NOT NULL DEFAULT '0' COMMENT '订单生成时间',
  `payment_code` char(20) NOT NULL DEFAULT '' COMMENT '支付方式名称代码',
  `payment_time` int(10) unsigned DEFAULT '0' COMMENT '支付(付款)时间',
  `trade_no` varchar(35) DEFAULT NULL COMMENT '第三方平台交易号',
  `finnshed_time` int(10) unsigned NOT NULL DEFAULT '0' COMMENT '订单完成时间',
  `goods_amount` decimal(10,2) unsigned NOT NULL DEFAULT '0.00' COMMENT '商品总价格',
  `order_amount` decimal(10,2) unsigned NOT NULL DEFAULT '0.00' COMMENT '订单总价格',
  `rcb_amount` decimal(10,2) unsigned NOT NULL DEFAULT '0.00' COMMENT '充值卡支付金额',
  `pd_amount` decimal(10,2) unsigned NOT NULL DEFAULT '0.00' COMMENT '预存款支付金额',
  `shipping_fee` decimal(10,2) unsigned DEFAULT '0.00' COMMENT '运费',
  `evaluation_state` tinyint(4) DEFAULT '0' COMMENT '评价状态 0：未评价 1：已评价 2:已过期未评价',
  `order_state` tinyint(4) NOT NULL DEFAULT '10' COMMENT '订单状态：0:已取消 10:未付款 20:已付款 30:已发货 40:已收货',
  `refund_state` tinyint(1) unsigned DEFAULT '0' COMMENT '退款状态 0:无退款 1:部分退款 2:全部退款',
  `lock_state` tinyint(1) unsigned DEFAULT '0' COMMENT '锁定状态:0:正常,大于0:锁定',
  `delete_state` tinyint(4) NOT NULL DEFAULT '0' COMMENT '删除状态 0:未删除 1:放入回收站 2:彻底删除',
  `refund_amount` decimal(10,2) DEFAULT '0.00' COMMENT '退款金额',
  `delay_time` int(10) unsigned DEFAULT '0' COMMENT '延迟时间,默认为0',
  `order_from` tinyint(4) NOT NULL DEFAULT '1' COMMENT '订单来源，1:PC 2:手机',
  `shipping_code` varchar(50) DEFAULT '' COMMENT '订单物流单号',
  `order_type` tinyint(4) DEFAULT NULL COMMENT '订单类型',
  `ob_no` int(10) unsigned NOT NULL DEFAULT '0' COMMENT '相关结算单号',
  PRIMARY KEY (`order_id`),
  KEY `order_id` (`order_id`),
  KEY `order_sn` (`order_sn`),
  KEY `buyer_id` (`buyer_id`),
  KEY `store_id` (`store_id`)
) ENGINE=InnoDB AUTO_INCREMENT=78 DEFAULT CHARSET=utf8 COMMENT='订单表';

-- -----------------------------
-- Records of `ls_order`
-- -----------------------------
INSERT INTO `ls_order` VALUES ('68', '3000000000006601', '20010911154737875011', '2', '水果大全', '11', 'caijunqi99', '', '1578539747', 'online', '0', '', '0', '49.80', '49.80', '0.00', '0.00', '0.00', '0', '10', '0', '0', '0', '0.00', '0', '1', '', '', '0');
INSERT INTO `ls_order` VALUES ('69', '3000000000006602', '20010911154737875011', '1', '自营店铺', '11', 'caijunqi99', '', '1578539747', 'online', '0', '', '0', '5.08', '5.08', '0.00', '0.00', '0.00', '0', '0', '0', '0', '0', '0.00', '0', '1', '', '', '0');
INSERT INTO `ls_order` VALUES ('70', '3000000000006701', '20010911580492619011', '1', '自营店铺', '11', 'caijunqi99', '', '1578542284', 'online', '0', '', '0', '6.08', '6.08', '0.00', '0.00', '0.00', '0', '0', '0', '0', '0', '0.00', '0', '2', '', '', '0');
INSERT INTO `ls_order` VALUES ('71', '3000000000006702', '20010911580492619011', '2', '水果大全', '11', 'caijunqi99', '', '1578542284', 'online', '0', '', '0', '49.80', '49.80', '0.00', '0.00', '0.00', '0', '10', '0', '0', '0', '0.00', '0', '2', '', '', '0');
INSERT INTO `ls_order` VALUES ('72', '3000000000006801', '20010912011784725011', '2', '水果大全', '11', 'caijunqi99', '', '1578542477', 'online', '0', '', '0', '49.80', '49.80', '0.00', '0.00', '0.00', '0', '10', '0', '0', '0', '0.00', '0', '2', '', '', '0');
INSERT INTO `ls_order` VALUES ('73', '3000000000006802', '20010912011784725011', '1', '自营店铺', '11', 'caijunqi99', '', '1578542477', 'online', '0', '', '0', '3.58', '3.58', '0.00', '0.00', '0.00', '0', '10', '0', '0', '0', '0.00', '0', '2', '', '', '0');
INSERT INTO `ls_order` VALUES ('74', '3000000000006901', '20010912061187389011', '2', '水果大全', '11', 'caijunqi99', '', '1578542771', 'predeposit', '1578542880', '', '0', '49.80', '49.80', '0.00', '49.80', '0.00', '0', '20', '0', '0', '0', '0.00', '0', '2', '', '', '0');
INSERT INTO `ls_order` VALUES ('75', '3000000000006902', '20010912061187389011', '1', '自营店铺', '11', 'caijunqi99', '', '1578542771', 'predeposit', '1578542880', '', '0', '1.00', '1.00', '0.00', '1.00', '0.00', '0', '20', '0', '0', '0', '0.00', '0', '2', '', '', '0');
INSERT INTO `ls_order` VALUES ('76', '3000000000007001', '20010912534225988011', '1', '自营店铺', '11', 'caijunqi99', '', '1578545622', 'online', '0', '', '0', '3.58', '3.58', '0.00', '0.00', '0.00', '0', '10', '0', '0', '0', '0.00', '0', '2', '', '', '0');
INSERT INTO `ls_order` VALUES ('77', '3000000000007101', '20010912535296241011', '1', '自营店铺', '11', 'caijunqi99', '', '1578545632', 'online', '0', '', '0', '3.58', '3.58', '0.00', '0.00', '0.00', '0', '10', '0', '0', '0', '0.00', '0', '2', '', '', '0');

-- -----------------------------
-- Table structure for `ls_orderbill`
-- -----------------------------
DROP TABLE IF EXISTS `ls_orderbill`;
CREATE TABLE `ls_orderbill` (
  `ob_no` int(11) NOT NULL AUTO_INCREMENT COMMENT '结算单编号(年月店铺ID)',
  `ob_startdate` int(11) NOT NULL COMMENT '开始日期',
  `ob_enddate` int(11) NOT NULL COMMENT '结束日期',
  `ob_order_totals` decimal(10,2) NOT NULL DEFAULT '0.00' COMMENT '结算订单金额',
  `ob_shipping_totals` decimal(10,2) NOT NULL DEFAULT '0.00' COMMENT '结算运费',
  `ob_order_return_totals` decimal(10,2) NOT NULL DEFAULT '0.00' COMMENT '结算退单金额',
  `ob_commis_totals` decimal(10,2) NOT NULL DEFAULT '0.00' COMMENT '结算佣金金额',
  `ob_commis_return_totals` decimal(10,2) NOT NULL DEFAULT '0.00' COMMENT '结算退还佣金',
  `ob_store_cost_totals` decimal(10,2) NOT NULL DEFAULT '0.00' COMMENT '店铺促销活动费用',
  `ob_vr_order_totals` decimal(10,2) NOT NULL DEFAULT '0.00' COMMENT '虚拟订单金额',
  `ob_vr_order_return_totals` decimal(10,2) NOT NULL DEFAULT '0.00' COMMENT '虚拟订单退款金额',
  `ob_vr_commis_totals` decimal(10,2) NOT NULL DEFAULT '0.00' COMMENT '虚拟佣金金额',
  `ob_vr_commis_return_totals` decimal(10,2) NOT NULL DEFAULT '0.00' COMMENT '虚拟退还佣金金额',
  `ob_vr_inviter_totals` decimal(10,2) NOT NULL DEFAULT '0.00' COMMENT '虚拟分销佣金金额',
  `ob_result_totals` decimal(10,2) NOT NULL DEFAULT '0.00' COMMENT '应结金额',
  `ob_createdate` int(11) DEFAULT '0' COMMENT '生成结算单日期',
  `ob_state` enum('1','2','3','4') DEFAULT '1' COMMENT '结算状态 1，默认2，店家已确认3，平台已审核4，结算完成',
  `ob_store_id` int(11) NOT NULL COMMENT '店铺ID',
  `ob_store_name` varchar(50) DEFAULT NULL COMMENT '店铺名',
  `ob_inviter_totals` decimal(10,2) NOT NULL DEFAULT '0.00' COMMENT '分销的佣金',
  `ob_seller_content` varchar(255) NOT NULL DEFAULT '' COMMENT '商家备注',
  `ob_admin_content` varchar(255) NOT NULL DEFAULT '' COMMENT '管理员备注',
  PRIMARY KEY (`ob_no`)
) ENGINE=InnoDB DEFAULT CHARSET=utf8 COMMENT='结算表';


-- -----------------------------
-- Table structure for `ls_ordercommon`
-- -----------------------------
DROP TABLE IF EXISTS `ls_ordercommon`;
CREATE TABLE `ls_ordercommon` (
  `order_id` int(11) NOT NULL AUTO_INCREMENT COMMENT '订单ID',
  `store_id` int(10) unsigned NOT NULL COMMENT '店铺ID',
  `shipping_time` int(10) unsigned NOT NULL DEFAULT '0' COMMENT '配送时间',
  `shipping_express_id` tinyint(1) NOT NULL DEFAULT '0' COMMENT '配送公司ID',
  `evaluation_time` int(10) unsigned NOT NULL DEFAULT '0' COMMENT '评价时间',
  `evalseller_state` enum('0','1') NOT NULL DEFAULT '0' COMMENT '卖家是否已评价买家',
  `evalseller_time` int(10) unsigned NOT NULL DEFAULT '0' COMMENT '卖家评价买家的时间',
  `order_message` varchar(300) DEFAULT NULL COMMENT '订单留言',
  `order_pointscount` int(11) NOT NULL DEFAULT '0' COMMENT '订单赠送积分',
  `voucher_price` int(11) DEFAULT NULL COMMENT '代金券面额',
  `voucher_code` varchar(32) DEFAULT NULL COMMENT '代金券编码',
  `deliver_explain` text COMMENT '订单发货备注',
  `daddress_id` mediumint(9) NOT NULL DEFAULT '0' COMMENT '发货地址ID',
  `reciver_name` varchar(50) NOT NULL COMMENT '收货人姓名',
  `reciver_info` varchar(500) NOT NULL COMMENT '收货人其它信息',
  `reciver_province_id` mediumint(8) unsigned NOT NULL DEFAULT '0' COMMENT '收货人省级ID',
  `reciver_city_id` mediumint(8) unsigned NOT NULL DEFAULT '0' COMMENT '收货人市级ID',
  `invoice_info` varchar(500) DEFAULT NULL COMMENT '订单发票信息',
  `promotion_info` varchar(500) DEFAULT NULL COMMENT '订单促销信息备注',
  `dlyo_pickup_code` varchar(4) DEFAULT NULL COMMENT '订单提货码',
  PRIMARY KEY (`order_id`)
) ENGINE=InnoDB AUTO_INCREMENT=78 DEFAULT CHARSET=utf8 COMMENT='订单信息扩展表';

-- -----------------------------
-- Records of `ls_ordercommon`
-- -----------------------------
INSERT INTO `ls_ordercommon` VALUES ('68', '2', '0', '0', '0', '0', '0', '', '0', '', '', '', '0', '冥界警', 'a:6:{s:5:\"phone\";s:11:\"18511310658\";s:9:\"mob_phone\";s:11:\"18511310658\";s:9:\"tel_phone\";s:0:\"\";s:7:\"address\";s:39:\"内蒙古 通辽市 科尔沁区 基因\";s:4:\"area\";s:32:\"内蒙古 通辽市 科尔沁区\";s:6:\"street\";s:6:\"基因\";}', '0', '99', 'a:0:{}', '', '');
INSERT INTO `ls_ordercommon` VALUES ('69', '1', '0', '0', '0', '0', '0', '', '0', '', '', '', '0', '冥界警', 'a:6:{s:5:\"phone\";s:11:\"18511310658\";s:9:\"mob_phone\";s:11:\"18511310658\";s:9:\"tel_phone\";s:0:\"\";s:7:\"address\";s:39:\"内蒙古 通辽市 科尔沁区 基因\";s:4:\"area\";s:32:\"内蒙古 通辽市 科尔沁区\";s:6:\"street\";s:6:\"基因\";}', '0', '99', 'a:0:{}', '', '');
INSERT INTO `ls_ordercommon` VALUES ('70', '1', '0', '0', '0', '0', '0', '', '0', '', '', '', '0', '冥界警', 'a:6:{s:5:\"phone\";s:11:\"18511310658\";s:9:\"mob_phone\";s:11:\"18511310658\";s:9:\"tel_phone\";s:0:\"\";s:7:\"address\";s:39:\"内蒙古 通辽市 科尔沁区 基因\";s:4:\"area\";s:32:\"内蒙古 通辽市 科尔沁区\";s:6:\"street\";s:6:\"基因\";}', '0', '99', 'a:0:{}', '', '');
INSERT INTO `ls_ordercommon` VALUES ('71', '2', '0', '0', '0', '0', '0', '', '0', '', '', '', '0', '冥界警', 'a:6:{s:5:\"phone\";s:11:\"18511310658\";s:9:\"mob_phone\";s:11:\"18511310658\";s:9:\"tel_phone\";s:0:\"\";s:7:\"address\";s:39:\"内蒙古 通辽市 科尔沁区 基因\";s:4:\"area\";s:32:\"内蒙古 通辽市 科尔沁区\";s:6:\"street\";s:6:\"基因\";}', '0', '99', 'a:0:{}', '', '');
INSERT INTO `ls_ordercommon` VALUES ('72', '2', '0', '0', '0', '0', '0', '', '0', '', '', '', '0', '冥界警', 'a:6:{s:5:\"phone\";s:11:\"18511310658\";s:9:\"mob_phone\";s:11:\"18511310658\";s:9:\"tel_phone\";s:0:\"\";s:7:\"address\";s:39:\"内蒙古 通辽市 科尔沁区 基因\";s:4:\"area\";s:32:\"内蒙古 通辽市 科尔沁区\";s:6:\"street\";s:6:\"基因\";}', '0', '99', 'a:0:{}', '', '');
INSERT INTO `ls_ordercommon` VALUES ('73', '1', '0', '0', '0', '0', '0', '', '0', '', '', '', '0', '冥界警', 'a:6:{s:5:\"phone\";s:11:\"18511310658\";s:9:\"mob_phone\";s:11:\"18511310658\";s:9:\"tel_phone\";s:0:\"\";s:7:\"address\";s:39:\"内蒙古 通辽市 科尔沁区 基因\";s:4:\"area\";s:32:\"内蒙古 通辽市 科尔沁区\";s:6:\"street\";s:6:\"基因\";}', '0', '99', 'a:0:{}', '', '');
INSERT INTO `ls_ordercommon` VALUES ('74', '2', '0', '0', '0', '0', '0', '', '50', '', '', '', '0', '冥界警', 'a:6:{s:5:\"phone\";s:11:\"18511310658\";s:9:\"mob_phone\";s:11:\"18511310658\";s:9:\"tel_phone\";s:0:\"\";s:7:\"address\";s:39:\"内蒙古 通辽市 科尔沁区 基因\";s:4:\"area\";s:32:\"内蒙古 通辽市 科尔沁区\";s:6:\"street\";s:6:\"基因\";}', '0', '99', 'a:0:{}', '', '');
INSERT INTO `ls_ordercommon` VALUES ('75', '1', '0', '0', '0', '0', '0', '', '1', '', '', '', '0', '冥界警', 'a:6:{s:5:\"phone\";s:11:\"18511310658\";s:9:\"mob_phone\";s:11:\"18511310658\";s:9:\"tel_phone\";s:0:\"\";s:7:\"address\";s:39:\"内蒙古 通辽市 科尔沁区 基因\";s:4:\"area\";s:32:\"内蒙古 通辽市 科尔沁区\";s:6:\"street\";s:6:\"基因\";}', '0', '99', 'a:0:{}', '', '');
INSERT INTO `ls_ordercommon` VALUES ('76', '1', '0', '0', '0', '0', '0', '', '0', '', '', '', '0', '冥界警', 'a:6:{s:5:\"phone\";s:11:\"18511310658\";s:9:\"mob_phone\";s:11:\"18511310658\";s:9:\"tel_phone\";s:0:\"\";s:7:\"address\";s:39:\"内蒙古 通辽市 科尔沁区 基因\";s:4:\"area\";s:32:\"内蒙古 通辽市 科尔沁区\";s:6:\"street\";s:6:\"基因\";}', '0', '99', 'a:0:{}', '', '');
INSERT INTO `ls_ordercommon` VALUES ('77', '1', '0', '0', '0', '0', '0', '', '0', '', '', '', '0', '冥界警', 'a:6:{s:5:\"phone\";s:11:\"18511310658\";s:9:\"mob_phone\";s:11:\"18511310658\";s:9:\"tel_phone\";s:0:\"\";s:7:\"address\";s:39:\"内蒙古 通辽市 科尔沁区 基因\";s:4:\"area\";s:32:\"内蒙古 通辽市 科尔沁区\";s:6:\"street\";s:6:\"基因\";}', '0', '99', 'a:0:{}', '', '');

-- -----------------------------
-- Table structure for `ls_ordergoods`
-- -----------------------------
DROP TABLE IF EXISTS `ls_ordergoods`;
CREATE TABLE `ls_ordergoods` (
  `rec_id` int(11) NOT NULL AUTO_INCREMENT COMMENT '订单商品表自增ID',
  `order_id` int(11) NOT NULL COMMENT '订单ID',
  `goods_id` int(11) NOT NULL COMMENT '商品ID',
  `goods_name` varchar(200) NOT NULL COMMENT '商品名称',
  `goods_price` decimal(10,2) NOT NULL COMMENT '商品价格',
  `goods_num` smallint(5) unsigned NOT NULL DEFAULT '1' COMMENT '商品数量',
  `goods_image` varchar(100) DEFAULT NULL COMMENT '商品图片',
  `goods_pay_price` decimal(10,2) unsigned NOT NULL COMMENT '商品实际成交价',
  `store_id` int(10) unsigned NOT NULL DEFAULT '0' COMMENT '店铺ID',
  `buyer_id` int(10) unsigned NOT NULL DEFAULT '0' COMMENT '买家ID',
  `goods_type` enum('1','2','3','4','5','6','7','8') NOT NULL DEFAULT '1' COMMENT '1默认2抢购商品3限时折扣商品4组合套装5赠品6拼团7会员等级折扣8砍价',
  `promotions_id` mediumint(8) unsigned NOT NULL DEFAULT '0' COMMENT '促销活动ID（抢购ID/限时折扣ID/优惠套装ID）与goods_type搭配使用',
  `commis_rate` smallint(5) unsigned NOT NULL DEFAULT '0' COMMENT '佣金比例',
  `gc_id` mediumint(8) unsigned NOT NULL DEFAULT '0' COMMENT '商品最底级分类ID',
  PRIMARY KEY (`rec_id`),
  KEY `order_id` (`order_id`)
) ENGINE=InnoDB AUTO_INCREMENT=86 DEFAULT CHARSET=utf8 COMMENT='订单商品表';

-- -----------------------------
-- Records of `ls_ordergoods`
-- -----------------------------
INSERT INTO `ls_ordergoods` VALUES ('73', '68', '176', '绿企 海南芒果青芒10斤一整箱新鲜水果金煌芒果凯特芒果批发包邮5', '49.80', '1', 'alioss_2_2019121314291160951.jpg', '49.80', '2', '11', '1', '0', '0', '293');
INSERT INTO `ls_ordergoods` VALUES ('74', '69', '146', '现摘水蜜桃子水果新鲜雪桃10斤整箱包邮冬桃甜当季时令孕妇毛桃蟠', '3.58', '1', 'alioss_1_2019121301242837787.jpg', '3.58', '1', '11', '7', '0', '0', '77');
INSERT INTO `ls_ordergoods` VALUES ('75', '69', '179', '幕府李 甘肃天水花牛苹果 蛇果平安果 新鲜水果 净重5斤果径（75-80mm）', '1.50', '1', 'alioss_1_2019121311550076050.jpg', '1.50', '1', '11', '7', '0', '0', '75');
INSERT INTO `ls_ordergoods` VALUES ('76', '70', '136', '红薯红薯红薯红薯红薯', '1.00', '1', 'alioss_1_2019121117450292048.jpg', '1.00', '1', '11', '7', '0', '0', '94');
INSERT INTO `ls_ordergoods` VALUES ('77', '70', '179', '幕府李 甘肃天水花牛苹果 蛇果平安果 新鲜水果 净重5斤果径（75-80mm）', '1.50', '1', 'alioss_1_2019121311550076050.jpg', '1.50', '1', '11', '7', '0', '0', '75');
INSERT INTO `ls_ordergoods` VALUES ('78', '70', '146', '现摘水蜜桃子水果新鲜雪桃10斤整箱包邮冬桃甜当季时令孕妇毛桃蟠', '3.58', '1', 'alioss_1_2019121301242837787.jpg', '3.58', '1', '11', '7', '0', '0', '77');
INSERT INTO `ls_ordergoods` VALUES ('79', '71', '176', '绿企 海南芒果青芒10斤一整箱新鲜水果金煌芒果凯特芒果批发包邮5', '49.80', '1', 'alioss_2_2019121314291160951.jpg', '49.80', '2', '11', '1', '0', '0', '293');
INSERT INTO `ls_ordergoods` VALUES ('80', '72', '176', '绿企 海南芒果青芒10斤一整箱新鲜水果金煌芒果凯特芒果批发包邮5', '49.80', '1', 'alioss_2_2019121314291160951.jpg', '49.80', '2', '11', '1', '0', '0', '293');
INSERT INTO `ls_ordergoods` VALUES ('81', '73', '146', '现摘水蜜桃子水果新鲜雪桃10斤整箱包邮冬桃甜当季时令孕妇毛桃蟠', '3.58', '1', 'alioss_1_2019121301242837787.jpg', '3.58', '1', '11', '7', '0', '0', '77');
INSERT INTO `ls_ordergoods` VALUES ('82', '74', '176', '绿企 海南芒果青芒10斤一整箱新鲜水果金煌芒果凯特芒果批发包邮5', '49.80', '1', 'alioss_2_2019121314291160951.jpg', '49.80', '2', '11', '1', '0', '0', '293');
INSERT INTO `ls_ordergoods` VALUES ('83', '75', '136', '红薯红薯红薯红薯红薯', '1.00', '1', 'alioss_1_2019121117450292048.jpg', '1.00', '1', '11', '7', '0', '0', '94');
INSERT INTO `ls_ordergoods` VALUES ('84', '76', '146', '现摘水蜜桃子水果新鲜雪桃10斤整箱包邮冬桃甜当季时令孕妇毛桃蟠', '3.58', '1', 'alioss_1_2019121301242837787.jpg', '3.58', '1', '11', '7', '0', '0', '77');
INSERT INTO `ls_ordergoods` VALUES ('85', '77', '146', '现摘水蜜桃子水果新鲜雪桃10斤整箱包邮冬桃甜当季时令孕妇毛桃蟠', '3.58', '1', 'alioss_1_2019121301242837787.jpg', '3.58', '1', '11', '7', '0', '0', '77');

-- -----------------------------
-- Table structure for `ls_orderinviter`
-- -----------------------------
DROP TABLE IF EXISTS `ls_orderinviter`;
CREATE TABLE `ls_orderinviter` (
  `orderinviter_id` int(10) unsigned NOT NULL AUTO_INCREMENT COMMENT '分销详情自增ID',
  `orderinviter_order_id` int(10) unsigned NOT NULL COMMENT '订单ID',
  `orderinviter_member_id` int(10) unsigned NOT NULL COMMENT '推荐人ID',
  `orderinviter_money` decimal(10,2) unsigned NOT NULL COMMENT '佣金',
  `orderinviter_remark` varchar(255) NOT NULL COMMENT '分销详情备注',
  `orderinviter_member_name` varchar(60) NOT NULL COMMENT '推荐人用户名',
  `orderinviter_order_sn` varchar(20) NOT NULL COMMENT '订单号',
  `orderinviter_goods_commonid` int(10) unsigned NOT NULL COMMENT '商品公共id',
  `orderinviter_goods_id` int(10) unsigned NOT NULL COMMENT '商品id',
  `orderinviter_level` int(10) unsigned NOT NULL COMMENT '分销级别',
  `orderinviter_goods_name` varchar(200) NOT NULL COMMENT '商品名称',
  `orderinviter_valid` tinyint(1) unsigned NOT NULL DEFAULT '0' COMMENT '是否有效',
  `orderinviter_store_id` int(10) unsigned NOT NULL COMMENT '店铺id',
  `orderinviter_order_type` tinyint(1) unsigned NOT NULL COMMENT '订单类型（0实物订单1虚拟订单）',
  `orderinviter_goods_quantity` int(10) unsigned NOT NULL COMMENT '商品数量',
  `orderinviter_goods_amount` decimal(10,2) unsigned NOT NULL COMMENT '商品金额',
  `orderinviter_store_name` varchar(60) NOT NULL COMMENT '店铺名',
  `orderinviter_addtime` int(10) unsigned NOT NULL COMMENT '添加时间',
  PRIMARY KEY (`orderinviter_id`)
) ENGINE=InnoDB DEFAULT CHARSET=utf8 COMMENT='分销详情表';


-- -----------------------------
-- Table structure for `ls_orderlog`
-- -----------------------------
DROP TABLE IF EXISTS `ls_orderlog`;
CREATE TABLE `ls_orderlog` (
  `log_id` int(11) NOT NULL AUTO_INCREMENT COMMENT '订单记录自增ID',
  `order_id` int(11) NOT NULL COMMENT '订单id',
  `log_msg` varchar(150) DEFAULT '' COMMENT '订单记录文字描述',
  `log_time` int(10) unsigned NOT NULL COMMENT '订单记录处理时间',
  `log_role` char(2) NOT NULL COMMENT '操作角色',
  `log_user` varchar(30) DEFAULT '' COMMENT '操作人',
  `log_orderstate` enum('0','10','20','30','40') DEFAULT NULL COMMENT '订单状态：0:已取消10:未付款;20:已付款;30:已发货;40:已收货;',
  PRIMARY KEY (`log_id`)
) ENGINE=InnoDB AUTO_INCREMENT=30 DEFAULT CHARSET=utf8 COMMENT='订单记录表';

-- -----------------------------
-- Records of `ls_orderlog`
-- -----------------------------
INSERT INTO `ls_orderlog` VALUES ('26', '69', '取消了订单 ( 改买其他商品 )', '1578542058', '买家', 'caijunqi99', '0');
INSERT INTO `ls_orderlog` VALUES ('27', '70', '取消了订单 ( 其他原因 )', '1578542347', '买家', 'caijunqi99', '0');
INSERT INTO `ls_orderlog` VALUES ('28', '75', '完成了付款', '1578542880', '买家', '', '20');
INSERT INTO `ls_orderlog` VALUES ('29', '74', '完成了付款', '1578542880', '买家', '', '20');

-- -----------------------------
-- Table structure for `ls_orderpay`
-- -----------------------------
DROP TABLE IF EXISTS `ls_orderpay`;
CREATE TABLE `ls_orderpay` (
  `pay_id` int(10) unsigned NOT NULL AUTO_INCREMENT COMMENT '订单支付自增ID',
  `pay_sn` varchar(20) NOT NULL COMMENT '支付单号',
  `buyer_id` int(10) unsigned NOT NULL COMMENT '买家ID',
  `api_paystate` enum('0','1') DEFAULT '0' COMMENT '0默认未支付1已支付(只有第三方支付接口通知到时才会更改此状态)',
  PRIMARY KEY (`pay_id`)
) ENGINE=InnoDB AUTO_INCREMENT=72 DEFAULT CHARSET=utf8 COMMENT='订单支付表';

-- -----------------------------
-- Records of `ls_orderpay`
-- -----------------------------
INSERT INTO `ls_orderpay` VALUES ('66', '20010911154737875011', '11', '0');
INSERT INTO `ls_orderpay` VALUES ('67', '20010911580492619011', '11', '0');
INSERT INTO `ls_orderpay` VALUES ('68', '20010912011784725011', '11', '0');
INSERT INTO `ls_orderpay` VALUES ('69', '20010912061187389011', '11', '0');
INSERT INTO `ls_orderpay` VALUES ('70', '20010912534225988011', '11', '0');
INSERT INTO `ls_orderpay` VALUES ('71', '20010912535296241011', '11', '0');

-- -----------------------------
-- Table structure for `ls_orderstatis`
-- -----------------------------
DROP TABLE IF EXISTS `ls_orderstatis`;
CREATE TABLE `ls_orderstatis` (
  `os_month` mediumint(9) unsigned NOT NULL DEFAULT '0' COMMENT '统计编号(年月)',
  `os_order_totals` decimal(10,2) NOT NULL DEFAULT '0.00' COMMENT '订单金额',
  `os_shipping_totals` decimal(10,2) NOT NULL DEFAULT '0.00' COMMENT '运费',
  `os_order_returntotals` decimal(10,2) NOT NULL DEFAULT '0.00' COMMENT '退单金额',
  `os_commis_totals` decimal(10,2) NOT NULL DEFAULT '0.00' COMMENT '佣金金额',
  `os_commis_returntotals` decimal(10,2) NOT NULL DEFAULT '0.00' COMMENT '退还佣金',
  `os_store_costtotals` decimal(10,2) NOT NULL DEFAULT '0.00' COMMENT '店铺促销活动费用',
  `os_vr_order_totals` decimal(10,2) NOT NULL DEFAULT '0.00' COMMENT '虚拟订单金额',
  `os_vr_order_return_totals` decimal(10,2) NOT NULL DEFAULT '0.00' COMMENT '虚拟订单退款金额',
  `os_vr_commis_totals` decimal(10,2) NOT NULL DEFAULT '0.00' COMMENT '虚拟佣金金额',
  `os_vr_commis_return_totals` decimal(10,2) NOT NULL DEFAULT '0.00' COMMENT '虚拟退还佣金金额',
  `os_vr_inviter_totals` decimal(10,2) NOT NULL DEFAULT '0.00' COMMENT '虚拟分销佣金金额',
  `os_result_totals` decimal(10,2) NOT NULL DEFAULT '0.00' COMMENT '本期应结',
  `os_createdate` int(11) DEFAULT NULL COMMENT '创建记录日期',
  `os_inviter_totals` decimal(10,2) unsigned NOT NULL DEFAULT '0.00' COMMENT '分销佣金',
  PRIMARY KEY (`os_month`)
) ENGINE=InnoDB DEFAULT CHARSET=utf8 COMMENT='月销量统计表';


-- -----------------------------
-- Table structure for `ls_payment`
-- -----------------------------
DROP TABLE IF EXISTS `ls_payment`;
CREATE TABLE `ls_payment` (
  `payment_code` char(20) NOT NULL COMMENT '支付代码',
  `payment_name` char(20) NOT NULL COMMENT '支付名称',
  `payment_config` text COMMENT '支付接口配置信息',
  `payment_platform` char(10) NOT NULL COMMENT '支付方式所适应平台 pc h5 app',
  `payment_state` enum('0','1') NOT NULL DEFAULT '0' COMMENT '接口状态0禁用1启用',
  PRIMARY KEY (`payment_code`)
) ENGINE=InnoDB DEFAULT CHARSET=utf8 COMMENT='支付方式表';

-- -----------------------------
-- Records of `ls_payment`
-- -----------------------------
INSERT INTO `ls_payment` VALUES ('alipay', '支付宝PC支付', 'a:4:{s:12:\"alipay_appid\";s:16:\"2019121069859014\";s:10:\"public_key\";s:392:\"MIIBIjANBgkqhkiG9w0BAQEFAAOCAQ8AMIIBCgKCAQEAq1uHiuxV+dVhi5ULceFRU+3Y5J3RaEcmXVOiRo0rdFWo7inafVg3sX8caK1SdfKpg9jvaCAySt5J0NSK2X5S9JY795IvQQMazBU4zq2boe3zicWl8kw9xPBnim4kPptRuZPndz6qsjDOjqrY6+eOgKYpaFHnb+PTq68UJFopMsV3lOgF2Yp38IdZCC7+c33Zh1yQYaegLMArH/W7XjQsUEh0dy0OZTGS+ZgDuJlC8q8+ZBoq48sSPFoBVhBn6Ir5be44TE48nGeXagjoH+MA9Lu5WS/WCcYeESPZNXMz/DK6HWKZZ2Gn2W7q1FQXSpdBYAX8qeZ40EW/EJfk8ioBMQIDAQAB\";s:11:\"private_key\";s:1588:\"MIIEogIBAAKCAQEAgkgDJxEm7SN7eE09FpfKR4+jzMpHlriblAuv/sUSLwDIxGF8UrEypzvA9tzODRCwEoQEKKKAEGN29KYyh7elXOr1FmDM5+Ajdj5NzoXjE6/usZUoReLw1JTCdfvsIRXQp8oMqNNtUjouXVTNPb98tZor1YFm8XWNJeEhOnX5dsvkYZ3gf6mwR09ZXYcIdTSWv6A0rH15KKb5A1GWSuwSzCSSoFeuztvPtP1On9oLqQFa9oOOHO7ksyX30Z+rkSAIUo0U4PwukEsm2Ub11wxeFOJOfEjvgs9HnH2xlUCikPTMQHCcVlMGUGCwcqo5jLXah90wtlI/XT/UnmdyDTt0QwIDAQABAoIBAGmryUrVwbIU1qAEXilGIx8aJe0EoT5iLGbPeAf4hsAzLaUDwVg9O+2jLOfOvx6fy4CpLcpby+3/D0xuxYuJbIpKVVK6X1kwVvMgo/GAbWfZiozlg83zvg1fP798/9DyJdUCsHP7Ua+hW1v+XZ7ZA2k1TJqXpAzzoPH5gf8uE5LDsQuf4U0ss3vvIBTEoH1PaNL/Pk1M8FNQHc7kMzSx+hx2tXwxvn7xXDxNmi9OHLhCMvKKDK/HePCLhD0y6DKI+yZsfOUEZK9KiOUVSFszROCucEdhk5s0xPXT1zE8Y9mB5aBNBGyVgpYLXxQ2Q2pIyFn3fO5x1emjwsJUgPjJ4hECgYEA0pkps6dVqWdvBmUVE6laFwvtNllDQVZghKT5Mla0kWK5a23ms7crBwnL+f7DS0dxCPRwIYKnYvTWqd6BMDxBiShLNn00UNavyPHp36dpshdMZFh8pnhwcEXMrjZsFtU9k1MTsmuinhXl3yx14s1sf/hat2kW9s2m494OVzrVxMkCgYEAnl4vnvGQS4ILciANfXLLCzyNjZOxM7jJh2kgykdEOujM80bsHuLP+wVUCpluHLmB+QQUTfDEiMn8d4MxBqYzFwYLFgfPRkGS48/1Fupv74sze26phifWWPTRhAcGB25Ea3WwYTuwO6KYa5yzmzF7Ef2bdFsmlTfvTDIW2cWT8qsCgYAR5ukvl2LlwqAieAdBo5y/5sikXRQlgrUzsV5plAtHbI/8fNwmnMRwlbmcJ7bsOEd4jmbVwmh+Nffler+anRSpFx7FpAEFeip5N289DtsiQ26//PGjqQtNz/ElQgUQL9JLKr265gFt1Mi0nu/qdrHpcvArNSi5lCPCrQalDaBMWQKBgCMyv9bNzcpafvzAjv8A0owOy09aMhpSycfk37rVmB6Xu2Wer8A1nRAnoQQyEb0kpfSYqYKhLq1QZ2KQsAbQTa6iUzh0R+dPj7w+bjTHqlVNVQXsFJWSqRtgXmi/vuFL6r0PjUIvJ/45JzNTwr+NgdL/0NtNnwevROpkf5urRDS9AoGASbQI9YqzSKWNMHkxWQ8Ulk1qGraJtHh4b3ruz4OrKu/zsaXlrYnA0ZMz98rdjkUGIPw3SP/CQeuL6GKX9YH7bpFTRSvjtTnICaIuqMouO4pdQ2DjZ51oTUNTafflAOxrQ/0gWf0MITGWEbjh3bLHsWiKbxjJfBLAp+UzOqrUZNg=\";s:25:\"alipay_trade_refund_state\";s:1:\"0\";}', 'pc', '1');
INSERT INTO `ls_payment` VALUES ('alipay_app', '支付宝APP支付', 'a:3:{s:12:\"alipay_appid\";s:16:\"2019121069859014\";s:10:\"public_key\";s:392:\"MIIBIjANBgkqhkiG9w0BAQEFAAOCAQ8AMIIBCgKCAQEAq1uHiuxV+dVhi5ULceFRU+3Y5J3RaEcmXVOiRo0rdFWo7inafVg3sX8caK1SdfKpg9jvaCAySt5J0NSK2X5S9JY795IvQQMazBU4zq2boe3zicWl8kw9xPBnim4kPptRuZPndz6qsjDOjqrY6+eOgKYpaFHnb+PTq68UJFopMsV3lOgF2Yp38IdZCC7+c33Zh1yQYaegLMArH/W7XjQsUEh0dy0OZTGS+ZgDuJlC8q8+ZBoq48sSPFoBVhBn6Ir5be44TE48nGeXagjoH+MA9Lu5WS/WCcYeESPZNXMz/DK6HWKZZ2Gn2W7q1FQXSpdBYAX8qeZ40EW/EJfk8ioBMQIDAQAB\";s:11:\"private_key\";s:1588:\"MIIEogIBAAKCAQEAgkgDJxEm7SN7eE09FpfKR4+jzMpHlriblAuv/sUSLwDIxGF8UrEypzvA9tzODRCwEoQEKKKAEGN29KYyh7elXOr1FmDM5+Ajdj5NzoXjE6/usZUoReLw1JTCdfvsIRXQp8oMqNNtUjouXVTNPb98tZor1YFm8XWNJeEhOnX5dsvkYZ3gf6mwR09ZXYcIdTSWv6A0rH15KKb5A1GWSuwSzCSSoFeuztvPtP1On9oLqQFa9oOOHO7ksyX30Z+rkSAIUo0U4PwukEsm2Ub11wxeFOJOfEjvgs9HnH2xlUCikPTMQHCcVlMGUGCwcqo5jLXah90wtlI/XT/UnmdyDTt0QwIDAQABAoIBAGmryUrVwbIU1qAEXilGIx8aJe0EoT5iLGbPeAf4hsAzLaUDwVg9O+2jLOfOvx6fy4CpLcpby+3/D0xuxYuJbIpKVVK6X1kwVvMgo/GAbWfZiozlg83zvg1fP798/9DyJdUCsHP7Ua+hW1v+XZ7ZA2k1TJqXpAzzoPH5gf8uE5LDsQuf4U0ss3vvIBTEoH1PaNL/Pk1M8FNQHc7kMzSx+hx2tXwxvn7xXDxNmi9OHLhCMvKKDK/HePCLhD0y6DKI+yZsfOUEZK9KiOUVSFszROCucEdhk5s0xPXT1zE8Y9mB5aBNBGyVgpYLXxQ2Q2pIyFn3fO5x1emjwsJUgPjJ4hECgYEA0pkps6dVqWdvBmUVE6laFwvtNllDQVZghKT5Mla0kWK5a23ms7crBwnL+f7DS0dxCPRwIYKnYvTWqd6BMDxBiShLNn00UNavyPHp36dpshdMZFh8pnhwcEXMrjZsFtU9k1MTsmuinhXl3yx14s1sf/hat2kW9s2m494OVzrVxMkCgYEAnl4vnvGQS4ILciANfXLLCzyNjZOxM7jJh2kgykdEOujM80bsHuLP+wVUCpluHLmB+QQUTfDEiMn8d4MxBqYzFwYLFgfPRkGS48/1Fupv74sze26phifWWPTRhAcGB25Ea3WwYTuwO6KYa5yzmzF7Ef2bdFsmlTfvTDIW2cWT8qsCgYAR5ukvl2LlwqAieAdBo5y/5sikXRQlgrUzsV5plAtHbI/8fNwmnMRwlbmcJ7bsOEd4jmbVwmh+Nffler+anRSpFx7FpAEFeip5N289DtsiQ26//PGjqQtNz/ElQgUQL9JLKr265gFt1Mi0nu/qdrHpcvArNSi5lCPCrQalDaBMWQKBgCMyv9bNzcpafvzAjv8A0owOy09aMhpSycfk37rVmB6Xu2Wer8A1nRAnoQQyEb0kpfSYqYKhLq1QZ2KQsAbQTa6iUzh0R+dPj7w+bjTHqlVNVQXsFJWSqRtgXmi/vuFL6r0PjUIvJ/45JzNTwr+NgdL/0NtNnwevROpkf5urRDS9AoGASbQI9YqzSKWNMHkxWQ8Ulk1qGraJtHh4b3ruz4OrKu/zsaXlrYnA0ZMz98rdjkUGIPw3SP/CQeuL6GKX9YH7bpFTRSvjtTnICaIuqMouO4pdQ2DjZ51oTUNTafflAOxrQ/0gWf0MITGWEbjh3bLHsWiKbxjJfBLAp+UzOqrUZNg=\";}', 'app', '1');
INSERT INTO `ls_payment` VALUES ('offline', '线下汇款', 'a:3:{s:7:\"account\";s:30:\"兵赢天下网络有限公司\";s:4:\"bank\";s:54:\"中国建设银行股份有限公司松原江南支行\";s:10:\"accountnum\";s:20:\"22050167393800000760\";}', 'app', '1');
INSERT INTO `ls_payment` VALUES ('predeposit', '预存款支付', 'a:0:{}', 'pc', '1');
INSERT INTO `ls_payment` VALUES ('unionpay', '银联PC支付', 'a:0:{}', 'pc', '1');
INSERT INTO `ls_payment` VALUES ('wxpay_app', '微信APP支付', 'a:4:{s:8:\"wx_appid\";s:18:\"wxb53dbb4718418f8e\";s:12:\"wx_appsecret\";s:32:\"cd1aa47a2d71c5264e71f0d843f80cfd\";s:9:\"wx_mch_id\";s:10:\"1568419231\";s:6:\"wx_key\";s:32:\"bingyingtianxia15304538341AAAAAA\";}', 'app', '1');
INSERT INTO `ls_payment` VALUES ('wxpay_h5', '微信H5支付', 'a:4:{s:8:\"wx_appid\";s:18:\"wxb53dbb4718418f8e\";s:12:\"wx_appsecret\";s:32:\"cd1aa47a2d71c5264e71f0d843f80cfd\";s:9:\"wx_mch_id\";s:10:\"1568419231\";s:6:\"wx_key\";s:32:\"bingyingtianxia15304538341AAAAAA\";}', 'h5', '1');
INSERT INTO `ls_payment` VALUES ('wxpay_native', '微信扫码支付', 'a:7:{s:8:\"wx_appid\";s:18:\"wxb53dbb4718418f8e\";s:12:\"wx_appsecret\";s:32:\"cd1aa47a2d71c5264e71f0d843f80cfd\";s:9:\"wx_mch_id\";s:10:\"1568419231\";s:6:\"wx_key\";s:32:\"bingyingtianxia15304538341AAAAAA\";s:21:\"wx_trade_refund_state\";s:1:\"0\";s:15:\"wx_sslcert_path\";s:28:\"home/cert/apiclient_cert.pem\";s:14:\"wx_sslkey_path\";s:27:\"home/cert/apiclient_key.pem\";}', 'pc', '1');

-- -----------------------------
-- Table structure for `ls_pbargain`
-- -----------------------------
DROP TABLE IF EXISTS `ls_pbargain`;
CREATE TABLE `ls_pbargain` (
  `bargain_id` int(10) unsigned NOT NULL AUTO_INCREMENT COMMENT '砍价活动自增ID',
  `member_id` int(11) unsigned NOT NULL COMMENT '卖家用户ID',
  `member_name` varchar(50) NOT NULL COMMENT '卖家用户名',
  `store_name` varchar(50) NOT NULL COMMENT '店铺名称',
  `store_id` int(11) unsigned NOT NULL COMMENT '店铺ID',
  `bargainquota_id` int(10) unsigned NOT NULL COMMENT '砍价套餐ID',
  `bargain_name` varchar(50) NOT NULL COMMENT '砍价名称',
  `bargain_goods_id` int(11) unsigned NOT NULL COMMENT '商品ID',
  `bargain_goods_name` varchar(200) NOT NULL COMMENT '商品名称',
  `bargain_goods_image` varchar(100) DEFAULT '' COMMENT '商品图片',
  `bargain_goods_price` decimal(10,2) NOT NULL COMMENT '商品原价',
  `bargain_goods_commonid` int(10) unsigned NOT NULL COMMENT '商品公共表ID',
  `bargain_limit` int(10) unsigned NOT NULL DEFAULT '0' COMMENT '砍价限购数量',
  `bargain_time` int(10) unsigned NOT NULL DEFAULT '0' COMMENT '砍价有效期/小时',
  `bargain_floorprice` decimal(10,2) NOT NULL COMMENT '商品底价',
  `bargain_total` int(10) unsigned NOT NULL DEFAULT '0' COMMENT '共多少刀砍至底价',
  `bargain_max` decimal(10,2) NOT NULL COMMENT '每刀最多可砍金额',
  `bargain_remark` varchar(50) NOT NULL COMMENT '分享描述',
  `bargain_begintime` int(10) unsigned NOT NULL COMMENT '砍价开始时间',
  `bargain_endtime` int(10) unsigned NOT NULL COMMENT '砍价结束时间',
  `bargain_state` tinyint(3) unsigned NOT NULL DEFAULT '0' COMMENT '状态，0:已取消 1:未开始 2:进行中 3:已结束',
  PRIMARY KEY (`bargain_id`)
) ENGINE=InnoDB DEFAULT CHARSET=utf8 COMMENT='店铺砍价活动表';


-- -----------------------------
-- Table structure for `ls_pbargainlog`
-- -----------------------------
DROP TABLE IF EXISTS `ls_pbargainlog`;
CREATE TABLE `ls_pbargainlog` (
  `pbargainlog_id` int(10) unsigned NOT NULL AUTO_INCREMENT COMMENT '砍价记录自增ID',
  `pbargainlog_member_id` int(11) unsigned NOT NULL COMMENT '帮砍价ID',
  `pbargainlog_member_name` varchar(50) NOT NULL COMMENT '帮砍价用户名',
  `pbargainlog_price` decimal(10,2) NOT NULL COMMENT '砍掉的价格',
  `pbargainlog_time` int(10) unsigned NOT NULL COMMENT '砍价时间',
  `bargain_id` int(10) unsigned NOT NULL COMMENT '砍价活动ID',
  `bargainorder_id` int(10) unsigned NOT NULL COMMENT '砍价订单ID',
  PRIMARY KEY (`pbargainlog_id`)
) ENGINE=InnoDB DEFAULT CHARSET=utf8 COMMENT='砍价记录表';


-- -----------------------------
-- Table structure for `ls_pbargainorder`
-- -----------------------------
DROP TABLE IF EXISTS `ls_pbargainorder`;
CREATE TABLE `ls_pbargainorder` (
  `bargainorder_id` int(10) unsigned NOT NULL AUTO_INCREMENT COMMENT '砍价订单自增ID',
  `bargainorder_initiator_id` int(11) unsigned NOT NULL COMMENT '砍价订单发起人ID',
  `bargainorder_initiator_name` varchar(50) NOT NULL COMMENT '砍价订单发起人用户名',
  `store_id` int(11) unsigned NOT NULL COMMENT '店铺ID',
  `bargain_id` int(10) unsigned NOT NULL COMMENT '砍价活动ID',
  `bargain_name` varchar(50) NOT NULL COMMENT '砍价名称',
  `bargain_total` int(10) unsigned NOT NULL DEFAULT '0' COMMENT '共多少刀砍至底价',
  `bargain_goods_id` int(11) unsigned NOT NULL COMMENT '商品ID',
  `bargain_goods_name` varchar(200) NOT NULL COMMENT '商品名称',
  `bargain_goods_price` decimal(10,2) NOT NULL COMMENT '商品原价',
  `bargain_goods_image` varchar(100) DEFAULT '' COMMENT '商品图片',
  `bargainorder_times` int(10) unsigned NOT NULL DEFAULT '0' COMMENT '砍价次数',
  `bargainorder_current_price` decimal(10,2) NOT NULL COMMENT '砍价后价格',
  `bargainorder_begintime` int(10) unsigned NOT NULL COMMENT '开始时间',
  `bargainorder_endtime` int(10) unsigned NOT NULL COMMENT '结束时间',
  `bargainorder_state` tinyint(3) unsigned NOT NULL DEFAULT '0' COMMENT '状态，0:取消 1:正常 2:砍价成功 3:砍价失败',
  `order_id` int(11) unsigned NOT NULL DEFAULT '0' COMMENT '订单ID',
  PRIMARY KEY (`bargainorder_id`)
) ENGINE=InnoDB DEFAULT CHARSET=utf8 COMMENT='砍价订单表';


-- -----------------------------
-- Table structure for `ls_pbargainquota`
-- -----------------------------
DROP TABLE IF EXISTS `ls_pbargainquota`;
CREATE TABLE `ls_pbargainquota` (
  `bargainquota_id` int(10) unsigned NOT NULL AUTO_INCREMENT COMMENT '砍价套餐ID',
  `member_id` int(11) unsigned NOT NULL COMMENT '卖家用户ID',
  `member_name` varchar(50) NOT NULL COMMENT '卖家用户名',
  `store_id` int(11) unsigned NOT NULL COMMENT '店铺ID',
  `store_name` varchar(50) NOT NULL COMMENT '店铺名称',
  `bargainquota_starttime` int(10) unsigned NOT NULL COMMENT '砍价套餐开始时间',
  `bargainquota_endtime` int(10) unsigned NOT NULL COMMENT '砍价套餐结束时间',
  PRIMARY KEY (`bargainquota_id`)
) ENGINE=InnoDB DEFAULT CHARSET=utf8 COMMENT='砍价套餐表';


-- -----------------------------
-- Table structure for `ls_pboothgoods`
-- -----------------------------
DROP TABLE IF EXISTS `ls_pboothgoods`;
CREATE TABLE `ls_pboothgoods` (
  `boothgoods_id` int(10) unsigned NOT NULL AUTO_INCREMENT COMMENT '展位商品ID',
  `store_id` int(10) unsigned NOT NULL COMMENT '展位店铺id',
  `goods_id` int(10) unsigned NOT NULL COMMENT '展位商品id',
  `gc_id` int(10) unsigned NOT NULL COMMENT '商品分类id',
  `boothgoods_state` tinyint(3) unsigned NOT NULL DEFAULT '1' COMMENT '展位商品状态 1开启 0关闭 默认1',
  PRIMARY KEY (`boothgoods_id`)
) ENGINE=InnoDB DEFAULT CHARSET=utf8 COMMENT='展位商品表';


-- -----------------------------
-- Table structure for `ls_pboothquota`
-- -----------------------------
DROP TABLE IF EXISTS `ls_pboothquota`;
CREATE TABLE `ls_pboothquota` (
  `boothquota_id` int(10) unsigned NOT NULL AUTO_INCREMENT COMMENT '展位套餐自增ID',
  `store_id` int(10) unsigned NOT NULL COMMENT '店铺id',
  `store_name` varchar(50) NOT NULL COMMENT '店铺名称',
  `boothquota_starttime` int(10) unsigned NOT NULL COMMENT '展位开始时间',
  `boothquota_endtime` int(10) unsigned NOT NULL COMMENT '展位结束时间',
  `boothquota_state` tinyint(3) unsigned NOT NULL DEFAULT '1' COMMENT '套餐状态 1:开启 0:关闭',
  PRIMARY KEY (`boothquota_id`)
) ENGINE=InnoDB DEFAULT CHARSET=utf8 COMMENT='展位套餐表';


-- -----------------------------
-- Table structure for `ls_pbundling`
-- -----------------------------
DROP TABLE IF EXISTS `ls_pbundling`;
CREATE TABLE `ls_pbundling` (
  `bl_id` int(11) NOT NULL AUTO_INCREMENT COMMENT '组合ID',
  `store_id` int(11) NOT NULL COMMENT '店铺名称',
  `store_name` varchar(50) NOT NULL COMMENT '店铺名称',
  `bl_name` varchar(50) NOT NULL COMMENT '组合名称',
  `bl_discount_price` decimal(10,2) NOT NULL COMMENT '组合价格',
  `bl_freight_choose` tinyint(1) NOT NULL COMMENT '运费承担方式',
  `bl_freight` decimal(10,2) NOT NULL COMMENT '运费',
  `bl_state` tinyint(1) NOT NULL DEFAULT '1' COMMENT '组合状态 0:关闭 1:开启',
  PRIMARY KEY (`bl_id`)
) ENGINE=InnoDB DEFAULT CHARSET=utf8 COMMENT='组合销售活动表';


-- -----------------------------
-- Table structure for `ls_pbundlinggoods`
-- -----------------------------
DROP TABLE IF EXISTS `ls_pbundlinggoods`;
CREATE TABLE `ls_pbundlinggoods` (
  `blgoods_id` int(11) NOT NULL AUTO_INCREMENT COMMENT '组合商品id',
  `blgoods_price` decimal(10,2) NOT NULL COMMENT '商品价格',
  `blgoods_appoint` tinyint(3) unsigned NOT NULL COMMENT '指定商品 1是，0否',
  `bl_id` int(11) NOT NULL COMMENT '组合id',
  `goods_id` int(10) unsigned NOT NULL COMMENT '商品id',
  `goods_commonid` int(10) unsigned NOT NULL COMMENT '商品公共表ID',
  `goods_name` varchar(200) NOT NULL COMMENT '商品名称',
  `goods_image` varchar(100) NOT NULL COMMENT '商品图片',
  PRIMARY KEY (`blgoods_id`)
) ENGINE=InnoDB DEFAULT CHARSET=utf8 COMMENT='组合销售活动商品表';


-- -----------------------------
-- Table structure for `ls_pbundlingquota`
-- -----------------------------
DROP TABLE IF EXISTS `ls_pbundlingquota`;
CREATE TABLE `ls_pbundlingquota` (
  `blquota_id` int(11) NOT NULL AUTO_INCREMENT COMMENT '组合套餐自增ID',
  `store_id` int(11) NOT NULL COMMENT '店铺ID',
  `store_name` varchar(50) NOT NULL COMMENT '店铺名称',
  `member_id` int(11) NOT NULL COMMENT '会员ID',
  `member_name` varchar(50) NOT NULL COMMENT '会员名称',
  `blquota_month` tinyint(3) unsigned NOT NULL COMMENT '组合套餐购买数量（单位月）',
  `blquota_starttime` varchar(10) NOT NULL COMMENT '组合套餐开始时间',
  `blquota_endtime` varchar(10) NOT NULL COMMENT '组合套餐结束时间',
  `blquota_state` tinyint(1) unsigned NOT NULL COMMENT '组合套餐状态：0关闭，1开启。默认为 1',
  PRIMARY KEY (`blquota_id`)
) ENGINE=InnoDB DEFAULT CHARSET=utf8 COMMENT='组合销售套餐表';


-- -----------------------------
-- Table structure for `ls_pdcash`
-- -----------------------------
DROP TABLE IF EXISTS `ls_pdcash`;
CREATE TABLE `ls_pdcash` (
  `pdc_id` int(11) NOT NULL AUTO_INCREMENT COMMENT '提现记录自增ID',
  `pdc_sn` varchar(20) NOT NULL COMMENT '记录唯一标示',
  `pdc_member_id` int(11) NOT NULL COMMENT '会员ID',
  `pdc_member_name` varchar(50) NOT NULL COMMENT '会员名称',
  `pdc_amount` decimal(10,2) NOT NULL DEFAULT '0.00' COMMENT '金额',
  `pdc_bank_name` varchar(40) NOT NULL COMMENT '收款银行',
  `pdc_bank_no` varchar(30) DEFAULT NULL COMMENT '收款账号',
  `pdc_bank_user` varchar(10) DEFAULT NULL COMMENT '开户人姓名',
  `pdc_addtime` int(11) NOT NULL COMMENT '添加时间',
  `pdc_payment_time` int(11) DEFAULT NULL COMMENT '付款时间',
  `pdc_payment_state` enum('0','1') NOT NULL DEFAULT '0' COMMENT '提现支付状态 0:默认1:支付完成',
  `pdc_payment_admin` varchar(30) DEFAULT NULL COMMENT '支付管理员',
  PRIMARY KEY (`pdc_id`)
) ENGINE=InnoDB AUTO_INCREMENT=45 DEFAULT CHARSET=utf8 COMMENT='预存款提现记录表';

-- -----------------------------
-- Records of `ls_pdcash`
-- -----------------------------
INSERT INTO `ls_pdcash` VALUES ('1', '19120210422733490011', '11', 'caijunqi', '103.00', '建行', '15555555555', '蔡俊岐', '1575254547', '1575254878', '1', 'admin');
INSERT INTO `ls_pdcash` VALUES ('2', '19120311433204189011', '11', 'caijunqi', '100.00', '建行', '15555555555', '蔡俊岐', '1575344612', '1575378583', '1', 'admin');
INSERT INTO `ls_pdcash` VALUES ('3', '19120515375694159000', '1', 'caijunqi', '84.00', '建设银行', '15555555555', '阿狸', '1575531476', '1578045341', '1', 'admin');
INSERT INTO `ls_pdcash` VALUES ('4', '20010317022627236000', '17', '精神小伙子', '85.85', '明铁沟', '649487696', '胡嘉乐', '1578042146', '1578045454', '1', 'admin');
INSERT INTO `ls_pdcash` VALUES ('5', '20010317270698379000', '17', '精神小伙子', '93.50', '明铁沟', '649487696', '胡嘉乐', '1578043626', '', '0', '');
INSERT INTO `ls_pdcash` VALUES ('6', '20010317420843442000', '17', '精神小伙子', '85.00', '明铁沟', '649487696', '胡嘉乐', '1578044528', '', '0', '');
INSERT INTO `ls_pdcash` VALUES ('7', '20010415542998455000', '11', 'caijunqi99', '85.00', '建行', '15555555555', '蔡俊岐', '1578124469', '', '0', '');
INSERT INTO `ls_pdcash` VALUES ('8', '20010417395295634000', '11', 'caijunqi99', '85.00', '建行', '15555555555', '蔡俊岐', '1578130792', '', '0', '');
INSERT INTO `ls_pdcash` VALUES ('9', '20010417445583248000', '11', 'caijunqi99', '85.00', '建行', '15555555555', '蔡俊岐', '1578131095', '', '0', '');
INSERT INTO `ls_pdcash` VALUES ('10', '20010419494372361000', '11', 'caijunqi99', '85.00', '建行', '15555555555', '蔡俊岐', '1578138583', '', '0', '');
INSERT INTO `ls_pdcash` VALUES ('11', '20010420110516553000', '11', 'caijunqi99', '85.00', '建行', '15555555555', '蔡俊岐', '1578139865', '', '0', '');
INSERT INTO `ls_pdcash` VALUES ('12', '20010420120429298000', '11', 'caijunqi99', '85.00', '建行', '15555555555', '蔡俊岐', '1578139924', '', '0', '');
INSERT INTO `ls_pdcash` VALUES ('13', '20010420134128735000', '11', 'caijunqi99', '85.00', '建行', '15555555555', '蔡俊岐', '1578140021', '', '0', '');
INSERT INTO `ls_pdcash` VALUES ('14', '20010420231399827000', '11', 'caijunqi99', '85.00', '建行', '15555555555', '蔡俊岐', '1578140593', '', '0', '');
INSERT INTO `ls_pdcash` VALUES ('15', '20010420231783066000', '11', 'caijunqi99', '85.00', '建行', '15555555555', '蔡俊岐', '1578140597', '', '0', '');
INSERT INTO `ls_pdcash` VALUES ('16', '20010420231888796000', '11', 'caijunqi99', '85.00', '建行', '15555555555', '蔡俊岐', '1578140598', '', '0', '');
INSERT INTO `ls_pdcash` VALUES ('17', '20010420231966830000', '11', 'caijunqi99', '85.00', '建行', '15555555555', '蔡俊岐', '1578140599', '', '0', '');
INSERT INTO `ls_pdcash` VALUES ('18', '20010420231900534000', '11', 'caijunqi99', '85.00', '建行', '15555555555', '蔡俊岐', '1578140599', '', '0', '');
INSERT INTO `ls_pdcash` VALUES ('19', '20010420232016464000', '11', 'caijunqi99', '85.00', '建行', '15555555555', '蔡俊岐', '1578140600', '', '0', '');
INSERT INTO `ls_pdcash` VALUES ('20', '20010420232046386000', '11', 'caijunqi99', '85.00', '建行', '15555555555', '蔡俊岐', '1578140600', '', '0', '');
INSERT INTO `ls_pdcash` VALUES ('21', '20010420232368187000', '11', 'caijunqi99', '85.00', '建行', '15555555555', '蔡俊岐', '1578140603', '', '0', '');
INSERT INTO `ls_pdcash` VALUES ('22', '20010420235920942000', '11', 'caijunqi99', '85.00', '建行', '15555555555', '蔡俊岐', '1578140639', '', '0', '');
INSERT INTO `ls_pdcash` VALUES ('23', '20010420235998343000', '11', 'caijunqi99', '85.00', '建行', '15555555555', '蔡俊岐', '1578140639', '', '0', '');
INSERT INTO `ls_pdcash` VALUES ('24', '20010420240043973000', '11', 'caijunqi99', '85.00', '建行', '15555555555', '蔡俊岐', '1578140640', '', '0', '');
INSERT INTO `ls_pdcash` VALUES ('25', '20010420240156413000', '11', 'caijunqi99', '85.00', '建行', '15555555555', '蔡俊岐', '1578140641', '', '0', '');
INSERT INTO `ls_pdcash` VALUES ('26', '20010420240487836000', '11', 'caijunqi99', '85.00', '建行', '15555555555', '蔡俊岐', '1578140644', '', '0', '');
INSERT INTO `ls_pdcash` VALUES ('27', '20010420240882536000', '11', 'caijunqi99', '85.00', '建行', '15555555555', '蔡俊岐', '1578140648', '', '0', '');
INSERT INTO `ls_pdcash` VALUES ('28', '20010420241017619000', '11', 'caijunqi99', '85.00', '建行', '15555555555', '蔡俊岐', '1578140650', '', '0', '');
INSERT INTO `ls_pdcash` VALUES ('29', '20010420241109419000', '11', 'caijunqi99', '85.00', '建行', '15555555555', '蔡俊岐', '1578140651', '', '0', '');
INSERT INTO `ls_pdcash` VALUES ('30', '20010420241124156000', '11', 'caijunqi99', '85.00', '建行', '15555555555', '蔡俊岐', '1578140651', '', '0', '');
INSERT INTO `ls_pdcash` VALUES ('31', '20010420241140271000', '11', 'caijunqi99', '85.00', '建行', '15555555555', '蔡俊岐', '1578140651', '', '0', '');
INSERT INTO `ls_pdcash` VALUES ('32', '20010420241163280000', '11', 'caijunqi99', '85.00', '建行', '15555555555', '蔡俊岐', '1578140651', '', '0', '');
INSERT INTO `ls_pdcash` VALUES ('33', '20010420241183164000', '11', 'caijunqi99', '85.00', '建行', '15555555555', '蔡俊岐', '1578140651', '', '0', '');
INSERT INTO `ls_pdcash` VALUES ('34', '20010420241202861000', '11', 'caijunqi99', '85.00', '建行', '15555555555', '蔡俊岐', '1578140652', '', '0', '');
INSERT INTO `ls_pdcash` VALUES ('35', '20010420241658326000', '11', 'caijunqi99', '85.00', '建行', '15555555555', '蔡俊岐', '1578140656', '', '0', '');
INSERT INTO `ls_pdcash` VALUES ('36', '20010420241709326000', '11', 'caijunqi99', '85.00', '建行', '15555555555', '蔡俊岐', '1578140657', '', '0', '');
INSERT INTO `ls_pdcash` VALUES ('37', '20010420241734482000', '11', 'caijunqi99', '85.00', '建行', '15555555555', '蔡俊岐', '1578140657', '', '0', '');
INSERT INTO `ls_pdcash` VALUES ('38', '20010420242431237000', '11', 'caijunqi99', '85.00', '建行', '15555555555', '蔡俊岐', '1578140664', '', '0', '');
INSERT INTO `ls_pdcash` VALUES ('39', '20010420242665095000', '11', 'caijunqi99', '85.00', '建行', '15555555555', '蔡俊岐', '1578140666', '', '0', '');
INSERT INTO `ls_pdcash` VALUES ('40', '20010420290886979000', '11', 'caijunqi99', '85.00', '建行', '15555555555', '蔡俊岐', '1578140948', '', '0', '');
INSERT INTO `ls_pdcash` VALUES ('41', '20010420291026311000', '11', 'caijunqi99', '85.00', '建行', '15555555555', '蔡俊岐', '1578140950', '', '0', '');
INSERT INTO `ls_pdcash` VALUES ('42', '20010420291040458000', '11', 'caijunqi99', '85.00', '建行', '15555555555', '蔡俊岐', '1578140950', '', '0', '');
INSERT INTO `ls_pdcash` VALUES ('43', '20010420291370547000', '11', 'caijunqi99', '85.00', '建行', '15555555555', '蔡俊岐', '1578140953', '', '0', '');
INSERT INTO `ls_pdcash` VALUES ('44', '20010420291814188000', '11', 'caijunqi99', '85.00', '建行', '15555555555', '蔡俊岐', '1578140958', '1578207398', '1', 'admin');

-- -----------------------------
-- Table structure for `ls_pdlog`
-- -----------------------------
DROP TABLE IF EXISTS `ls_pdlog`;
CREATE TABLE `ls_pdlog` (
  `lg_id` int(11) NOT NULL AUTO_INCREMENT COMMENT '预存款变更日志自增ID',
  `lg_member_id` int(11) NOT NULL COMMENT '会员ID',
  `lg_member_name` varchar(50) NOT NULL COMMENT '会员名称',
  `lg_admin_name` varchar(50) DEFAULT NULL COMMENT '管理员名称',
  `lg_type` varchar(50) NOT NULL DEFAULT '' COMMENT 'order_pay下单支付预存款,order_freeze下单冻结预存款,order_cancel取消订单解冻预存款,order_comb_pay下单支付被冻结的预存款,recharge充值,cash_apply申请提现冻结预存款,cash_pay提现成功,cash_del取消提现申请，解冻预存款,refund退款',
  `lg_av_amount` decimal(10,2) NOT NULL DEFAULT '0.00' COMMENT '可用金额变更0:未变更',
  `lg_freeze_amount` decimal(10,2) NOT NULL DEFAULT '0.00' COMMENT '冻结金额变更0:未变更',
  `lg_addtime` int(11) NOT NULL COMMENT '变更添加时间',
  `lg_desc` varchar(150) DEFAULT NULL COMMENT '变更描述',
  PRIMARY KEY (`lg_id`),
  KEY `lg_member_id` (`lg_member_id`)
) ENGINE=InnoDB AUTO_INCREMENT=20 DEFAULT CHARSET=utf8 COMMENT='预存款变更日志表';

-- -----------------------------
-- Records of `ls_pdlog`
-- -----------------------------
INSERT INTO `ls_pdlog` VALUES ('18', '11', 'caijunqi99', '', 'order_pay', '-1.00', '0.00', '1578542880', '下单，支付储值卡，订单号: 3000000000006902');
INSERT INTO `ls_pdlog` VALUES ('19', '11', 'caijunqi99', '', 'order_pay', '-49.80', '0.00', '1578542880', '下单，支付储值卡，订单号: 3000000000006901');

-- -----------------------------
-- Table structure for `ls_pdrecharge`
-- -----------------------------
DROP TABLE IF EXISTS `ls_pdrecharge`;
CREATE TABLE `ls_pdrecharge` (
  `pdr_id` int(11) NOT NULL AUTO_INCREMENT COMMENT '充值自增ID',
  `pdr_sn` varchar(20) NOT NULL COMMENT '记录唯一标示',
  `pdr_member_id` int(11) NOT NULL COMMENT '会员ID',
  `pdr_member_name` varchar(50) NOT NULL COMMENT '会员名称',
  `pdr_amount` decimal(10,2) NOT NULL DEFAULT '0.00' COMMENT '充值金额',
  `pdr_payment_code` varchar(20) DEFAULT '' COMMENT '支付方式',
  `pdr_trade_sn` varchar(50) DEFAULT '' COMMENT '第三方支付接口交易号',
  `pdr_addtime` int(11) NOT NULL COMMENT '充值添加时间',
  `pdr_payment_state` enum('0','1') NOT NULL DEFAULT '0' COMMENT '支付状态 0未支付1支付',
  `pdr_paymenttime` int(11) NOT NULL DEFAULT '0' COMMENT '支付时间',
  `pdr_admin` varchar(30) DEFAULT '' COMMENT '管理员名',
  PRIMARY KEY (`pdr_id`)
) ENGINE=InnoDB AUTO_INCREMENT=409 DEFAULT CHARSET=utf8 COMMENT='预存款充值表';

-- -----------------------------
-- Records of `ls_pdrecharge`
-- -----------------------------
INSERT INTO `ls_pdrecharge` VALUES ('395', '20010219083269579031', '31', '新用户_0FC0C7D7', '100.00', '', '', '1577963312', '0', '0', '');
INSERT INTO `ls_pdrecharge` VALUES ('396', '20010221314530783017', '17', '精神小伙子', '50.00', '', '', '1577971905', '0', '0', '');
INSERT INTO `ls_pdrecharge` VALUES ('397', '20010221314832225017', '17', '精神小伙子', '50.00', '', '', '1577971908', '0', '0', '');
INSERT INTO `ls_pdrecharge` VALUES ('398', '20010318371427765011', '11', 'caijunqi99', '50.00', '', '', '1578047834', '0', '0', '');
INSERT INTO `ls_pdrecharge` VALUES ('399', '20010321453229462011', '11', 'caijunqi99', '500.00', '', '', '1578059132', '0', '0', '');
INSERT INTO `ls_pdrecharge` VALUES ('400', '20010620523541682011', '11', 'caijunqi99', '15.00', '', '', '1578315155', '0', '0', '');
INSERT INTO `ls_pdrecharge` VALUES ('401', '20010621120378876017', '17', '精神小伙子', '50.00', '', '', '1578316323', '0', '0', '');
INSERT INTO `ls_pdrecharge` VALUES ('402', '20010621363570812017', '17', '精神小伙子', '50.00', '', '', '1578317795', '0', '0', '');
INSERT INTO `ls_pdrecharge` VALUES ('403', '20010713583490155011', '11', 'caijunqi99', '50.00', '', '', '1578376714', '0', '0', '');
INSERT INTO `ls_pdrecharge` VALUES ('404', '20010713584319978011', '11', 'caijunqi99', '50.00', '', '', '1578376723', '0', '0', '');
INSERT INTO `ls_pdrecharge` VALUES ('405', '20010714033517724011', '11', 'caijunqi99', '0.02', 'alipay_app', '2020010722001483191409129337', '1578377015', '1', '1578377025', '');
INSERT INTO `ls_pdrecharge` VALUES ('406', '20010714033632873011', '11', 'caijunqi99', '0.02', '', '', '1578377016', '0', '0', '');
INSERT INTO `ls_pdrecharge` VALUES ('407', '20010714304110099011', '11', 'caijunqi99', '0.02', 'alipay_app', '2020010722001483191409175114', '1578378641', '1', '1578378648', '');
INSERT INTO `ls_pdrecharge` VALUES ('408', '20010714353209563011', '11', 'caijunqi99', '0.02', 'wxpay_app', '4200000508202001077863819297', '1578378932', '1', '1578378954', '');

-- -----------------------------
-- Table structure for `ls_pmansong`
-- -----------------------------
DROP TABLE IF EXISTS `ls_pmansong`;
CREATE TABLE `ls_pmansong` (
  `mansong_id` int(10) unsigned NOT NULL AUTO_INCREMENT COMMENT '满送活动编号',
  `mansong_name` varchar(50) NOT NULL COMMENT '活动名称',
  `mansongquota_id` int(10) unsigned NOT NULL COMMENT '套餐编号',
  `mansong_starttime` int(10) unsigned NOT NULL COMMENT '活动开始时间',
  `mansong_endtime` int(10) unsigned NOT NULL COMMENT '活动结束时间',
  `member_id` int(10) unsigned NOT NULL COMMENT '用户ID',
  `member_name` varchar(50) NOT NULL COMMENT '用户名',
  `store_id` int(10) unsigned NOT NULL COMMENT '店铺ID',
  `store_name` varchar(50) NOT NULL COMMENT '店铺名称',
  `mansong_state` tinyint(1) unsigned NOT NULL COMMENT '活动状态 1:未发布 2:正常 3:取消 4:失效 5:结束',
  `mansong_remark` varchar(200) NOT NULL COMMENT '满就送备注',
  PRIMARY KEY (`mansong_id`)
) ENGINE=InnoDB DEFAULT CHARSET=utf8 COMMENT='满就送活动表';


-- -----------------------------
-- Table structure for `ls_pmansongquota`
-- -----------------------------
DROP TABLE IF EXISTS `ls_pmansongquota`;
CREATE TABLE `ls_pmansongquota` (
  `mansongquota_id` int(10) unsigned NOT NULL AUTO_INCREMENT COMMENT '满就送套餐编号',
  `member_id` int(10) unsigned NOT NULL COMMENT '用户ID',
  `member_name` varchar(50) NOT NULL COMMENT '用户名',
  `store_id` int(10) unsigned NOT NULL COMMENT '店铺ID',
  `store_name` varchar(50) NOT NULL COMMENT '店铺名称',
  `mansongquota_apply_id` int(10) unsigned NOT NULL DEFAULT '0' COMMENT '申请ID',
  `mansongquota_starttime` int(10) unsigned NOT NULL COMMENT '开始时间',
  `mansongquota_endtime` int(10) unsigned NOT NULL COMMENT '结束时间',
  `mansongquota_state` tinyint(1) unsigned DEFAULT NULL COMMENT '配额状态 1:可用 2:取消 3:结束',
  PRIMARY KEY (`mansongquota_id`)
) ENGINE=InnoDB DEFAULT CHARSET=utf8 COMMENT='满就送套餐表';


-- -----------------------------
-- Table structure for `ls_pmansongrule`
-- -----------------------------
DROP TABLE IF EXISTS `ls_pmansongrule`;
CREATE TABLE `ls_pmansongrule` (
  `mansongrule_id` int(10) unsigned NOT NULL AUTO_INCREMENT COMMENT '满就送规则ID',
  `mansong_id` int(10) unsigned NOT NULL COMMENT '满就送活动ID',
  `mansongrule_price` int(10) unsigned NOT NULL DEFAULT '0' COMMENT '满就送级别价格',
  `mansongrule_discount` int(10) unsigned NOT NULL DEFAULT '0' COMMENT '满就送减现金优惠金额',
  `mansong_goods_name` varchar(200) DEFAULT NULL COMMENT '满就送礼品名称',
  `goods_id` int(10) unsigned NOT NULL DEFAULT '0' COMMENT '满就送商品ID',
  PRIMARY KEY (`mansongrule_id`)
) ENGINE=InnoDB DEFAULT CHARSET=utf8 COMMENT='满就送活动规则表';


-- -----------------------------
-- Table structure for `ls_pmgdiscountquota`
-- -----------------------------
DROP TABLE IF EXISTS `ls_pmgdiscountquota`;
CREATE TABLE `ls_pmgdiscountquota` (
  `mgdiscountquota_id` int(10) unsigned NOT NULL AUTO_INCREMENT COMMENT '会员等级折扣套餐ID',
  `member_id` int(10) unsigned NOT NULL COMMENT '用户ID',
  `member_name` varchar(50) NOT NULL COMMENT '用户名',
  `store_id` int(10) unsigned NOT NULL COMMENT '店铺ID',
  `store_name` varchar(50) NOT NULL COMMENT '店铺名称',
  `mgdiscountquota_starttime` int(10) unsigned NOT NULL COMMENT '会员等级折扣套餐开始时间',
  `mgdiscountquota_endtime` int(10) unsigned NOT NULL COMMENT '会员等级折扣套餐结束时间',
  PRIMARY KEY (`mgdiscountquota_id`)
) ENGINE=InnoDB DEFAULT CHARSET=utf8 COMMENT='会员等级折扣套餐表';


-- -----------------------------
-- Table structure for `ls_pointscart`
-- -----------------------------
DROP TABLE IF EXISTS `ls_pointscart`;
CREATE TABLE `ls_pointscart` (
  `pcart_id` int(11) NOT NULL AUTO_INCREMENT COMMENT '积分购物车自增ID',
  `pmember_id` int(11) NOT NULL COMMENT '会员ID',
  `pgoods_id` int(11) NOT NULL COMMENT '积分礼品序号',
  `pgoods_name` varchar(200) NOT NULL COMMENT '积分礼品名称',
  `pgoods_points` int(11) NOT NULL COMMENT '积分礼品兑换积分',
  `pgoods_choosenum` int(11) NOT NULL COMMENT '选择积分礼品数量',
  `pgoods_image` varchar(100) DEFAULT NULL COMMENT '积分礼品图片',
  PRIMARY KEY (`pcart_id`)
) ENGINE=InnoDB DEFAULT CHARSET=utf8 COMMENT='积分礼品兑换购物车';


-- -----------------------------
-- Table structure for `ls_pointsgoods`
-- -----------------------------
DROP TABLE IF EXISTS `ls_pointsgoods`;
CREATE TABLE `ls_pointsgoods` (
  `pgoods_id` int(11) NOT NULL AUTO_INCREMENT COMMENT '积分礼品自增ID',
  `pgoods_name` varchar(200) NOT NULL COMMENT '积分礼品名称',
  `pgoods_price` decimal(10,2) NOT NULL DEFAULT '0.00' COMMENT '积分礼品原价',
  `pgoods_points` int(11) NOT NULL COMMENT '积分礼品兑换积分',
  `pgoods_image` varchar(100) NOT NULL COMMENT '积分礼品封面图片',
  `pgoods_tag` varchar(100) NOT NULL COMMENT '积分礼品标签',
  `pgoods_serial` varchar(50) NOT NULL COMMENT '积分礼品货号',
  `pgoods_storage` int(11) NOT NULL DEFAULT '0' COMMENT '积分礼品库存',
  `pgoods_show` tinyint(1) NOT NULL COMMENT '积分礼品上架 0:下架 1:上架',
  `pgoods_commend` tinyint(1) NOT NULL COMMENT '积分礼品是否推荐',
  `pgoods_addtime` int(11) NOT NULL COMMENT '积分礼品添加时间',
  `pgoods_keywords` varchar(100) DEFAULT NULL COMMENT '积分礼品关键字',
  `pgoods_description` varchar(200) DEFAULT NULL COMMENT '积分礼品描述',
  `pgoods_body` text COMMENT '积分礼品内容',
  `pgoods_state` tinyint(1) NOT NULL DEFAULT '0' COMMENT '积分礼品状态 0:开启 1:禁售',
  `pgoods_close_reason` varchar(255) DEFAULT NULL COMMENT '积分礼品禁售原因',
  `pgoods_salenum` int(11) NOT NULL DEFAULT '0' COMMENT '积分礼品售出数量',
  `pgoods_view` int(11) NOT NULL DEFAULT '0' COMMENT '积分商品浏览量',
  `pgoods_islimit` tinyint(1) NOT NULL COMMENT '是否限制兑换数量',
  `pgoods_limitnum` int(11) DEFAULT NULL COMMENT '限制兑换数量',
  `pgoods_islimittime` tinyint(1) NOT NULL DEFAULT '0' COMMENT '是否限制兑换时间 0:不限制 1:限制',
  `pgoods_limitmgrade` int(11) NOT NULL DEFAULT '0' COMMENT '限制参与兑换的会员级别',
  `pgoods_starttime` int(11) DEFAULT NULL COMMENT '积分兑换开始时间',
  `pgoods_endtime` int(11) DEFAULT NULL COMMENT '积分兑换结束时间',
  `pgoods_sort` tinyint(3) unsigned NOT NULL DEFAULT '255' COMMENT '积分礼品排序',
  PRIMARY KEY (`pgoods_id`)
) ENGINE=InnoDB DEFAULT CHARSET=utf8 COMMENT='积分礼品表';


-- -----------------------------
-- Table structure for `ls_pointslog`
-- -----------------------------
DROP TABLE IF EXISTS `ls_pointslog`;
CREATE TABLE `ls_pointslog` (
  `pl_id` int(11) NOT NULL AUTO_INCREMENT COMMENT '积分日志自增ID',
  `pl_memberid` int(11) NOT NULL COMMENT '会员ID',
  `pl_membername` varchar(100) NOT NULL COMMENT '会员名称',
  `pl_adminid` int(11) DEFAULT NULL COMMENT '管理员ID',
  `pl_adminname` varchar(100) DEFAULT NULL COMMENT '管理员名称',
  `pl_points` decimal(11,2) NOT NULL DEFAULT '0.00' COMMENT '冻结积分数 负数为扣除',
  `pl_pointsav` decimal(11,2) DEFAULT '0.00' COMMENT '可用积分数 负数为扣除',
  `pl_addtime` int(11) NOT NULL COMMENT '积分添加时间',
  `pl_desc` varchar(100) NOT NULL COMMENT '积分操作描述',
  `pl_stage` varchar(50) NOT NULL COMMENT '积分操作阶段',
  PRIMARY KEY (`pl_id`),
  KEY `pl_memberid` (`pl_memberid`)
) ENGINE=InnoDB AUTO_INCREMENT=26 DEFAULT CHARSET=utf8 COMMENT='会员积分日志表';

-- -----------------------------
-- Records of `ls_pointslog`
-- -----------------------------
INSERT INTO `ls_pointslog` VALUES ('24', '11', 'caijunqi99', '', '', '1.00', '0.00', '1578542880', '订单3000000000006902购物消费', 'order');
INSERT INTO `ls_pointslog` VALUES ('25', '11', 'caijunqi99', '', '', '49.80', '0.00', '1578542880', '订单3000000000006901购物消费', 'order');

-- -----------------------------
-- Table structure for `ls_pointsorder`
-- -----------------------------
DROP TABLE IF EXISTS `ls_pointsorder`;
CREATE TABLE `ls_pointsorder` (
  `point_orderid` int(11) NOT NULL AUTO_INCREMENT COMMENT '兑换订单自增ID',
  `point_ordersn` varchar(20) NOT NULL COMMENT '兑换订单编号',
  `point_buyerid` int(11) NOT NULL COMMENT '兑换会员ID',
  `point_buyername` varchar(50) NOT NULL COMMENT '兑换会员姓名',
  `point_buyeremail` varchar(100) DEFAULT NULL COMMENT '兑换会员email',
  `point_addtime` int(11) NOT NULL COMMENT '兑换订单添加时间',
  `point_shippingtime` int(11) DEFAULT NULL COMMENT '兑换配送时间',
  `point_shippingcode` varchar(50) DEFAULT NULL COMMENT '兑换物流单号',
  `point_shipping_ecode` varchar(30) DEFAULT NULL COMMENT '兑换物流公司编码',
  `point_finnshedtime` int(11) DEFAULT NULL COMMENT '兑换订单完成时间',
  `point_allpoint` int(11) NOT NULL DEFAULT '0' COMMENT '兑换总积分',
  `point_ordermessage` varchar(300) DEFAULT NULL COMMENT '兑换订单留言',
  `point_orderstate` int(11) NOT NULL DEFAULT '20' COMMENT '订单状态：20:已兑换并扣除积分;30:已发货;40:已收货;50:已完成;2:已取消',
  PRIMARY KEY (`point_orderid`)
) ENGINE=InnoDB DEFAULT CHARSET=utf8 COMMENT='兑换订单表';


-- -----------------------------
-- Table structure for `ls_pointsorderaddress`
-- -----------------------------
DROP TABLE IF EXISTS `ls_pointsorderaddress`;
CREATE TABLE `ls_pointsorderaddress` (
  `pointoa_id` int(11) NOT NULL AUTO_INCREMENT COMMENT '积分兑换地址自增ID',
  `pointoa_orderid` int(11) NOT NULL COMMENT '订单id',
  `pointoa_truename` varchar(50) NOT NULL COMMENT '收货人姓名',
  `pointoa_areaid` int(11) NOT NULL COMMENT '地区id',
  `pointoa_areainfo` varchar(100) NOT NULL COMMENT '地区内容',
  `pointoa_address` varchar(200) NOT NULL COMMENT '详细地址',
  `pointoa_zipcode` varchar(20) NOT NULL COMMENT '邮政编码',
  `pointoa_telphone` varchar(20) NOT NULL COMMENT '电话号码',
  `pointoa_mobphone` varchar(20) NOT NULL COMMENT '手机号码',
  PRIMARY KEY (`pointoa_id`)
) ENGINE=InnoDB DEFAULT CHARSET=utf8 COMMENT='积分兑换地址表';


-- -----------------------------
-- Table structure for `ls_pointsordergoods`
-- -----------------------------
DROP TABLE IF EXISTS `ls_pointsordergoods`;
CREATE TABLE `ls_pointsordergoods` (
  `pointog_recid` int(11) NOT NULL AUTO_INCREMENT COMMENT '积分订单商品自增ID',
  `pointog_orderid` int(11) NOT NULL COMMENT '订单ID',
  `pointog_goodsid` int(11) NOT NULL COMMENT '礼品ID',
  `pointog_goodsname` varchar(100) NOT NULL COMMENT '礼品名称',
  `pointog_goodspoints` int(11) NOT NULL COMMENT '礼品兑换积分',
  `pointog_goodsnum` int(11) NOT NULL COMMENT '礼品数量',
  `pointog_goodsimage` varchar(100) DEFAULT NULL COMMENT '礼品图片',
  PRIMARY KEY (`pointog_recid`)
) ENGINE=InnoDB DEFAULT CHARSET=utf8 COMMENT='兑换订单商品表';


-- -----------------------------
-- Table structure for `ls_ppintuan`
-- -----------------------------
DROP TABLE IF EXISTS `ls_ppintuan`;
CREATE TABLE `ls_ppintuan` (
  `pintuan_id` int(10) unsigned NOT NULL AUTO_INCREMENT COMMENT '拼团自增ID',
  `member_id` int(11) unsigned NOT NULL COMMENT '用户ID',
  `member_name` varchar(50) NOT NULL COMMENT '用户名',
  `store_name` varchar(50) NOT NULL COMMENT '店铺名称',
  `store_id` int(11) unsigned NOT NULL COMMENT '店铺ID',
  `pintuanquota_id` int(10) unsigned NOT NULL COMMENT '拼团套餐ID',
  `pintuan_name` varchar(50) NOT NULL COMMENT '拼团名称',
  `pintuan_goods_id` int(11) unsigned NOT NULL COMMENT '商品ID',
  `pintuan_goods_name` varchar(200) NOT NULL COMMENT '拼团名称',
  `pintuan_goods_commonid` int(10) unsigned NOT NULL COMMENT '商品公共表ID',
  `pintuan_goods_price` decimal(10,2) NOT NULL COMMENT '商品价格',
  `pintuan_is_virtual` tinyint(3) DEFAULT '0' COMMENT '是否为虚拟商品 1:是 0:否',
  `pintuan_zhe` int(10) unsigned NOT NULL COMMENT '拼团折扣',
  `pintuan_image` varchar(50) DEFAULT NULL COMMENT '拼团图片',
  `pintuan_starttime` int(10) unsigned NOT NULL COMMENT '拼团开始时间',
  `pintuan_end_time` int(10) unsigned NOT NULL COMMENT '拼团结束时间',
  `pintuan_limit_number` int(10) unsigned NOT NULL DEFAULT '0' COMMENT '成团人数',
  `pintuan_limit_hour` int(10) unsigned NOT NULL DEFAULT '0' COMMENT '成团时限',
  `pintuan_limit_quantity` int(10) unsigned NOT NULL DEFAULT '0' COMMENT '成团数量限制',
  `pintuan_count` int(10) unsigned NOT NULL DEFAULT '0' COMMENT '组团数量',
  `pintuan_ok_count` int(10) unsigned NOT NULL DEFAULT '0' COMMENT '成功组团数量',
  `pintuan_state` tinyint(3) unsigned NOT NULL DEFAULT '1' COMMENT '状态，0:取消 1:正常',
  PRIMARY KEY (`pintuan_id`)
) ENGINE=InnoDB DEFAULT CHARSET=utf8 COMMENT='店铺拼团表';


-- -----------------------------
-- Table structure for `ls_ppintuangroup`
-- -----------------------------
DROP TABLE IF EXISTS `ls_ppintuangroup`;
CREATE TABLE `ls_ppintuangroup` (
  `pintuangroup_id` int(11) unsigned NOT NULL AUTO_INCREMENT COMMENT '拼团开团ID',
  `pintuan_id` int(10) unsigned NOT NULL COMMENT '拼团ID',
  `pintuangroup_goods_id` int(10) unsigned NOT NULL COMMENT '商品ID',
  `pintuangroup_is_virtual` tinyint(3) DEFAULT '0' COMMENT '是否为虚拟商品 1:是 0:否',
  `pintuangroup_limit_number` int(10) unsigned NOT NULL DEFAULT '0' COMMENT '成团人数',
  `pintuangroup_limit_hour` int(10) unsigned NOT NULL DEFAULT '0' COMMENT '成团时限',
  `pintuangroup_joined` int(10) unsigned NOT NULL COMMENT '己参团人数',
  `pintuangroup_headid` int(10) unsigned NOT NULL COMMENT '团长用户编号',
  `pintuangroup_starttime` int(10) unsigned NOT NULL COMMENT '开团时间',
  `pintuangroup_endtime` int(10) unsigned NOT NULL DEFAULT '0' COMMENT '结束时间 成功或失败',
  `pintuangroup_state` tinyint(3) unsigned NOT NULL DEFAULT '1' COMMENT '状态，0:取消 1:参团中 2:成功',
  PRIMARY KEY (`pintuangroup_id`)
) ENGINE=InnoDB DEFAULT CHARSET=utf8 COMMENT='拼团开团表';


-- -----------------------------
-- Table structure for `ls_ppintuanorder`
-- -----------------------------
DROP TABLE IF EXISTS `ls_ppintuanorder`;
CREATE TABLE `ls_ppintuanorder` (
  `pintuanorder_id` int(10) unsigned NOT NULL AUTO_INCREMENT COMMENT '拼团开团ID',
  `pintuan_id` int(10) unsigned NOT NULL COMMENT '拼团ID',
  `pintuangroup_id` int(11) unsigned NOT NULL COMMENT '拼团开团ID',
  `order_id` int(11) NOT NULL COMMENT '订单ID',
  `order_sn` varchar(20) NOT NULL COMMENT '订单编号',
  `pintuanorder_isfirst` tinyint(3) unsigned NOT NULL DEFAULT '0' COMMENT '是否首团订单，0:否 1:是',
  `pintuanorder_state` tinyint(3) unsigned NOT NULL DEFAULT '1' COMMENT '状态，0:取消 1:参团中 2:成功',
  `pintuanorder_type` tinyint(1) unsigned NOT NULL COMMENT '订单类型（0实物1虚拟）',
  PRIMARY KEY (`pintuanorder_id`)
) ENGINE=InnoDB DEFAULT CHARSET=utf8 COMMENT='拼团订单辅助表';


-- -----------------------------
-- Table structure for `ls_ppintuanquota`
-- -----------------------------
DROP TABLE IF EXISTS `ls_ppintuanquota`;
CREATE TABLE `ls_ppintuanquota` (
  `pintuanquota_id` int(10) unsigned NOT NULL AUTO_INCREMENT COMMENT '拼团套餐ID',
  `member_id` int(11) unsigned NOT NULL COMMENT '用户ID',
  `member_name` varchar(50) NOT NULL COMMENT '用户名',
  `store_id` int(11) unsigned NOT NULL COMMENT '店铺ID',
  `store_name` varchar(50) NOT NULL COMMENT '店铺名称',
  `pintuanquota_starttime` int(10) unsigned NOT NULL COMMENT '拼团套餐开始时间',
  `pintuanquota_endtime` int(10) unsigned NOT NULL COMMENT '拼团套餐结束时间',
  PRIMARY KEY (`pintuanquota_id`)
) ENGINE=InnoDB DEFAULT CHARSET=utf8 COMMENT='拼团套餐表';


-- -----------------------------
-- Table structure for `ls_pxianshi`
-- -----------------------------
DROP TABLE IF EXISTS `ls_pxianshi`;
CREATE TABLE `ls_pxianshi` (
  `xianshi_id` int(10) unsigned NOT NULL AUTO_INCREMENT COMMENT '限时折扣自增ID',
  `member_id` int(10) unsigned NOT NULL COMMENT '用户ID',
  `member_name` varchar(50) NOT NULL COMMENT '用户名',
  `store_name` varchar(50) NOT NULL COMMENT '店铺名称',
  `store_id` int(10) unsigned NOT NULL COMMENT '店铺ID',
  `xianshiquota_id` int(10) unsigned NOT NULL COMMENT '套餐ID',
  `xianshi_name` varchar(50) NOT NULL COMMENT '活动名称',
  `xianshi_title` varchar(10) DEFAULT NULL COMMENT '活动标题',
  `xianshi_explain` varchar(50) DEFAULT NULL COMMENT '活动说明',
  `xianshi_starttime` int(10) unsigned NOT NULL COMMENT '活动开始时间',
  `xianshi_end_time` int(10) unsigned NOT NULL COMMENT '活动结束时间',
  `xianshi_lower_limit` int(10) unsigned NOT NULL DEFAULT '1' COMMENT '购买下限，1:不限制',
  `xianshi_state` tinyint(3) unsigned NOT NULL DEFAULT '1' COMMENT '状态，0:取消 1:正常',
  PRIMARY KEY (`xianshi_id`)
) ENGINE=InnoDB DEFAULT CHARSET=utf8 COMMENT='限时折扣活动表';


-- -----------------------------
-- Table structure for `ls_pxianshigoods`
-- -----------------------------
DROP TABLE IF EXISTS `ls_pxianshigoods`;
CREATE TABLE `ls_pxianshigoods` (
  `xianshigoods_id` int(10) unsigned NOT NULL AUTO_INCREMENT COMMENT '限时折扣商品表',
  `xianshi_id` int(10) unsigned NOT NULL COMMENT '限时折扣ID',
  `xianshi_name` varchar(50) NOT NULL COMMENT '限时折扣名称',
  `xianshi_title` varchar(10) DEFAULT NULL COMMENT '限时折扣标题',
  `xianshi_explain` varchar(50) DEFAULT NULL COMMENT '限时折扣说明',
  `goods_id` int(10) unsigned NOT NULL COMMENT '商品ID',
  `goods_commonid` int(10) unsigned NOT NULL COMMENT '主商品公共ID',
  `store_id` int(10) unsigned NOT NULL COMMENT '店铺ID',
  `goods_name` varchar(200) NOT NULL COMMENT '商品名称',
  `goods_price` decimal(10,2) NOT NULL COMMENT '店铺价格',
  `goods_image` varchar(100) NOT NULL COMMENT '商品图片',
  `xianshigoods_price` decimal(10,2) NOT NULL COMMENT '限时折扣价格',
  `xianshigoods_starttime` int(10) unsigned NOT NULL COMMENT '限时折扣开始时间',
  `xianshigoods_end_time` int(10) unsigned NOT NULL COMMENT '限时折扣结束时间',
  `xianshigoods_lower_limit` int(10) unsigned NOT NULL DEFAULT '0' COMMENT '购买下限，0为不限制',
  `xianshigoods_state` tinyint(3) unsigned NOT NULL DEFAULT '1' COMMENT '限时折扣状态，0-取消 1-正常',
  `xianshigoods_recommend` tinyint(3) unsigned NOT NULL DEFAULT '0' COMMENT '限时折扣推荐标志 0-未推荐 1-已推荐',
  `gc_id_1` mediumint(9) DEFAULT '0' COMMENT '商品分类一级ID',
  PRIMARY KEY (`xianshigoods_id`)
) ENGINE=InnoDB DEFAULT CHARSET=utf8 COMMENT='限时折扣商品表';


-- -----------------------------
-- Table structure for `ls_pxianshiquota`
-- -----------------------------
DROP TABLE IF EXISTS `ls_pxianshiquota`;
CREATE TABLE `ls_pxianshiquota` (
  `xianshiquota_id` int(10) unsigned NOT NULL AUTO_INCREMENT COMMENT '限时折扣套餐ID',
  `member_id` int(10) unsigned NOT NULL COMMENT '用户ID',
  `member_name` varchar(50) NOT NULL COMMENT '用户名',
  `store_id` int(10) unsigned NOT NULL COMMENT '店铺ID',
  `store_name` varchar(50) NOT NULL COMMENT '店铺名称',
  `xianshiquota_starttime` int(10) unsigned NOT NULL COMMENT '限时折扣套餐开始时间',
  `xianshiquota_endtime` int(10) unsigned NOT NULL COMMENT '限时折扣套餐结束时间',
  PRIMARY KEY (`xianshiquota_id`)
) ENGINE=InnoDB DEFAULT CHARSET=utf8 COMMENT='限时折扣套餐表';


-- -----------------------------
-- Table structure for `ls_rcblog`
-- -----------------------------
DROP TABLE IF EXISTS `ls_rcblog`;
CREATE TABLE `ls_rcblog` (
  `rcblog_id` int(11) NOT NULL AUTO_INCREMENT COMMENT '余额变更日志自增ID',
  `member_id` int(11) NOT NULL COMMENT '会员ID',
  `member_name` varchar(50) NOT NULL COMMENT '会员名称',
  `rcblog_type` varchar(15) NOT NULL DEFAULT '' COMMENT 'order_pay:下单使用 order_freeze:下单冻结 order_cancel:取消订单解冻 order_comb_pay:下单扣除被冻结 recharge:平台充值卡充值 refund:确认退款 vr_refund:虚拟兑码退款',
  `rcblog_addtime` int(11) NOT NULL COMMENT '变更添加时间',
  `available_amount` decimal(10,2) NOT NULL DEFAULT '0.00' COMMENT '可用充值卡余额变更 0表示未变更',
  `freeze_amount` decimal(10,2) NOT NULL DEFAULT '0.00' COMMENT '冻结充值卡余额变更 0表示未变更',
  `rcblog_description` varchar(150) DEFAULT NULL COMMENT '变更描述',
  PRIMARY KEY (`rcblog_id`)
) ENGINE=InnoDB DEFAULT CHARSET=utf8 COMMENT='充值卡余额变更日志表';


-- -----------------------------
-- Table structure for `ls_rechargecard`
-- -----------------------------
DROP TABLE IF EXISTS `ls_rechargecard`;
CREATE TABLE `ls_rechargecard` (
  `rc_id` int(11) NOT NULL AUTO_INCREMENT COMMENT '充值卡自增ID',
  `rc_sn` varchar(50) NOT NULL COMMENT '充值卡卡号',
  `rc_denomination` decimal(10,2) NOT NULL COMMENT '充值卡面额',
  `rc_batchflag` varchar(20) NOT NULL COMMENT '充值卡批次标识',
  `rc_admin_name` varchar(50) DEFAULT NULL COMMENT '充值卡创建者名称',
  `rc_tscreated` int(10) unsigned NOT NULL COMMENT '充值卡创建时间',
  `rc_tsused` int(10) unsigned NOT NULL DEFAULT '0' COMMENT '充值卡使用时间',
  `rc_state` tinyint(3) unsigned NOT NULL DEFAULT '0' COMMENT '充值卡状态 0可用 1已用 2已删',
  `member_id` int(11) NOT NULL DEFAULT '0' COMMENT '使用者会员ID',
  `member_name` varchar(50) DEFAULT NULL COMMENT '使用者会员名称',
  PRIMARY KEY (`rc_id`)
) ENGINE=InnoDB DEFAULT CHARSET=utf8 COMMENT='平台充值卡';


-- -----------------------------
-- Table structure for `ls_refundreason`
-- -----------------------------
DROP TABLE IF EXISTS `ls_refundreason`;
CREATE TABLE `ls_refundreason` (
  `reason_id` int(10) unsigned NOT NULL AUTO_INCREMENT COMMENT '原因自增ID',
  `reason_info` varchar(50) NOT NULL COMMENT '原因内容',
  `reason_sort` tinyint(3) unsigned DEFAULT '255' COMMENT '退款退货原因排序',
  `reason_updatetime` int(10) unsigned NOT NULL COMMENT '退款退货原因更新时间',
  PRIMARY KEY (`reason_id`)
) ENGINE=InnoDB AUTO_INCREMENT=6 DEFAULT CHARSET=utf8 COMMENT='退款退货原因表';

-- -----------------------------
-- Records of `ls_refundreason`
-- -----------------------------
INSERT INTO `ls_refundreason` VALUES ('1', '效果不好不喜欢', '1', '1393480261');
INSERT INTO `ls_refundreason` VALUES ('2', '商品破损、有污渍', '2', '1393480261');
INSERT INTO `ls_refundreason` VALUES ('3', '保质期不符', '3', '1393480261');
INSERT INTO `ls_refundreason` VALUES ('4', '认为是假货', '4', '1393480261');
INSERT INTO `ls_refundreason` VALUES ('5', '不能按时发货', '5', '1393480261');

-- -----------------------------
-- Table structure for `ls_refundreturn`
-- -----------------------------
DROP TABLE IF EXISTS `ls_refundreturn`;
CREATE TABLE `ls_refundreturn` (
  `refund_id` int(10) unsigned NOT NULL AUTO_INCREMENT COMMENT '退款退货记录自增ID',
  `order_id` int(10) unsigned NOT NULL COMMENT '订单ID',
  `order_sn` varchar(20) NOT NULL COMMENT '订单编号',
  `refund_sn` varchar(50) NOT NULL COMMENT '申请编号',
  `store_id` int(10) unsigned NOT NULL COMMENT '店铺ID',
  `store_name` varchar(20) NOT NULL COMMENT '店铺名称',
  `buyer_id` int(10) unsigned NOT NULL COMMENT '买家ID',
  `buyer_name` varchar(50) NOT NULL COMMENT '买家会员名',
  `goods_id` int(10) unsigned NOT NULL COMMENT '商品ID,0:全部退款',
  `order_goods_id` int(10) unsigned DEFAULT '0' COMMENT '订单商品ID,0:全部退款',
  `goods_name` varchar(200) NOT NULL COMMENT '商品名称',
  `goods_num` int(10) unsigned DEFAULT '1' COMMENT '商品数量',
  `refund_amount` decimal(10,2) DEFAULT '0.00' COMMENT '退款金额',
  `goods_image` varchar(100) DEFAULT NULL COMMENT '商品图片',
  `order_goods_type` tinyint(1) unsigned DEFAULT '1' COMMENT '订单商品类型:1:默认2:抢购商品3:限时折扣商品4:组合套装 5:赠品6:拼团7:会员等级折扣8:砍价',
  `refund_type` tinyint(1) unsigned DEFAULT '1' COMMENT '申请类型:1:退款,2:退货',
  `seller_state` tinyint(1) unsigned DEFAULT '1' COMMENT '卖家处理状态:1:待审核,2:同意,3:不同意',
  `refund_state` tinyint(1) unsigned DEFAULT '1' COMMENT '申请状态:1:处理中,2:待管理员处理,3:已完成',
  `return_type` tinyint(1) unsigned DEFAULT '1' COMMENT '退货类型:1:不用退货,2:需要退货',
  `order_lock` tinyint(1) unsigned DEFAULT '1' COMMENT '订单锁定类型:1:不用锁定,2:需要锁定',
  `goods_state` tinyint(1) unsigned DEFAULT '1' COMMENT '物流状态:1:待发货,2:待收货,3:未收到,4:已收货',
  `add_time` int(10) unsigned NOT NULL COMMENT '添加时间',
  `seller_time` int(10) unsigned DEFAULT '0' COMMENT '卖家处理时间',
  `admin_time` int(10) unsigned DEFAULT '0' COMMENT '管理员处理时间',
  `reason_id` int(10) unsigned DEFAULT '0' COMMENT '原因ID:0:其它',
  `reason_info` varchar(300) DEFAULT '' COMMENT '原因内容',
  `pic_info` varchar(300) DEFAULT '' COMMENT '退款退货图片',
  `buyer_message` varchar(300) DEFAULT NULL COMMENT '退款退货申请原因',
  `seller_message` varchar(300) DEFAULT NULL COMMENT '卖家备注',
  `admin_message` varchar(300) DEFAULT NULL COMMENT '管理员备注',
  `express_id` tinyint(1) unsigned DEFAULT '0' COMMENT '物流公司编号',
  `invoice_no` varchar(50) DEFAULT NULL COMMENT '物流单号',
  `ship_time` int(10) unsigned DEFAULT '0' COMMENT '发货时间,默认为0',
  `delay_time` int(10) unsigned DEFAULT '0' COMMENT '收货延迟时间,默认为0',
  `receive_time` int(10) unsigned DEFAULT '0' COMMENT '收货时间,默认为0',
  `receive_message` varchar(300) DEFAULT NULL COMMENT '收货备注',
  `commis_rate` smallint(6) DEFAULT '0' COMMENT '佣金比例',
  PRIMARY KEY (`refund_id`)
) ENGINE=InnoDB AUTO_INCREMENT=2 DEFAULT CHARSET=utf8 COMMENT='退款退货表';

-- -----------------------------
-- Records of `ls_refundreturn`
-- -----------------------------
INSERT INTO `ls_refundreturn` VALUES ('1', '88', '2000000000008701', '503101191230191049', '1', '自营店铺', '11', 'caijunqi99', '0', '0', '订单商品全部退款', '1', '18.80', '', '1', '1', '1', '1', '1', '2', '1', '1577704249', '0', '0', '0', '取消订单，全部退款', 'a:1:{s:5:\"buyer\";a:0:{}}', '123', '', '', '0', '', '0', '0', '0', '', '0');

-- -----------------------------
-- Table structure for `ls_seller`
-- -----------------------------
DROP TABLE IF EXISTS `ls_seller`;
CREATE TABLE `ls_seller` (
  `seller_id` int(10) unsigned NOT NULL AUTO_INCREMENT COMMENT '卖家自增ID',
  `seller_name` varchar(50) NOT NULL COMMENT '卖家用户名',
  `member_id` int(10) unsigned DEFAULT '0' COMMENT '用户ID',
  `sellergroup_id` int(10) unsigned NOT NULL COMMENT '卖家组ID',
  `store_id` int(10) unsigned NOT NULL COMMENT '店铺ID',
  `is_admin` tinyint(3) unsigned NOT NULL COMMENT '是否管理员 0:不是 1:是',
  `last_logintime` int(10) unsigned DEFAULT NULL COMMENT '最后登录时间',
  `seller_password` varchar(32) NOT NULL COMMENT '卖家密码',
  PRIMARY KEY (`seller_id`)
) ENGINE=InnoDB AUTO_INCREMENT=8 DEFAULT CHARSET=utf8 COMMENT='卖家用户表';

-- -----------------------------
-- Records of `ls_seller`
-- -----------------------------
INSERT INTO `ls_seller` VALUES ('1', 'seller', '1', '0', '1', '1', '1578540954', 'e10adc3949ba59abbe56e057f20f883e');
INSERT INTO `ls_seller` VALUES ('2', 'shuiguo', '', '0', '2', '1', '1577948081', 'e10adc3949ba59abbe56e057f20f883e');

-- -----------------------------
-- Table structure for `ls_sellergroup`
-- -----------------------------
DROP TABLE IF EXISTS `ls_sellergroup`;
CREATE TABLE `ls_sellergroup` (
  `sellergroup_id` int(10) unsigned NOT NULL AUTO_INCREMENT COMMENT '卖家组自增ID',
  `sellergroup_name` varchar(50) NOT NULL COMMENT '卖家组名称',
  `sellergroup_limits` text NOT NULL COMMENT '卖家组权限',
  `smt_limits` text NOT NULL COMMENT '消卖家组息权限范围',
  `store_id` int(10) unsigned NOT NULL COMMENT '店铺ID',
  PRIMARY KEY (`sellergroup_id`)
) ENGINE=InnoDB DEFAULT CHARSET=utf8 COMMENT='卖家用户组表';


-- -----------------------------
-- Table structure for `ls_sellerlog`
-- -----------------------------
DROP TABLE IF EXISTS `ls_sellerlog`;
CREATE TABLE `ls_sellerlog` (
  `sellerlog_id` int(10) unsigned NOT NULL AUTO_INCREMENT COMMENT '卖家日志自增ID',
  `sellerlog_content` varchar(100) NOT NULL COMMENT '卖家日志内容',
  `sellerlog_time` int(10) unsigned NOT NULL COMMENT '卖家日志时间',
  `sellerlog_seller_id` int(10) unsigned NOT NULL DEFAULT '0' COMMENT '卖家ID',
  `sellerlog_seller_name` varchar(50) NOT NULL COMMENT '卖家帐号',
  `sellerlog_store_id` int(10) unsigned NOT NULL COMMENT '店铺编号',
  `sellerlog_seller_ip` varchar(50) NOT NULL COMMENT '卖家ip',
  `sellerlog_url` varchar(100) NOT NULL COMMENT '卖家日志url',
  `sellerlog_state` tinyint(3) unsigned NOT NULL COMMENT '日志状态 0:失败 1:成功',
  PRIMARY KEY (`sellerlog_id`),
  KEY `sellerlog_seller_id` (`sellerlog_seller_id`)
) ENGINE=InnoDB AUTO_INCREMENT=8 DEFAULT CHARSET=utf8 COMMENT='卖家日志表';

-- -----------------------------
-- Records of `ls_sellerlog`
-- -----------------------------
INSERT INTO `ls_sellerlog` VALUES ('1', '登录成功', '1578397841', '1', 'seller', '1', '101.39.122.216', 'home/Sellerlogin/login', '1');
INSERT INTO `ls_sellerlog` VALUES ('2', '登录成功', '1578450253', '1', 'seller', '1', '101.39.122.216', 'home/Sellerlogin/login', '1');
INSERT INTO `ls_sellerlog` VALUES ('3', '删除商品，平台货号：134,133,132,119', '1578471320', '1', 'seller', '1', '101.39.122.216', 'home/Sellergoodsonline/drop_goods', '1');
INSERT INTO `ls_sellerlog` VALUES ('4', '添加商品，平台货号:146', '1578471614', '1', 'seller', '1', '101.39.122.216', 'home/Sellergoodsadd/save_goods', '1');
INSERT INTO `ls_sellerlog` VALUES ('5', '登录成功', '1578477418', '1', 'seller', '1', '101.39.122.216', 'home/Sellerlogin/login', '1');
INSERT INTO `ls_sellerlog` VALUES ('6', '登录成功', '1578492751', '1', 'seller', '1', '101.39.122.216', 'home/Sellerlogin/login', '1');
INSERT INTO `ls_sellerlog` VALUES ('7', '登录成功', '1578540954', '1', 'seller', '1', '101.39.138.44', 'home/Sellerlogin/login', '1');

-- -----------------------------
-- Table structure for `ls_seo`
-- -----------------------------
DROP TABLE IF EXISTS `ls_seo`;
CREATE TABLE `ls_seo` (
  `seo_id` mediumint(8) unsigned NOT NULL AUTO_INCREMENT COMMENT 'SEO自增ID',
  `seo_title` varchar(255) NOT NULL COMMENT 'SEO标题',
  `seo_keywords` varchar(255) NOT NULL COMMENT 'SEO关键词',
  `seo_description` text NOT NULL COMMENT 'SEO描述',
  `seo_type` varchar(20) NOT NULL COMMENT 'SEO类型',
  PRIMARY KEY (`seo_id`)
) ENGINE=InnoDB AUTO_INCREMENT=15 DEFAULT CHARSET=utf8 COMMENT='SEO信息存放表';

-- -----------------------------
-- Records of `ls_seo`
-- -----------------------------
INSERT INTO `ls_seo` VALUES ('1', '{sitename} - 程序来源于兵赢天下网络有限公司', '绿色长城,PHP商城系统,多用户商城系统,电商ERP,电商CRM,电子商务解决方案', '', 'index');
INSERT INTO `ls_seo` VALUES ('2', '{sitename} - 抢购', '绿色长城,{sitename}', '', 'group');
INSERT INTO `ls_seo` VALUES ('3', '{sitename} - {name}', '绿色长城,{name},{sitename}', '绿色长城,{name},{sitename}', 'group_content');
INSERT INTO `ls_seo` VALUES ('4', '{sitename} - 品牌', '绿色长城,{sitename}', '绿色长城,{sitename}', 'brand');
INSERT INTO `ls_seo` VALUES ('5', '{sitename} - {name}', '绿色长城,{sitename},{name}', '绿色长城,{sitename},{name}', 'brand_list');
INSERT INTO `ls_seo` VALUES ('7', '{sitename} - {name}', 'DSMALL,{sitename},{name}', 'DSMALL,{sitename},{name}', 'coupon_content');
INSERT INTO `ls_seo` VALUES ('8', '{sitename} - 积分商城', '绿色长城,{sitename}', '绿色长城,{sitename}', 'point');
INSERT INTO `ls_seo` VALUES ('9', '{sitename} - {name}', '绿色长城,{sitename},{key}', '绿色长城,{sitename},{description}', 'point_content');
INSERT INTO `ls_seo` VALUES ('10', '{sitename} - {article_class}', '绿色长城,{sitename}', '绿色长城,{sitename}', 'article');
INSERT INTO `ls_seo` VALUES ('11', '{sitename} - {name}', '绿色长城,{sitename},{key}', '绿色长城,{sitename},{description}', 'article_content');
INSERT INTO `ls_seo` VALUES ('12', '{sitename} - {shopname}', '绿色长城,{sitename},{key}', '绿色长城,{sitename},{description}', 'shop');
INSERT INTO `ls_seo` VALUES ('13', '{name} - {sitename}', '绿色长城,{sitename},{key}', '绿色长城,{sitename},{description}', 'product');
INSERT INTO `ls_seo` VALUES ('14', '看{name}怎么淘到好的宝贝-{sitename}', '绿色长城,{sitename},{name}', '绿色长城,{sitename},{name}', 'sns');

-- -----------------------------
-- Table structure for `ls_shareholder`
-- -----------------------------
DROP TABLE IF EXISTS `ls_shareholder`;
CREATE TABLE `ls_shareholder` (
  `s_id` int(11) NOT NULL AUTO_INCREMENT COMMENT '子公司股东id',
  `c_id` int(11) NOT NULL DEFAULT '0' COMMENT '子公司id',
  `m_id` int(11) NOT NULL DEFAULT '0' COMMENT '用户id',
  `s_addtime` int(11) NOT NULL DEFAULT '0' COMMENT '添加时间',
  `s_del` int(11) NOT NULL DEFAULT '0' COMMENT '是否删除 0 未删除  1已删除',
  PRIMARY KEY (`s_id`)
) ENGINE=MyISAM AUTO_INCREMENT=4 DEFAULT CHARSET=utf8;


-- -----------------------------
-- Table structure for `ls_smslog`
-- -----------------------------
DROP TABLE IF EXISTS `ls_smslog`;
CREATE TABLE `ls_smslog` (
  `smslog_id` int(10) unsigned NOT NULL AUTO_INCREMENT COMMENT '短信记录自增ID',
  `smslog_phone` char(11) NOT NULL COMMENT '短信手机号',
  `smslog_captcha` char(6) NOT NULL COMMENT '短信动态码',
  `smslog_ip` varchar(15) NOT NULL COMMENT '短信请求IP',
  `smslog_msg` varchar(300) NOT NULL COMMENT '短信内容',
  `smslog_type` tinyint(1) unsigned NOT NULL DEFAULT '1' COMMENT '短信类型:1为注册,2为登录,3为找回密码,4绑定手机,5安全验证,默认为1',
  `smslog_smstime` int(10) unsigned NOT NULL COMMENT '短信添加时间',
  `member_id` int(10) unsigned DEFAULT '0' COMMENT '短信会员ID,注册为0',
  `member_name` varchar(50) DEFAULT '' COMMENT '短信会员名',
  PRIMARY KEY (`smslog_id`),
  KEY `smslog_phone` (`smslog_phone`)
) ENGINE=InnoDB DEFAULT CHARSET=utf8 COMMENT='手机短信记录表';


-- -----------------------------
-- Table structure for `ls_snsalbumclass`
-- -----------------------------
DROP TABLE IF EXISTS `ls_snsalbumclass`;
CREATE TABLE `ls_snsalbumclass` (
  `ac_id` int(10) unsigned NOT NULL AUTO_INCREMENT COMMENT '相册自增ID',
  `member_id` int(10) unsigned NOT NULL COMMENT '会员ID',
  `ac_name` varchar(100) NOT NULL COMMENT '相册名称',
  `ac_des` varchar(255) NOT NULL COMMENT '相册描述',
  `ac_sort` tinyint(3) unsigned NOT NULL DEFAULT '255' COMMENT '相册排序',
  `ac_cover` varchar(255) DEFAULT NULL COMMENT '相册封面',
  `ac_uploadtime` int(10) unsigned NOT NULL COMMENT '图片上传时间',
  `ac_isdefault` tinyint(1) unsigned NOT NULL DEFAULT '0' COMMENT '是否为买家秀相册  1:是 0:否',
  PRIMARY KEY (`ac_id`),
  KEY `member_id` (`member_id`)
) ENGINE=InnoDB AUTO_INCREMENT=37 DEFAULT CHARSET=utf8 COMMENT='相册表';

-- -----------------------------
-- Records of `ls_snsalbumclass`
-- -----------------------------
INSERT INTO `ls_snsalbumclass` VALUES ('6', '7', '买家秀', '买家秀默认相册', '255', '', '1574305383', '1');
INSERT INTO `ls_snsalbumclass` VALUES ('7', '8', '买家秀', '买家秀默认相册', '255', '', '1574663059', '1');
INSERT INTO `ls_snsalbumclass` VALUES ('8', '9', '买家秀', '买家秀默认相册', '255', '', '1574665145', '1');
INSERT INTO `ls_snsalbumclass` VALUES ('9', '10', '买家秀', '买家秀默认相册', '255', '', '1574679379', '1');
INSERT INTO `ls_snsalbumclass` VALUES ('10', '11', '买家秀', '买家秀默认相册', '255', '', '1574761517', '1');
INSERT INTO `ls_snsalbumclass` VALUES ('11', '12', '买家秀', '买家秀默认相册', '255', '', '1574994669', '1');
INSERT INTO `ls_snsalbumclass` VALUES ('12', '13', '买家秀', '买家秀默认相册', '255', '', '1575265268', '1');
INSERT INTO `ls_snsalbumclass` VALUES ('13', '14', '买家秀', '买家秀默认相册', '255', '', '1575266038', '1');
INSERT INTO `ls_snsalbumclass` VALUES ('14', '15', '买家秀', '买家秀默认相册', '255', '', '1576044285', '1');
INSERT INTO `ls_snsalbumclass` VALUES ('15', '16', '买家秀', '买家秀默认相册', '255', '', '1576050073', '1');
INSERT INTO `ls_snsalbumclass` VALUES ('16', '17', '买家秀', '买家秀默认相册', '255', '', '1576054822', '1');
INSERT INTO `ls_snsalbumclass` VALUES ('17', '18', '买家秀', '买家秀默认相册', '255', '', '1576056839', '1');
INSERT INTO `ls_snsalbumclass` VALUES ('18', '19', '买家秀', '买家秀默认相册', '255', '', '1576164492', '1');
INSERT INTO `ls_snsalbumclass` VALUES ('19', '20', '买家秀', '买家秀默认相册', '255', '', '1576495270', '1');
INSERT INTO `ls_snsalbumclass` VALUES ('20', '21', '买家秀', '买家秀默认相册', '255', '', '1576496323', '1');
INSERT INTO `ls_snsalbumclass` VALUES ('21', '22', '买家秀', '买家秀默认相册', '255', '', '1576553986', '1');
INSERT INTO `ls_snsalbumclass` VALUES ('22', '23', '买家秀', '买家秀默认相册', '255', '', '1576554449', '1');
INSERT INTO `ls_snsalbumclass` VALUES ('23', '24', '买家秀', '买家秀默认相册', '255', '', '1576566876', '1');
INSERT INTO `ls_snsalbumclass` VALUES ('24', '25', '买家秀', '买家秀默认相册', '255', '', '1576567830', '1');
INSERT INTO `ls_snsalbumclass` VALUES ('25', '26', '买家秀', '买家秀默认相册', '255', '', '1577588858', '1');
INSERT INTO `ls_snsalbumclass` VALUES ('26', '27', '买家秀', '买家秀默认相册', '255', '', '1577589665', '1');
INSERT INTO `ls_snsalbumclass` VALUES ('27', '28', '买家秀', '买家秀默认相册', '255', '', '1577697604', '1');
INSERT INTO `ls_snsalbumclass` VALUES ('28', '29', '买家秀', '买家秀默认相册', '255', '', '1577700745', '1');
INSERT INTO `ls_snsalbumclass` VALUES ('29', '30', '买家秀', '买家秀默认相册', '255', '', '1577946606', '1');
INSERT INTO `ls_snsalbumclass` VALUES ('30', '31', '买家秀', '买家秀默认相册', '255', '', '1577946712', '1');
INSERT INTO `ls_snsalbumclass` VALUES ('31', '32', '买家秀', '买家秀默认相册', '255', '', '1577947092', '1');
INSERT INTO `ls_snsalbumclass` VALUES ('32', '33', '买家秀', '买家秀默认相册', '255', '', '1577948106', '1');
INSERT INTO `ls_snsalbumclass` VALUES ('33', '34', '买家秀', '买家秀默认相册', '255', '', '1577948667', '1');
INSERT INTO `ls_snsalbumclass` VALUES ('34', '35', '买家秀', '买家秀默认相册', '255', '', '1577975855', '1');
INSERT INTO `ls_snsalbumclass` VALUES ('35', '36', '买家秀', '买家秀默认相册', '255', '', '1578022356', '1');
INSERT INTO `ls_snsalbumclass` VALUES ('36', '37', '买家秀', '买家秀默认相册', '255', '', '1578105329', '1');

-- -----------------------------
-- Table structure for `ls_snsalbumpic`
-- -----------------------------
DROP TABLE IF EXISTS `ls_snsalbumpic`;
CREATE TABLE `ls_snsalbumpic` (
  `ap_id` int(10) unsigned NOT NULL AUTO_INCREMENT COMMENT '相册图片自增ID',
  `ac_id` int(10) unsigned DEFAULT NULL COMMENT '相册ID',
  `member_id` int(10) unsigned NOT NULL COMMENT '会员ID',
  `ap_name` varchar(100) NOT NULL COMMENT '图片名称',
  `ap_cover` varchar(255) NOT NULL COMMENT '图片路径',
  `ap_size` int(10) unsigned NOT NULL COMMENT '图片大小',
  `ap_spec` varchar(100) NOT NULL COMMENT '图片规格',
  `ap_uploadtime` int(10) unsigned NOT NULL COMMENT '图片上传时间',
  `ap_type` tinyint(4) NOT NULL DEFAULT '0' COMMENT '图片类型，0为无、1为买家秀',
  `item_id` tinyint(4) NOT NULL DEFAULT '0' COMMENT '信息ID',
  PRIMARY KEY (`ap_id`)
) ENGINE=InnoDB DEFAULT CHARSET=utf8 COMMENT='相册图片表';


-- -----------------------------
-- Table structure for `ls_snsfriend`
-- -----------------------------
DROP TABLE IF EXISTS `ls_snsfriend`;
CREATE TABLE `ls_snsfriend` (
  `friend_id` int(11) NOT NULL AUTO_INCREMENT COMMENT '好友自增ID',
  `friend_frommid` int(11) NOT NULL COMMENT '会员ID',
  `friend_frommname` varchar(100) DEFAULT NULL COMMENT '会员名称',
  `friend_frommavatar` varchar(100) DEFAULT NULL COMMENT '会员头像',
  `friend_tomid` int(11) NOT NULL COMMENT '朋友ID',
  `friend_tomname` varchar(100) NOT NULL COMMENT '好友会员名称',
  `friend_tomavatar` varchar(100) DEFAULT NULL COMMENT '好友头像',
  `friend_addtime` int(11) NOT NULL COMMENT '好友添加时间',
  `friend_followstate` tinyint(1) NOT NULL DEFAULT '1' COMMENT '关注状态 1:单方关注 2:双方关注',
  PRIMARY KEY (`friend_id`)
) ENGINE=InnoDB DEFAULT CHARSET=utf8 COMMENT='好友数据表';


-- -----------------------------
-- Table structure for `ls_snsmembertag`
-- -----------------------------
DROP TABLE IF EXISTS `ls_snsmembertag`;
CREATE TABLE `ls_snsmembertag` (
  `mtag_id` int(10) NOT NULL AUTO_INCREMENT COMMENT '会员标签自增ID',
  `mtag_name` varchar(20) NOT NULL COMMENT '会员标签名称',
  `mtag_sort` tinyint(3) unsigned NOT NULL DEFAULT '255' COMMENT '会员标签排序',
  `mtag_recommend` tinyint(4) NOT NULL DEFAULT '0' COMMENT '标签推荐 0:未推荐 1:已推荐',
  `mtag_desc` varchar(50) NOT NULL COMMENT '标签描述',
  `mtag_img` varchar(50) DEFAULT NULL COMMENT '标签图片',
  PRIMARY KEY (`mtag_id`)
) ENGINE=InnoDB DEFAULT CHARSET=utf8 COMMENT='会员标签表';


-- -----------------------------
-- Table structure for `ls_snsmtagmember`
-- -----------------------------
DROP TABLE IF EXISTS `ls_snsmtagmember`;
CREATE TABLE `ls_snsmtagmember` (
  `mtag_id` int(11) NOT NULL COMMENT '会员标签表ID',
  `member_id` int(11) NOT NULL COMMENT '会员ID',
  `recommend` tinyint(4) NOT NULL DEFAULT '0' COMMENT '推荐，默认为0',
  PRIMARY KEY (`mtag_id`,`member_id`)
) ENGINE=InnoDB DEFAULT CHARSET=utf8 COMMENT='会员标签会员对照表';


-- -----------------------------
-- Table structure for `ls_spec`
-- -----------------------------
DROP TABLE IF EXISTS `ls_spec`;
CREATE TABLE `ls_spec` (
  `sp_id` int(10) unsigned NOT NULL AUTO_INCREMENT COMMENT '规格自增ID',
  `sp_name` varchar(100) NOT NULL COMMENT '规格名称',
  `sp_sort` tinyint(3) unsigned NOT NULL DEFAULT '255' COMMENT '规格排序',
  `gc_id` int(10) unsigned DEFAULT '0' COMMENT '所属商品分类id',
  `gc_name` varchar(100) DEFAULT NULL COMMENT '所属商品分类名称',
  PRIMARY KEY (`sp_id`)
) ENGINE=InnoDB AUTO_INCREMENT=4 DEFAULT CHARSET=utf8 COMMENT='商品规格表';

-- -----------------------------
-- Records of `ls_spec`
-- -----------------------------
INSERT INTO `ls_spec` VALUES ('1', '样式', '0', '4', '电视/ 空调/ 冰箱/ 洗衣机');
INSERT INTO `ls_spec` VALUES ('2', '颜色', '0', '39', '女装');
INSERT INTO `ls_spec` VALUES ('3', '大小', '0', '15', '男装/ 女装/ 内衣');

-- -----------------------------
-- Table structure for `ls_specvalue`
-- -----------------------------
DROP TABLE IF EXISTS `ls_specvalue`;
CREATE TABLE `ls_specvalue` (
  `spvalue_id` int(10) unsigned NOT NULL AUTO_INCREMENT COMMENT '规格值自增ID',
  `spvalue_name` varchar(100) NOT NULL COMMENT '规格值名称',
  `sp_id` int(10) unsigned NOT NULL COMMENT '所属规格ID',
  `gc_id` int(10) unsigned NOT NULL COMMENT '分类ID',
  `store_id` int(10) unsigned NOT NULL COMMENT '店铺ID',
  `spvalue_color` varchar(10) DEFAULT NULL COMMENT '规格颜色',
  `spvalue_sort` tinyint(1) unsigned NOT NULL COMMENT '规格排序',
  PRIMARY KEY (`spvalue_id`),
  KEY `store_id` (`store_id`)
) ENGINE=InnoDB AUTO_INCREMENT=158 DEFAULT CHARSET=utf8 COMMENT='商品规格值表';

-- -----------------------------
-- Records of `ls_specvalue`
-- -----------------------------
INSERT INTO `ls_specvalue` VALUES ('1', '红', '2', '39', '1', '', '0');
INSERT INTO `ls_specvalue` VALUES ('2', '蓝', '2', '39', '1', '', '0');
INSERT INTO `ls_specvalue` VALUES ('3', '黑', '2', '39', '1', '', '0');
INSERT INTO `ls_specvalue` VALUES ('4', '白', '2', '39', '1', '', '0');
INSERT INTO `ls_specvalue` VALUES ('8', 'M', '3', '39', '1', '', '0');
INSERT INTO `ls_specvalue` VALUES ('9', 'L', '3', '39', '1', '', '0');
INSERT INTO `ls_specvalue` VALUES ('10', 'XL', '3', '39', '1', '', '0');
INSERT INTO `ls_specvalue` VALUES ('11', '蓝', '2', '21', '1', '', '0');
INSERT INTO `ls_specvalue` VALUES ('12', '黑', '2', '21', '1', '', '0');
INSERT INTO `ls_specvalue` VALUES ('13', '红', '2', '21', '1', '', '0');
INSERT INTO `ls_specvalue` VALUES ('14', '黑', '2', '23', '1', '', '0');
INSERT INTO `ls_specvalue` VALUES ('15', '4G', '1', '23', '1', '', '0');
INSERT INTO `ls_specvalue` VALUES ('16', '3G', '1', '23', '1', '', '0');
INSERT INTO `ls_specvalue` VALUES ('17', '黑', '2', '24', '1', '', '0');
INSERT INTO `ls_specvalue` VALUES ('18', '白', '2', '24', '1', '', '0');
INSERT INTO `ls_specvalue` VALUES ('19', '粉色', '2', '25', '1', '', '0');
INSERT INTO `ls_specvalue` VALUES ('20', '紫色', '2', '25', '1', '', '0');
INSERT INTO `ls_specvalue` VALUES ('21', '蓝色', '2', '25', '1', '', '0');
INSERT INTO `ls_specvalue` VALUES ('22', '1.5M', '3', '25', '1', '', '0');
INSERT INTO `ls_specvalue` VALUES ('23', '1.6', '3', '25', '1', '', '0');
INSERT INTO `ls_specvalue` VALUES ('24', '1.7', '3', '25', '1', '', '0');
INSERT INTO `ls_specvalue` VALUES ('25', '黄', '2', '25', '1', '', '0');
INSERT INTO `ls_specvalue` VALUES ('26', '1.5', '3', '26', '1', '', '0');
INSERT INTO `ls_specvalue` VALUES ('27', '1.8', '3', '26', '1', '', '0');
INSERT INTO `ls_specvalue` VALUES ('28', '红', '2', '26', '1', '', '0');
INSERT INTO `ls_specvalue` VALUES ('29', '紫', '2', '26', '1', '', '0');
INSERT INTO `ls_specvalue` VALUES ('30', '白', '2', '26', '1', '', '0');
INSERT INTO `ls_specvalue` VALUES ('31', '两口之家', '1', '27', '1', '', '0');
INSERT INTO `ls_specvalue` VALUES ('32', '三口之家', '1', '27', '1', '', '0');
INSERT INTO `ls_specvalue` VALUES ('33', '四口之家', '1', '27', '1', '', '0');
INSERT INTO `ls_specvalue` VALUES ('34', '清爽西瓜味', '2', '28', '1', '', '0');
INSERT INTO `ls_specvalue` VALUES ('35', '草莓味', '2', '28', '1', '', '0');
INSERT INTO `ls_specvalue` VALUES ('36', '45度', '3', '29', '1', '', '0');
INSERT INTO `ls_specvalue` VALUES ('37', '52度', '3', '29', '1', '', '0');
INSERT INTO `ls_specvalue` VALUES ('38', '蓝', '2', '29', '1', '', '0');
INSERT INTO `ls_specvalue` VALUES ('39', '红', '2', '29', '1', '', '0');
INSERT INTO `ls_specvalue` VALUES ('40', '500ml', '1', '29', '1', '', '0');
INSERT INTO `ls_specvalue` VALUES ('41', '400ml', '1', '29', '1', '', '0');
INSERT INTO `ls_specvalue` VALUES ('42', '两件套', '1', '30', '1', '', '0');
INSERT INTO `ls_specvalue` VALUES ('43', '三件套', '1', '30', '1', '', '0');
INSERT INTO `ls_specvalue` VALUES ('44', '四件套', '1', '30', '1', '', '0');
INSERT INTO `ls_specvalue` VALUES ('45', '翠绿', '2', '30', '1', '', '0');
INSERT INTO `ls_specvalue` VALUES ('46', '200ml', '3', '30', '1', '', '0');
INSERT INTO `ls_specvalue` VALUES ('47', '500ml', '3', '31', '1', '', '0');
INSERT INTO `ls_specvalue` VALUES ('48', '白', '2', '31', '1', '', '0');
INSERT INTO `ls_specvalue` VALUES ('49', '两件套', '1', '31', '1', '', '0');
INSERT INTO `ls_specvalue` VALUES ('50', '紫', '2', '31', '1', '', '0');
INSERT INTO `ls_specvalue` VALUES ('51', 'S', '3', '32', '1', '', '0');
INSERT INTO `ls_specvalue` VALUES ('52', 'M', '3', '32', '1', '', '0');
INSERT INTO `ls_specvalue` VALUES ('53', 'L', '3', '32', '1', '', '0');
INSERT INTO `ls_specvalue` VALUES ('54', '红', '2', '32', '1', '', '0');
INSERT INTO `ls_specvalue` VALUES ('55', '紫', '2', '32', '1', '', '0');
INSERT INTO `ls_specvalue` VALUES ('56', '蓝', '2', '32', '1', '', '0');
INSERT INTO `ls_specvalue` VALUES ('57', '黑', '2', '32', '1', '', '0');
INSERT INTO `ls_specvalue` VALUES ('58', '牛奶丝棉', '1', '39', '1', '', '0');
INSERT INTO `ls_specvalue` VALUES ('59', '针织', '1', '39', '1', '', '0');
INSERT INTO `ls_specvalue` VALUES ('60', 'M', '3', '41', '1', '', '0');
INSERT INTO `ls_specvalue` VALUES ('61', 'L', '3', '41', '1', '', '0');
INSERT INTO `ls_specvalue` VALUES ('62', 'XL', '3', '41', '1', '', '0');
INSERT INTO `ls_specvalue` VALUES ('63', '黑', '2', '41', '1', '', '0');
INSERT INTO `ls_specvalue` VALUES ('64', '白', '2', '41', '1', '', '0');
INSERT INTO `ls_specvalue` VALUES ('65', '蓝', '2', '41', '1', '', '0');
INSERT INTO `ls_specvalue` VALUES ('66', '黑', '2', '44', '1', '', '0');
INSERT INTO `ls_specvalue` VALUES ('67', '蓝', '2', '44', '1', '', '0');
INSERT INTO `ls_specvalue` VALUES ('68', 'M', '3', '44', '1', '', '0');
INSERT INTO `ls_specvalue` VALUES ('69', 'L', '3', '44', '1', '', '0');
INSERT INTO `ls_specvalue` VALUES ('70', 'XL', '3', '44', '1', '', '0');
INSERT INTO `ls_specvalue` VALUES ('71', '红', '2', '44', '1', '', '0');
INSERT INTO `ls_specvalue` VALUES ('72', '35', '3', '45', '1', '', '0');
INSERT INTO `ls_specvalue` VALUES ('73', '36', '3', '45', '1', '', '0');
INSERT INTO `ls_specvalue` VALUES ('74', '37', '3', '45', '1', '', '0');
INSERT INTO `ls_specvalue` VALUES ('75', '38', '3', '45', '1', '', '0');
INSERT INTO `ls_specvalue` VALUES ('76', '粉红', '2', '45', '1', '', '0');
INSERT INTO `ls_specvalue` VALUES ('77', '黑色', '2', '45', '1', '', '0');
INSERT INTO `ls_specvalue` VALUES ('78', '灰色', '2', '45', '1', '', '0');
INSERT INTO `ls_specvalue` VALUES ('79', '金色', '2', '45', '1', '', '0');
INSERT INTO `ls_specvalue` VALUES ('80', '黑', '2', '47', '1', '', '0');
INSERT INTO `ls_specvalue` VALUES ('81', '白', '2', '47', '1', '', '0');
INSERT INTO `ls_specvalue` VALUES ('82', '银', '2', '47', '1', '', '0');
INSERT INTO `ls_specvalue` VALUES ('83', '金', '2', '47', '1', '', '0');
INSERT INTO `ls_specvalue` VALUES ('84', '红', '2', '48', '1', '', '0');
INSERT INTO `ls_specvalue` VALUES ('85', '白', '2', '48', '1', '', '0');
INSERT INTO `ls_specvalue` VALUES ('86', '玫瑰金', '2', '48', '1', '', '0');
INSERT INTO `ls_specvalue` VALUES ('87', '黑', '2', '48', '1', '', '0');
INSERT INTO `ls_specvalue` VALUES ('88', '黑', '2', '49', '1', '', '0');
INSERT INTO `ls_specvalue` VALUES ('89', '白', '2', '49', '1', '', '0');
INSERT INTO `ls_specvalue` VALUES ('90', '蓝', '2', '49', '1', '', '0');
INSERT INTO `ls_specvalue` VALUES ('91', '20寸高清', '3', '5', '1', '', '0');
INSERT INTO `ls_specvalue` VALUES ('92', '25寸高清', '3', '5', '1', '', '0');
INSERT INTO `ls_specvalue` VALUES ('93', '30寸高清', '3', '5', '1', '', '0');
INSERT INTO `ls_specvalue` VALUES ('94', '40寸高清', '3', '5', '1', '', '0');
INSERT INTO `ls_specvalue` VALUES ('95', '50寸高清', '3', '5', '1', '', '0');
INSERT INTO `ls_specvalue` VALUES ('96', '黑', '2', '5', '1', '', '0');
INSERT INTO `ls_specvalue` VALUES ('97', '液晶', '1', '5', '1', '', '0');
INSERT INTO `ls_specvalue` VALUES ('98', '白', '2', '6', '1', '', '0');
INSERT INTO `ls_specvalue` VALUES ('99', '蓝', '2', '6', '1', '', '0');
INSERT INTO `ls_specvalue` VALUES ('100', '白', '2', '7', '1', '', '0');
INSERT INTO `ls_specvalue` VALUES ('101', '白', '2', '51', '1', '', '0');
INSERT INTO `ls_specvalue` VALUES ('102', '灰', '2', '51', '1', '', '0');
INSERT INTO `ls_specvalue` VALUES ('103', '白', '2', '21', '1', '', '0');
INSERT INTO `ls_specvalue` VALUES ('104', 'S', '3', '55', '1', '', '0');
INSERT INTO `ls_specvalue` VALUES ('105', 'M', '3', '55', '1', '', '0');
INSERT INTO `ls_specvalue` VALUES ('106', 'L', '3', '55', '1', '', '0');
INSERT INTO `ls_specvalue` VALUES ('107', '红', '2', '55', '1', '', '0');
INSERT INTO `ls_specvalue` VALUES ('108', '灰', '2', '55', '1', '', '0');
INSERT INTO `ls_specvalue` VALUES ('109', '蓝', '2', '55', '1', '', '0');
INSERT INTO `ls_specvalue` VALUES ('110', '黑', '2', '55', '1', '', '0');
INSERT INTO `ls_specvalue` VALUES ('111', '白', '2', '23', '1', '', '0');
INSERT INTO `ls_specvalue` VALUES ('112', '硬盘120G', '3', '23', '1', '', '0');
INSERT INTO `ls_specvalue` VALUES ('113', '硬盘500G', '3', '23', '1', '', '0');
INSERT INTO `ls_specvalue` VALUES ('114', '1T', '3', '24', '1', '', '0');
INSERT INTO `ls_specvalue` VALUES ('115', '2T', '3', '24', '1', '', '0');
INSERT INTO `ls_specvalue` VALUES ('116', '3T', '3', '24', '1', '', '0');
INSERT INTO `ls_specvalue` VALUES ('125', '蓝', '2', '68', '1', '', '0');
INSERT INTO `ls_specvalue` VALUES ('126', '黑', '2', '68', '1', '', '0');
INSERT INTO `ls_specvalue` VALUES ('127', '白', '2', '68', '1', '', '0');
INSERT INTO `ls_specvalue` VALUES ('128', '单框镜', '1', '68', '1', '', '0');
INSERT INTO `ls_specvalue` VALUES ('129', '变色镜', '1', '68', '1', '', '0');
INSERT INTO `ls_specvalue` VALUES ('130', '国产', '1', '2', '1', '', '0');
INSERT INTO `ls_specvalue` VALUES ('131', '国外', '1', '2', '1', '', '0');
INSERT INTO `ls_specvalue` VALUES ('132', '红色', '2', '2', '1', '', '0');
INSERT INTO `ls_specvalue` VALUES ('133', '蓝色', '2', '2', '1', '', '0');
INSERT INTO `ls_specvalue` VALUES ('134', '黑色', '2', '2', '1', '', '0');
INSERT INTO `ls_specvalue` VALUES ('135', '64G', '3', '2', '1', '', '0');
INSERT INTO `ls_specvalue` VALUES ('136', '128G', '3', '2', '1', '', '0');
INSERT INTO `ls_specvalue` VALUES ('143', '中果', '1', '76', '1', '', '0');
INSERT INTO `ls_specvalue` VALUES ('144', '大果', '1', '76', '1', '', '0');
INSERT INTO `ls_specvalue` VALUES ('150', '250g', '1', '767', '1', '', '0');
INSERT INTO `ls_specvalue` VALUES ('151', '小果', '1', '76', '1', '', '0');
INSERT INTO `ls_specvalue` VALUES ('152', '5000g', '3', '76', '1', '', '0');
INSERT INTO `ls_specvalue` VALUES ('153', '5斤', '1', '78', '1', '', '0');
INSERT INTO `ls_specvalue` VALUES ('154', '8斤', '1', '78', '1', '', '0');
INSERT INTO `ls_specvalue` VALUES ('155', '大果', '3', '78', '1', '', '0');
INSERT INTO `ls_specvalue` VALUES ('156', '3斤', '1', '79', '1', '', '0');
INSERT INTO `ls_specvalue` VALUES ('157', '5斤', '1', '79', '1', '', '0');

-- -----------------------------
-- Table structure for `ls_statmember`
-- -----------------------------
DROP TABLE IF EXISTS `ls_statmember`;
CREATE TABLE `ls_statmember` (
  `statm_id` int(11) NOT NULL AUTO_INCREMENT COMMENT '统计自增ID',
  `statm_memberid` int(11) NOT NULL COMMENT '会员ID',
  `statm_membername` varchar(100) NOT NULL COMMENT '会员名称',
  `statm_time` int(11) NOT NULL COMMENT '统计时间',
  `statm_ordernum` int(11) NOT NULL DEFAULT '0' COMMENT '下单量',
  `statm_orderamount` decimal(10,2) NOT NULL DEFAULT '0.00' COMMENT '下单金额',
  `statm_goodsnum` int(11) NOT NULL DEFAULT '0' COMMENT '下单商品件数',
  `statm_predincrease` decimal(10,2) NOT NULL DEFAULT '0.00' COMMENT '预存款增加额',
  `statm_predreduce` decimal(10,2) NOT NULL DEFAULT '0.00' COMMENT '预存款减少额',
  `statm_pointsincrease` int(11) NOT NULL DEFAULT '0' COMMENT '积分增加额',
  `statm_pointsreduce` int(11) NOT NULL DEFAULT '0' COMMENT '积分减少额',
  `statm_updatetime` int(11) NOT NULL COMMENT '更新时间',
  PRIMARY KEY (`statm_id`)
) ENGINE=InnoDB DEFAULT CHARSET=utf8 COMMENT='会员相关数据统计';


-- -----------------------------
-- Table structure for `ls_statorder`
-- -----------------------------
DROP TABLE IF EXISTS `ls_statorder`;
CREATE TABLE `ls_statorder` (
  `order_id` int(11) NOT NULL COMMENT '订单id',
  `order_sn` varchar(20) NOT NULL COMMENT '订单编号',
  `order_add_time` int(10) unsigned NOT NULL DEFAULT '0' COMMENT '订单生成时间',
  `payment_code` char(20) DEFAULT '' COMMENT '支付方式',
  `order_amount` decimal(10,2) unsigned NOT NULL DEFAULT '0.00' COMMENT '订单总价格',
  `shipping_fee` decimal(10,2) unsigned DEFAULT '0.00' COMMENT '运费',
  `evaluation_state` enum('0','1') DEFAULT '0' COMMENT '评价状态 0未评价，1已评价',
  `order_state` enum('0','10','20','30','40') NOT NULL DEFAULT '10' COMMENT '订单状态：0(已取消)10(默认):未付款;20:已付款;30:已发货;40:已收货;',
  `refund_state` tinyint(1) unsigned DEFAULT '0' COMMENT '退款状态:0是无退款,1是部分退款,2是全部退款',
  `refund_amount` decimal(10,2) DEFAULT '0.00' COMMENT '退款金额',
  `order_from` enum('1','2') NOT NULL DEFAULT '1' COMMENT '订单来源，1:PC 2:手机',
  `order_isvalid` tinyint(1) NOT NULL DEFAULT '0' COMMENT '是否为计入统计的有效订单，0为无效 1为有效',
  `reciver_province_id` mediumint(8) unsigned NOT NULL DEFAULT '0' COMMENT '收货人省级ID',
  `store_id` int(10) unsigned NOT NULL DEFAULT '0' COMMENT '店铺ID',
  `store_name` varchar(50) NOT NULL COMMENT '卖家店铺名称',
  `grade_id` int(11) NOT NULL COMMENT '店铺等级',
  `storeclass_id` int(11) NOT NULL COMMENT '店铺分类',
  `buyer_id` int(10) unsigned NOT NULL DEFAULT '0' COMMENT '买家ID',
  `buyer_name` varchar(50) NOT NULL COMMENT '买家姓名',
  UNIQUE KEY `order_id` (`order_id`),
  KEY `order_add_time` (`order_add_time`),
  KEY `order_isvalid` (`order_isvalid`)
) ENGINE=InnoDB DEFAULT CHARSET=utf8 COMMENT='统计功能订单缓存表';


-- -----------------------------
-- Table structure for `ls_statordergoods`
-- -----------------------------
DROP TABLE IF EXISTS `ls_statordergoods`;
CREATE TABLE `ls_statordergoods` (
  `rec_id` int(11) NOT NULL COMMENT '订单商品表索引ID',
  `stat_updatetime` int(10) unsigned NOT NULL DEFAULT '0' COMMENT '缓存生成时间',
  `order_id` int(11) NOT NULL COMMENT '订单id',
  `order_sn` varchar(20) NOT NULL COMMENT '订单编号',
  `order_add_time` int(10) unsigned NOT NULL DEFAULT '0' COMMENT '订单生成时间',
  `payment_code` char(20) DEFAULT '' COMMENT '支付方式',
  `order_amount` decimal(10,2) unsigned NOT NULL DEFAULT '0.00' COMMENT '订单总价格',
  `shipping_fee` decimal(10,2) unsigned DEFAULT '0.00' COMMENT '运费',
  `evaluation_state` enum('0','1') DEFAULT '0' COMMENT '评价状态 0:未评价，1:已评价',
  `order_state` enum('0','10','20','30','40') NOT NULL DEFAULT '10' COMMENT '订单状态 0:已取消;10:未付款;20:已付款;30:已发货;40:已收货;',
  `refund_state` tinyint(1) unsigned DEFAULT '0' COMMENT '退款状态:0:无退款,1:部分退款,2:全部退款',
  `refund_amount` decimal(10,2) DEFAULT '0.00' COMMENT '退款金额',
  `order_from` enum('1','2') NOT NULL DEFAULT '1' COMMENT '来源 1:PC 2:手机',
  `order_isvalid` tinyint(1) NOT NULL DEFAULT '0' COMMENT '是否为计入统计的有效订单，0为无效 1为有效',
  `reciver_province_id` mediumint(8) unsigned NOT NULL DEFAULT '0' COMMENT '收货人省级ID',
  `store_id` int(10) unsigned NOT NULL DEFAULT '0' COMMENT '店铺ID',
  `store_name` varchar(50) NOT NULL COMMENT '卖家店铺名称',
  `grade_id` int(11) NOT NULL COMMENT '店铺等级',
  `storeclass_id` int(11) NOT NULL COMMENT '店铺分类',
  `buyer_id` int(10) unsigned NOT NULL DEFAULT '0' COMMENT '买家ID',
  `buyer_name` varchar(50) NOT NULL COMMENT '买家姓名',
  `goods_id` int(11) NOT NULL COMMENT '商品ID',
  `goods_name` varchar(200) NOT NULL COMMENT '商品名称+规格',
  `goods_commonid` int(10) unsigned NOT NULL COMMENT '商品公共表id',
  `goods_commonname` varchar(50) NOT NULL COMMENT '商品公共表中商品名称',
  `gc_id` mediumint(8) unsigned NOT NULL DEFAULT '0' COMMENT '商品最底级分类ID',
  `gc_parentid_1` int(11) NOT NULL DEFAULT '0' COMMENT '一级父类ID',
  `gc_parentid_2` int(11) NOT NULL DEFAULT '0' COMMENT '二级父类ID',
  `gc_parentid_3` int(11) NOT NULL DEFAULT '0' COMMENT '三级父类ID',
  `brand_id` int(10) unsigned NOT NULL COMMENT '品牌id',
  `brand_name` varchar(100) NOT NULL COMMENT '品牌名称',
  `goods_serial` varchar(50) NOT NULL COMMENT '商家编号',
  `goods_price` decimal(10,2) NOT NULL COMMENT '商品价格',
  `goods_num` smallint(5) unsigned NOT NULL DEFAULT '1' COMMENT '商品数量',
  `goods_image` varchar(100) DEFAULT NULL COMMENT '商品图片',
  `goods_pay_price` decimal(10,2) unsigned NOT NULL COMMENT '商品实际成交价',
  `goods_type` enum('1','2','3','4','5','6','7','8') NOT NULL DEFAULT '1' COMMENT '1:默认 2:抢购商品 3:限时折扣商品 4:优惠套装 5:赠品 6:拼团 7:会员等级折扣 8:砍价',
  `promotions_id` mediumint(8) unsigned NOT NULL DEFAULT '0' COMMENT '促销活动ID（抢购ID/限时折扣ID/优惠套装ID）与goods_type搭配使用',
  `commis_rate` smallint(5) unsigned NOT NULL DEFAULT '0' COMMENT '佣金比例',
  UNIQUE KEY `rec_id` (`rec_id`),
  KEY `order_id` (`order_id`),
  KEY `order_add_time` (`order_add_time`)
) ENGINE=InnoDB DEFAULT CHARSET=utf8 COMMENT='统计功能订单商品缓存表';


-- -----------------------------
-- Table structure for `ls_store`
-- -----------------------------
DROP TABLE IF EXISTS `ls_store`;
CREATE TABLE `ls_store` (
  `store_id` int(11) NOT NULL AUTO_INCREMENT COMMENT '店铺自增ID',
  `store_name` varchar(100) NOT NULL COMMENT '店铺名称',
  `grade_id` int(11) DEFAULT '0' COMMENT '店铺等级ID',
  `member_id` int(11) DEFAULT '0' COMMENT '用户ID',
  `member_name` varchar(50) NOT NULL COMMENT '用户名',
  `seller_name` varchar(50) NOT NULL COMMENT '店主卖家用户名',
  `storeclass_id` int(11) DEFAULT '0' COMMENT '店铺分类ID',
  `store_company_name` varchar(50) DEFAULT NULL COMMENT '店铺公司名称',
  `region_id` int(10) DEFAULT NULL COMMENT '地区ID',
  `area_info` varchar(100) DEFAULT NULL COMMENT '地区名称',
  `store_address` varchar(100) DEFAULT NULL COMMENT '店铺地址',
  `store_zip` varchar(10) DEFAULT NULL COMMENT '邮政编码',
  `store_state` tinyint(1) NOT NULL DEFAULT '2' COMMENT '店铺状态:0关闭，1开启，2审核中',
  `store_close_info` varchar(255) DEFAULT NULL COMMENT '店铺关闭原因',
  `store_sort` tinyint(3) unsigned NOT NULL DEFAULT '255' COMMENT '店铺排序',
  `store_addtime` int(11) NOT NULL DEFAULT '0' COMMENT '店铺时间',
  `store_endtime` int(11) NOT NULL DEFAULT '0' COMMENT '店铺关闭时间',
  `store_logo` varchar(255) DEFAULT NULL COMMENT '店铺LOGO',
  `store_banner` varchar(255) DEFAULT NULL COMMENT '店铺Banner',
  `store_avatar` varchar(255) DEFAULT NULL COMMENT '店铺头像',
  `store_keywords` varchar(255) DEFAULT NULL COMMENT '店铺SEO关键字',
  `store_description` varchar(255) DEFAULT NULL COMMENT '店铺SEO描述',
  `store_qq` varchar(50) DEFAULT NULL COMMENT '店铺QQ',
  `store_ww` varchar(50) DEFAULT NULL COMMENT '店铺WW',
  `store_phone` varchar(20) DEFAULT NULL COMMENT '商家电话',
  `store_mainbusiness` text COMMENT '主营商品',
  `store_recommend` tinyint(1) NOT NULL DEFAULT '0' COMMENT '是否推荐:0否 1是',
  `store_theme` varchar(50) NOT NULL DEFAULT 'default' COMMENT '店铺当前主题',
  `store_credit` int(11) NOT NULL DEFAULT '0' COMMENT '店铺信用',
  `store_desccredit` float unsigned NOT NULL DEFAULT '0' COMMENT '描述相符度分数',
  `store_servicecredit` float unsigned NOT NULL DEFAULT '0' COMMENT '服务态度分数',
  `store_deliverycredit` float unsigned NOT NULL DEFAULT '0' COMMENT '发货速度分数',
  `store_collect` int(10) unsigned NOT NULL DEFAULT '0' COMMENT '店铺收藏数量',
  `store_slide` text COMMENT '店铺幻灯片',
  `store_slide_url` text COMMENT '店铺幻灯片链接',
  `store_seal` varchar(255) DEFAULT NULL COMMENT '店铺印章',
  `store_printexplain` varchar(500) DEFAULT NULL COMMENT '打印订单页面下方说明文字',
  `store_sales` int(10) unsigned NOT NULL DEFAULT '0' COMMENT '店铺销量',
  `store_presales` text COMMENT '售前客服',
  `store_aftersales` text COMMENT '售后客服',
  `store_workingtime` varchar(100) DEFAULT NULL COMMENT '工作时间',
  `store_free_price` decimal(10,2) NOT NULL DEFAULT '0.00' COMMENT '超出该金额免运费，大于0才表示该值有效',
  `store_decoration_switch` int(10) unsigned DEFAULT '0' COMMENT '店铺装修开关(0-关闭 装修编号-开启)',
  `store_decoration_only` tinyint(1) unsigned DEFAULT '0' COMMENT '开启店铺装修时，仅显示店铺装修(1-是 0-否',
  `store_decoration_image_count` int(10) unsigned DEFAULT '0' COMMENT '店铺装修相册图片数量',
  `live_store_name` varchar(255) DEFAULT NULL COMMENT '商铺名称',
  `live_store_address` varchar(255) DEFAULT NULL COMMENT '商家地址',
  `live_store_tel` varchar(255) DEFAULT NULL COMMENT '商铺电话',
  `live_store_bus` varchar(255) DEFAULT NULL COMMENT '公交线路',
  `is_platform_store` tinyint(1) NOT NULL DEFAULT '0' COMMENT '是否自营店铺 1是 0否',
  `bind_all_gc` tinyint(1) NOT NULL DEFAULT '0' COMMENT '自营店是否绑定全部分类 0否1是',
  `store_vrcode_prefix` char(3) DEFAULT NULL COMMENT '商家兑换码前缀',
  `store_baozh` tinyint(1) DEFAULT '0' COMMENT '保证服务开关',
  `store_qtian` tinyint(1) DEFAULT '0' COMMENT '7天退换',
  `store_zhping` tinyint(1) DEFAULT '0' COMMENT '正品保障',
  `store_erxiaoshi` tinyint(1) DEFAULT '0' COMMENT '两小时发货',
  `store_tuihuo` tinyint(1) DEFAULT '0' COMMENT '退货承诺',
  `store_shiyong` tinyint(1) DEFAULT '0' COMMENT '试用中心',
  `store_shiti` tinyint(1) DEFAULT '0' COMMENT '实体验证',
  `store_xiaoxie` tinyint(1) DEFAULT '0' COMMENT '消协保证',
  `store_huodaofk` tinyint(1) DEFAULT '0' COMMENT '货到付款',
  `store_free_time` varchar(10) DEFAULT NULL COMMENT '商家配送时间',
  `store_longitude` varchar(20) DEFAULT '' COMMENT '经度',
  `store_latitude` varchar(20) DEFAULT '' COMMENT '纬度',
  `mb_title_img` varchar(150) DEFAULT NULL COMMENT '手机店铺背景图',
  `mb_sliders` text COMMENT '手机店铺轮播图',
  `deliver_region` varchar(50) DEFAULT NULL COMMENT '店铺默认配送区域',
  `store_mgdiscount` text COMMENT '序列化会员等级折扣(店铺)',
  `store_mgdiscount_state` tinyint(1) DEFAULT '0' COMMENT '店铺是否开启序列化会员等级折扣',
  `store_bill_time` int(10) unsigned NOT NULL DEFAULT '0' COMMENT '上一期结算时间',
  `store_avaliable_deposit` decimal(10,2) unsigned NOT NULL DEFAULT '0.00' COMMENT '店铺已缴保证金',
  `store_freeze_deposit` decimal(10,2) unsigned NOT NULL DEFAULT '0.00' COMMENT '店铺审核保证金',
  `store_payable_deposit` decimal(10,2) unsigned NOT NULL DEFAULT '0.00' COMMENT '店铺应缴保证金',
  `store_avaliable_money` decimal(10,2) unsigned NOT NULL DEFAULT '0.00' COMMENT '店铺可用金额',
  `store_freeze_money` decimal(10,2) unsigned NOT NULL DEFAULT '0.00' COMMENT '店铺冻结金额',
  PRIMARY KEY (`store_id`)
) ENGINE=InnoDB AUTO_INCREMENT=9 DEFAULT CHARSET=utf8 COMMENT='店铺数据表';

-- -----------------------------
-- Records of `ls_store`
-- -----------------------------
INSERT INTO `ls_store` VALUES ('1', '自营店铺', '1', '1', 'buyer', 'seller', '1', '', '', '', '', '', '1', '', '1', '1572950123', '0', '1_2019121216053246268.png', '1_2019121216065721366.png', '1_2019121216013778963.png', '', '', '', '', '18511310658', '', '0', 'default', '0', '0', '0', '0', '0', ',,,,', 'http://,http://,http://,http://,http://', '', '', '0', '', '', '', '0.00', '0', '0', '0', '', '', '', '', '1', '1', '', '0', '0', '0', '0', '0', '0', '0', '0', '0', '', '', '', '1_2019121216081656544.png', 'a:5:{i:1;a:3:{s:3:\"img\";s:7:\"1_3.png\";s:4:\"type\";i:2;s:4:\"link\";i:177;}i:2;a:3:{s:3:\"img\";s:7:\"1_2.png\";s:4:\"type\";i:1;s:4:\"link\";s:0:\"\";}i:3;a:3:{s:3:\"img\";s:0:\"\";s:4:\"type\";i:1;s:4:\"link\";s:0:\"\";}i:4;a:3:{s:3:\"img\";s:0:\"\";s:4:\"type\";i:1;s:4:\"link\";s:0:\"\";}i:5;N;}', '', 'a:4:{i:1;a:2:{s:14:\"level_discount\";i:10;s:10:\"level_name\";s:12:\"普通用户\";}i:2;a:2:{s:14:\"level_discount\";i:9;s:10:\"level_name\";s:12:\"银牌用户\";}i:3;a:2:{s:14:\"level_discount\";i:5;s:10:\"level_name\";s:12:\"金牌用户\";}i:4;a:2:{s:14:\"level_discount\";i:1;s:10:\"level_name\";s:9:\"VIP用户\";}}', '1', '0', '0.00', '0.00', '0.00', '0.00', '0.00');
INSERT INTO `ls_store` VALUES ('2', '水果大全', '0', '', 'shuiguo', 'shuiguo', '2', '', '', '', '', '', '1', '', '2', '1576153861', '0', '', '', '2_2019121523542715582.png', '', '', '', '', '15304538341', '', '0', 'default', '0', '0', '0', '0', '0', '', '', '', '', '0', '', '', '', '0.00', '0', '0', '0', '', '', '', '', '1', '1', '', '0', '0', '0', '0', '0', '0', '0', '0', '0', '', '', '', '2_2019121523552995937.jpg', 'a:5:{i:1;a:3:{s:3:\"img\";s:7:\"2_1.jpg\";s:4:\"type\";i:2;s:4:\"link\";i:176;}i:2;a:3:{s:3:\"img\";s:7:\"2_2.jpg\";s:4:\"type\";i:1;s:4:\"link\";s:0:\"\";}i:3;a:3:{s:3:\"img\";s:0:\"\";s:4:\"type\";i:1;s:4:\"link\";s:0:\"\";}i:4;a:3:{s:3:\"img\";s:0:\"\";s:4:\"type\";i:1;s:4:\"link\";s:0:\"\";}i:5;N;}', '', '', '0', '0', '0.00', '0.00', '0.00', '0.00', '0.00');

-- -----------------------------
-- Table structure for `ls_storebindclass`
-- -----------------------------
DROP TABLE IF EXISTS `ls_storebindclass`;
CREATE TABLE `ls_storebindclass` (
  `storebindclass_id` int(10) unsigned NOT NULL AUTO_INCREMENT COMMENT '类目自增ID',
  `store_id` int(11) unsigned DEFAULT '0' COMMENT '店铺ID',
  `commis_rate` tinyint(4) unsigned DEFAULT '0' COMMENT '佣金比例',
  `class_1` mediumint(9) unsigned DEFAULT '0' COMMENT '一级分类',
  `class_2` mediumint(9) unsigned DEFAULT '0' COMMENT '二级分类',
  `class_3` mediumint(9) unsigned DEFAULT '0' COMMENT '三级分类',
  `storebindclass_state` tinyint(3) unsigned NOT NULL DEFAULT '0' COMMENT '状态0:审核中1:已审核 2:平台自营店铺',
  PRIMARY KEY (`storebindclass_id`),
  KEY `store_id` (`store_id`)
) ENGINE=InnoDB AUTO_INCREMENT=108 DEFAULT CHARSET=utf8 COMMENT='店铺可发布商品类目表';

-- -----------------------------
-- Records of `ls_storebindclass`
-- -----------------------------
INSERT INTO `ls_storebindclass` VALUES ('1', '1', '0', '1', '2', '75', '2');
INSERT INTO `ls_storebindclass` VALUES ('2', '1', '0', '1', '2', '76', '2');
INSERT INTO `ls_storebindclass` VALUES ('3', '1', '0', '1', '2', '77', '2');
INSERT INTO `ls_storebindclass` VALUES ('4', '1', '0', '1', '2', '78', '2');
INSERT INTO `ls_storebindclass` VALUES ('5', '1', '0', '1', '2', '79', '2');
INSERT INTO `ls_storebindclass` VALUES ('6', '1', '0', '1', '2', '282', '2');
INSERT INTO `ls_storebindclass` VALUES ('7', '1', '0', '1', '2', '284', '2');
INSERT INTO `ls_storebindclass` VALUES ('8', '1', '0', '1', '2', '285', '2');
INSERT INTO `ls_storebindclass` VALUES ('9', '1', '0', '1', '2', '287', '2');
INSERT INTO `ls_storebindclass` VALUES ('10', '1', '0', '1', '2', '288', '2');
INSERT INTO `ls_storebindclass` VALUES ('11', '1', '0', '1', '2', '295', '2');
INSERT INTO `ls_storebindclass` VALUES ('12', '1', '0', '1', '2', '298', '2');
INSERT INTO `ls_storebindclass` VALUES ('13', '1', '0', '1', '2', '324', '2');
INSERT INTO `ls_storebindclass` VALUES ('14', '1', '0', '1', '338', '339', '2');
INSERT INTO `ls_storebindclass` VALUES ('15', '1', '0', '1', '338', '341', '2');
INSERT INTO `ls_storebindclass` VALUES ('16', '1', '0', '1', '338', '343', '2');
INSERT INTO `ls_storebindclass` VALUES ('17', '1', '0', '1', '3', '70', '2');
INSERT INTO `ls_storebindclass` VALUES ('18', '1', '0', '1', '3', '71', '2');
INSERT INTO `ls_storebindclass` VALUES ('19', '1', '0', '1', '3', '72', '2');
INSERT INTO `ls_storebindclass` VALUES ('20', '1', '0', '1', '3', '73', '2');
INSERT INTO `ls_storebindclass` VALUES ('21', '1', '0', '1', '3', '74', '2');
INSERT INTO `ls_storebindclass` VALUES ('22', '1', '0', '1', '3', '291', '2');
INSERT INTO `ls_storebindclass` VALUES ('23', '1', '0', '1', '3', '293', '2');
INSERT INTO `ls_storebindclass` VALUES ('24', '1', '0', '1', '3', '296', '2');
INSERT INTO `ls_storebindclass` VALUES ('25', '1', '0', '1', '3', '297', '2');
INSERT INTO `ls_storebindclass` VALUES ('26', '1', '0', '1', '3', '299', '2');
INSERT INTO `ls_storebindclass` VALUES ('27', '1', '0', '1', '48', '80', '2');
INSERT INTO `ls_storebindclass` VALUES ('28', '1', '0', '1', '48', '81', '2');
INSERT INTO `ls_storebindclass` VALUES ('29', '1', '0', '1', '48', '82', '2');
INSERT INTO `ls_storebindclass` VALUES ('30', '1', '0', '1', '48', '83', '2');
INSERT INTO `ls_storebindclass` VALUES ('31', '1', '0', '1', '48', '84', '2');
INSERT INTO `ls_storebindclass` VALUES ('32', '1', '0', '1', '48', '302', '2');
INSERT INTO `ls_storebindclass` VALUES ('33', '1', '0', '1', '48', '304', '2');
INSERT INTO `ls_storebindclass` VALUES ('34', '1', '0', '1', '48', '305', '2');
INSERT INTO `ls_storebindclass` VALUES ('35', '1', '0', '1', '48', '307', '2');
INSERT INTO `ls_storebindclass` VALUES ('36', '1', '0', '1', '48', '309', '2');
INSERT INTO `ls_storebindclass` VALUES ('37', '1', '0', '1', '48', '310', '2');
INSERT INTO `ls_storebindclass` VALUES ('38', '1', '0', '1', '48', '313', '2');
INSERT INTO `ls_storebindclass` VALUES ('39', '1', '0', '1', '48', '314', '2');
INSERT INTO `ls_storebindclass` VALUES ('40', '1', '0', '1', '48', '316', '2');
INSERT INTO `ls_storebindclass` VALUES ('41', '1', '0', '1', '48', '317', '2');
INSERT INTO `ls_storebindclass` VALUES ('42', '1', '0', '1', '48', '319', '2');
INSERT INTO `ls_storebindclass` VALUES ('43', '1', '0', '1', '49', '85', '2');
INSERT INTO `ls_storebindclass` VALUES ('44', '1', '0', '1', '49', '86', '2');
INSERT INTO `ls_storebindclass` VALUES ('45', '1', '0', '1', '49', '87', '2');
INSERT INTO `ls_storebindclass` VALUES ('46', '1', '0', '1', '49', '88', '2');
INSERT INTO `ls_storebindclass` VALUES ('47', '1', '0', '1', '49', '89', '2');
INSERT INTO `ls_storebindclass` VALUES ('48', '1', '0', '1', '321', '325', '2');
INSERT INTO `ls_storebindclass` VALUES ('49', '1', '0', '1', '321', '328', '2');
INSERT INTO `ls_storebindclass` VALUES ('50', '1', '0', '1', '321', '329', '2');
INSERT INTO `ls_storebindclass` VALUES ('51', '1', '0', '1', '321', '330', '2');
INSERT INTO `ls_storebindclass` VALUES ('52', '1', '0', '1', '321', '332', '2');
INSERT INTO `ls_storebindclass` VALUES ('53', '1', '0', '1', '321', '333', '2');
INSERT INTO `ls_storebindclass` VALUES ('54', '2', '0', '1', '2', '75', '2');
INSERT INTO `ls_storebindclass` VALUES ('55', '2', '0', '1', '2', '76', '2');
INSERT INTO `ls_storebindclass` VALUES ('56', '2', '0', '1', '2', '77', '2');
INSERT INTO `ls_storebindclass` VALUES ('57', '2', '0', '1', '2', '78', '2');
INSERT INTO `ls_storebindclass` VALUES ('58', '2', '0', '1', '2', '79', '2');
INSERT INTO `ls_storebindclass` VALUES ('59', '2', '0', '1', '2', '282', '2');
INSERT INTO `ls_storebindclass` VALUES ('60', '2', '0', '1', '2', '284', '2');
INSERT INTO `ls_storebindclass` VALUES ('61', '2', '0', '1', '2', '285', '2');
INSERT INTO `ls_storebindclass` VALUES ('62', '2', '0', '1', '2', '287', '2');
INSERT INTO `ls_storebindclass` VALUES ('63', '2', '0', '1', '2', '288', '2');
INSERT INTO `ls_storebindclass` VALUES ('64', '2', '0', '1', '2', '295', '2');
INSERT INTO `ls_storebindclass` VALUES ('65', '2', '0', '1', '2', '298', '2');
INSERT INTO `ls_storebindclass` VALUES ('66', '2', '0', '1', '2', '324', '2');
INSERT INTO `ls_storebindclass` VALUES ('67', '2', '0', '1', '338', '339', '2');
INSERT INTO `ls_storebindclass` VALUES ('68', '2', '0', '1', '338', '341', '2');
INSERT INTO `ls_storebindclass` VALUES ('69', '2', '0', '1', '338', '343', '2');
INSERT INTO `ls_storebindclass` VALUES ('70', '2', '0', '1', '3', '70', '2');
INSERT INTO `ls_storebindclass` VALUES ('71', '2', '0', '1', '3', '71', '2');
INSERT INTO `ls_storebindclass` VALUES ('72', '2', '0', '1', '3', '72', '2');
INSERT INTO `ls_storebindclass` VALUES ('73', '2', '0', '1', '3', '73', '2');
INSERT INTO `ls_storebindclass` VALUES ('74', '2', '0', '1', '3', '74', '2');
INSERT INTO `ls_storebindclass` VALUES ('75', '2', '0', '1', '3', '291', '2');
INSERT INTO `ls_storebindclass` VALUES ('76', '2', '0', '1', '3', '293', '2');
INSERT INTO `ls_storebindclass` VALUES ('77', '2', '0', '1', '3', '296', '2');
INSERT INTO `ls_storebindclass` VALUES ('78', '2', '0', '1', '3', '297', '2');
INSERT INTO `ls_storebindclass` VALUES ('79', '2', '0', '1', '3', '299', '2');
INSERT INTO `ls_storebindclass` VALUES ('80', '2', '0', '1', '48', '80', '2');
INSERT INTO `ls_storebindclass` VALUES ('81', '2', '0', '1', '48', '81', '2');
INSERT INTO `ls_storebindclass` VALUES ('82', '2', '0', '1', '48', '82', '2');
INSERT INTO `ls_storebindclass` VALUES ('83', '2', '0', '1', '48', '83', '2');
INSERT INTO `ls_storebindclass` VALUES ('84', '2', '0', '1', '48', '84', '2');
INSERT INTO `ls_storebindclass` VALUES ('85', '2', '0', '1', '48', '302', '2');
INSERT INTO `ls_storebindclass` VALUES ('86', '2', '0', '1', '48', '304', '2');
INSERT INTO `ls_storebindclass` VALUES ('87', '2', '0', '1', '48', '305', '2');
INSERT INTO `ls_storebindclass` VALUES ('88', '2', '0', '1', '48', '307', '2');
INSERT INTO `ls_storebindclass` VALUES ('89', '2', '0', '1', '48', '309', '2');
INSERT INTO `ls_storebindclass` VALUES ('90', '2', '0', '1', '48', '310', '2');
INSERT INTO `ls_storebindclass` VALUES ('91', '2', '0', '1', '48', '313', '2');
INSERT INTO `ls_storebindclass` VALUES ('92', '2', '0', '1', '48', '314', '2');
INSERT INTO `ls_storebindclass` VALUES ('93', '2', '0', '1', '48', '316', '2');
INSERT INTO `ls_storebindclass` VALUES ('94', '2', '0', '1', '48', '317', '2');
INSERT INTO `ls_storebindclass` VALUES ('95', '2', '0', '1', '48', '319', '2');
INSERT INTO `ls_storebindclass` VALUES ('96', '2', '0', '1', '49', '85', '2');
INSERT INTO `ls_storebindclass` VALUES ('97', '2', '0', '1', '49', '86', '2');
INSERT INTO `ls_storebindclass` VALUES ('98', '2', '0', '1', '49', '87', '2');
INSERT INTO `ls_storebindclass` VALUES ('99', '2', '0', '1', '49', '88', '2');
INSERT INTO `ls_storebindclass` VALUES ('100', '2', '0', '1', '49', '89', '2');
INSERT INTO `ls_storebindclass` VALUES ('101', '2', '0', '1', '321', '325', '2');
INSERT INTO `ls_storebindclass` VALUES ('102', '2', '0', '1', '321', '328', '2');
INSERT INTO `ls_storebindclass` VALUES ('103', '2', '0', '1', '321', '329', '2');
INSERT INTO `ls_storebindclass` VALUES ('104', '2', '0', '1', '321', '330', '2');
INSERT INTO `ls_storebindclass` VALUES ('105', '2', '0', '1', '321', '332', '2');
INSERT INTO `ls_storebindclass` VALUES ('106', '2', '0', '1', '321', '333', '2');
INSERT INTO `ls_storebindclass` VALUES ('107', '3', '0', '10', '0', '0', '1');

-- -----------------------------
-- Table structure for `ls_storeclass`
-- -----------------------------
DROP TABLE IF EXISTS `ls_storeclass`;
CREATE TABLE `ls_storeclass` (
  `storeclass_id` int(10) unsigned NOT NULL AUTO_INCREMENT COMMENT '店铺分类自增ID',
  `storeclass_name` varchar(50) NOT NULL COMMENT '店铺分类名称',
  `storeclass_bail` mediumint(8) unsigned NOT NULL DEFAULT '0' COMMENT '店铺分类保证金数额',
  `storeclass_sort` tinyint(3) unsigned NOT NULL DEFAULT '255' COMMENT '店铺分类排序',
  PRIMARY KEY (`storeclass_id`)
) ENGINE=InnoDB AUTO_INCREMENT=12 DEFAULT CHARSET=utf8 COMMENT='店铺分类表';

-- -----------------------------
-- Records of `ls_storeclass`
-- -----------------------------
INSERT INTO `ls_storeclass` VALUES ('1', '农副/副食', '0', '8');
INSERT INTO `ls_storeclass` VALUES ('2', '水果', '0', '1');
INSERT INTO `ls_storeclass` VALUES ('3', '蔬菜', '0', '2');
INSERT INTO `ls_storeclass` VALUES ('4', '种苗', '0', '3');
INSERT INTO `ls_storeclass` VALUES ('5', '禽畜牧蛋肉', '0', '4');
INSERT INTO `ls_storeclass` VALUES ('6', '水产', '0', '5');
INSERT INTO `ls_storeclass` VALUES ('7', '中药材', '0', '6');
INSERT INTO `ls_storeclass` VALUES ('8', '坚果干果', '0', '7');
INSERT INTO `ls_storeclass` VALUES ('9', '粮油作物', '0', '9');
INSERT INTO `ls_storeclass` VALUES ('10', '种子', '0', '10');
INSERT INTO `ls_storeclass` VALUES ('11', '食用菌', '0', '11');

-- -----------------------------
-- Table structure for `ls_storecost`
-- -----------------------------
DROP TABLE IF EXISTS `ls_storecost`;
CREATE TABLE `ls_storecost` (
  `storecost_id` int(10) unsigned NOT NULL AUTO_INCREMENT COMMENT '店铺消费自增ID',
  `storecost_store_id` int(10) unsigned NOT NULL COMMENT '店铺ID',
  `storecost_seller_id` int(10) unsigned NOT NULL COMMENT '卖家ID',
  `storecost_price` int(10) unsigned NOT NULL COMMENT '店铺消费价格',
  `storecost_remark` varchar(255) NOT NULL COMMENT '店铺消费备注',
  `storecost_state` tinyint(3) unsigned NOT NULL COMMENT '费用状态 0:未结算 1:已结算',
  `storecost_time` int(10) unsigned NOT NULL COMMENT '费用发生时间',
  PRIMARY KEY (`storecost_id`)
) ENGINE=InnoDB DEFAULT CHARSET=utf8 COMMENT='店铺消费表';


-- -----------------------------
-- Table structure for `ls_storedepositlog`
-- -----------------------------
DROP TABLE IF EXISTS `ls_storedepositlog`;
CREATE TABLE `ls_storedepositlog` (
  `storedepositlog_id` int(10) unsigned NOT NULL AUTO_INCREMENT COMMENT '保证金日志id',
  `store_id` int(10) unsigned NOT NULL COMMENT '店铺id',
  `store_name` varchar(60) NOT NULL COMMENT '店铺名称',
  `store_avaliable_deposit` decimal(10,2) NOT NULL DEFAULT '0.00' COMMENT '已缴保证金',
  `store_freeze_deposit` decimal(10,2) NOT NULL DEFAULT '0.00' COMMENT '审核保证金',
  `store_payable_deposit` decimal(10,2) NOT NULL DEFAULT '0.00' COMMENT '应缴保证金',
  `storedepositlog_state` tinyint(1) unsigned NOT NULL COMMENT '状态（0无效1有效2待审核3已同意4已拒绝5已缴纳6已取消）',
  `storedepositlog_type` smallint(5) unsigned NOT NULL COMMENT '日志类型',
  `storedepositlog_desc` varchar(255) NOT NULL COMMENT '日志详情',
  `storedepositlog_add_time` int(10) unsigned NOT NULL COMMENT '添加时间',
  PRIMARY KEY (`storedepositlog_id`)
) ENGINE=InnoDB DEFAULT CHARSET=utf8 COMMENT='店铺保证金日志表';


-- -----------------------------
-- Table structure for `ls_storeextend`
-- -----------------------------
DROP TABLE IF EXISTS `ls_storeextend`;
CREATE TABLE `ls_storeextend` (
  `store_id` mediumint(8) unsigned NOT NULL COMMENT '店铺ID',
  `express` text COMMENT '快递公司ID的组合',
  `pricerange` text COMMENT '店铺统计设置的商品价格区间',
  `orderpricerange` text COMMENT '店铺统计设置的订单价格区间',
  PRIMARY KEY (`store_id`)
) ENGINE=InnoDB DEFAULT CHARSET=utf8 COMMENT='店铺信息扩展表';

-- -----------------------------
-- Records of `ls_storeextend`
-- -----------------------------
INSERT INTO `ls_storeextend` VALUES ('1', '28,40,44', '', '');
INSERT INTO `ls_storeextend` VALUES ('2', '28,40,44', '', '');
INSERT INTO `ls_storeextend` VALUES ('7', '', '', '');
INSERT INTO `ls_storeextend` VALUES ('8', '', '', '');

-- -----------------------------
-- Table structure for `ls_storegoodsclass`
-- -----------------------------
DROP TABLE IF EXISTS `ls_storegoodsclass`;
CREATE TABLE `ls_storegoodsclass` (
  `storegc_id` int(11) NOT NULL AUTO_INCREMENT COMMENT '店铺商品分类ID',
  `store_id` int(11) NOT NULL DEFAULT '0' COMMENT '店铺ID',
  `storegc_name` varchar(50) NOT NULL COMMENT '店铺商品分类名称',
  `storegc_parent_id` int(11) NOT NULL COMMENT '上级ID',
  `storegc_state` tinyint(1) NOT NULL DEFAULT '0' COMMENT '店铺商品分类状态',
  `storegc_sort` tinyint(3) unsigned NOT NULL DEFAULT '255' COMMENT '商品分类排序',
  PRIMARY KEY (`storegc_id`),
  KEY `storegc_parent_id` (`storegc_parent_id`,`storegc_sort`),
  KEY `store_id` (`store_id`)
) ENGINE=InnoDB AUTO_INCREMENT=5 DEFAULT CHARSET=utf8 COMMENT='店铺商品分类表';

-- -----------------------------
-- Records of `ls_storegoodsclass`
-- -----------------------------
INSERT INTO `ls_storegoodsclass` VALUES ('1', '1', '水果', '0', '1', '0');
INSERT INTO `ls_storegoodsclass` VALUES ('2', '1', '干果', '0', '1', '0');
INSERT INTO `ls_storegoodsclass` VALUES ('3', '1', '蔬菜', '0', '1', '0');
INSERT INTO `ls_storegoodsclass` VALUES ('4', '1', '药材', '0', '1', '0');

-- -----------------------------
-- Table structure for `ls_storegrade`
-- -----------------------------
DROP TABLE IF EXISTS `ls_storegrade`;
CREATE TABLE `ls_storegrade` (
  `storegrade_id` int(10) NOT NULL AUTO_INCREMENT COMMENT '店铺等级自增ID',
  `storegrade_name` varchar(50) NOT NULL COMMENT '店铺等级名称',
  `storegrade_goods_limit` int(10) DEFAULT '0' COMMENT '允许发布商品数量',
  `storegrade_album_limit` int(10) DEFAULT '0' COMMENT '允许发布图片数量',
  `storegrade_space_limit` int(10) DEFAULT '0' COMMENT '允许上传空间大小,单位MB',
  `storegrade_template_number` tinyint(3) DEFAULT '0' COMMENT '店铺等级选择店铺模板套数',
  `storegrade_template` varchar(255) DEFAULT NULL COMMENT '店铺等级模板内容',
  `storegrade_price` int(10) DEFAULT '0' COMMENT '店铺等级费用',
  `storegrade_confirm` tinyint(1) DEFAULT '1' COMMENT '店铺等级审核,0为否 1为是',
  `storegrade_description` text COMMENT '店铺等级申请说明',
  `storegrade_function` varchar(255) DEFAULT NULL COMMENT '店铺等级附加功能',
  `storegrade_sort` tinyint(3) unsigned NOT NULL DEFAULT '255' COMMENT '店铺等级排序',
  PRIMARY KEY (`storegrade_id`)
) ENGINE=InnoDB AUTO_INCREMENT=4 DEFAULT CHARSET=utf8 COMMENT='店铺等级表';

-- -----------------------------
-- Records of `ls_storegrade`
-- -----------------------------
INSERT INTO `ls_storegrade` VALUES ('1', '系统默认', '100', '500', '100', '6', 'default|style1|style2|style3|style4|style5', '100', '1', '用户选择“默认等级”，可以立即开通。', '', '0');
INSERT INTO `ls_storegrade` VALUES ('2', '白金店铺', '200', '1000', '100', '6', 'default|style1|style2|style3|style4|style5', '200', '1', '享受更多特权', 'editor_multimedia', '2');
INSERT INTO `ls_storegrade` VALUES ('3', '钻石店铺', '0', '1000', '100', '6', 'default|style1|style2|style3|style4|style5', '1000', '1', '', 'editor_multimedia', '100');

-- -----------------------------
-- Table structure for `ls_storejoinin`
-- -----------------------------
DROP TABLE IF EXISTS `ls_storejoinin`;
CREATE TABLE `ls_storejoinin` (
  `member_id` int(10) unsigned NOT NULL COMMENT '用户ID',
  `member_name` varchar(50) DEFAULT NULL COMMENT '店主用户名',
  `store_type` tinyint(1) NOT NULL DEFAULT '0' COMMENT '店铺类型:0公司，1个人',
  `company_name` varchar(50) DEFAULT NULL COMMENT '公司名称',
  `company_province_id` mediumint(8) unsigned NOT NULL DEFAULT '0' COMMENT '所在地省ID',
  `company_address` varchar(50) DEFAULT NULL COMMENT '公司地址',
  `company_address_detail` varchar(50) DEFAULT NULL COMMENT '公司详细地址',
  `company_registered_capital` int(10) unsigned DEFAULT NULL COMMENT '注册资金',
  `contacts_name` varchar(50) DEFAULT NULL COMMENT '联系人姓名',
  `contacts_phone` varchar(20) DEFAULT NULL COMMENT '联系人电话',
  `contacts_email` varchar(50) DEFAULT NULL COMMENT '联系人邮箱',
  `business_licence_number` varchar(50) DEFAULT NULL COMMENT '营业执照号',
  `business_licence_address` varchar(50) DEFAULT NULL COMMENT '营业执所在地',
  `business_licence_start` date DEFAULT NULL COMMENT '营业执照有效期开始',
  `business_licence_end` date DEFAULT NULL COMMENT '营业执照有效期结束',
  `business_sphere` varchar(1000) DEFAULT NULL COMMENT '法定经营范围',
  `business_licence_number_electronic` varchar(50) DEFAULT NULL COMMENT '营业执照电子版',
  `bank_account_name` varchar(50) DEFAULT NULL COMMENT '银行开户名',
  `bank_account_number` varchar(50) DEFAULT NULL COMMENT '公司银行账号',
  `bank_name` varchar(50) DEFAULT NULL COMMENT '开户银行支行名称',
  `bank_address` varchar(50) DEFAULT NULL COMMENT '开户银行所在地',
  `is_settlement_account` tinyint(1) DEFAULT NULL COMMENT '开户行账号是否为结算账号 1-开户行就是结算账号 2-独立的计算账号',
  `settlement_bank_account_name` varchar(50) DEFAULT NULL COMMENT '结算银行开户名',
  `settlement_bank_account_number` varchar(50) DEFAULT NULL COMMENT '结算公司银行账号',
  `settlement_bank_name` varchar(50) DEFAULT NULL COMMENT '结算开户银行支行名称',
  `settlement_bank_address` varchar(50) DEFAULT NULL COMMENT '结算开户银行所在地',
  `seller_name` varchar(50) DEFAULT NULL COMMENT '卖家帐号',
  `store_name` varchar(50) DEFAULT NULL COMMENT '店铺名称',
  `store_class_ids` varchar(1000) DEFAULT NULL COMMENT '店铺分类编号集合',
  `store_class_names` varchar(1000) DEFAULT NULL COMMENT '店铺分类名称集合',
  `store_longitude` varchar(20) DEFAULT '' COMMENT '经度',
  `store_latitude` varchar(20) DEFAULT '' COMMENT '纬度',
  `joinin_state` varchar(50) DEFAULT NULL COMMENT '申请状态 10-已提交申请 11-缴费完成  20-审核成功 30-审核失败 31-缴费审核失败 40-审核通过开店',
  `joinin_message` varchar(200) DEFAULT NULL COMMENT '管理员审核信息',
  `joinin_year` tinyint(3) unsigned NOT NULL DEFAULT '1' COMMENT '开店时长(年)',
  `storegrade_name` varchar(50) DEFAULT NULL COMMENT '店铺等级名称',
  `storegrade_id` int(10) unsigned DEFAULT NULL COMMENT '店铺等级编号',
  `sg_info` varchar(200) DEFAULT NULL COMMENT '店铺等级下的收费等信息',
  `storeclass_name` varchar(50) DEFAULT NULL COMMENT '店铺分类名称',
  `storeclass_id` int(10) unsigned DEFAULT NULL COMMENT '店铺分类编号',
  `storeclass_bail` mediumint(8) unsigned NOT NULL DEFAULT '0' COMMENT '店铺分类保证金',
  `store_class_commis_rates` varchar(200) DEFAULT NULL COMMENT '分类佣金比例',
  `paying_money_certificate` varchar(50) DEFAULT NULL COMMENT '付款凭证',
  `paying_money_certificate_explain` varchar(200) DEFAULT NULL COMMENT '付款凭证说明',
  `paying_amount` decimal(10,2) unsigned NOT NULL DEFAULT '0.00' COMMENT '付款金额'
) ENGINE=InnoDB DEFAULT CHARSET=utf8 COMMENT='店铺入住表';

-- -----------------------------
-- Records of `ls_storejoinin`
-- -----------------------------
INSERT INTO `ls_storejoinin` VALUES ('1', 'buyer', '0', '', '0', '', '', '', '', '', '', '', '', '', '', '', '', '', '', '', '', '', '', '', '', '', 'seller', '自营店铺', '', '', '', '', '40', '', '1', '', '', '', '', '', '0', '', '', '', '0.00');

-- -----------------------------
-- Table structure for `ls_storemoneylog`
-- -----------------------------
DROP TABLE IF EXISTS `ls_storemoneylog`;
CREATE TABLE `ls_storemoneylog` (
  `storemoneylog_id` int(10) unsigned NOT NULL AUTO_INCREMENT COMMENT '金额日志id',
  `store_id` int(10) unsigned NOT NULL COMMENT '店铺id',
  `store_name` varchar(60) NOT NULL COMMENT '店铺名称',
  `store_avaliable_money` decimal(10,2) NOT NULL DEFAULT '0.00' COMMENT '变动可用金额',
  `store_freeze_money` decimal(10,2) NOT NULL DEFAULT '0.00' COMMENT '变动冻结金额',
  `storemoneylog_type` smallint(5) unsigned NOT NULL COMMENT '日志类型',
  `storemoneylog_desc` varchar(255) NOT NULL COMMENT '日志详情',
  `storemoneylog_state` tinyint(1) unsigned NOT NULL COMMENT '状态（0无效1有效2待审核3已同意4已拒绝）',
  `storemoneylog_add_time` int(10) unsigned NOT NULL COMMENT '添加时间',
  PRIMARY KEY (`storemoneylog_id`)
) ENGINE=InnoDB DEFAULT CHARSET=utf8 COMMENT='店铺金额日志表';


-- -----------------------------
-- Table structure for `ls_storemsg`
-- -----------------------------
DROP TABLE IF EXISTS `ls_storemsg`;
CREATE TABLE `ls_storemsg` (
  `storemsg_id` int(10) unsigned NOT NULL AUTO_INCREMENT COMMENT '店铺消息自增ID',
  `storemt_code` varchar(100) NOT NULL COMMENT '模板编码',
  `store_id` int(10) unsigned NOT NULL COMMENT '店铺id',
  `storemsg_content` varchar(255) NOT NULL COMMENT '消息内容',
  `storemsg_addtime` int(10) unsigned NOT NULL COMMENT '发送时间',
  `storemsg_readids` varchar(255) DEFAULT NULL COMMENT '已读卖家id',
  PRIMARY KEY (`storemsg_id`),
  KEY `store_id` (`store_id`)
) ENGINE=InnoDB AUTO_INCREMENT=136 DEFAULT CHARSET=utf8 COMMENT='店铺消息表';

-- -----------------------------
-- Records of `ls_storemsg`
-- -----------------------------
INSERT INTO `ls_storemsg` VALUES ('1', 'goods_violation', '1', '您的商品被违规下架，原因：“商品分类被删除，需要重新选择分类”。平台货号：117。', '1574326866', '');
INSERT INTO `ls_storemsg` VALUES ('2', 'goods_violation', '1', '您的商品被违规下架，原因：“商品分类被删除，需要重新选择分类”。平台货号：44。', '1574326871', '');
INSERT INTO `ls_storemsg` VALUES ('3', 'goods_violation', '1', '您的商品被违规下架，原因：“商品分类被删除，需要重新选择分类”。平台货号：43。', '1574326871', '');
INSERT INTO `ls_storemsg` VALUES ('4', 'goods_violation', '1', '您的商品被违规下架，原因：“商品分类被删除，需要重新选择分类”。平台货号：42。', '1574326875', '');
INSERT INTO `ls_storemsg` VALUES ('5', 'goods_violation', '1', '您的商品被违规下架，原因：“商品分类被删除，需要重新选择分类”。平台货号：41。', '1574326875', '');
INSERT INTO `ls_storemsg` VALUES ('6', 'goods_violation', '1', '您的商品被违规下架，原因：“商品分类被删除，需要重新选择分类”。平台货号：113。', '1574327616', '');
INSERT INTO `ls_storemsg` VALUES ('7', 'goods_violation', '1', '您的商品被违规下架，原因：“商品分类被删除，需要重新选择分类”。平台货号：112。', '1574327616', '');
INSERT INTO `ls_storemsg` VALUES ('8', 'goods_violation', '1', '您的商品被违规下架，原因：“商品分类被删除，需要重新选择分类”。平台货号：115。', '1574327622', '');
INSERT INTO `ls_storemsg` VALUES ('9', 'goods_violation', '1', '您的商品被违规下架，原因：“商品分类被删除，需要重新选择分类”。平台货号：114。', '1574327622', '');
INSERT INTO `ls_storemsg` VALUES ('10', 'new_order', '2', '您有订单需要处理，订单编号：2000000000000401。', '1576220714', '');
INSERT INTO `ls_storemsg` VALUES ('11', 'goods_violation', '1', '您的商品被违规下架，原因：“”。平台货号：120。', '1576509622', '');
INSERT INTO `ls_storemsg` VALUES ('12', 'new_order', '1', '您有订单需要处理，订单编号：2000000000001501。', '1577346394', '');
INSERT INTO `ls_storemsg` VALUES ('13', 'new_order', '1', '您有订单需要处理，订单编号：2000000000001601。', '1577347533', '');
INSERT INTO `ls_storemsg` VALUES ('14', 'new_order', '1', '您有订单需要处理，订单编号：2000000000001701。', '1577351757', '');
INSERT INTO `ls_storemsg` VALUES ('15', 'new_order', '1', '您有订单需要处理，订单编号：2000000000001801。', '1577352027', '');
INSERT INTO `ls_storemsg` VALUES ('16', 'new_order', '2', '您有订单需要处理，订单编号：2000000000001901。', '1577352384', '');
INSERT INTO `ls_storemsg` VALUES ('17', 'new_order', '1', '您有订单需要处理，订单编号：2000000000002001。', '1577352588', '');
INSERT INTO `ls_storemsg` VALUES ('18', 'new_order', '1', '您有订单需要处理，订单编号：2000000000002101。', '1577353102', '');
INSERT INTO `ls_storemsg` VALUES ('19', 'new_order', '1', '您有订单需要处理，订单编号：2000000000002201。', '1577356727', '');
INSERT INTO `ls_storemsg` VALUES ('20', 'new_order', '1', '您有订单需要处理，订单编号：2000000000002301。', '1577356822', '');
INSERT INTO `ls_storemsg` VALUES ('21', 'new_order', '1', '您有订单需要处理，订单编号：2000000000002401。', '1577358026', '');
INSERT INTO `ls_storemsg` VALUES ('22', 'new_order', '1', '您有订单需要处理，订单编号：2000000000002901。', '1577431097', '');
INSERT INTO `ls_storemsg` VALUES ('23', 'new_order', '1', '您有订单需要处理，订单编号：2000000000003901。', '1577613721', '');
INSERT INTO `ls_storemsg` VALUES ('24', 'new_order', '1', '您有订单需要处理，订单编号：2000000000004201。', '1577630008', '');
INSERT INTO `ls_storemsg` VALUES ('25', 'new_order', '1', '您有订单需要处理，订单编号：2000000000005901。', '1577687507', '');
INSERT INTO `ls_storemsg` VALUES ('26', 'new_order', '1', '您有订单需要处理，订单编号：2000000000007101。', '1577691852', '');
INSERT INTO `ls_storemsg` VALUES ('27', 'new_order', '1', '您有订单需要处理，订单编号：2000000000007201。', '1577692096', '');
INSERT INTO `ls_storemsg` VALUES ('28', 'new_order', '1', '您有订单需要处理，订单编号：2000000000007301。', '1577692339', '');
INSERT INTO `ls_storemsg` VALUES ('29', 'new_order', '1', '您有订单需要处理，订单编号：2000000000007401。', '1577692504', '');
INSERT INTO `ls_storemsg` VALUES ('30', 'new_order', '1', '您有订单需要处理，订单编号：2000000000007501。', '1577692801', '');
INSERT INTO `ls_storemsg` VALUES ('31', 'new_order', '1', '您有订单需要处理，订单编号：2000000000007701。', '1577698220', '');
INSERT INTO `ls_storemsg` VALUES ('32', 'new_order', '1', '您有订单需要处理，订单编号：2000000000006901。', '1577698444', '');
INSERT INTO `ls_storemsg` VALUES ('33', 'new_order', '1', '您有订单需要处理，订单编号：2000000000007601。', '1577698474', '');
INSERT INTO `ls_storemsg` VALUES ('34', 'new_order', '1', '您有订单需要处理，订单编号：2000000000007801。', '1577698819', '');
INSERT INTO `ls_storemsg` VALUES ('35', 'new_order', '1', '您有订单需要处理，订单编号：2000000000007001。', '1577698951', '');
INSERT INTO `ls_storemsg` VALUES ('36', 'new_order', '1', '您有订单需要处理，订单编号：2000000000006801。', '1577699016', '');
INSERT INTO `ls_storemsg` VALUES ('37', 'new_order', '1', '您有订单需要处理，订单编号：2000000000006701。', '1577699147', '');
INSERT INTO `ls_storemsg` VALUES ('38', 'new_order', '1', '您有订单需要处理，订单编号：2000000000006601。', '1577699261', '');
INSERT INTO `ls_storemsg` VALUES ('39', 'new_order', '1', '您有订单需要处理，订单编号：2000000000006501。', '1577699318', '');
INSERT INTO `ls_storemsg` VALUES ('40', 'new_order', '1', '您有订单需要处理，订单编号：2000000000007901。', '1577699344', '');
INSERT INTO `ls_storemsg` VALUES ('41', 'new_order', '1', '您有订单需要处理，订单编号：2000000000008001。', '1577699400', '');
INSERT INTO `ls_storemsg` VALUES ('42', 'new_order', '1', '您有订单需要处理，订单编号：2000000000008101。', '1577699535', '');
INSERT INTO `ls_storemsg` VALUES ('43', 'new_order', '1', '您有订单需要处理，订单编号：2000000000008201。', '1577699602', '');
INSERT INTO `ls_storemsg` VALUES ('44', 'new_order', '1', '您有订单需要处理，订单编号：2000000000008301。', '1577699691', '');
INSERT INTO `ls_storemsg` VALUES ('45', 'new_order', '1', '您有订单需要处理，订单编号：2000000000006101。', '1577699950', '');
INSERT INTO `ls_storemsg` VALUES ('46', 'new_order', '1', '您有订单需要处理，订单编号：2000000000008401。', '1577700090', '');
INSERT INTO `ls_storemsg` VALUES ('47', 'new_order', '1', '您有订单需要处理，订单编号：2000000000008601。', '1577700287', '');
INSERT INTO `ls_storemsg` VALUES ('48', 'new_order', '1', '您有订单需要处理，订单编号：2000000000008501。', '1577700316', '');
INSERT INTO `ls_storemsg` VALUES ('49', 'new_order', '1', '您有订单需要处理，订单编号：2000000000008701。', '1577701641', '');
INSERT INTO `ls_storemsg` VALUES ('50', 'new_order', '1', '您有订单需要处理，订单编号：2000000000000301。', '1577701714', '');
INSERT INTO `ls_storemsg` VALUES ('51', 'new_order', '1', '您有订单需要处理，订单编号：2000000000004301。', '1577701738', '');
INSERT INTO `ls_storemsg` VALUES ('52', 'refund', '1', '您有一个售前退款单需要处理，退款编号：503101191230191049。', '1577704249', '');
INSERT INTO `ls_storemsg` VALUES ('53', 'new_order', '1', '您有订单需要处理，订单编号：2000000000004001。', '1577714198', '');
INSERT INTO `ls_storemsg` VALUES ('54', 'new_order', '1', '您有订单需要处理，订单编号：2000000000009501。', '1577714311', '');
INSERT INTO `ls_storemsg` VALUES ('55', 'new_order', '1', '您有订单需要处理，订单编号：2000000000004101。', '1577714428', '');
INSERT INTO `ls_storemsg` VALUES ('56', 'new_order', '1', '您有订单需要处理，订单编号：2000000000003701。', '1577714597', '');
INSERT INTO `ls_storemsg` VALUES ('57', 'new_order', '2', '您有订单需要处理，订单编号：2000000000009702。', '1577714759', '');
INSERT INTO `ls_storemsg` VALUES ('58', 'new_order', '1', '您有订单需要处理，订单编号：2000000000009701。', '1577714759', '');
INSERT INTO `ls_storemsg` VALUES ('59', 'new_order', '1', '您有订单需要处理，订单编号：2000000000003601。', '1577714819', '');
INSERT INTO `ls_storemsg` VALUES ('60', 'new_order', '1', '您有订单需要处理，订单编号：2000000000010001。', '1577720151', '');
INSERT INTO `ls_storemsg` VALUES ('61', 'new_order', '1', '您有订单需要处理，订单编号：2000000000010101。', '1577720169', '');
INSERT INTO `ls_storemsg` VALUES ('62', 'new_order', '1', '您有订单需要处理，订单编号：2000000000010401。', '1577724120', '');
INSERT INTO `ls_storemsg` VALUES ('63', 'new_order', '1', '您有订单需要处理，订单编号：2000000000011801。', '1577764795', '');
INSERT INTO `ls_storemsg` VALUES ('64', 'new_order', '1', '您有订单需要处理，订单编号：2000000000012501。', '1577771032', '');
INSERT INTO `ls_storemsg` VALUES ('65', 'new_order', '1', '您有订单需要处理，订单编号：2000000000012401。', '1577771050', '');
INSERT INTO `ls_storemsg` VALUES ('66', 'new_order', '1', '您有订单需要处理，订单编号：2000000000012801。', '1577771123', '');
INSERT INTO `ls_storemsg` VALUES ('67', 'new_order', '1', '您有订单需要处理，订单编号：2000000000012301。', '1577771147', '');
INSERT INTO `ls_storemsg` VALUES ('68', 'new_order', '1', '您有订单需要处理，订单编号：2000000000011901。', '1577772146', '');
INSERT INTO `ls_storemsg` VALUES ('69', 'new_order', '1', '您有订单需要处理，订单编号：2000000000010801。', '1577775788', '');
INSERT INTO `ls_storemsg` VALUES ('70', 'new_order', '1', '您有订单需要处理，订单编号：2000000000013201。', '1577775980', '');
INSERT INTO `ls_storemsg` VALUES ('71', 'new_order', '1', '您有订单需要处理，订单编号：2000000000013301。', '1577776124', '');
INSERT INTO `ls_storemsg` VALUES ('72', 'new_order', '1', '您有订单需要处理，订单编号：2000000000013501。', '1577776368', '');
INSERT INTO `ls_storemsg` VALUES ('73', 'new_order', '2', '您有订单需要处理，订单编号：2000000000014901。', '1577785605', '');
INSERT INTO `ls_storemsg` VALUES ('74', 'new_order', '1', '您有订单需要处理，订单编号：2000000000014801。', '1577786497', '');
INSERT INTO `ls_storemsg` VALUES ('75', 'new_order', '1', '您有订单需要处理，订单编号：2000000000015501。', '1577789024', '');
INSERT INTO `ls_storemsg` VALUES ('76', 'new_order', '1', '您有订单需要处理，订单编号：3000000000016001。', '1577951900', '');
INSERT INTO `ls_storemsg` VALUES ('77', 'new_order', '1', '您有订单需要处理，订单编号：3000000000016401。', '1577954763', '');
INSERT INTO `ls_storemsg` VALUES ('78', 'new_order', '2', '您有订单需要处理，订单编号：3000000000016601。', '1577954767', '');
INSERT INTO `ls_storemsg` VALUES ('79', 'new_order', '1', '您有订单需要处理，订单编号：3000000000016701。', '1577954820', '');
INSERT INTO `ls_storemsg` VALUES ('80', 'new_order', '1', '您有订单需要处理，订单编号：3000000000015601。', '1577955264', '');
INSERT INTO `ls_storemsg` VALUES ('81', 'new_order', '1', '您有订单需要处理，订单编号：3000000000016801。', '1577955346', '');
INSERT INTO `ls_storemsg` VALUES ('82', 'new_order', '1', '您有订单需要处理，订单编号：3000000000016901。', '1577955713', '');
INSERT INTO `ls_storemsg` VALUES ('83', 'new_order', '1', '您有订单需要处理，订单编号：3000000000017001。', '1577956251', '');
INSERT INTO `ls_storemsg` VALUES ('84', 'new_order', '1', '您有订单需要处理，订单编号：3000000000017201。', '1577956559', '');
INSERT INTO `ls_storemsg` VALUES ('85', 'new_order', '1', '您有订单需要处理，订单编号：3000000000017301。', '1577956687', '');
INSERT INTO `ls_storemsg` VALUES ('86', 'new_order', '1', '您有订单需要处理，订单编号：3000000000017401。', '1577956788', '');
INSERT INTO `ls_storemsg` VALUES ('87', 'new_order', '1', '您有订单需要处理，订单编号：3000000000017501。', '1577957017', '');
INSERT INTO `ls_storemsg` VALUES ('88', 'new_order', '1', '您有订单需要处理，订单编号：3000000000017601。', '1577961522', '');
INSERT INTO `ls_storemsg` VALUES ('89', 'new_order', '1', '您有订单需要处理，订单编号：3000000000018601。', '1577978836', '');
INSERT INTO `ls_storemsg` VALUES ('90', 'new_order', '1', '您有订单需要处理，订单编号：3000000000018701。', '1577979103', '');
INSERT INTO `ls_storemsg` VALUES ('91', 'new_order', '1', '您有订单需要处理，订单编号：3000000000018901。', '1577979167', '');
INSERT INTO `ls_storemsg` VALUES ('92', 'new_order', '1', '您有订单需要处理，订单编号：3000000000018801。', '1577979175', '');
INSERT INTO `ls_storemsg` VALUES ('93', 'new_order', '1', '您有订单需要处理，订单编号：3000000000019201。', '1577979284', '');
INSERT INTO `ls_storemsg` VALUES ('94', 'new_order', '1', '您有订单需要处理，订单编号：3000000000019301。', '1577981228', '');
INSERT INTO `ls_storemsg` VALUES ('95', 'new_order', '1', '您有订单需要处理，订单编号：3000000000019401。', '1578011844', '');
INSERT INTO `ls_storemsg` VALUES ('96', 'new_order', '1', '您有订单需要处理，订单编号：3000000000019501。', '1578011867', '');
INSERT INTO `ls_storemsg` VALUES ('97', 'new_order', '1', '您有订单需要处理，订单编号：3000000000019701。', '1578012120', '');
INSERT INTO `ls_storemsg` VALUES ('98', 'new_order', '1', '您有订单需要处理，订单编号：3000000000019901。', '1578016111', '');
INSERT INTO `ls_storemsg` VALUES ('99', 'new_order', '1', '您有订单需要处理，订单编号：3000000000020001。', '1578029850', '');
INSERT INTO `ls_storemsg` VALUES ('100', 'new_order', '2', '您有订单需要处理，订单编号：3000000000020102。', '1578034899', '');
INSERT INTO `ls_storemsg` VALUES ('101', 'new_order', '1', '您有订单需要处理，订单编号：3000000000020101。', '1578034899', '');
INSERT INTO `ls_storemsg` VALUES ('102', 'new_order', '2', '您有订单需要处理，订单编号：3000000000020202。', '1578034978', '');
INSERT INTO `ls_storemsg` VALUES ('103', 'new_order', '1', '您有订单需要处理，订单编号：3000000000020201。', '1578034978', '');
INSERT INTO `ls_storemsg` VALUES ('104', 'new_order', '1', '您有订单需要处理，订单编号：3000000000000101。', '1578043661', '');
INSERT INTO `ls_storemsg` VALUES ('105', 'new_order', '1', '您有订单需要处理，订单编号：3000000000000201。', '1578056897', '');
INSERT INTO `ls_storemsg` VALUES ('106', 'new_order', '1', '您有订单需要处理，订单编号：3000000000000401。', '1578059045', '');
INSERT INTO `ls_storemsg` VALUES ('107', 'new_order', '1', '您有订单需要处理，订单编号：3000000000000501。', '1578059264', '');
INSERT INTO `ls_storemsg` VALUES ('108', 'new_order', '1', '您有订单需要处理，订单编号：3000000000000601。', '1578059896', '');
INSERT INTO `ls_storemsg` VALUES ('109', 'new_order', '1', '您有订单需要处理，订单编号：3000000000001101。', '1578101712', '');
INSERT INTO `ls_storemsg` VALUES ('110', 'new_order', '1', '您有订单需要处理，订单编号：3000000000001001。', '1578118425', '');
INSERT INTO `ls_storemsg` VALUES ('111', 'new_order', '1', '您有订单需要处理，订单编号：3000000000000801。', '1578118469', '');
INSERT INTO `ls_storemsg` VALUES ('112', 'new_order', '1', '您有订单需要处理，订单编号：3000000000000701。', '1578152186', '');
INSERT INTO `ls_storemsg` VALUES ('113', 'new_order', '1', '您有订单需要处理，订单编号：3000000000001301。', '1578152295', '');
INSERT INTO `ls_storemsg` VALUES ('114', 'new_order', '1', '您有订单需要处理，订单编号：3000000000001401。', '1578152314', '');
INSERT INTO `ls_storemsg` VALUES ('115', 'new_order', '1', '您有订单需要处理，订单编号：3000000000002301。', '1578302750', '');
INSERT INTO `ls_storemsg` VALUES ('116', 'new_order', '1', '您有订单需要处理，订单编号：3000000000000701。', '1578391429', '');
INSERT INTO `ls_storemsg` VALUES ('117', 'new_order', '2', '您有订单需要处理，订单编号：3000000000000802。', '1578391467', '');
INSERT INTO `ls_storemsg` VALUES ('118', 'new_order', '1', '您有订单需要处理，订单编号：3000000000000801。', '1578391467', '');
INSERT INTO `ls_storemsg` VALUES ('119', 'new_order', '1', '您有订单需要处理，订单编号：3000000000001001。', '1578408363', '');
INSERT INTO `ls_storemsg` VALUES ('120', 'new_order', '1', '您有订单需要处理，订单编号：3000000000000101。', '1578450018', '');
INSERT INTO `ls_storemsg` VALUES ('121', 'new_order', '1', '您有订单需要处理，订单编号：3000000000001901。', '1578459398', '');
INSERT INTO `ls_storemsg` VALUES ('122', 'new_order', '1', '您有订单需要处理，订单编号：3000000000002501。', '1578464113', '');
INSERT INTO `ls_storemsg` VALUES ('123', 'new_order', '1', '您有订单需要处理，订单编号：3000000000004201。', '1578464678', '');
INSERT INTO `ls_storemsg` VALUES ('124', 'new_order', '1', '您有订单需要处理，订单编号：3000000000004301。', '1578465359', '');
INSERT INTO `ls_storemsg` VALUES ('125', 'new_order', '1', '您有订单需要处理，订单编号：3000000000005501。', '1578470310', '');
INSERT INTO `ls_storemsg` VALUES ('126', 'new_order', '1', '您有订单需要处理，订单编号：3000000000005601。', '1578470549', '');
INSERT INTO `ls_storemsg` VALUES ('127', 'new_order', '1', '您有订单需要处理，订单编号：3000000000005101。', '1578471154', '');
INSERT INTO `ls_storemsg` VALUES ('128', 'new_order', '1', '您有订单需要处理，订单编号：3000000000005701。', '1578471402', '');
INSERT INTO `ls_storemsg` VALUES ('129', 'new_order', '1', '您有订单需要处理，订单编号：3000000000006001。', '1578473897', '');
INSERT INTO `ls_storemsg` VALUES ('130', 'new_order', '1', '您有订单需要处理，订单编号：3000000000006101。', '1578474934', '');
INSERT INTO `ls_storemsg` VALUES ('131', 'new_order', '1', '您有订单需要处理，订单编号：3000000000006201。', '1578477464', '');
INSERT INTO `ls_storemsg` VALUES ('132', 'new_order', '1', '您有订单需要处理，订单编号：3000000000006301。', '1578492776', '');
INSERT INTO `ls_storemsg` VALUES ('133', 'new_order', '1', '您有订单需要处理，订单编号：3000000000006401。', '1578492899', '');
INSERT INTO `ls_storemsg` VALUES ('134', 'new_order', '1', '您有订单需要处理，订单编号：3000000000006902。', '1578542880', '');
INSERT INTO `ls_storemsg` VALUES ('135', 'new_order', '2', '您有订单需要处理，订单编号：3000000000006901。', '1578542880', '');

-- -----------------------------
-- Table structure for `ls_storemsgread`
-- -----------------------------
DROP TABLE IF EXISTS `ls_storemsgread`;
CREATE TABLE `ls_storemsgread` (
  `storemsg_id` int(11) NOT NULL COMMENT '店铺消息ID',
  `seller_id` int(11) NOT NULL COMMENT '卖家ID',
  `storemsg_readtime` int(11) NOT NULL COMMENT '阅读时间',
  PRIMARY KEY (`storemsg_id`,`seller_id`)
) ENGINE=InnoDB DEFAULT CHARSET=utf8 COMMENT='店铺消息阅读表';


-- -----------------------------
-- Table structure for `ls_storemsgsetting`
-- -----------------------------
DROP TABLE IF EXISTS `ls_storemsgsetting`;
CREATE TABLE `ls_storemsgsetting` (
  `storemt_code` varchar(100) NOT NULL COMMENT '模板编码',
  `store_id` int(10) unsigned NOT NULL COMMENT '店铺id',
  `storems_message_switch` tinyint(3) unsigned NOT NULL COMMENT '站内信接收开关 0:关闭 1:开启',
  `storems_short_switch` tinyint(3) unsigned NOT NULL COMMENT '短消息接收开关 0:关闭 1:开启',
  `storems_mail_switch` tinyint(3) unsigned NOT NULL COMMENT '邮件接收开关 0:关闭 1:开启',
  `storems_short_number` varchar(11) NOT NULL COMMENT '手机号码',
  `storems_mail_number` varchar(100) NOT NULL COMMENT '邮箱号码',
  PRIMARY KEY (`storemt_code`,`store_id`)
) ENGINE=InnoDB DEFAULT CHARSET=utf8 COMMENT='店铺消息接收设置';


-- -----------------------------
-- Table structure for `ls_storemsgtpl`
-- -----------------------------
DROP TABLE IF EXISTS `ls_storemsgtpl`;
CREATE TABLE `ls_storemsgtpl` (
  `storemt_code` varchar(100) NOT NULL COMMENT '商家消息模板编码',
  `storemt_name` varchar(100) NOT NULL COMMENT '商家消息模板名称',
  `storemt_message_switch` tinyint(3) unsigned NOT NULL COMMENT '站内信默认开关 0:关 1:开',
  `storemt_message_content` varchar(255) NOT NULL COMMENT '站内信内容',
  `storemt_message_forced` tinyint(3) unsigned NOT NULL COMMENT '站内信强制接收 0:否 1:是',
  `storemt_short_switch` tinyint(3) unsigned NOT NULL COMMENT '短信默认开关 0:关 1:开',
  `storemt_short_content` varchar(255) NOT NULL COMMENT '短信内容',
  `smt_short_forced` tinyint(3) unsigned NOT NULL COMMENT '短信强制接收 0:否 1:是',
  `storemt_mail_switch` tinyint(3) unsigned NOT NULL COMMENT '邮件默认开 0:关 1:开',
  `storemt_mail_subject` varchar(255) NOT NULL COMMENT '邮件标题',
  `storemt_mail_content` text NOT NULL COMMENT '邮件内容',
  `storemt_mail_forced` tinyint(3) unsigned NOT NULL COMMENT '邮件强制接收 0:否 1:是',
  PRIMARY KEY (`storemt_code`)
) ENGINE=InnoDB DEFAULT CHARSET=utf8 COMMENT='商家消息模板';

-- -----------------------------
-- Records of `ls_storemsgtpl`
-- -----------------------------
INSERT INTO `ls_storemsgtpl` VALUES ('complain', '商品被投诉提醒', '0', '您售出的商品被投诉，等待商家申诉。投诉单编号：{$complain_id}。', '0', '0', '【{$site_name}】您售出的商品被投诉，等待商家申诉。投诉单编号：{$complain_id}。', '0', '0', '{$site_name}提醒：您售出的商品被投诉，等待商家申诉。投诉单编号：{$complain_id}。', '&lt;p&gt;\r\n	{$site_name}提醒：\r\n&lt;/p&gt;\r\n&lt;p&gt;\r\n	您售出的商品被投诉，等待商家申诉。投诉单编号：{$complain_id}。\r\n&lt;/p&gt;\r\n&lt;p&gt;\r\n	&lt;br /&gt;\r\n&lt;/p&gt;\r\n&lt;p&gt;\r\n	&lt;br /&gt;\r\n&lt;/p&gt;\r\n&lt;p&gt;\r\n	&lt;br /&gt;\r\n&lt;/p&gt;\r\n&lt;p style=&quot;text-align:right;&quot;&gt;\r\n	{$site_name}\r\n&lt;/p&gt;\r\n&lt;p style=&quot;text-align:right;&quot;&gt;\r\n	{$mail_send_time}\r\n&lt;/p&gt;\r\n&lt;p&gt;\r\n	&lt;br /&gt;\r\n&lt;/p&gt;', '0');
INSERT INTO `ls_storemsgtpl` VALUES ('goods_storage_alarm', '商品库存预警', '1', '您的商品库存不足，请及时补货。平台货号：{$common_id}，SKU：{$sku_id}。', '1', '0', '【{$site_name}】您的商品库存不足，请及时补货。平台货号：{$common_id}，SKU：{$sku_id}。', '0', '0', '{$site_name}提醒：您的商品库存不足，请及时补货。', '<p>\r\n	{$site_name}提醒：\r\n</p>\r\n<p>\r\n	您的商品库存不足，请及时补货。平台货号：{$common_id}，SKU：{$sku_id}。\r\n</p>\r\n<p>\r\n	点击下面链接查看商品详细信息\r\n</p>\r\n<p>\r\n	<a href=\"http://{$shop_site_url}/goods/index.html?goods_id={$sku_id}\" target=\"_blank\">http://{$shop_site_url}/goods/index.html?goods_id={$sku_id}</a> \r\n</p>\r\n<p>\r\n	<br />\r\n</p>\r\n<p>\r\n	<br />\r\n</p>\r\n<p>\r\n	<br />\r\n</p>\r\n<p style=\"text-align:right;\">\r\n	{$site_name}\r\n</p>\r\n<p style=\"text-align:right;\">\r\n	{$mail_send_time}\r\n</p>\r\n<p>\r\n	<br />\r\n</p>\r\n<br />', '0');
INSERT INTO `ls_storemsgtpl` VALUES ('goods_verify', '商品审核失败提醒', '1', '您的商品没有通过管理员审核，原因：“{$remark}”。平台货号：{$common_id}。', '1', '0', '【{$site_name}】您的商品没有通过管理员审核，原因：“{$remark}”。平台货号：{$common_id}。', '0', '0', '{$site_name}提醒：您的商品没有通过管理员审核。', '<p>\r\n	{$site_name}提醒：\r\n</p>\r\n<p>\r\n	您的商品没有通过管理员审核，原因：“{$remark}”。平台货号：{$common_id}。\r\n	</p><p>\r\n		<br />\r\n	</p>\r\n	<p>\r\n		<br />\r\n	</p>\r\n	<p style=\"text-align:right;\">\r\n		{$site_name}\r\n	</p>\r\n	<p style=\"text-align:right;\">\r\n		{$mail_send_time}\r\n	</p>', '0');
INSERT INTO `ls_storemsgtpl` VALUES ('goods_violation', '商品违规被下架', '1', '您的商品被违规下架，原因：“{$remark}”。平台货号：{$common_id}。', '1', '0', '【{$site_name}】您的商品被违规下架，原因：“{$remark}”。平台货号：{$common_id}。', '0', '0', '{$site_name}提醒：您的商品被违规下架。', '<p>\r\n	{$site_name}提醒：\r\n</p>\r\n<p>\r\n	您的商品被违规下架。，原因：“{$remark}”。平台货号：{$common_id}。\r\n</p>\r\n<p>\r\n	<br />\r\n</p>\r\n<p>\r\n	<br />\r\n</p>\r\n<p style=\"text-align:right;\">\r\n	{$site_name}\r\n</p>\r\n<p style=\"text-align:right;\">\r\n	{$mail_send_time}\r\n</p>\r\n<p>\r\n	<br />\r\n</p>', '0');
INSERT INTO `ls_storemsgtpl` VALUES ('new_order', '新订单提醒', '1', '您有订单需要处理，订单编号：{$order_sn}。', '1', '1', '【{$site_name}】您有订单需要处理，订单编号：{$order_sn}。', '1', '0', '{$site_name}提醒：您有订单需要处理。', '<p>\r\n	{$site_name}提醒：\r\n</p>\r\n<p>\r\n	您有订单需要处理，订单编号：{$order_sn}。\r\n</p>\r\n<p>\r\n	<br />\r\n</p>\r\n<p>\r\n	<br />\r\n</p>\r\n<p>\r\n	<br />\r\n</p>\r\n<p style=\"text-align:right;\">\r\n	{$site_name}\r\n</p>\r\n<p style=\"text-align:right;\">\r\n	{$mail_send_time}\r\n</p>\r\n<br />', '0');
INSERT INTO `ls_storemsgtpl` VALUES ('refund', '退款提醒', '0', '您有一个{$type}退款单需要处理，退款编号：{$refund_sn}。', '0', '0', '【{$site_name}】您有一个{$type}退款单需要处理，退款编号：{$refund_sn}。', '1', '0', '{$site_name}提醒：您有一个{$type}退款单需要处理，退款编号：{$refund_sn}。', '<p>\r\n	{$site_name}提醒：\r\n</p>\r\n<p>\r\n	您有一个{$type}退款单需要处理，退款编号：{$refund_sn}。\r\n</p>\r\n<p>\r\n	<br />\r\n</p>\r\n<p>\r\n	<br />\r\n</p>\r\n<p>\r\n	<br />\r\n</p>\r\n<p style=\"text-align:right;\">\r\n	{$site_name}\r\n</p>\r\n<p style=\"text-align:right;\">\r\n	{$mail_send_time}\r\n</p>\r\n<p>\r\n	<br />\r\n</p>', '1');
INSERT INTO `ls_storemsgtpl` VALUES ('refund_auto_process', '退款自动处理提醒', '0', '您的{$type}退款单超期未处理，已自动同意买家退款申请。退款单编号：{$refund_sn}。', '0', '0', '【{$site_name}】您的{$type}退款单超期未处理，已自动同意买家退款申请。退款单编号：{$refund_sn}。', '0', '0', '{site_name}提醒：您的{$type}退款单超期未处理，已自动同意买家退款申请。退款单编号：{$refund_sn}。', '<p>\r\n	{site_name}提醒：\r\n</p>\r\n<p>\r\n	您的{$type}退款单超期未处理，已自动同意买家退款申请。退款单编号：{$refund_sn}。\r\n</p>\r\n<p>\r\n	<br />\r\n</p>\r\n<p>\r\n	<br />\r\n</p>\r\n<p>\r\n	<br />\r\n</p>\r\n<p style=\"text-align:right;\">\r\n	{$site_name}\r\n</p>\r\n<p style=\"text-align:right;\">\r\n	{$mail_send_time}\r\n</p>\r\n<p>\r\n	<br />\r\n</p>', '0');
INSERT INTO `ls_storemsgtpl` VALUES ('return', '退货提醒', '0', '您有一个{$type}退货单需要处理。退货编号：{$refund_sn}。', '0', '0', '【{site_name}】您有一个{$type}退货单需要处理。退货编号：{$refund_sn}。', '0', '0', '{$site_name}提醒：您有一个{$type}退货单需要处理。退货编号：{$refund_sn}。', '<p>\r\n	{$site_name}提醒：\r\n</p>\r\n<p>\r\n	您有一个{$type}退货单需要处理。退货编号：{$refund_sn}。\r\n</p>\r\n<p>\r\n	<br />\r\n</p>\r\n<p>\r\n	<br />\r\n</p>\r\n<p>\r\n	<br />\r\n</p>\r\n<p style=\"text-align:right;\">\r\n	{$site_name}\r\n</p>\r\n<p style=\"text-align:right;\">\r\n	{$mail_send_time}\r\n</p>\r\n<p>\r\n	<br />\r\n</p>\r\n<br />', '0');
INSERT INTO `ls_storemsgtpl` VALUES ('return_auto_process', '退货自动处理提醒', '0', '您的{$type}退货单超期未处理，已自动同意买家退货申请（弃货）。退货单编号：{$refund_sn}。', '0', '0', '【{$site_name}】您的{$type}退货单超期未处理，已自动同意买家退货申请（弃货）。退货单编号：{$refund_sn}。', '0', '0', '{$site_name}提醒：您的{$type}退货单超期未处理，已自动同意买家退货申请（弃货）。退货单编号：{$refund_sn}。', '<p>\r\n	{$site_name}提醒：\r\n</p>\r\n<p>\r\n	您的{$type}退货单超期未处理，已自动同意买家退货申请（弃货）。退货单编号：{$refund_sn}。\r\n</p>\r\n<p>\r\n	<br />\r\n</p>\r\n<p>\r\n	<br />\r\n</p>\r\n<p>\r\n	<br />\r\n</p>\r\n<p style=\"text-align:right;\">\r\n	{$site_name}\r\n</p>\r\n<p style=\"text-align:right;\">\r\n	{$mail_send_time}\r\n</p>', '0');
INSERT INTO `ls_storemsgtpl` VALUES ('return_auto_receipt', '退货未收货自动处理提醒', '0', '您的{$type}退货单不处理收货超期未处理，已自动按弃货处理。退货单编号：{$refund_sn}。', '0', '0', '【{$site_name}】您的{$type}退货单不处理收货超期未处理，已自动按弃货处理。退货单编号：{$refund_sn}。', '0', '0', '{$site_name}提醒：您的{$type}退货单超期未处理，已自动同意买家退货申请（弃货）。退货单编号：{$refund_sn}。', '<p>\r\n	{$site_name}提醒：\r\n</p>\r\n<p>\r\n	您的{$type}退货单超期未处理，已自动同意买家退货申请（弃货）。退货单编号：{$refund_sn}。\r\n</p>\r\n<p>\r\n	<br />\r\n</p>\r\n<p>\r\n	<br />\r\n</p>\r\n<p>\r\n	<br />\r\n</p>\r\n<p style=\"text-align:right;\">\r\n	{$site_name}\r\n</p>\r\n<p style=\"text-align:right;\">\r\n	{$mail_send_time}\r\n</p>\r\n<p>\r\n	<br />\r\n</p>', '0');
INSERT INTO `ls_storemsgtpl` VALUES ('store_bill_affirm', '结算单等待确认提醒', '1', '您有新的结算单等待确认，开始时间：{$state_time}，结束时间：{$end_time}，结算单号：{$bill_no}。', '1', '0', '【{$site_name}】您有新的结算单等待确认，开始时间：{$state_time}，结束时间：{$end_time}，结算单号：{$bill_no}。', '0', '0', '{$site_name}提醒：您有新的结算单等待确认。', '<p>\r\n	{$site_name}提醒：\r\n</p>\r\n<p>\r\n	您有新的结算单等待确认，起止时间：开始时间：{$state_time}，结束时间：{$end_time}，结算单号：{$bill_no}。\r\n</p>\r\n<p>\r\n	<br />\r\n</p>\r\n<p>\r\n	<br />\r\n</p>\r\n<p>\r\n	<br />\r\n</p>\r\n<p style=\"text-align:right;\">\r\n	{$site_name}\r\n</p>\r\n<p style=\"text-align:right;\">\r\n	{$mail_send_time}\r\n</p>\r\n<p>\r\n	<br />\r\n</p>', '0');
INSERT INTO `ls_storemsgtpl` VALUES ('store_bill_gathering', '结算单已经付款提醒', '1', '您的结算单平台已付款，请注意查收，结算单编号：{$bill_no}。', '1', '0', '【{$site_name}】您的结算单平台已付款，请注意查收，结算单编号：{$bill_no}。', '0', '0', '{$site_name}提醒：您的结算单平台已付款，请注意查收。', '<p>\r\n	</p><p>\r\n		{$site_name}提醒：\r\n	</p>\r\n\r\n<p>\r\n	您的结算单平台已付款，请注意查收，结算单编号：{$bill_no}。\r\n	</p><p>\r\n		<br />\r\n	</p>\r\n	<p>\r\n		<br />\r\n	</p>\r\n	<p>\r\n		<br />\r\n	</p>\r\n	<p style=\"text-align:right;\">\r\n		{$site_name}\r\n	</p>\r\n	<p style=\"text-align:right;\">\r\n		{$mail_send_time}\r\n	</p>\r\n\r\n<br />', '0');
INSERT INTO `ls_storemsgtpl` VALUES ('store_cost', '店铺消费提醒', '1', '您有一条新的店铺消费记录，金额：{$price}，操作人：{$seller_name}，备注：{$remark}。', '1', '1', '【{$site_name}】您有一条新的店铺消费记录，金额：{$price}，操作人：{$seller_name}，备注：{$remark}。', '1', '0', '{$site_name}提醒：您有一条新的店铺消费记录。', '<p>\r\n	{$site_name}提醒：\r\n</p>\r\n<p>\r\n	您有一条新的店铺消费记录，金额：{$price}，操作人：{$seller_name}，备注：{$remark}。\r\n</p>\r\n<p>\r\n	<br />\r\n</p>\r\n<p>\r\n	<br />\r\n</p>\r\n<p>\r\n	<br />\r\n</p>\r\n<p style=\"text-align:right;\">\r\n	{$site_name}\r\n</p>\r\n<p style=\"text-align:right;\">\r\n	{$mail_send_time}\r\n</p>', '0');
INSERT INTO `ls_storemsgtpl` VALUES ('store_expire', '店铺到期提醒', '1', '你的店铺即将到期，请及时续期。', '1', '0', '【{$site_name}】你的店铺即将到期，请及时续期。', '0', '0', '{$site_name}提醒：你的店铺即将到期，请及时续期。', '<p>\r\n	{$site_name}提醒：\r\n</p>\r\n<p>\r\n	你的店铺即将到期，请及时续期。\r\n</p>\r\n<p>\r\n	<br />\r\n</p>\r\n<p>\r\n	<br />\r\n</p>\r\n<p>\r\n	<br />\r\n</p>\r\n<p style=\"text-align:right;\">\r\n	{$site_name}\r\n</p>\r\n<p style=\"text-align:right;\">\r\n	{$mail_send_time}\r\n</p>\r\n<p>\r\n	<br />\r\n</p>', '0');

-- -----------------------------
-- Table structure for `ls_storenavigation`
-- -----------------------------
DROP TABLE IF EXISTS `ls_storenavigation`;
CREATE TABLE `ls_storenavigation` (
  `storenav_id` int(10) unsigned NOT NULL AUTO_INCREMENT COMMENT '卖家店铺导航自增ID',
  `storenav_title` varchar(50) NOT NULL COMMENT '卖家店铺导航名称',
  `storenav_store_id` int(10) unsigned NOT NULL DEFAULT '0' COMMENT '卖家店铺ID',
  `storenav_content` text COMMENT '卖家店铺导航内容',
  `storenav_sort` tinyint(3) unsigned NOT NULL DEFAULT '255' COMMENT '卖家店铺导航排序',
  `storenav_url` varchar(255) DEFAULT NULL COMMENT '店铺导航的外链URL',
  PRIMARY KEY (`storenav_id`)
) ENGINE=InnoDB DEFAULT CHARSET=utf8 COMMENT='卖家店铺导航信息表';


-- -----------------------------
-- Table structure for `ls_storeplate`
-- -----------------------------
DROP TABLE IF EXISTS `ls_storeplate`;
CREATE TABLE `ls_storeplate` (
  `storeplate_id` int(10) unsigned NOT NULL AUTO_INCREMENT COMMENT '关联板式id',
  `storeplate_name` varchar(10) NOT NULL COMMENT '关联板式名称',
  `storeplate_position` tinyint(3) unsigned NOT NULL COMMENT '关联板式位置 1:顶部 0:底部',
  `storeplate_content` text NOT NULL COMMENT '关联板式内容',
  `store_id` int(10) unsigned NOT NULL COMMENT '所属店铺ID',
  PRIMARY KEY (`storeplate_id`)
) ENGINE=InnoDB DEFAULT CHARSET=utf8 COMMENT='关联板式表';


-- -----------------------------
-- Table structure for `ls_storereopen`
-- -----------------------------
DROP TABLE IF EXISTS `ls_storereopen`;
CREATE TABLE `ls_storereopen` (
  `storereopen_id` int(10) unsigned NOT NULL AUTO_INCREMENT COMMENT '续签自增ID',
  `storereopen_grade_id` smallint(5) unsigned NOT NULL DEFAULT '0' COMMENT '店铺等级ID',
  `storereopen_grade_name` varchar(30) DEFAULT NULL COMMENT '等级名称',
  `storereopen_grade_price` decimal(10,2) unsigned NOT NULL DEFAULT '0.00' COMMENT '等级收费(元/年)',
  `storereopen_year` tinyint(3) unsigned NOT NULL DEFAULT '0' COMMENT '续签时长(年)',
  `storereopen_pay_amount` decimal(10,2) unsigned NOT NULL DEFAULT '0.00' COMMENT '应付总金额',
  `storereopen_store_name` varchar(50) DEFAULT NULL COMMENT '店铺名字',
  `storereopen_store_id` int(10) unsigned NOT NULL DEFAULT '0' COMMENT '店铺ID',
  `storereopen_state` tinyint(3) unsigned NOT NULL DEFAULT '0' COMMENT '状态 0:未上传凭证 1:审核中 2:审核通过',
  `storereopen_pay_cert` varchar(50) DEFAULT NULL COMMENT '付款凭证',
  `storereopen_pay_cert_explain` varchar(200) DEFAULT NULL COMMENT '付款说明',
  PRIMARY KEY (`storereopen_id`)
) ENGINE=InnoDB DEFAULT CHARSET=utf8 COMMENT='续签内容表';


-- -----------------------------
-- Table structure for `ls_storesnscomment`
-- -----------------------------
DROP TABLE IF EXISTS `ls_storesnscomment`;
CREATE TABLE `ls_storesnscomment` (
  `storesnscomm_id` int(11) NOT NULL AUTO_INCREMENT COMMENT '店铺动态评论自增ID',
  `stracelog_id` int(11) NOT NULL COMMENT '店铺动态ID',
  `storesnscomm_content` varchar(150) DEFAULT NULL COMMENT '评论内容',
  `storesnscomm_memberid` int(11) DEFAULT NULL COMMENT '会员ID',
  `storesnscomm_membername` varchar(45) DEFAULT NULL COMMENT '会员名称',
  `storesnscomm_memberavatar` varchar(50) DEFAULT NULL COMMENT '会员头像',
  `storesnscomm_time` varchar(11) DEFAULT NULL COMMENT '评论时间',
  `storesnscomm_state` tinyint(1) NOT NULL DEFAULT '1' COMMENT '评论状态 1:正常 0:屏蔽',
  PRIMARY KEY (`storesnscomm_id`)
) ENGINE=InnoDB AUTO_INCREMENT=2 DEFAULT CHARSET=utf8 COMMENT='店铺动态评论表';

-- -----------------------------
-- Records of `ls_storesnscomment`
-- -----------------------------
INSERT INTO `ls_storesnscomment` VALUES ('1', '6', '哈哈哈 真好:biggrin:', '11', 'caijunqi99', 'avatar_11.jpg', '1578471867', '1');

-- -----------------------------
-- Table structure for `ls_storesnssetting`
-- -----------------------------
DROP TABLE IF EXISTS `ls_storesnssetting`;
CREATE TABLE `ls_storesnssetting` (
  `storesnsset_storeid` int(11) NOT NULL COMMENT '店铺ID',
  `storesnsset_new` tinyint(4) NOT NULL DEFAULT '1' COMMENT '新品 0:关闭 1:开启',
  `storesnsset_newtitle` varchar(150) NOT NULL COMMENT '新品内容',
  `storesnsset_coupon` tinyint(4) NOT NULL DEFAULT '1' COMMENT '优惠券 0:关闭 1:开启',
  `storesnsset_coupontitle` varchar(150) NOT NULL COMMENT '优惠券内容',
  `storesnsset_xianshi` tinyint(4) NOT NULL DEFAULT '1' COMMENT '限时折扣 0:关闭 1:开启',
  `storesnsset_xianshititle` varchar(150) NOT NULL COMMENT '限时折扣内容',
  `storesnsset_mansong` tinyint(4) NOT NULL DEFAULT '1' COMMENT '满即送 0:关闭 1:开启',
  `storesnsset_mansongtitle` varchar(150) NOT NULL COMMENT '满即送内容',
  `storesnsset_bundling` tinyint(4) NOT NULL DEFAULT '1' COMMENT '组合销售 0:关闭 1:开启',
  `storesnsset_bundlingtitle` varchar(150) NOT NULL COMMENT '组合销售内容',
  `storesnsset_groupbuy` tinyint(4) NOT NULL DEFAULT '1' COMMENT '抢购,0:关闭 1:开启',
  `storesnsset_groupbuytitle` varchar(150) NOT NULL COMMENT '抢购内容',
  PRIMARY KEY (`storesnsset_storeid`)
) ENGINE=InnoDB DEFAULT CHARSET=utf8 COMMENT='店铺自动发布动态设置表';


-- -----------------------------
-- Table structure for `ls_storesnstracelog`
-- -----------------------------
DROP TABLE IF EXISTS `ls_storesnstracelog`;
CREATE TABLE `ls_storesnstracelog` (
  `stracelog_id` int(11) NOT NULL AUTO_INCREMENT COMMENT '店铺动态自增ID',
  `stracelog_storeid` int(11) DEFAULT NULL COMMENT '店铺ID',
  `stracelog_storename` varchar(100) DEFAULT NULL COMMENT '店铺名称',
  `stracelog_storelogo` varchar(255) NOT NULL COMMENT '店标',
  `stracelog_title` varchar(150) DEFAULT NULL COMMENT '动态标题',
  `stracelog_content` text COMMENT '发表内容',
  `stracelog_time` varchar(11) DEFAULT NULL COMMENT '动态发表时间',
  `stracelog_cool` int(11) DEFAULT '0' COMMENT '动态赞数量',
  `stracelog_spread` int(11) DEFAULT '0' COMMENT '动态转播数量',
  `stracelog_comment` int(11) DEFAULT '0' COMMENT '动态评论数量',
  `stracelog_type` tinyint(4) DEFAULT '1' COMMENT '1:relay,2:normal,3:new,4:coupon,5:xianshi,6:mansong,7:bundling,8:groupbuy,9:recommend,10:hotsell',
  `stracelog_goodsdata` text COMMENT '商品信息',
  `stracelog_state` tinyint(1) NOT NULL DEFAULT '1' COMMENT '动态状态 1:正常 0:屏蔽',
  PRIMARY KEY (`stracelog_id`)
) ENGINE=InnoDB AUTO_INCREMENT=8 DEFAULT CHARSET=utf8 COMMENT='店铺动态表';

-- -----------------------------
-- Records of `ls_storesnstracelog`
-- -----------------------------
INSERT INTO `ls_storesnstracelog` VALUES ('6', '1', '自营店铺', '1_2019121216013778963.png', '即日起 幕府李 甘肃天水花牛苹果 蛇果平安果 新鲜水果 净重5斤果径（75-80mm） 半价出售', '', '1578471828', '0', '0', '1', '3', '{\\\"goods_id\\\":179,\\\"store_id\\\":1,\\\"goods_name\\\":\\\"\\\\u5e55\\\\u5e9c\\\\u674e \\\\u7518\\\\u8083\\\\u5929\\\\u6c34\\\\u82b1\\\\u725b\\\\u82f9\\\\u679c \\\\u86c7\\\\u679c\\\\u5e73\\\\u5b89\\\\u679c \\\\u65b0\\\\u9c9c\\\\u6c34\\\\u679c \\\\u51c0\\\\u91cd5\\\\u65a4\\\\u679c\\\\u5f84\\\\uff0875-80mm\\\\uff09\\\",\\\"goods_image\\\":\\\"alioss_1_2019121311550076050.jpg\\\",\\\"goods_price\\\":\\\"15.00\\\",\\\"goods_freight\\\":\\\"0.00\\\"}', '1');
INSERT INTO `ls_storesnstracelog` VALUES ('7', '1', '自营店铺', '1_2019121216013778963.png', '祝大家新年快乐', '', '1578471940', '0', '0', '0', '2', '', '1');

-- -----------------------------
-- Table structure for `ls_storewatermark`
-- -----------------------------
DROP TABLE IF EXISTS `ls_storewatermark`;
CREATE TABLE `ls_storewatermark` (
  `swm_id` int(11) NOT NULL AUTO_INCREMENT COMMENT '水印自增ID',
  `swm_quality` int(3) NOT NULL DEFAULT '90' COMMENT '水印图片质量',
  `swm_image_name` varchar(255) DEFAULT NULL COMMENT '水印文件名',
  `swm_image_pos` tinyint(1) NOT NULL DEFAULT '1' COMMENT '水印图片存放位置',
  `swm_image_transition` int(3) NOT NULL DEFAULT '20' COMMENT '水印图片融合度 ',
  `swm_text` text COMMENT '水印文字',
  `swm_text_size` int(3) NOT NULL DEFAULT '20' COMMENT '水印文字大小',
  `swm_text_angle` tinyint(1) NOT NULL DEFAULT '4' COMMENT '水印文字角度',
  `swm_text_pos` tinyint(1) NOT NULL DEFAULT '3' COMMENT '水印文字位置',
  `swm_text_font` varchar(50) DEFAULT NULL COMMENT '水印文字字体',
  `swm_text_color` varchar(7) NOT NULL DEFAULT '#CCCCCC' COMMENT '水印字体颜色值',
  `swm_is_open` tinyint(1) NOT NULL DEFAULT '0' COMMENT '水印是否开启 0:关闭 1:开启',
  `store_id` int(11) DEFAULT NULL COMMENT '店铺ID',
  PRIMARY KEY (`swm_id`)
) ENGINE=InnoDB AUTO_INCREMENT=2 DEFAULT CHARSET=utf8 COMMENT='店铺水印图片表';

-- -----------------------------
-- Records of `ls_storewatermark`
-- -----------------------------
INSERT INTO `ls_storewatermark` VALUES ('1', '90', '', '1', '20', '', '20', '4', '3', 'default', '#CCCCCC', '0', '1');

-- -----------------------------
-- Table structure for `ls_storewaybill`
-- -----------------------------
DROP TABLE IF EXISTS `ls_storewaybill`;
CREATE TABLE `ls_storewaybill` (
  `storewaybill_id` int(10) unsigned NOT NULL AUTO_INCREMENT COMMENT '店铺运单模板自增ID',
  `store_id` int(10) unsigned NOT NULL COMMENT '店铺ID',
  `express_id` int(10) unsigned NOT NULL COMMENT '物流公司ID',
  `waybill_id` int(10) unsigned NOT NULL COMMENT '运单模板ID',
  `waybill_name` varchar(50) NOT NULL COMMENT '运单模板名称',
  `storewaybill_data` varchar(2000) DEFAULT NULL COMMENT '店铺自定义设置',
  `storewaybill_isdefault` tinyint(3) unsigned NOT NULL DEFAULT '0' COMMENT '是否默认模板',
  `storewaybill_left` int(11) NOT NULL DEFAULT '0' COMMENT '店铺运单左偏移',
  `storewaybill_top` int(11) NOT NULL DEFAULT '0' COMMENT '店铺运单上偏移',
  PRIMARY KEY (`storewaybill_id`)
) ENGINE=InnoDB DEFAULT CHARSET=utf8 COMMENT='店铺运单模板表';


-- -----------------------------
-- Table structure for `ls_transactionlog`
-- -----------------------------
DROP TABLE IF EXISTS `ls_transactionlog`;
CREATE TABLE `ls_transactionlog` (
  `tl_id` int(11) NOT NULL AUTO_INCREMENT COMMENT '交易码日志自增ID',
  `tl_memberid` int(11) NOT NULL COMMENT '会员ID',
  `tl_membername` varchar(100) NOT NULL COMMENT '会员名称',
  `tl_adminid` int(11) DEFAULT NULL COMMENT '管理员ID',
  `tl_adminname` varchar(100) DEFAULT NULL COMMENT '管理员名称',
  `tl_transaction` decimal(11,2) NOT NULL DEFAULT '0.00' COMMENT '交易码数 负数为扣除',
  `tl_addtime` int(11) NOT NULL COMMENT '交易码添加时间',
  `tl_desc` varchar(100) NOT NULL COMMENT '交易码操作描述',
  `tl_stage` varchar(50) NOT NULL COMMENT '交易码操作阶段',
  PRIMARY KEY (`tl_id`),
  KEY `tl_memberid` (`tl_memberid`)
) ENGINE=InnoDB AUTO_INCREMENT=51 DEFAULT CHARSET=utf8 COMMENT='会员交易码日志表';

-- -----------------------------
-- Records of `ls_transactionlog`
-- -----------------------------
INSERT INTO `ls_transactionlog` VALUES ('36', '11', 'caijunqi', '', 'admin', '1.00', '1575352293', '管理员调节交易码【增加】，充值单号: 19120313513309549011,备注：', 'system');
INSERT INTO `ls_transactionlog` VALUES ('37', '11', 'caijunqi', '1', 'admin', '1.00', '1575352619', '管理员调节交易码【增加】，充值单号: 19120313565910228011,备注：', 'system');
INSERT INTO `ls_transactionlog` VALUES ('38', '11', 'caijunqi', '1', 'admin', '-1.00', '1575369351', '管理员调节交易码【减少】，充值单号: 19120318355159851011,备注：', 'system');
INSERT INTO `ls_transactionlog` VALUES ('39', '15', '新用户_B88F315C', '1', 'admin', '1.00', '1577976991', '管理员调节交易码【增加】，充值单号: 20010222563143710015,备注：', 'system');
INSERT INTO `ls_transactionlog` VALUES ('40', '15', '新用户_B88F315C', '1', 'admin', '2.00', '1577977015', '管理员调节交易码【增加】，充值单号: 20010222565537248015,备注：', 'system');
INSERT INTO `ls_transactionlog` VALUES ('41', '15', '新用户_B88F315C', '', '', '1.00', '1578046352', '用户申请互转，交易码【增加】 1 ,积分【减少】1，本次交易转换比率为 【1：1】', 'pointransform');
INSERT INTO `ls_transactionlog` VALUES ('42', '17', '精神小伙子', '', '', '20.00', '1578048865', '用户申请互转，交易码【增加】 20 ,积分【减少】20，本次交易转换比率为 【1：1】', 'pointransform');
INSERT INTO `ls_transactionlog` VALUES ('43', '17', '精神小伙子', '', '', '0.94', '1578049926', '用户申请互转，交易码【增加】 0.94 ,积分【减少】0.94，本次交易转换比率为 【1：1】', 'pointransform');
INSERT INTO `ls_transactionlog` VALUES ('44', '11', 'caijunqi99', '', '', '1.00', '1578058398', '用户申请互转，交易码【增加】 1 ,积分【减少】1，本次交易转换比率为 【1：1】', 'pointransform');
INSERT INTO `ls_transactionlog` VALUES ('45', '11', 'caijunqi99', '', '', '1.00', '1578059664', '用户申请互转，交易码【增加】 1 ,积分【减少】1，本次交易转换比率为 【1：1】', 'pointransform');
INSERT INTO `ls_transactionlog` VALUES ('46', '11', 'caijunqi99', '', '', '1.00', '1578066689', '用户申请互转，交易码【增加】 1 ,积分【减少】1，本次交易转换比率为 【1：1】', 'pointransform');
INSERT INTO `ls_transactionlog` VALUES ('47', '11', 'caijunqi99', '', '', '1.00', '1578066716', '用户申请互转，交易码【增加】 1 ,积分【减少】1，本次交易转换比率为 【1：1】', 'pointransform');
INSERT INTO `ls_transactionlog` VALUES ('48', '11', 'caijunqi99', '', '', '1.00', '1578131216', '用户申请互转，交易码【增加】 1 ,积分【减少】1，本次交易转换比率为 【1：1】', 'pointransform');
INSERT INTO `ls_transactionlog` VALUES ('49', '11', 'caijunqi99', '', '', '1.00', '1578131303', '用户申请互转，交易码【增加】 1 ,积分【减少】1，本次交易转换比率为 【1：1】', 'pointransform');
INSERT INTO `ls_transactionlog` VALUES ('50', '11', 'caijunqi99', '', '', '6380.00', '1578235308', '用户申请互转，交易码【增加】 6380 ,积分【减少】6380，本次交易转换比率为 【1：1】', 'pointransform');

-- -----------------------------
-- Table structure for `ls_transport`
-- -----------------------------
DROP TABLE IF EXISTS `ls_transport`;
CREATE TABLE `ls_transport` (
  `transport_id` mediumint(8) unsigned NOT NULL AUTO_INCREMENT COMMENT '售卖区域自增ID',
  `transport_title` varchar(30) NOT NULL COMMENT '售卖区域名称',
  `send_tpl_id` mediumint(8) unsigned DEFAULT NULL COMMENT '发货地区模板ID',
  `store_id` mediumint(8) unsigned NOT NULL COMMENT '店铺ID',
  `transport_updatetime` int(10) unsigned DEFAULT '0' COMMENT '最后更新时间',
  PRIMARY KEY (`transport_id`)
) ENGINE=InnoDB DEFAULT CHARSET=utf8 COMMENT='售卖区域';


-- -----------------------------
-- Table structure for `ls_transportextend`
-- -----------------------------
DROP TABLE IF EXISTS `ls_transportextend`;
CREATE TABLE `ls_transportextend` (
  `transportext_id` mediumint(8) unsigned NOT NULL AUTO_INCREMENT COMMENT '运费模板扩展ID',
  `transportext_area_id` text COMMENT '市级地区ID组成的串，以，隔开，两端也有，',
  `transportext_top_area_id` text COMMENT '省级地区ID组成的串，以，隔开，两端也有，',
  `transportext_area_name` text COMMENT '地区name组成的串，以，隔开',
  `transportext_sprice` decimal(10,2) DEFAULT '0.00' COMMENT '首件运费',
  `transport_id` mediumint(8) unsigned NOT NULL COMMENT '运费模板ID',
  `transport_title` varchar(60) DEFAULT NULL COMMENT '运费模板',
  `transportext_is_default` tinyint(2) NOT NULL DEFAULT '0',
  `transportext_snum` int(11) DEFAULT '1' COMMENT '起始件数',
  `transportext_xnum` int(11) DEFAULT NULL,
  `transportext_xprice` decimal(10,2) DEFAULT NULL,
  PRIMARY KEY (`transportext_id`)
) ENGINE=InnoDB DEFAULT CHARSET=utf8 COMMENT='运费模板扩展表';


-- -----------------------------
-- Table structure for `ls_type`
-- -----------------------------
DROP TABLE IF EXISTS `ls_type`;
CREATE TABLE `ls_type` (
  `type_id` int(10) unsigned NOT NULL AUTO_INCREMENT COMMENT '类型自增ID',
  `type_name` varchar(100) NOT NULL COMMENT '类型名称',
  `type_sort` tinyint(3) unsigned NOT NULL DEFAULT '255' COMMENT '类型排序',
  `class_id` int(10) unsigned DEFAULT '0' COMMENT '所属商品分类id',
  `class_name` varchar(100) NOT NULL COMMENT '所属商品分类名称',
  PRIMARY KEY (`type_id`)
) ENGINE=InnoDB AUTO_INCREMENT=2 DEFAULT CHARSET=utf8 COMMENT='商品类型表';

-- -----------------------------
-- Records of `ls_type`
-- -----------------------------
INSERT INTO `ls_type` VALUES ('1', '联动', '0', '15', '男装/ 女装/ 内衣');

-- -----------------------------
-- Table structure for `ls_typebrand`
-- -----------------------------
DROP TABLE IF EXISTS `ls_typebrand`;
CREATE TABLE `ls_typebrand` (
  `type_id` int(10) unsigned NOT NULL COMMENT '类型ID',
  `brand_id` int(10) unsigned NOT NULL COMMENT '品牌ID'
) ENGINE=InnoDB DEFAULT CHARSET=utf8 COMMENT='商品类型与品牌对应表';


-- -----------------------------
-- Table structure for `ls_typespec`
-- -----------------------------
DROP TABLE IF EXISTS `ls_typespec`;
CREATE TABLE `ls_typespec` (
  `type_id` int(10) unsigned NOT NULL COMMENT '类型ID',
  `sp_id` int(10) unsigned NOT NULL COMMENT '规格ID'
) ENGINE=InnoDB DEFAULT CHARSET=utf8 COMMENT='商品类型与规格对应表';

-- -----------------------------
-- Records of `ls_typespec`
-- -----------------------------
INSERT INTO `ls_typespec` VALUES ('1', '1');
INSERT INTO `ls_typespec` VALUES ('1', '3');
INSERT INTO `ls_typespec` VALUES ('1', '2');

-- -----------------------------
-- Table structure for `ls_upload`
-- -----------------------------
DROP TABLE IF EXISTS `ls_upload`;
CREATE TABLE `ls_upload` (
  `upload_id` int(10) unsigned NOT NULL AUTO_INCREMENT COMMENT '上传文件自增ID',
  `file_name` varchar(100) DEFAULT NULL COMMENT '上传文件名',
  `file_size` int(10) unsigned NOT NULL DEFAULT '0' COMMENT '上传文件大小',
  `upload_type` tinyint(1) NOT NULL DEFAULT '0' COMMENT '上传文件类别 0:无 1:后台文章图片 2:帮助内容图片 3:店铺幻灯片 4:会员协议图片 5:积分礼品切换图片 6:积分礼品内容图片 7:可视化编辑模块图片',
  `upload_time` int(10) unsigned NOT NULL DEFAULT '0' COMMENT '上传文件添加时间',
  `item_id` int(11) unsigned NOT NULL DEFAULT '0' COMMENT '信息ID',
  PRIMARY KEY (`upload_id`)
) ENGINE=InnoDB AUTO_INCREMENT=74 DEFAULT CHARSET=utf8 COMMENT='上传文件表';

-- -----------------------------
-- Records of `ls_upload`
-- -----------------------------
INSERT INTO `ls_upload` VALUES ('1', '5ddc9df09dfd8.png', '19008', '1', '1574739440', '42');
INSERT INTO `ls_upload` VALUES ('4', '5dde371a262ab.jpg', '732693', '1', '1574844186', '44');
INSERT INTO `ls_upload` VALUES ('5', '5dde52deee553.jpg', '732693', '1', '1574851294', '35');
INSERT INTO `ls_upload` VALUES ('7', '5e09c97f4b1f0.jpg', '321984', '1', '1577699711', '47');
INSERT INTO `ls_upload` VALUES ('9', '5e0d95938f087.jpg', '92410', '1', '1577948563', '48');
INSERT INTO `ls_upload` VALUES ('10', '5e0d9599c354f.jpg', '38725', '1', '1577948569', '48');
INSERT INTO `ls_upload` VALUES ('12', '5e0ebecbdbd02.png', '505210', '1', '1578024651', '49');
INSERT INTO `ls_upload` VALUES ('13', '5e0ebf5d715e4.png', '375617', '1', '1578024797', '49');
INSERT INTO `ls_upload` VALUES ('14', '5e0ebff8104ca.png', '539777', '1', '1578024952', '49');
INSERT INTO `ls_upload` VALUES ('15', '5e0ec0bb48a8b.png', '434079', '1', '1578025147', '49');
INSERT INTO `ls_upload` VALUES ('16', '5e0ec1979b3f0.png', '553390', '1', '1578025367', '49');
INSERT INTO `ls_upload` VALUES ('17', '5e0ec512e3116.png', '530893', '1', '1578026258', '49');
INSERT INTO `ls_upload` VALUES ('18', '5e0ee2497b8d4.jpg', '191314', '1', '1578033737', '49');
INSERT INTO `ls_upload` VALUES ('19', '5e0ee2ed87188.jpg', '185330', '1', '1578033901', '49');
INSERT INTO `ls_upload` VALUES ('20', '5e0ee37999e8e.jpg', '178241', '1', '1578034041', '49');
INSERT INTO `ls_upload` VALUES ('21', '5e0ee3f923078.jpg', '196238', '1', '1578034169', '49');
INSERT INTO `ls_upload` VALUES ('22', '5e0ee479d3cef.jpg', '172712', '1', '1578034297', '49');
INSERT INTO `ls_upload` VALUES ('23', '5e0ee5265098a.jpg', '149304', '1', '1578034470', '49');
INSERT INTO `ls_upload` VALUES ('24', '5e0ee59cf3f93.jpg', '170134', '1', '1578034588', '49');
INSERT INTO `ls_upload` VALUES ('25', '5e0ee97193bf8.jpg', '139100', '1', '1578035569', '49');
INSERT INTO `ls_upload` VALUES ('26', '5e0eea00f2c2f.jpg', '190770', '1', '1578035712', '49');
INSERT INTO `ls_upload` VALUES ('27', '5e0f0100f378e.jpg', '183170', '1', '1578041600', '49');
INSERT INTO `ls_upload` VALUES ('28', '5e0f01843afde.jpg', '134691', '1', '1578041732', '49');
INSERT INTO `ls_upload` VALUES ('29', '5e0f02653afcb.jpg', '230766', '1', '1578041957', '49');
INSERT INTO `ls_upload` VALUES ('30', '5e0f02d3bd2e3.jpg', '135930', '1', '1578042067', '49');
INSERT INTO `ls_upload` VALUES ('31', '5e0f14f20d1c3.jpg', '194916', '1', '1578046706', '49');
INSERT INTO `ls_upload` VALUES ('32', '5e0f162f0494f.jpg', '117401', '1', '1578047023', '49');
INSERT INTO `ls_upload` VALUES ('33', '5e0f16f265fdf.jpg', '168062', '1', '1578047218', '49');
INSERT INTO `ls_upload` VALUES ('34', '5e0f17eee9115.jpg', '220477', '1', '1578047470', '49');
INSERT INTO `ls_upload` VALUES ('35', '5e0f1856c82a1.jpg', '190225', '1', '1578047574', '49');
INSERT INTO `ls_upload` VALUES ('36', '5e0f1cc287889.jpg', '106588', '1', '1578048706', '49');
INSERT INTO `ls_upload` VALUES ('37', '5e0f1d37491b5.jpg', '139895', '1', '1578048823', '49');
INSERT INTO `ls_upload` VALUES ('38', '5e0f1d837cb04.jpg', '107274', '1', '1578048899', '49');
INSERT INTO `ls_upload` VALUES ('39', '5e0f1e2cd84f9.jpg', '213816', '1', '1578049068', '49');
INSERT INTO `ls_upload` VALUES ('40', '5e0f1ec7e437c.jpg', '153661', '1', '1578049223', '49');
INSERT INTO `ls_upload` VALUES ('41', '5e0f1f2fd48e2.jpg', '205903', '1', '1578049327', '49');
INSERT INTO `ls_upload` VALUES ('42', '5e0f1fb904941.jpg', '162248', '1', '1578049465', '49');
INSERT INTO `ls_upload` VALUES ('43', '5e0f20e954ca9.jpg', '156445', '1', '1578049769', '49');
INSERT INTO `ls_upload` VALUES ('44', '5e0f2b69b983d.jpg', '207213', '1', '1578052457', '49');
INSERT INTO `ls_upload` VALUES ('45', '5e0f2bdeae5b2.jpg', '201896', '1', '1578052574', '49');
INSERT INTO `ls_upload` VALUES ('46', '5e0f2c3c9a892.jpg', '176467', '1', '1578052668', '49');
INSERT INTO `ls_upload` VALUES ('47', '5e0f32ba5806b.jpg', '132733', '1', '1578054330', '49');
INSERT INTO `ls_upload` VALUES ('48', '5e0f38efc5d70.jpg', '191960', '1', '1578055919', '49');
INSERT INTO `ls_upload` VALUES ('49', '5e0f3952e9b5b.jpg', '216884', '1', '1578056018', '49');
INSERT INTO `ls_upload` VALUES ('50', '5e0f3e647e913.jpg', '152952', '1', '1578057316', '49');
INSERT INTO `ls_upload` VALUES ('51', '5e0f404aa23f8.jpg', '143110', '1', '1578057802', '49');
INSERT INTO `ls_upload` VALUES ('52', '5e0f40fd2f17c.jpg', '209227', '1', '1578057981', '49');
INSERT INTO `ls_upload` VALUES ('53', '5e0f49bc0b3a3.jpg', '191910', '1', '1578060220', '49');
INSERT INTO `ls_upload` VALUES ('54', '5e0f4a28cfbcb.jpg', '150180', '1', '1578060328', '49');
INSERT INTO `ls_upload` VALUES ('55', '5e1031723960d.jpg', '171053', '1', '1578119538', '49');
INSERT INTO `ls_upload` VALUES ('56', '5e1031bdcb5b2.jpg', '154856', '1', '1578119613', '49');
INSERT INTO `ls_upload` VALUES ('57', '5e10321dda120.jpg', '173801', '1', '1578119709', '49');
INSERT INTO `ls_upload` VALUES ('58', '5e10327889a8f.jpg', '205888', '1', '1578119800', '49');
INSERT INTO `ls_upload` VALUES ('59', '5e1032f10f2d2.jpg', '229529', '1', '1578119921', '49');
INSERT INTO `ls_upload` VALUES ('60', '5e10338e09371.jpg', '115259', '1', '1578120078', '49');
INSERT INTO `ls_upload` VALUES ('61', '5e1038630aa75.jpg', '127416', '1', '1578121315', '49');
INSERT INTO `ls_upload` VALUES ('62', '5e103901e21ea.jpg', '211779', '1', '1578121473', '49');
INSERT INTO `ls_upload` VALUES ('63', '5e103957b1edd.jpg', '226105', '1', '1578121559', '49');
INSERT INTO `ls_upload` VALUES ('64', '5e1039ad5ce80.jpg', '186971', '1', '1578121645', '49');
INSERT INTO `ls_upload` VALUES ('65', '5e103a0fb2962.jpg', '181831', '1', '1578121743', '49');
INSERT INTO `ls_upload` VALUES ('66', '5e103a61cd7ff.jpg', '144880', '1', '1578121825', '49');
INSERT INTO `ls_upload` VALUES ('67', '5e103ab089452.jpg', '174803', '1', '1578121904', '49');
INSERT INTO `ls_upload` VALUES ('68', '5e103b0b34a74.jpg', '165528', '1', '1578121995', '49');
INSERT INTO `ls_upload` VALUES ('69', '5e103b674b35b.jpg', '162439', '1', '1578122087', '49');
INSERT INTO `ls_upload` VALUES ('70', '5e103be4bff5c.jpg', '180914', '1', '1578122212', '49');
INSERT INTO `ls_upload` VALUES ('71', '5e103c4cb100c.jpg', '211264', '1', '1578122316', '49');
INSERT INTO `ls_upload` VALUES ('72', '5e103ca3a551f.jpg', '220793', '1', '1578122403', '49');
INSERT INTO `ls_upload` VALUES ('73', '5e103cf6ccbf7.jpg', '162151', '1', '1578122486', '49');

-- -----------------------------
-- Table structure for `ls_verify_code`
-- -----------------------------
DROP TABLE IF EXISTS `ls_verify_code`;
CREATE TABLE `ls_verify_code` (
  `verify_code_id` int(10) unsigned NOT NULL AUTO_INCREMENT COMMENT '验证码id',
  `verify_code_type` tinyint(1) unsigned NOT NULL COMMENT '验证码类型（1登录2注册3修改密码4绑定手机5绑定邮箱6安全验证）',
  `verify_code` char(6) NOT NULL COMMENT '验证码',
  `verify_code_user_type` tinyint(1) unsigned NOT NULL COMMENT '发送验证码的用户类型（1会员2店长3配送员）',
  `verify_code_user_id` int(10) unsigned NOT NULL COMMENT '发送验证码的用户id',
  `verify_code_user_name` varchar(60) NOT NULL COMMENT '发送验证码的用户名',
  `verify_code_add_time` int(10) unsigned NOT NULL COMMENT '发送时间',
  `verify_code_ip` varchar(15) NOT NULL COMMENT 'ip地址',
  PRIMARY KEY (`verify_code_id`)
) ENGINE=InnoDB AUTO_INCREMENT=7 DEFAULT CHARSET=utf8 COMMENT='验证码表';

-- -----------------------------
-- Records of `ls_verify_code`
-- -----------------------------
INSERT INTO `ls_verify_code` VALUES ('1', '6', '517154', '1', '11', 'caijunqi', '1575254514', '117.100.7.203');
INSERT INTO `ls_verify_code` VALUES ('2', '6', '670710', '1', '11', 'caijunqi', '1575344586', '127.0.0.1');
INSERT INTO `ls_verify_code` VALUES ('3', '6', '659861', '1', '11', 'caijunqi', '1575379043', '127.0.0.1');
INSERT INTO `ls_verify_code` VALUES ('4', '6', '378601', '1', '11', 'caijunqi', '1575427317', '127.0.0.1');
INSERT INTO `ls_verify_code` VALUES ('5', '6', '862557', '1', '11', 'caijunqi', '1575514741', '117.100.9.85');
INSERT INTO `ls_verify_code` VALUES ('6', '6', '981706', '1', '11', 'caijunqi', '1577582436', '101.39.122.216');

-- -----------------------------
-- Table structure for `ls_version_update`
-- -----------------------------
DROP TABLE IF EXISTS `ls_version_update`;
CREATE TABLE `ls_version_update` (
  `id` int(11) NOT NULL AUTO_INCREMENT,
  `type` tinyint(2) DEFAULT '1' COMMENT '2：IOS；1：Android',
  `content` text COLLATE utf8_unicode_ci COMMENT '更新内容',
  `mode` tinyint(2) DEFAULT '1' COMMENT '更新方式；1：建议更新；2：强制更新',
  `version_num` varchar(10) COLLATE utf8_unicode_ci NOT NULL COMMENT '版本号',
  `url` varchar(300) COLLATE utf8_unicode_ci DEFAULT NULL COMMENT '下载地址',
  `channel` varchar(50) COLLATE utf8_unicode_ci DEFAULT NULL COMMENT '渠道标识',
  `package_name` varchar(100) COLLATE utf8_unicode_ci DEFAULT NULL COMMENT '安装包名',
  `time` int(11) DEFAULT NULL COMMENT '更新时间',
  PRIMARY KEY (`id`)
) ENGINE=InnoDB AUTO_INCREMENT=25 DEFAULT CHARSET=utf8 COLLATE=utf8_unicode_ci;

-- -----------------------------
-- Records of `ls_version_update`
-- -----------------------------
INSERT INTO `ls_version_update` VALUES ('22', '1', '首页优化', '1', '1.0.0', 'https://shop.bayi-shop.com/app-release.apk', '官网---绿色长城', 'app-release.apk', '1578364514');

-- -----------------------------
-- Table structure for `ls_voucher`
-- -----------------------------
DROP TABLE IF EXISTS `ls_voucher`;
CREATE TABLE `ls_voucher` (
  `voucher_id` int(11) NOT NULL AUTO_INCREMENT COMMENT '代金券自增ID',
  `voucher_code` varchar(32) NOT NULL COMMENT '代金券编码',
  `vouchertemplate_id` int(11) NOT NULL COMMENT '代金券模版编号',
  `voucher_title` varchar(50) NOT NULL COMMENT '代金券标题',
  `voucher_desc` varchar(255) NOT NULL COMMENT '代金券描述',
  `voucher_startdate` int(11) NOT NULL COMMENT '代金券有效期开始时间',
  `voucher_enddate` int(11) NOT NULL COMMENT '代金券有效期结束时间',
  `voucher_price` int(11) NOT NULL COMMENT '代金券面额',
  `voucher_limit` decimal(10,2) NOT NULL COMMENT '代金券使用时的订单限额',
  `voucher_store_id` int(11) NOT NULL COMMENT '代金券的店铺id',
  `voucher_state` tinyint(4) NOT NULL COMMENT '代金券状态 1:未用 2:已用 3:过期 4:收回 ',
  `voucher_activedate` int(11) NOT NULL COMMENT '代金券发放日期',
  `voucher_type` tinyint(4) NOT NULL DEFAULT '0' COMMENT '代金券类别',
  `voucher_owner_id` int(11) NOT NULL COMMENT '代金券所有者ID',
  `voucher_owner_name` varchar(50) NOT NULL COMMENT '代金券所有者名称',
  `voucher_order_id` int(11) DEFAULT NULL COMMENT '使用该代金券的订单编号',
  PRIMARY KEY (`voucher_id`)
) ENGINE=InnoDB DEFAULT CHARSET=utf8 COMMENT='代金券表';


-- -----------------------------
-- Table structure for `ls_voucherprice`
-- -----------------------------
DROP TABLE IF EXISTS `ls_voucherprice`;
CREATE TABLE `ls_voucherprice` (
  `voucherprice_id` int(11) NOT NULL AUTO_INCREMENT COMMENT '代金券面值自增ID',
  `voucherprice_describe` varchar(255) NOT NULL COMMENT '代金券描述',
  `voucherprice` int(11) NOT NULL COMMENT '代金券面值',
  `voucherprice_defaultpoints` int(11) NOT NULL DEFAULT '0' COMMENT '代金劵默认的兑换所需积分可以为0',
  PRIMARY KEY (`voucherprice_id`)
) ENGINE=InnoDB DEFAULT CHARSET=utf8 COMMENT='代金券面额表';


-- -----------------------------
-- Table structure for `ls_voucherquota`
-- -----------------------------
DROP TABLE IF EXISTS `ls_voucherquota`;
CREATE TABLE `ls_voucherquota` (
  `voucherquota_id` int(11) NOT NULL AUTO_INCREMENT COMMENT '代金券套餐自增ID',
  `voucherquota_applyid` int(11) DEFAULT NULL COMMENT '代金券套餐申请编号',
  `voucherquota_memberid` int(11) NOT NULL COMMENT '会员ID',
  `voucherquota_membername` varchar(100) NOT NULL COMMENT '会员名称',
  `voucherquota_storeid` int(11) NOT NULL COMMENT '店铺ID',
  `voucherquota_storename` varchar(100) NOT NULL COMMENT '店铺名称',
  `voucherquota_starttime` int(11) NOT NULL COMMENT '代金券套餐开始时间',
  `voucherquota_endtime` int(11) NOT NULL COMMENT '代金券套餐结束时间',
  `voucherquota_state` tinyint(1) NOT NULL DEFAULT '1' COMMENT '状态 1:可用 2:取消 3:结束',
  PRIMARY KEY (`voucherquota_id`)
) ENGINE=InnoDB DEFAULT CHARSET=utf8 COMMENT='代金券套餐表';


-- -----------------------------
-- Table structure for `ls_vouchertemplate`
-- -----------------------------
DROP TABLE IF EXISTS `ls_vouchertemplate`;
CREATE TABLE `ls_vouchertemplate` (
  `vouchertemplate_id` int(11) NOT NULL AUTO_INCREMENT COMMENT '代金券模版自增ID',
  `vouchertemplate_title` varchar(50) NOT NULL COMMENT '代金券模版名称',
  `vouchertemplate_desc` varchar(255) NOT NULL COMMENT '代金券模版描述',
  `vouchertemplate_startdate` int(11) NOT NULL COMMENT '代金券模版有效期开始时间',
  `vouchertemplate_enddate` int(11) NOT NULL COMMENT '代金券模版有效期结束时间',
  `vouchertemplate_price` int(11) NOT NULL COMMENT '代金券模版面额',
  `vouchertemplate_limit` decimal(10,2) NOT NULL COMMENT '代金券使用时的订单限额',
  `vouchertemplate_store_id` int(11) NOT NULL COMMENT '代金券模版的店铺ID',
  `vouchertemplate_storename` varchar(100) DEFAULT NULL COMMENT '店铺名称',
  `vouchertemplate_sc_id` int(11) NOT NULL DEFAULT '0' COMMENT '所属店铺分类ID',
  `vouchertemplate_creator_id` int(11) NOT NULL COMMENT '代金券模版的创建者ID',
  `vouchertemplate_state` tinyint(4) NOT NULL COMMENT '代金券模版状态 1:有效 2:失效',
  `vouchertemplate_total` int(11) NOT NULL COMMENT '模版可发放的代金券总数',
  `vouchertemplate_giveout` int(11) NOT NULL COMMENT '模版已发放的代金券数量',
  `vouchertemplate_used` int(11) NOT NULL COMMENT '模版已经使用过的代金券',
  `vouchertemplate_adddate` int(11) NOT NULL COMMENT '模版的创建时间',
  `vouchertemplate_quotaid` int(11) NOT NULL COMMENT '套餐编号',
  `vouchertemplate_points` int(11) NOT NULL DEFAULT '0' COMMENT '兑换所需积分',
  `vouchertemplate_eachlimit` int(11) NOT NULL DEFAULT '1' COMMENT '每人限领张数',
  `vouchertemplate_styleimg` varchar(200) DEFAULT NULL COMMENT '样式模版图片',
  `vouchertemplate_customimg` varchar(200) DEFAULT NULL COMMENT '自定义代金券模板图片',
  `vouchertemplate_recommend` tinyint(1) NOT NULL DEFAULT '0' COMMENT '是否推荐 0:不推荐 1:推荐',
  `vouchertemplate_gettype` tinyint(1) NOT NULL COMMENT '代金券类型',
  PRIMARY KEY (`vouchertemplate_id`)
) ENGINE=InnoDB DEFAULT CHARSET=utf8 COMMENT='代金券模版表';


-- -----------------------------
-- Table structure for `ls_vrgroupbuyclass`
-- -----------------------------
DROP TABLE IF EXISTS `ls_vrgroupbuyclass`;
CREATE TABLE `ls_vrgroupbuyclass` (
  `vrgclass_id` int(11) NOT NULL AUTO_INCREMENT COMMENT '虚拟抢购分类自增ID',
  `vrgclass_name` varchar(100) NOT NULL COMMENT '分类名称',
  `vrgclass_parent_id` int(11) NOT NULL COMMENT '上级分类ID',
  `vrgclass_sort` tinyint(3) unsigned DEFAULT '255' COMMENT '虚拟抢购分类排序',
  PRIMARY KEY (`vrgclass_id`)
) ENGINE=InnoDB DEFAULT CHARSET=utf8 COMMENT='虚拟抢购分类表';


-- -----------------------------
-- Table structure for `ls_vrorder`
-- -----------------------------
DROP TABLE IF EXISTS `ls_vrorder`;
CREATE TABLE `ls_vrorder` (
  `order_id` int(11) NOT NULL AUTO_INCREMENT COMMENT '虚拟订单自增ID',
  `order_sn` varchar(20) NOT NULL COMMENT '虚拟订单编号',
  `store_id` int(11) unsigned NOT NULL COMMENT '卖家店铺ID',
  `store_name` varchar(50) NOT NULL COMMENT '卖家店铺名称',
  `buyer_id` int(11) unsigned NOT NULL COMMENT '买家ID',
  `buyer_name` varchar(50) NOT NULL COMMENT '买家登录名',
  `buyer_phone` varchar(11) NOT NULL COMMENT '买家手机',
  `add_time` int(10) unsigned NOT NULL COMMENT '虚拟订单生成时间',
  `payment_code` char(20) NOT NULL DEFAULT '' COMMENT '虚拟订单支付方式名称代码',
  `payment_time` int(10) unsigned DEFAULT '0' COMMENT '虚拟订单支付(付款)时间',
  `trade_no` varchar(35) DEFAULT NULL COMMENT '第三方平台交易号',
  `close_time` int(10) unsigned DEFAULT '0' COMMENT '虚拟订单关闭时间',
  `close_reason` varchar(50) DEFAULT NULL COMMENT '虚拟订单关闭原因',
  `finnshed_time` int(11) DEFAULT NULL COMMENT '虚拟订单完成时间',
  `order_amount` decimal(10,2) unsigned NOT NULL DEFAULT '0.00' COMMENT '订单总价格(支付金额)',
  `refund_amount` decimal(10,2) DEFAULT '0.00' COMMENT '退款金额',
  `rcb_amount` decimal(10,2) unsigned NOT NULL DEFAULT '0.00' COMMENT '充值卡支付金额',
  `pd_amount` decimal(10,2) unsigned NOT NULL DEFAULT '0.00' COMMENT '预存款支付金额',
  `order_state` tinyint(4) NOT NULL DEFAULT '0' COMMENT '订单状态 0:已取消 10:未付款 20:已付款 40:已完成',
  `refund_state` tinyint(1) unsigned DEFAULT '0' COMMENT '退款状态 0:无退款 1:部分退款 2:全部退款',
  `buyer_msg` varchar(150) DEFAULT NULL COMMENT '虚拟订单买家留言',
  `delete_state` tinyint(4) NOT NULL DEFAULT '0' COMMENT '删除状态 0:未删除1:放入回收站2:彻底删除',
  `goods_id` int(11) NOT NULL COMMENT '商品ID',
  `goods_name` varchar(200) NOT NULL COMMENT '商品名称',
  `goods_price` decimal(10,2) NOT NULL COMMENT '商品价格',
  `goods_num` smallint(5) unsigned NOT NULL DEFAULT '1' COMMENT '商品数量',
  `goods_image` varchar(100) DEFAULT NULL COMMENT '商品图片',
  `commis_rate` smallint(5) unsigned NOT NULL DEFAULT '0' COMMENT '佣金比例',
  `gc_id` mediumint(9) DEFAULT '0' COMMENT '商品最底级分类ID',
  `vr_indate` int(11) DEFAULT NULL COMMENT '虚拟订单有效期',
  `vr_send_times` tinyint(4) NOT NULL DEFAULT '0' COMMENT '兑换码发送次数',
  `vr_invalid_refund` tinyint(4) NOT NULL DEFAULT '1' COMMENT '允许过期退款 1:是 0:否',
  `order_promotion_type` tinyint(3) unsigned NOT NULL DEFAULT '0' COMMENT '订单参加的促销类型 0:无促销 1:抢购 2:拼团',
  `promotions_id` mediumint(9) DEFAULT '0' COMMENT '促销ID，与order_promotion_type配合使用',
  `order_from` tinyint(4) NOT NULL DEFAULT '1' COMMENT '订单来源 1:PC 2:手机',
  `evaluation_state` tinyint(4) NOT NULL DEFAULT '0' COMMENT '评价状态 0:默认 1:已评价 2:禁止评价',
  `evaluation_time` int(11) NOT NULL DEFAULT '0' COMMENT '评价时间',
  `use_state` tinyint(4) DEFAULT '0' COMMENT '使用状态 0:未使用 1:已使用',
  `ob_no` int(10) unsigned NOT NULL DEFAULT '0' COMMENT '相关结算单号',
  PRIMARY KEY (`order_id`)
) ENGINE=InnoDB DEFAULT CHARSET=utf8 COMMENT='虚拟订单表';


-- -----------------------------
-- Table structure for `ls_vrordercode`
-- -----------------------------
DROP TABLE IF EXISTS `ls_vrordercode`;
CREATE TABLE `ls_vrordercode` (
  `rec_id` int(11) NOT NULL AUTO_INCREMENT COMMENT '兑换码自增ID',
  `order_id` int(11) NOT NULL COMMENT '虚拟订单ID',
  `store_id` int(10) unsigned NOT NULL DEFAULT '0' COMMENT '店铺ID',
  `buyer_id` int(10) unsigned NOT NULL DEFAULT '0' COMMENT '买家ID',
  `vr_code` varchar(18) NOT NULL COMMENT '兑换码',
  `vr_state` tinyint(4) NOT NULL DEFAULT '0' COMMENT '使用状态 0:(默认)未使用1:已使用2:已过期',
  `vr_usetime` int(11) DEFAULT NULL COMMENT '使用时间',
  `pay_price` decimal(10,2) NOT NULL DEFAULT '0.00' COMMENT '实际支付金额(结算)',
  `vr_indate` int(11) DEFAULT NULL COMMENT '过期时间',
  `commis_rate` smallint(6) NOT NULL DEFAULT '0' COMMENT '佣金比例',
  `refund_lock` tinyint(1) unsigned DEFAULT '0' COMMENT '退款锁定状态:0:正常,1:锁定,2:同意',
  `vr_invalid_refund` tinyint(4) NOT NULL DEFAULT '1' COMMENT '允许过期退款1:是0:否',
  PRIMARY KEY (`rec_id`),
  KEY `order_id` (`order_id`)
) ENGINE=InnoDB DEFAULT CHARSET=utf8 COMMENT='兑换码表';


-- -----------------------------
-- Table structure for `ls_vrrefund`
-- -----------------------------
DROP TABLE IF EXISTS `ls_vrrefund`;
CREATE TABLE `ls_vrrefund` (
  `refund_id` int(10) unsigned NOT NULL AUTO_INCREMENT COMMENT '虚拟退款记录自增ID',
  `order_id` int(10) unsigned NOT NULL COMMENT '虚拟订单ID',
  `order_sn` varchar(20) NOT NULL COMMENT '虚拟订单编号',
  `refund_sn` varchar(50) NOT NULL COMMENT '申请编号',
  `store_id` int(10) unsigned NOT NULL COMMENT '店铺ID',
  `store_name` varchar(20) NOT NULL COMMENT '店铺名称',
  `buyer_id` int(10) unsigned NOT NULL COMMENT '买家ID',
  `buyer_name` varchar(50) NOT NULL COMMENT '买家会员名',
  `goods_id` int(10) unsigned NOT NULL COMMENT '商品ID',
  `goods_num` int(10) unsigned DEFAULT '1' COMMENT '退款商品数量',
  `goods_name` varchar(200) NOT NULL COMMENT '商品名称',
  `goods_image` varchar(100) DEFAULT NULL COMMENT '商品图片',
  `redeemcode_sn` varchar(300) NOT NULL COMMENT '兑换码编号',
  `refund_amount` decimal(10,2) DEFAULT '0.00' COMMENT '退款金额',
  `admin_state` tinyint(1) unsigned DEFAULT '1' COMMENT '退款状态 1:待审核 2:同意 3:不同意',
  `add_time` int(10) unsigned NOT NULL COMMENT '虚拟退款添加时间',
  `admin_time` int(10) unsigned DEFAULT '0' COMMENT '管理员处理时间',
  `buyer_message` varchar(300) DEFAULT NULL COMMENT '虚拟退款申请原因',
  `admin_message` varchar(300) DEFAULT NULL COMMENT '管理员备注',
  `commis_rate` smallint(6) DEFAULT '0' COMMENT '佣金比例',
  PRIMARY KEY (`refund_id`)
) ENGINE=InnoDB DEFAULT CHARSET=utf8 COMMENT='虚拟退款表';


-- -----------------------------
-- Table structure for `ls_waybill`
-- -----------------------------
DROP TABLE IF EXISTS `ls_waybill`;
CREATE TABLE `ls_waybill` (
  `waybill_id` int(10) unsigned NOT NULL AUTO_INCREMENT COMMENT '快递单模板自增ID',
  `waybill_name` varchar(50) NOT NULL COMMENT '快递单模板名称',
  `waybill_image` varchar(50) NOT NULL COMMENT '快递单模板背景图',
  `waybill_width` int(10) unsigned NOT NULL COMMENT '宽度',
  `waybill_height` int(10) unsigned NOT NULL COMMENT '高度',
  `waybill_data` varchar(2000) DEFAULT NULL COMMENT '打印位置数据',
  `waybill_usable` tinyint(1) unsigned NOT NULL DEFAULT '0' COMMENT '是否可用',
  `waybill_top` int(11) NOT NULL DEFAULT '0' COMMENT '上偏移量',
  `waybill_left` int(11) NOT NULL DEFAULT '0' COMMENT '左偏移量',
  `express_id` tinyint(1) unsigned NOT NULL COMMENT '快递公司ID',
  `express_name` varchar(50) NOT NULL COMMENT '快递公司名称',
  `store_id` int(11) unsigned NOT NULL DEFAULT '0' COMMENT '店铺编号 0:系统模板',
  PRIMARY KEY (`waybill_id`)
) ENGINE=InnoDB DEFAULT CHARSET=utf8 COMMENT='快递单打印模板表';


-- -----------------------------
-- Table structure for `ls_wxconfig`
-- -----------------------------
DROP TABLE IF EXISTS `ls_wxconfig`;
CREATE TABLE `ls_wxconfig` (
  `id` int(11) NOT NULL AUTO_INCREMENT COMMENT '微信配置自增ID',
  `wxname` varchar(60) NOT NULL DEFAULT '' COMMENT '公众号名称',
  `appid` varchar(50) NOT NULL DEFAULT '' COMMENT 'appid',
  `appsecret` varchar(50) NOT NULL DEFAULT '' COMMENT 'appsecret',
  `token` char(255) NOT NULL COMMENT 'token',
  `qrcode` varchar(200) NOT NULL DEFAULT '' COMMENT '公众号二维码',
  `access_token` varchar(250) DEFAULT NULL COMMENT '令牌',
  `expires_in` int(15) DEFAULT NULL COMMENT '过期时间',
  `xcx_appid` varchar(50) NOT NULL DEFAULT '' COMMENT '小程序appid',
  `xcx_appsecret` varchar(50) NOT NULL DEFAULT '' COMMENT '小程序appsecret',
  `xcx_access_token` varchar(250) DEFAULT NULL COMMENT '小程序令牌',
  `xcx_expires_in` int(15) DEFAULT NULL COMMENT '小程序过期时间',
  `ticket` varchar(250) DEFAULT NULL COMMENT 'ticket',
  `ticket_expires_in` int(15) DEFAULT NULL COMMENT 'ticket过期时间',
  PRIMARY KEY (`id`)
) ENGINE=InnoDB AUTO_INCREMENT=2 DEFAULT CHARSET=utf8 COMMENT='微信配置表';

-- -----------------------------
-- Records of `ls_wxconfig`
-- -----------------------------
INSERT INTO `ls_wxconfig` VALUES ('1', '八一绿色商城', 'wx6cd79e4fa27b256a', 'cd1aa47a2d71c5264e71f0d843f80cfd', 'BingYingTianXia', '', '29_y4-6-9J5uoNeTuYPWYJYVFQuBJxRL6AfDsArEBAvjmsqx9MWjrQUCM8ux7z7FuTSM3fhmjZx0Il5Zwh0xxuQaCHDHLrO-OYo6GdIIcSOTBnqnpVGdZPx3V7z42m80oSOsHMTB9LtqYcvmcR9PAOaAJACNB', '1578147519', '', '', '', '', '', '');

-- -----------------------------
-- Table structure for `ls_wxkeyword`
-- -----------------------------
DROP TABLE IF EXISTS `ls_wxkeyword`;
CREATE TABLE `ls_wxkeyword` (
  `id` int(11) NOT NULL AUTO_INCREMENT COMMENT '表id',
  `keyword` char(255) NOT NULL COMMENT '关键词',
  `pid` int(11) NOT NULL COMMENT '对应表ID',
  `type` varchar(30) DEFAULT 'TEXT' COMMENT '关键词操作类型',
  PRIMARY KEY (`id`),
  KEY `pid` (`pid`)
) ENGINE=InnoDB AUTO_INCREMENT=5 DEFAULT CHARSET=utf8 COMMENT='微信关键词表';

-- -----------------------------
-- Records of `ls_wxkeyword`
-- -----------------------------
INSERT INTO `ls_wxkeyword` VALUES ('4', '您好', '4', 'TEXT');

-- -----------------------------
-- Table structure for `ls_wxmenu`
-- -----------------------------
DROP TABLE IF EXISTS `ls_wxmenu`;
CREATE TABLE `ls_wxmenu` (
  `id` int(11) NOT NULL AUTO_INCREMENT COMMENT '微信菜单id',
  `pid` int(11) NOT NULL COMMENT '父菜单id',
  `name` varchar(32) NOT NULL COMMENT '微信菜单名称',
  `type` varchar(10) NOT NULL COMMENT '微信菜单类型',
  `value` varchar(200) NOT NULL COMMENT '微信菜单值',
  `sort` tinyint(3) unsigned NOT NULL DEFAULT '255' COMMENT '排序',
  PRIMARY KEY (`id`),
  KEY `pid` (`pid`)
) ENGINE=InnoDB AUTO_INCREMENT=8 DEFAULT CHARSET=utf8 COMMENT='微信菜单表';

-- -----------------------------
-- Records of `ls_wxmenu`
-- -----------------------------
INSERT INTO `ls_wxmenu` VALUES ('3', '0', '关于我们', 'view', 'https://shop.bayi-shop.com/wap/erweima.html', '1');
INSERT INTO `ls_wxmenu` VALUES ('4', '0', '绿色长城', 'view', 'https://shop.bayi-shop.com/wap/erweima.html', '1');
INSERT INTO `ls_wxmenu` VALUES ('5', '3', 'APP下载二维码', 'view', 'https://shop.bayi-shop.com/wap/erweima.html', '1');
INSERT INTO `ls_wxmenu` VALUES ('6', '3', '官方网站', 'view', 'http://www.bayi-shop.com/', '2');
INSERT INTO `ls_wxmenu` VALUES ('7', '0', '用户协议', 'view', 'https://shop.bayi-shop.com/wap/agreement.html', '1');

-- -----------------------------
-- Table structure for `ls_wxmsg`
-- -----------------------------
DROP TABLE IF EXISTS `ls_wxmsg`;
CREATE TABLE `ls_wxmsg` (
  `id` int(11) NOT NULL AUTO_INCREMENT COMMENT '推送ID',
  `member_id` int(11) DEFAULT NULL COMMENT '为空则推送全体微信用户',
  `content` text NOT NULL COMMENT '推送内容',
  `createtime` int(15) NOT NULL COMMENT '创建时间',
  `issend` tinyint(4) NOT NULL DEFAULT '0' COMMENT '0未发送1成功2失败',
  PRIMARY KEY (`id`)
) ENGINE=InnoDB AUTO_INCREMENT=6 DEFAULT CHARSET=utf8 COMMENT='微信推送表';

-- -----------------------------
-- Records of `ls_wxmsg`
-- -----------------------------
INSERT INTO `ls_wxmsg` VALUES ('4', '28', 'a:3:{s:6:\"touser\";s:28:\"oZhSBwDLSS5sYGVAle_R_Y-iFwGc\";s:7:\"msgtype\";s:4:\"text\";s:4:\"text\";a:1:{s:7:\"content\";s:3:\"666\";}}', '1577698701', '1');
INSERT INTO `ls_wxmsg` VALUES ('5', '28', 'a:3:{s:6:\"touser\";s:28:\"oZhSBwDLSS5sYGVAle_R_Y-iFwGc\";s:7:\"msgtype\";s:4:\"text\";s:4:\"text\";a:1:{s:7:\"content\";s:6:\"你好\";}}', '1577698736', '1');

-- -----------------------------
-- Table structure for `ls_wxtext`
-- -----------------------------
DROP TABLE IF EXISTS `ls_wxtext`;
CREATE TABLE `ls_wxtext` (
  `id` int(11) NOT NULL AUTO_INCREMENT COMMENT '表id',
  `keyword` char(255) NOT NULL COMMENT '关键词',
  `text` text NOT NULL COMMENT 'text',
  `createtime` varchar(13) NOT NULL DEFAULT '' COMMENT '创建时间',
  `updatetime` varchar(13) NOT NULL DEFAULT '' COMMENT '更新时间',
  `click` int(11) unsigned NOT NULL DEFAULT '0' COMMENT '点击',
  PRIMARY KEY (`id`)
) ENGINE=InnoDB AUTO_INCREMENT=5 DEFAULT CHARSET=utf8 COMMENT='微信文本回复表';

-- -----------------------------
-- Records of `ls_wxtext`
-- -----------------------------
INSERT INTO `ls_wxtext` VALUES ('4', '您好', '您好', '1575442654', '', '0');
